Datas,"EVAPORACAO DO PICHE, DIARIA(mm)","INSOLACAO TOTAL, DIARIO(h)","PRECIPITACAO TOTAL, DIARIO(mm)","TEMPERATURA MAXIMA, DIARIA(°C)","TEMPERATURA MEDIA COMPENSADA, DIARIA(°C)","TEMPERATURA MINIMA, DIARIA(°C)","UMIDADE RELATIVA DO AR, MEDIA DIARIA(%)","UMIDADE RELATIVA DO AR, MINIMA DIARIA(%)","VENTO, VELOCIDADE MEDIA DIARIA(m/s)",Unnamed: 10,"EVAPREF, DIARIA(mm)"
1961-01-01,,,,,,,,,,,
1961-01-02,,,,,,,,,,,
1961-01-03,,,,,,,,,,,
1961-01-04,,,,,,,,,,,
1961-01-05,,,,,,,,,,,
1961-01-06,,,,,,,,,,,
1961-01-07,,,,,,,,,,,
1961-01-08,,,,,,,,,,,
1961-01-09,,,,,,,,,,,
1961-01-10,,,,,,,,,,,
1961-01-11,,,,,,,,,,,
1961-01-12,,,,,,,,,,,
1961-01-13,,,,,,,,,,,
1961-01-14,,,,,,,,,,,
1961-01-15,,,,,,,,,,,
1961-01-16,,,,,,,,,,,
1961-01-17,,,,,,,,,,,
1961-01-18,,,,,,,,,,,
1961-01-19,,,,,,,,,,,
1961-01-20,,,,,,,,,,,
1961-01-21,,,,,,,,,,,
1961-01-22,,,,,,,,,,,
1961-01-23,,,,,,,,,,,
1961-01-24,,,,,,,,,,,
1961-01-25,,,,,,,,,,,
1961-01-26,,,,,,,,,,,
1961-01-27,,,,,,,,,,,
1961-01-28,,,,,,,,,,,
1961-01-29,,,,,,,,,,,
1961-01-30,,,,,,,,,,,
1961-01-31,,,,,,,,,,,
1961-02-01,4.0,,,26.0,19.82,16.0,77.25,52.0,3.333333,,4.03144797663
1961-02-02,4.5,,0.0,27.6,19.82,15.2,67.25,59.0,2.666667,,4.66648096862
1961-02-03,6.7,,0.0,26.8,20.56,16.5,68.0,49.0,3.333333,,4.5077509994
1961-02-04,4.6,,0.0,28.2,20.86,16.2,71.75,43.0,2.0,,4.46266964524
1961-02-05,4.9,,0.0,28.2,21.7,16.4,74.75,50.0,3.0,,4.49287866672
1961-02-06,4.9,,0.0,28.4,21.64,18.5,79.25,53.0,4.0,,4.2534374536
1961-02-07,3.7,,2.8,25.4,20.74,18.4,85.25,77.0,2.666667,,3.33039578622
1961-02-08,2.8,,0.2,27.4,19.68,17.3,75.0,46.0,2.666667,,4.19946249817
1961-02-09,3.5,,0.0,26.6,19.58,15.2,78.75,54.0,2.0,,4.06672737831
1961-02-10,3.8,,0.0,27.8,20.3,16.6,75.75,53.0,3.333333,,4.38121045389
1961-02-11,4.8,,0.0,26.8,20.68,17.5,75.75,58.0,0.666667,,3.76625315373
1961-02-12,3.5,,0.0,29.0,21.28,15.5,76.5,51.0,4.0,,4.71578455464
1961-02-13,3.5,,35.0,26.0,21.26,17.6,76.75,64.0,2.0,,3.74016788295
1961-02-14,2.8,,0.0,27.4,20.96,18.5,79.25,55.0,3.333333,,3.97662616372
1961-02-15,1.4,,4.4,27.0,21.02,18.0,71.25,46.0,4.0,,4.36805134487
1961-02-16,4.3,,0.0,25.6,20.26,16.0,73.0,55.0,3.333333,,4.08248432241
1961-02-17,4.5,,0.0,26.2,20.98,17.0,72.0,56.0,2.666667,,4.05181121379
1961-02-18,4.5,,0.0,26.8,20.5,17.0,76.0,54.0,2.666667,,4.042300446
1961-02-19,4.8,,0.0,25.0,18.84,16.5,79.0,58.0,2.0,,3.58454235769
1961-02-20,3.1,,0.0,26.8,20.16,15.5,70.25,50.0,2.0,,4.22656289637
1961-02-21,4.7,,0.0,26.2,19.62,16.0,70.75,55.0,3.0,,4.21645489677
1961-02-22,4.8,,0.0,28.4,21.66,17.0,64.5,40.0,4.0,,5.02248087897
1961-02-23,5.8,,0.0,28.4,21.9,17.0,60.75,42.0,2.0,,4.60155844533
1961-02-24,5.9,,0.0,28.0,22.06,16.6,62.5,46.0,5.333333,,5.34867171728
1961-02-25,5.5,,0.0,28.4,21.62,16.0,54.0,37.0,4.0,,5.55459558057
1961-02-26,7.9,,0.0,28.4,21.52,17.6,67.5,37.0,4.0,,4.81831054928
1961-02-27,6.8,,0.0,29.0,21.14,17.2,65.25,43.0,2.0,,4.57987569778
1961-02-28,5.5,,0.0,28.2,21.54,17.2,66.0,40.0,2.666667,,4.5664348892
1961-03-01,5.3,,0.0,26.8,20.66,17.0,74.25,56.0,2.0,,3.94996599838
1961-03-02,3.6,,0.0,29.4,22.46,17.2,68.75,46.0,1.333333,,4.40428863465
1961-03-03,5.0,,0.0,31.4,23.74,17.0,56.5,36.0,2.666667,,5.48793489396
1961-03-04,6.2,,0.0,29.4,22.26,19.0,71.0,46.0,3.333333,,4.59342976955
1961-03-05,5.4,,0.0,28.0,22.82,18.8,61.0,44.0,4.666667,,5.09624328446
1961-03-06,6.6,,0.0,28.4,21.62,18.0,63.5,47.0,3.333333,,4.75928439421
1961-03-07,6.8,,0.0,27.8,21.36,16.5,60.5,39.0,2.666667,,4.66187053047
1961-03-08,6.8,,0.0,29.4,21.78,16.2,64.25,38.0,2.666667,,4.86959968932
1961-03-09,6.0,,0.0,30.2,22.7,19.0,75.0,43.0,3.333333,,4.55591544267
1961-03-10,4.6,,4.3,28.8,21.94,17.0,65.75,44.0,3.666667,,4.86704019212
1961-03-11,6.0,,0.0,29.8,22.26,18.2,69.25,40.0,2.0,,4.46487429064
1961-03-12,5.8,,0.0,28.8,22.7,18.2,63.75,47.0,4.0,,4.93933523098
1961-03-13,6.2,,0.0,27.8,21.1,17.0,63.25,41.0,3.333333,,4.66813085588
1961-03-14,6.0,,0.0,28.0,21.26,17.2,68.0,51.0,2.0,,4.20213697079
1961-03-15,4.8,,0.0,29.6,22.54,18.2,69.5,44.0,2.0,,4.38013022004
1961-03-16,4.5,,8.0,27.2,21.5,18.0,80.5,59.0,1.333333,,3.61214762185
1961-03-17,3.1,,0.0,29.6,21.9,18.0,68.5,38.0,2.0,,4.39862608643
1961-03-18,5.0,,0.0,27.4,20.58,18.0,74.0,52.0,2.666667,,3.94404901104
1961-03-19,4.3,,0.0,28.0,21.78,17.2,70.5,52.0,3.333333,,4.35115205133
1961-03-20,5.0,,0.0,26.4,20.52,17.5,73.5,51.0,2.666667,,3.79433450264
1961-03-21,4.1,,0.0,27.0,21.24,17.5,73.0,55.0,4.0,,4.11627721365
1961-03-22,3.0,,1.4,25.0,20.38,18.0,86.5,72.0,4.666667,,3.04986142855
1961-03-23,2.4,,1.0,24.4,19.46,16.2,94.25,88.0,4.666667,,2.68272461129
1961-03-24,1.4,,9.0,24.4,19.7,16.2,86.25,70.0,4.666667,,3.09348454142
1961-03-25,2.5,,1.1,25.0,20.26,17.2,86.0,73.0,4.666667,,3.12433604152
1961-03-26,2.0,,1.6,25.0,20.42,17.2,89.5,78.0,4.666667,,2.9289039223
1961-03-27,1.7,,0.4,25.6,20.06,17.2,82.75,62.0,3.333333,,3.33730116573
1961-03-28,3.3,,0.0,25.6,21.14,17.6,69.5,58.0,4.666667,,4.06107670561
1961-03-29,4.5,,0.0,25.4,19.58,16.2,72.75,59.0,4.666667,,3.93319684773
1961-03-30,4.3,,0.0,25.8,20.14,17.0,73.25,58.0,4.0,,3.83140020681
1961-03-31,4.7,,0.0,26.6,20.48,16.5,77.0,57.0,4.666667,,3.88469928204
1961-04-01,5.0,,0.0,25.8,19.72,17.5,84.0,65.0,5.333333,,3.30650260125
1961-04-02,3.6,,0.0,25.2,20.74,16.0,77.5,65.0,2.666667,,3.44314860081
1961-04-03,3.2,,0.0,27.4,21.14,17.4,71.0,52.0,2.0,,3.78130402218
1961-04-04,4.5,,0.0,27.6,21.5,17.8,64.0,47.0,3.333333,,4.3174305838
1961-04-05,6.3,,0.0,28.4,21.74,17.2,65.5,48.0,5.333333,,4.88079908467
1961-04-06,6.0,,0.0,26.6,20.54,16.0,69.75,53.0,3.333333,,4.00620677957
1961-04-07,5.2,,0.0,27.2,21.18,17.0,71.5,52.0,4.666667,,4.18338000371
1961-04-08,5.8,,0.2,26.8,19.98,15.2,80.25,54.0,4.0,,3.69431547766
1961-04-09,3.8,,1.6,26.0,20.78,17.4,80.5,55.0,5.333333,,3.48242361255
1961-04-10,4.1,,0.0,24.0,19.86,17.4,86.0,83.0,3.333333,,2.7655440647
1961-04-11,1.8,,0.8,26.4,20.62,16.2,75.0,53.0,5.333333,,3.92571451794
1961-04-12,4.7,,0.0,27.8,20.82,16.6,74.25,46.0,5.333333,,4.18359899085
1961-04-13,5.9,,0.0,28.2,21.1,17.2,75.25,44.0,4.666667,,4.07586855148
1961-04-14,5.8,,0.8,27.2,21.38,18.2,78.25,54.0,3.333333,,3.52748080153
1961-04-15,3.8,,0.8,24.3,19.84,17.0,85.25,72.0,4.0,,2.85226971386
1961-04-16,3.2,,0.0,24.8,19.96,16.5,79.75,73.0,5.333333,,3.3107619261
1961-04-17,4.1,,0.0,25.0,19.66,16.6,87.0,67.0,5.333333,,2.90060825116
1961-04-18,2.3,,5.8,25.6,19.36,16.5,81.75,64.0,4.0,,3.23308586961
1961-04-19,3.2,,0.0,28.6,21.24,16.5,73.0,53.0,3.333333,,4.02440291604
1961-04-20,4.2,,0.0,28.6,22.52,18.5,63.75,45.0,3.666667,,4.35893259807
1961-04-21,5.5,,0.0,25.6,20.74,16.6,71.75,58.0,6.0,,3.94834906742
1961-04-22,4.8,,0.0,25.4,19.98,16.0,77.5,61.0,5.333333,,3.50472934518
1961-04-23,3.9,,0.0,26.4,20.46,16.4,75.25,52.0,3.333333,,3.52654376845
1961-04-24,4.2,,0.3,26.8,20.52,16.5,78.0,55.0,4.0,,3.53285548305
1961-04-25,4.7,,0.0,27.8,21.02,16.2,69.0,44.0,4.0,,4.11947450941
1961-04-26,5.2,,0.7,27.2,20.92,16.5,74.75,54.0,2.666667,,3.5314238735
1961-04-27,3.5,,0.0,29.2,21.18,17.8,81.25,53.0,1.4,,3.43806233369
1961-04-28,1.8,,23.4,26.4,20.94,17.4,79.25,63.0,1.333333,,3.01691923864
1961-04-29,3.2,,0.0,24.2,20.1,17.4,80.5,67.0,2.0,,2.70083095106
1961-04-30,2.4,,0.3,26.6,20.48,17.5,71.75,50.0,2.666667,,3.41600549194
1961-05-01,3.2,,0.0,26.2,20.1,16.0,74.75,50.0,4.0,,3.5335633424
1961-05-02,5.0,,0.7,25.4,20.14,16.6,82.0,61.0,4.0,,3.03186057613
1961-05-03,3.9,,0.0,26.2,19.9,16.0,71.75,45.0,4.0,,3.64939062931
1961-05-04,5.2,,0.3,25.4,19.54,17.0,82.0,63.0,2.666667,,2.89089062583
1961-05-05,2.8,,0.0,28.0,21.28,17.5,75.0,47.0,3.666667,,3.63481274936
1961-05-06,4.2,,1.0,25.6,20.34,18.0,78.25,62.0,3.333333,,3.03207752613
1961-05-07,3.0,,0.0,25.8,20.46,17.4,72.25,55.0,3.666667,,3.39323911795
1961-05-08,5.2,,0.0,26.6,19.9,16.2,72.25,45.0,2.666667,,3.3854821127
1961-05-09,5.6,,0.0,27.0,20.74,17.6,77.0,55.0,3.333333,,3.29580385077
1961-05-10,4.2,,0.2,25.2,19.22,16.6,77.25,56.0,4.0,,3.14262011682
1961-05-11,4.1,,0.0,26.4,19.44,14.5,67.5,42.0,4.666667,,3.97625040137
1961-05-12,5.1,,0.0,25.0,18.0,13.5,74.25,50.0,2.666667,,3.1821990419
1961-05-13,4.6,,0.0,25.8,19.7,16.0,59.75,37.0,4.666667,,4.22167265138
1961-05-14,6.3,,0.0,24.0,19.3,14.0,75.0,59.0,5.0,,3.26734134353
1961-05-15,3.7,,0.0,23.8,19.0,15.5,82.5,65.0,4.666667,,2.75393215031
1961-05-16,3.2,,0.0,25.4,19.42,16.0,74.25,49.0,5.333333,,3.46494805566
1961-05-17,4.9,,0.2,24.0,18.02,15.6,81.75,60.0,4.0,,2.75639549127
1961-05-18,2.3,,0.3,25.6,17.54,15.0,76.0,45.0,2.0,,2.98226433121
1961-05-19,3.3,,0.0,28.2,19.78,13.6,67.0,46.0,2.666667,,3.76484905013
1961-05-20,4.2,,0.0,28.4,20.34,17.0,63.75,37.0,1.333333,,3.27817074108
1961-05-21,5.0,,0.0,25.8,19.9,14.8,67.0,52.0,5.333333,,3.93928545367
1961-05-22,6.0,,0.6,22.8,18.58,17.0,87.25,68.0,6.0,,2.26944413013
1961-05-23,1.8,,0.7,20.6,17.5,15.8,87.25,80.0,4.666667,,2.01079758901
1961-05-24,2.2,,0.0,24.2,18.5,14.8,67.0,50.0,4.0,,3.42428416907
1961-05-25,5.1,,0.0,25.0,17.9,14.8,67.5,43.0,3.333333,,3.3618309664
1961-05-26,4.5,,0.0,25.0,18.74,14.8,73.25,53.0,3.333333,,3.13728446741
1961-05-27,3.7,,0.2,24.4,18.74,16.0,78.5,55.0,4.333333,,2.90227756259
1961-05-28,3.5,,0.3,24.2,18.98,16.0,81.75,64.0,4.666667,,2.73423417978
1961-05-29,3.2,,0.4,21.2,18.04,16.5,87.5,75.0,4.0,,1.98388513353
1961-05-30,1.8,,0.7,20.0,17.28,15.5,88.0,85.0,4.666667,,1.88416152211
1961-05-31,1.8,,1.5,23.0,18.58,15.0,69.5,59.0,6.666667,,3.52855333278
1961-06-01,,,,,,,,77.0,,,
1961-06-02,,,,,,,,,,,
1961-06-03,,,,,,,,,,,
1961-06-04,,,,,,,,,,,
1961-06-05,,,,,,,,,,,
1961-06-06,,,,,,,,,,,
1961-06-07,,,,,,,,,,,
1961-06-08,,,,,,,,,,,
1961-06-09,,,,,,,,,,,
1961-06-10,,,,,,,,,,,
1961-06-11,,,,,,,,,,,
1961-06-12,,,,,,,,,,,
1961-06-13,,,,,,,,,,,
1961-06-14,,,,,,,,,,,
1961-06-15,,,,,,,,,,,
1961-06-16,,,,,,,,,,,
1961-06-17,,,,,,,,,,,
1961-06-18,,,,,,,,,,,
1961-06-19,,,,,,,,,,,
1961-06-20,,,,,,,,,,,
1961-06-21,,,,,,,,,,,
1961-06-22,,,,,,,,,,,
1961-06-23,,,,,,,,,,,
1961-06-24,,,,,,,,,,,
1961-06-25,,,,,,,,,,,
1961-06-26,,,,,,,,,,,
1961-06-27,,,,,,,,,,,
1961-06-28,,,,,,,,,,,
1961-06-29,,,,,,,,,,,
1961-06-30,,,,,,,,,,,
1961-07-01,,,,,,,,,,,
1961-07-02,,,,,,,,,,,
1961-07-03,,,,,,,,,,,
1961-07-04,,,,,,,,,,,
1961-07-05,,,,,,,,,,,
1961-07-06,,,,,,,,,,,
1961-07-07,,,,,,,,,,,
1961-07-08,,,,,,,,,,,
1961-07-09,,,,,,,,,,,
1961-07-10,,,,,,,,,,,
1961-07-11,,,,,,,,,,,
1961-07-12,,,,,,,,,,,
1961-07-13,,,,,,,,,,,
1961-07-14,,,,,,,,,,,
1961-07-15,,,,,,,,,,,
1961-07-16,,,,,,,,,,,
1961-07-17,,,,,,,,,,,
1961-07-18,,,,,,,,,,,
1961-07-19,,,,,,,,,,,
1961-07-20,,,,,,,,,,,
1961-07-21,,,,,,,,,,,
1961-07-22,,,,,,,,,,,
1961-07-23,,,,,,,,,,,
1961-07-24,,,,,,,,,,,
1961-07-25,,,,,,,,,,,
1961-07-26,,,,,,,,,,,
1961-07-27,,,,,,,,,,,
1961-07-28,,,,,,,,,,,
1961-07-29,,,,,,,,,,,
1961-07-30,,,,,,,,,,,
1961-07-31,,,,,,,,,,,
1961-08-01,,,,,,,,,,,
1961-08-02,,,,,,,,,,,
1961-08-03,,,,,,,,,,,
1961-08-04,,,,,,,,,,,
1961-08-05,,,,,,,,,,,
1961-08-06,,,,,,,,,,,
1961-08-07,,,,,,,,,,,
1961-08-08,,,,,,,,,,,
1961-08-09,,,,,,,,,,,
1961-08-10,,,,,,,,,,,
1961-08-11,,,,,,,,,,,
1961-08-12,,,,,,,,,,,
1961-08-13,,,,,,,,,,,
1961-08-14,,,,,,,,,,,
1961-08-15,,,,,,,,,,,
1961-08-16,,,,,,,,,,,
1961-08-17,,,,,,,,,,,
1961-08-18,,,,,,,,,,,
1961-08-19,,,,,,,,,,,
1961-08-20,,,,,,,,,,,
1961-08-21,,,,,,,,,,,
1961-08-22,,,,,,,,,,,
1961-08-23,,,,,,,,,,,
1961-08-24,,,,,,,,,,,
1961-08-25,,,,,,,,,,,
1961-08-26,,,,,,,,,,,
1961-08-27,,,,,,,,,,,
1961-08-28,,,,,,,,,,,
1961-08-29,,,,,,,,,,,
1961-08-30,,,,,,,,,,,
1961-08-31,,,,,,,,,,,
1961-09-01,,,,,,,,,,,
1961-09-02,,,,,,,,,,,
1961-09-03,,,,,,,,,,,
1961-09-04,,,,,,,,,,,
1961-09-05,,,,,,,,,,,
1961-09-06,,,,,,,,,,,
1961-09-07,,,,,,,,,,,
1961-09-08,,,,,,,,,,,
1961-09-09,,,,,,,,,,,
1961-09-10,,,,,,,,,,,
1961-09-11,,,,,,,,,,,
1961-09-12,,,,,,,,,,,
1961-09-13,,,,,,,,,,,
1961-09-14,,,,,,,,,,,
1961-09-15,,,,,,,,,,,
1961-09-16,,,,,,,,,,,
1961-09-17,,,,,,,,,,,
1961-09-18,,,,,,,,,,,
1961-09-19,,,,,,,,,,,
1961-09-20,,,,,,,,,,,
1961-09-21,,,,,,,,,,,
1961-09-22,,,,,,,,,,,
1961-09-23,,,,,,,,,,,
1961-09-24,,,,,,,,,,,
1961-09-25,,,,,,,,,,,
1961-09-26,,,,,,,,,,,
1961-09-27,,,,,,,,,,,
1961-09-28,,,,,,,,,,,
1961-09-29,,,,,,,,,,,
1961-09-30,,,,,,,,,,,
1961-10-01,3.3,,,27.0,20.34,15.2,68.0,42.0,5.333333,,4.7544863573
1961-10-02,6.5,,0.0,26.8,19.68,15.5,72.75,45.0,7.0,,4.59140744008
1961-10-03,5.6,,0.9,25.0,18.54,15.0,73.0,53.0,4.333333,,4.01022027761
1961-10-04,5.4,,0.0,26.0,19.38,14.6,65.75,39.0,7.666667,,5.0740753935
1961-10-05,6.8,,1.5,23.8,18.42,15.8,81.5,59.0,7.333333,,3.42919112251
1961-10-06,4.7,,1.0,23.8,18.6,15.5,79.0,57.0,2.666667,,3.38470525171
1961-10-07,4.5,,0.0,24.6,18.34,14.6,73.0,63.0,5.333333,,4.08552711842
1961-10-08,4.8,,0.0,26.8,19.66,14.2,60.75,40.0,5.333333,,5.229762142
1961-10-09,6.7,,0.0,26.4,19.66,14.6,65.5,45.0,4.666667,,4.75486021629
1961-10-10,6.0,,0.0,24.8,19.22,15.6,70.25,56.0,3.333333,,3.96485725222
1961-10-11,4.7,,0.0,24.2,18.48,15.5,78.0,61.0,3.666667,,3.59307886375
1961-10-12,3.6,,0.0,26.8,20.48,17.5,61.25,45.0,3.333333,,4.56541164849
1961-10-13,6.0,,0.0,26.6,20.58,16.0,69.25,49.0,4.666667,,4.54580327934
1961-10-14,5.5,,0.0,27.0,20.22,15.6,76.5,49.0,6.0,,4.35847863759
1961-10-15,5.7,,0.0,27.6,21.08,16.5,64.25,42.0,6.666667,,5.36298426652
1961-10-16,8.3,,0.0,26.2,20.22,15.0,59.5,47.0,6.666667,,5.465065938
1961-10-17,8.0,,0.0,26.6,19.98,15.0,61.5,44.0,3.333333,,4.71903397261
1961-10-18,4.5,,0.0,27.8,20.46,14.2,60.75,39.0,4.0,,5.19478420732
1961-10-19,7.3,,0.0,24.2,19.58,16.4,69.0,57.0,4.0,,3.98824359522
1961-10-20,5.3,,0.0,26.0,19.66,15.4,66.25,41.0,2.666667,,4.27643427112
1961-10-21,8.2,,0.0,24.2,18.46,14.0,72.25,55.0,4.666667,,4.08932780958
1961-10-22,5.8,,0.0,26.8,20.02,14.8,64.25,34.0,6.0,,5.18685023807
1961-10-23,8.7,,0.0,27.8,20.24,15.5,65.75,34.0,6.333333,,5.32042117595
1961-10-24,7.1,,0.0,23.6,18.58,15.0,72.0,58.0,4.0,,3.8643422288
1961-10-25,4.8,,0.0,26.2,19.16,14.5,65.5,46.0,4.0,,4.68505939807
1961-10-26,5.5,,0.0,30.8,21.62,14.6,56.75,35.0,2.666667,,5.57278423735
1961-10-27,5.8,,0.0,28.0,21.1,16.6,66.75,49.0,5.333333,,5.10072224492
1961-10-28,4.6,,0.7,24.6,19.9,17.0,75.5,61.0,3.0,,3.64030824925
1961-10-29,2.9,,5.4,24.2,19.62,16.2,75.5,56.0,5.333333,,3.8574731069
1961-10-30,4.5,,0.0,25.0,19.18,15.0,67.75,42.0,3.666667,,4.28540674809
1961-10-31,6.0,,0.0,26.0,19.38,15.0,73.75,45.0,6.0,,4.43959796503
1961-11-01,5.3,,0.0,25.8,19.18,15.2,68.5,42.0,4.0,,4.4527352134
1961-11-02,7.1,,0.0,26.0,19.98,15.0,55.0,36.0,6.0,,5.63720617913
1961-11-03,7.3,,0.0,26.6,19.74,14.0,60.0,43.0,4.666667,,5.21481329704
1961-11-04,7.3,,0.0,27.0,20.26,14.2,61.5,46.0,2.0,,4.57029912398
1961-11-05,5.8,,0.0,28.8,20.98,16.0,67.5,47.0,1.333333,,4.49803283426
1961-11-06,4.4,,0.0,29.0,22.54,17.8,65.0,45.0,3.333333,,4.94188336686
1961-11-07,5.9,,0.0,29.0,21.64,17.5,68.75,49.0,1.333333,,4.38810644716
1961-11-08,4.8,,0.0,29.2,22.46,16.2,53.75,32.0,2.666667,,5.28553381378
1961-11-09,8.4,,0.0,28.0,21.54,16.2,58.75,43.0,6.0,,5.79090917936
1961-11-10,6.6,,0.0,28.8,21.22,16.0,55.5,34.0,2.666667,,5.17231339914
1961-11-11,7.4,,0.0,30.6,21.3,15.2,50.25,29.0,1.333333,,5.09815540086
1961-11-12,8.4,,0.0,32.6,24.22,15.0,37.5,24.0,2.0,,6.05749931305
1961-11-13,9.1,,0.0,29.6,22.62,17.2,49.5,34.0,3.333333,,5.72898528052
1961-11-14,7.7,,0.0,29.4,22.06,17.2,60.0,35.0,3.0,,5.18144861988
1961-11-15,7.2,,0.0,31.0,21.1,15.0,51.75,30.0,2.0,,5.50223529302
1961-11-16,7.8,,0.0,29.8,21.94,16.2,59.75,28.0,5.333333,,5.97622032059
1961-11-17,4.8,,0.0,27.2,19.94,15.2,59.25,38.0,7.333333,,5.8959029738
1961-11-18,9.4,,0.0,27.2,20.46,14.2,82.5,55.0,4.333333,,4.17611712714
1961-11-19,10.4,,0.0,27.4,20.42,15.0,51.25,30.0,4.666667,,5.81253001183
1961-11-20,8.8,,0.0,28.4,20.94,14.0,48.5,32.0,5.333333,,6.43307768406
1961-11-21,9.5,,0.0,29.4,22.1,15.2,47.0,32.0,4.0,,6.19593000742
1961-11-22,9.0,,0.0,29.6,21.86,15.0,45.25,29.0,2.666667,,5.71113836803
1961-11-23,8.2,,0.0,27.8,21.06,15.8,55.0,39.0,4.0,,5.46739436893
1961-11-24,7.0,,0.0,29.2,20.54,16.0,53.0,29.0,4.0,,5.84147168283
1961-11-25,7.4,,0.0,27.2,20.74,16.2,58.5,41.0,4.333333,,5.25051889853
1961-11-26,6.4,,0.0,27.6,20.66,15.0,53.0,39.0,4.666667,,5.77011410638
1961-11-27,6.6,,,28.2,21.14,15.2,54.75,39.0,3.333333,,5.38358619902
1961-11-28,7.2,,0.0,28.4,21.3,15.2,54.0,38.0,2.666667,,5.21468668216
1961-11-29,7.0,,0.0,30.4,22.78,15.2,56.0,39.0,1.333333,,5.03384958931
1961-11-30,6.2,,0.0,31.2,23.18,15.2,56.0,38.0,1.333333,,5.18735236123
1961-12-01,6.8,,0.0,29.2,22.26,18.2,60.0,40.0,3.333333,,5.18239774413
1961-12-02,6.5,,0.0,30.0,21.26,15.2,64.75,39.0,2.666667,,5.21689093737
1961-12-03,6.2,,0.0,31.2,25.02,16.2,41.25,37.0,2.0,,5.67324105615
1961-12-04,7.6,,0.0,32.2,24.22,16.0,47.25,30.0,2.666667,,6.13013026429
1961-12-05,6.0,,0.0,28.4,20.82,16.2,54.0,32.0,3.333333,,5.39491318686
1961-12-06,7.3,,0.0,29.2,22.02,16.0,59.5,46.0,2.0,,4.94392034526
1961-12-07,7.7,,0.0,28.2,21.98,16.2,57.75,41.0,3.333333,,5.21156806494
1961-12-08,4.8,,0.0,24.4,20.26,17.0,79.75,59.0,2.0,,3.42974393466
1961-12-09,2.4,,66.2,24.0,18.94,16.0,80.75,65.0,2.0,,3.44213078299
1961-12-10,1.9,,0.0,25.6,20.38,17.2,86.25,68.0,2.666667,,3.4939887326
1961-12-11,2.5,,9.5,24.2,19.54,16.2,84.5,77.0,2.666667,,3.37442094806
1961-12-12,3.4,,0.0,22.4,19.1,16.2,83.25,76.0,3.333333,,3.06161731904
1961-12-13,3.4,,0.0,27.6,20.9,16.0,74.0,58.0,2.0,,4.31748736329
1961-12-14,6.2,,0.0,27.2,21.26,16.2,72.75,62.0,4.666667,,4.58747863015
1961-12-15,6.4,,0.0,26.0,20.78,16.2,80.25,67.0,4.666667,,3.95052746196
1961-12-16,5.1,,0.0,28.0,20.74,16.0,83.0,65.0,4.0,,4.20479239561
1961-12-17,5.9,,0.0,27.6,21.02,16.0,77.25,61.0,4.666667,,4.43988349462
1961-12-18,7.1,,0.0,28.6,21.66,16.0,62.0,45.0,4.0,,5.31214213484
1961-12-19,6.7,,0.0,27.4,20.9,16.2,73.75,57.0,4.0,,4.50719128749
1961-12-20,5.7,,0.0,27.2,20.78,15.2,68.0,50.0,3.333333,,4.68974656929
1961-12-21,7.4,,0.0,27.8,21.5,16.2,59.5,48.0,3.333333,,5.06853837823
1961-12-22,6.8,,0.0,29.0,21.9,16.0,66.0,53.0,4.0,,5.21002683456
1961-12-23,5.6,,0.0,25.8,21.06,17.2,73.75,59.0,3.333333,,4.02585461354
1961-12-24,5.2,,0.7,26.6,20.54,16.2,72.25,61.0,2.666667,,4.24256436071
1961-12-25,5.2,,0.0,24.8,19.9,15.2,66.25,56.0,2.666667,,4.15711082259
1961-12-26,6.0,,0.0,27.0,21.14,17.0,75.25,57.0,3.333333,,4.23059565701
1961-12-27,5.3,,0.4,26.2,20.18,16.2,80.75,70.0,3.333333,,3.92307980671
1961-12-28,3.5,,6.0,25.6,20.54,16.2,78.25,68.0,2.666667,,3.85736301995
1961-12-29,4.5,,0.0,25.6,20.66,16.2,78.0,69.0,2.666667,,3.86554832604
1961-12-30,4.5,,0.0,28.8,22.22,17.2,75.25,60.0,2.0,,4.42961875211
1961-12-31,4.8,,0.0,28.0,20.58,17.0,83.75,66.0,2.0,,4.09101077309
1962-01-01,3.0,,11.6,25.0,20.1,17.2,90.5,83.0,2.0,,3.28371628133
1962-01-02,1.6,,2.4,25.2,20.86,18.2,86.5,78.0,3.333333,,3.28527598458
1962-01-03,2.9,,0.0,28.8,22.1,18.2,80.5,64.0,2.0,,4.21083289226
1962-01-04,3.9,,0.0,28.0,21.38,17.6,82.25,71.0,2.666667,,4.08573127645
1962-01-05,2.6,,17.2,26.2,21.18,16.2,84.75,75.0,1.333333,,3.79127247771
1962-01-06,3.2,,0.0,27.4,22.14,18.2,75.25,61.0,4.0,,4.28209726456
1962-01-07,4.5,,0.0,27.4,20.66,17.0,74.25,56.0,2.0,,4.18777097103
1962-01-08,5.6,,0.0,26.2,20.96,16.5,73.5,64.0,2.666667,,4.10163825398
1962-01-09,4.4,,0.0,27.6,21.22,16.0,72.5,59.0,1.333333,,4.25810861858
1962-01-10,4.6,,0.0,26.8,20.86,17.0,79.0,65.0,1.333333,,3.90636284949
1962-01-11,2.4,,0.0,29.2,22.34,17.2,77.5,64.0,2.666667,,4.52438471962
1962-01-12,2.9,,11.3,26.8,20.86,18.2,88.25,70.0,0.666667,,3.65727666499
1962-01-13,1.8,,0.0,26.0,20.78,19.0,83.75,63.0,2.666667,,3.45177312249
1962-01-14,2.0,,0.0,26.2,21.48,16.5,84.5,73.0,4.666667,,3.74796599874
1962-01-15,2.3,,0.0,29.4,22.42,19.0,81.75,64.0,4.0,,4.31555377107
1962-01-16,3.7,,0.6,26.6,22.26,18.2,82.5,74.0,3.333333,,3.74602824712
1962-01-17,2.3,,2.8,27.6,21.9,17.6,81.5,68.0,1.333333,,3.97125074777
1962-01-18,4.2,,0.0,26.8,20.34,16.2,78.0,66.0,2.666667,,4.10906842181
1962-01-19,4.3,,0.0,27.6,20.62,16.0,77.75,61.0,2.666667,,4.29373415047
1962-01-20,4.1,,0.0,31.0,22.66,14.2,67.25,50.0,1.333333,,5.13493317058
1962-01-21,6.4,,0.0,30.4,22.82,16.0,71.0,55.0,1.333333,,4.83376113841
1962-01-22,5.0,,0.0,29.0,21.98,18.0,77.75,57.0,2.0,,4.33804927189
1962-01-23,3.9,,0.0,26.2,20.64,16.5,82.75,70.0,2.666667,,3.80941503976
1962-01-24,2.9,,0.0,25.8,19.3,16.0,84.75,74.0,2.0,,3.72182458654
1962-01-25,2.5,,0.0,26.6,19.66,15.0,81.5,67.0,1.333333,,4.03641050129
1962-01-26,3.2,,0.0,28.6,20.78,14.2,77.0,60.0,0.666667,,4.50042555945
1962-01-27,4.8,,0.0,28.6,21.86,17.2,78.0,64.0,2.0,,4.3245974775
1962-01-28,4.3,,0.0,28.4,21.58,17.0,79.75,64.0,0.666667,,4.17621263633
1962-01-29,4.1,,0.0,29.6,22.58,18.0,82.75,62.0,1.333333,,4.32632509682
1962-01-30,3.4,,2.8,26.0,20.54,18.0,90.75,86.0,4.0,,3.26268245385
1962-01-31,2.1,,0.0,25.2,21.86,17.4,86.0,75.0,1.333333,,3.4085620498
1962-02-01,1.4,,17.1,24.2,19.94,17.2,91.25,84.0,3.333333,,2.99940637319
1962-02-02,2.1,,0.0,25.2,20.14,17.0,81.5,67.0,3.333333,,3.61134368347
1962-02-03,4.2,,0.0,26.6,20.06,16.0,79.25,65.0,1.333333,,3.95503646138
1962-02-04,3.3,,0.0,27.8,21.54,17.0,81.0,66.0,2.666667,,4.12716272588
1962-02-05,4.3,,0.0,28.2,21.38,17.0,78.25,63.0,2.0,,4.24173038014
1962-02-06,4.7,,0.0,29.4,22.46,17.0,72.5,58.0,2.666667,,4.71764935358
1962-02-07,5.3,,0.0,28.6,21.54,16.2,78.25,63.0,1.333333,,4.34084820121
1962-02-08,5.5,,0.0,29.8,21.66,17.0,73.5,56.0,2.0,,4.66715750791
1962-02-09,5.6,,0.0,30.0,22.18,16.6,75.0,58.0,2.0,,4.70626655348
1962-02-10,5.4,,0.0,28.4,21.74,17.2,77.5,65.0,2.0,,4.26731031772
1962-02-11,5.0,,0.0,29.0,20.62,15.2,75.0,64.0,1.333333,,4.53654354328
1962-02-12,6.6,,0.0,29.2,21.66,16.0,68.25,55.0,2.0,,4.73147132971
1962-02-13,6.6,,0.0,29.2,22.34,17.2,70.25,59.0,2.0,,4.58253601247
1962-02-14,6.2,,0.0,28.8,22.3,17.2,73.75,63.0,4.0,,4.68483231607
1962-02-15,6.6,,0.0,27.0,20.54,17.0,79.5,66.0,2.0,,3.93945072931
1962-02-16,4.6,,0.0,30.4,22.78,17.2,75.75,57.0,2.666667,,4.77067878455
1962-02-17,6.0,,0.0,29.0,22.62,19.0,76.5,64.0,2.666667,,4.28823994742
1962-02-18,6.7,,0.0,29.6,21.9,16.8,71.75,56.0,2.666667,,4.75563310053
1962-02-19,7.0,,0.0,30.4,22.46,16.2,70.75,59.0,2.666667,,4.98858993189
1962-02-20,7.0,,0.0,29.4,21.94,17.0,71.25,59.0,1.333333,,4.45938970342
1962-02-21,6.8,,0.0,30.2,23.38,18.2,73.5,59.0,4.333333,,4.92737475104
1962-02-22,8.2,,0.0,29.2,22.26,16.2,74.25,57.0,4.0,,4.77603858727
1962-02-23,8.1,,0.0,30.4,21.86,15.2,62.5,49.0,3.333333,,5.46286464283
1962-02-24,8.2,,0.0,33.2,22.58,15.0,64.75,48.0,0.666667,,5.20007203891
1962-02-25,7.2,,0.0,32.4,24.1,18.4,75.25,55.0,2.666667,,5.05671756733
1962-02-26,5.3,,10.3,29.2,24.14,18.2,71.5,65.0,3.333333,,4.63809349712
1962-02-27,7.0,,0.0,28.6,21.62,17.2,79.25,57.0,6.666667,,4.4600359317
1962-02-28,6.3,,1.5,24.0,19.94,15.0,81.75,74.0,4.666667,,3.50218831861
1962-03-01,4.6,,0.0,28.0,21.3,15.0,76.0,65.0,4.666667,,4.5416281458
1962-03-02,7.6,,0.0,28.0,21.26,16.0,75.5,63.0,2.666667,,4.31364779233
1962-03-03,6.6,,0.0,29.0,21.22,16.2,74.0,59.0,2.0,,4.44241800577
1962-03-04,6.5,,0.0,31.4,22.98,16.0,65.75,52.0,2.0,,5.09487852556
1962-03-05,7.8,,0.0,31.4,23.4,16.5,68.75,57.0,1.333333,,4.82868130436
1962-03-06,5.5,,0.0,30.2,23.1,17.2,73.0,61.0,2.0,,4.59318614813
1962-03-07,6.3,,0.0,32.0,24.52,18.0,72.0,58.0,3.333333,,5.14413839645
1962-03-08,5.9,,0.0,27.6,22.82,19.2,87.0,77.0,2.0,,3.52214476869
1962-03-09,1.6,,23.7,24.4,19.54,17.0,92.75,82.0,2.0,,2.98229020066
1962-03-10,2.5,,26.6,23.6,19.86,17.0,94.0,93.0,1.333333,,2.84737395763
1962-03-11,2.5,,7.0,24.2,20.92,17.5,86.0,80.0,3.333333,,3.03841726938
1962-03-12,2.5,,66.2,22.8,18.84,16.2,91.5,84.0,3.0,,2.7078329376
1962-03-13,1.8,,1.5,26.0,20.34,17.0,85.0,70.0,2.666667,,3.45880241211
1962-03-14,4.0,,0.0,26.6,20.82,17.0,83.25,73.0,2.666667,,3.6215409828
1962-03-15,3.6,,0.0,26.4,20.18,16.2,83.75,70.0,1.333333,,3.6102880086
1962-03-16,4.4,,0.0,26.6,21.1,17.2,83.0,68.0,2.666667,,3.59347731314
1962-03-17,4.0,,0.0,27.0,20.94,17.2,84.25,71.0,4.666667,,3.65036850088
1962-03-18,4.3,,0.5,26.4,20.46,17.2,86.75,69.0,6.0,,3.3839429281
1962-03-19,4.0,,0.9,24.9,20.44,17.0,86.25,73.0,3.333333,,3.15803439349
1962-03-20,3.9,,0.5,26.2,20.86,17.0,82.75,70.0,4.0,,3.5533279044
1962-03-21,4.2,,0.0,26.8,21.1,17.0,82.5,69.0,2.666667,,3.61838680913
1962-03-22,3.4,,0.0,27.4,20.3,16.2,79.0,63.0,2.0,,3.84347115921
1962-03-23,4.8,,0.0,27.0,21.1,17.0,79.5,65.0,4.0,,3.82663478236
1962-03-24,6.0,,0.0,27.4,21.3,16.0,80.25,65.0,5.0,,3.97012857593
1962-03-25,6.2,,0.3,26.6,20.7,16.6,83.25,69.0,6.0,,3.63143836173
1962-03-26,5.1,,0.0,27.0,21.1,16.0,78.5,65.0,5.333333,,3.99901737555
1962-03-27,5.9,,1.0,26.4,20.62,17.0,84.0,68.0,3.333333,,3.45062092964
1962-03-28,4.8,,0.0,26.0,20.5,15.2,81.25,71.0,5.333333,,3.68326348191
1962-03-29,4.3,,0.0,27.0,21.18,16.2,82.75,72.0,4.0,,3.66743279087
1962-03-30,4.4,,0.0,27.2,20.98,17.4,83.25,68.0,4.0,,3.58458436708
1962-03-31,4.5,,0.0,27.4,21.62,17.2,84.25,71.0,6.0,,3.61397792185
1962-04-01,4.2,,2.7,26.4,20.86,17.0,85.5,71.0,2.666667,,3.33154125252
1962-04-02,3.3,,3.4,25.2,19.86,17.0,89.0,79.0,2.666667,,2.9922696075
1962-04-03,2.7,,0.0,27.6,20.58,17.0,82.25,66.0,2.0,,3.59315000703
1962-04-04,4.3,,0.0,26.4,21.86,17.2,79.0,72.0,3.333333,,3.54816349844
1962-04-05,5.5,,0.0,25.2,19.34,16.2,88.5,76.0,4.666667,,3.00126348065
1962-04-06,3.8,,1.7,25.4,19.98,16.0,84.75,74.0,5.333333,,3.24387191306
1962-04-07,5.4,,0.0,26.1,19.96,15.2,83.75,73.0,4.666667,,3.43976062026
1962-04-08,1.6,,1.0,27.0,20.06,16.0,81.5,69.0,2.666667,,3.55704233998
1962-04-09,7.7,,0.0,27.6,19.7,16.0,81.25,66.0,1.333333,,3.57101092728
1962-04-10,4.6,,0.0,26.8,20.5,16.0,80.0,70.0,2.0,,3.49233518684
1962-04-11,4.9,,0.0,27.4,21.86,17.2,78.75,68.0,5.333333,,3.82100839584
1962-04-12,6.3,,0.0,27.4,21.1,17.0,82.25,68.0,6.0,,3.63409935668
1962-04-13,7.8,,0.0,27.0,20.78,16.2,83.5,71.0,2.666667,,3.41498716915
1962-04-14,5.0,,0.0,26.2,20.74,15.2,78.75,70.0,3.333333,,3.54018884553
1962-04-15,6.0,,0.7,26.6,20.54,17.0,86.0,73.0,4.666667,,3.20622448504
1962-04-16,5.0,,0.6,27.0,20.54,16.0,80.5,72.0,2.0,,3.43263181599
1962-04-17,5.0,,0.0,27.6,21.1,16.2,77.5,68.0,2.0,,3.57164272036
1962-04-18,6.0,,0.0,27.4,21.46,17.0,80.75,69.0,4.0,,3.54521198837
1962-04-19,5.2,,0.0,28.8,21.02,17.0,79.0,66.0,2.0,,3.65350354861
1962-04-20,4.2,,0.0,26.2,20.46,17.2,86.25,72.0,2.666667,,3.02994669633
1962-04-21,3.2,,0.5,25.2,20.42,17.2,87.5,75.0,4.0,,2.81851943016
1962-04-22,2.6,,1.2,20.8,18.26,16.2,93.75,90.0,2.666667,,1.96023638845
1962-04-23,0.6,,3.9,24.2,19.86,16.2,88.75,77.0,1.333333,,2.68855064815
1962-04-24,1.4,,32.8,24.4,20.14,16.6,90.0,79.0,4.0,,2.58931589644
1962-04-25,2.1,,7.0,24.6,20.54,17.6,88.25,80.0,4.0,,2.61456615419
1962-04-26,1.2,,2.0,24.2,18.46,16.0,88.75,72.0,2.666667,,2.65346299144
1962-04-27,2.1,,0.0,25.8,19.42,14.2,87.75,75.0,2.0,,3.04754528228
1962-04-28,2.0,,0.0,25.6,20.42,16.2,85.25,73.0,2.666667,,2.94398424162
1962-04-29,2.5,,0.0,24.6,20.02,17.2,86.25,78.0,2.0,,2.6468061939
1962-04-30,2.5,,0.0,25.6,19.7,15.2,76.0,62.0,3.333333,,3.35540332431
1962-05-01,4.9,,0.0,25.6,19.64,16.5,78.0,60.0,2.0,,3.03367903294
1962-05-02,4.0,,0.0,26.2,18.7,15.2,82.5,60.0,4.0,,3.20390547734
1962-05-03,5.2,,0.0,26.6,18.46,15.0,79.5,57.0,1.333333,,3.15485927905
1962-05-04,4.6,,0.0,29.0,20.58,11.2,73.75,60.0,1.333333,,3.75239332301
1962-05-05,5.4,,0.0,25.8,20.54,17.2,86.75,75.0,4.0,,2.80236052803
1962-05-06,3.0,,1.3,21.6,18.86,17.0,93.5,87.0,2.0,,1.92744329453
1962-05-07,1.2,,0.0,26.4,20.58,17.0,85.0,69.0,1.333333,,2.85561375234
1962-05-08,3.6,,0.0,25.0,19.46,17.0,86.0,69.0,5.333333,,2.73709821985
1962-05-09,4.7,,0.3,18.6,16.38,15.0,97.0,93.0,7.333333,,1.27096627842
1962-05-10,0.5,,1.4,18.4,16.14,14.0,95.5,91.0,5.333333,,1.49051466704
1962-05-11,2.2,,0.0,20.0,16.34,14.0,93.5,83.0,6.666667,,1.74869799107
1962-05-12,6.3,,0.4,23.6,18.1,13.2,84.5,73.0,4.666667,,2.74884539744
1962-05-13,2.5,,0.0,23.4,18.34,14.2,78.75,50.0,3.333333,,2.84858396882
1962-05-14,4.3,,0.0,23.2,18.58,15.0,77.5,72.0,4.666667,,2.95591593762
1962-05-15,4.9,,0.0,21.4,17.82,14.2,89.25,77.0,4.666667,,2.16361728438
1962-05-16,2.2,,0.8,21.8,17.66,15.0,91.5,89.0,2.666667,,2.1015906468
1962-05-17,1.9,,0.0,22.8,17.94,15.2,91.75,84.0,2.666667,,2.20924479354
1962-05-18,2.1,,0.0,24.6,18.98,15.2,85.75,72.0,4.0,,2.66909542863
1962-05-19,4.4,,1.0,24.0,18.38,15.0,87.75,76.0,4.666667,,2.50432652652
1962-05-20,4.3,,0.0,23.2,18.46,15.0,87.25,78.0,4.666667,,2.41845048117
1962-05-21,3.2,,2.5,22.2,17.78,15.0,91.5,85.0,4.666667,,2.06970550629
1962-05-22,2.8,,0.0,21.0,17.7,15.0,93.75,90.0,4.0,,1.82496134623
1962-05-23,1.2,,0.9,20.2,15.98,14.0,95.5,91.0,3.333333,,1.74887702498
1962-05-24,1.3,,0.0,23.6,16.26,12.2,88.25,72.0,2.0,,2.53289645138
1962-05-25,3.0,,0.0,24.2,16.3,11.2,79.0,69.0,3.333333,,2.95145490222
1962-05-26,4.0,,0.0,24.4,16.58,13.0,83.25,67.0,4.666667,,2.80737849105
1962-05-27,4.4,,0.0,23.8,16.82,12.0,86.5,69.0,2.666667,,2.58409826072
1962-05-28,3.2,,0.0,24.2,17.94,14.2,89.25,80.0,2.0,,2.45461572698
1962-05-29,2.6,,0.0,27.2,20.98,15.2,81.25,71.0,2.0,,2.97303598159
1962-05-30,3.3,,0.0,27.0,20.7,15.2,85.25,69.0,2.0,,2.84820870075
1962-05-31,2.9,,1.5,23.8,19.48,17.5,92.0,85.0,4.0,,2.05276478319
1962-06-01,1.8,,0.0,18.8,16.5,15.0,96.5,93.0,4.666667,,1.34345977639
1962-06-02,0.6,,0.5,18.6,15.38,14.0,94.0,87.0,7.333333,,1.4438012459
1962-06-03,1.4,,0.7,20.0,16.22,13.0,91.0,84.0,3.333333,,1.89417074159
1962-06-04,1.4,,0.0,22.6,17.02,14.0,88.5,79.0,3.333333,,2.23961269568
1962-06-05,2.4,,1.0,21.4,16.9,14.2,89.75,82.0,2.666667,,2.03675748914
1962-06-06,2.8,,0.0,21.0,16.98,14.2,91.75,84.0,5.333333,,1.86538019785
1962-06-07,2.4,,0.5,21.6,16.42,13.2,89.25,82.0,3.333333,,2.11881964785
1962-06-08,3.4,,0.0,23.2,17.02,14.0,84.5,70.0,2.666667,,2.41598774598
1962-06-09,3.4,,0.0,25.6,18.42,10.2,71.25,60.0,2.0,,3.10062300018
1962-06-10,2.6,,0.0,27.8,18.62,14.0,78.75,57.0,1.333333,,2.9978118192
1962-06-11,3.4,,0.0,26.8,20.16,10.5,77.0,70.0,1.333333,,3.02156118018
1962-06-12,3.8,,0.0,23.6,17.22,12.0,89.0,73.0,3.333333,,2.39073749046
1962-06-13,2.4,,0.0,24.4,18.98,15.2,84.75,72.0,2.666667,,2.48290525051
1962-06-14,3.2,,0.0,23.0,18.26,15.2,90.75,80.0,4.0,,2.10113949069
1962-06-15,2.2,,1.8,18.8,16.62,15.0,96.0,93.0,4.0,,1.36515716255
1962-06-16,0.8,,1.5,20.0,15.9,14.0,90.25,81.0,4.0,,1.82656664586
1962-06-17,3.2,,0.0,21.4,16.46,12.0,84.25,73.0,6.666667,,2.39827668257
1962-06-18,5.4,,0.0,21.2,15.7,12.2,84.0,71.0,6.0,,2.36803576394
1962-06-19,5.0,,0.8,20.2,15.58,12.2,90.75,87.0,6.666667,,1.86757756186
1962-06-20,2.0,,0.4,21.8,16.58,13.0,90.5,78.0,6.0,,2.03450882888
1962-06-21,3.4,,0.9,20.8,17.1,14.8,94.75,88.0,5.666667,,1.61324630602
1962-06-22,0.9,,1.7,18.6,14.5,12.2,94.5,89.0,2.666667,,1.65207970467
1962-06-23,1.1,,0.4,23.0,17.54,12.2,82.75,72.0,3.333333,,2.52814984085
1962-06-24,3.8,,0.0,25.4,19.18,15.0,87.5,71.0,3.333333,,2.53390402132
1962-06-25,4.0,,2.5,20.8,17.74,16.2,96.0,91.0,5.333333,,1.46710281962
1962-06-26,0.5,,2.3,19.0,16.18,14.2,96.5,91.0,6.666667,,1.31101529069
1962-06-27,1.0,,1.2,19.2,15.62,13.2,93.5,87.0,7.333333,,1.54934509351
1962-06-28,2.1,,0.8,17.8,14.62,12.2,95.0,95.0,4.666667,,1.45460558508
1962-06-29,1.1,,0.6,18.4,15.44,12.5,96.0,94.0,6.666667,,1.36861128559
1962-06-30,1.3,,5.6,21.0,16.18,14.0,91.0,84.0,7.333333,,1.87380147192
1962-07-01,2.7,,0.0,20.8,15.74,11.6,87.75,72.0,6.0,,2.13365875957
1962-07-02,3.3,,0.5,20.6,15.9,13.2,93.25,80.0,8.0,,1.6967725131
1962-07-03,2.2,,0.9,19.6,15.62,11.2,88.0,83.0,4.0,,2.01116736052
1962-07-04,3.2,,0.0,21.4,16.1,12.0,85.25,72.0,3.333333,,2.28052077417
1962-07-05,3.9,,0.0,22.0,16.54,10.2,86.0,80.0,3.333333,,2.3838260091
1962-07-06,2.0,,0.5,22.6,17.58,15.0,91.25,78.0,2.666667,,2.08142806466
1962-07-07,1.7,,0.0,22.0,16.3,12.2,89.5,76.0,2.0,,2.22330407373
1962-07-08,2.4,,0.0,22.2,17.38,14.0,85.25,72.0,4.666667,,2.34720697437
1962-07-09,4.4,,0.0,18.2,15.74,13.2,92.75,86.0,7.333333,,1.51382508472
1962-07-10,1.3,,1.2,20.2,15.66,12.6,90.5,82.0,3.333333,,1.95221879909
1962-07-11,1.9,,0.0,22.8,16.32,13.5,86.5,71.0,3.333333,,2.36605909919
1962-07-12,3.6,,0.0,24.0,17.02,13.2,81.5,66.0,2.0,,2.61904504337
1962-07-13,3.8,,0.0,22.4,16.34,12.0,85.5,74.0,6.0,,2.46868503529
1962-07-14,4.8,,0.0,22.6,17.38,12.2,86.25,77.0,5.333333,,2.44165434725
1962-07-15,3.4,,4.0,22.2,16.98,14.0,85.25,74.0,6.0,,2.41248456534
1962-07-16,4.4,,0.0,21.0,16.18,13.2,86.5,75.0,6.666667,,2.23772011994
1962-07-17,4.0,,0.0,22.2,16.22,12.2,84.0,72.0,4.0,,2.49312027426
1962-07-18,4.4,,0.0,22.6,17.18,13.0,87.0,74.0,5.333333,,2.39878965007
1962-07-19,3.6,,2.8,22.0,17.5,13.8,88.5,79.0,4.0,,2.22375340747
1962-07-20,2.4,,0.0,21.6,17.1,14.2,94.75,89.0,4.666667,,1.85481626365
1962-07-21,1.3,,2.4,19.6,15.94,13.2,94.75,89.0,3.333333,,1.74893596096
1962-07-22,1.3,,1.4,21.2,15.9,12.0,86.5,80.0,3.333333,,2.30382863207
1962-07-23,2.6,,0.4,21.6,15.82,13.0,89.75,77.0,2.0,,2.22366323513
1962-07-24,2.1,,0.0,21.2,16.02,13.0,87.5,73.0,2.0,,2.23033456512
1962-07-25,3.3,,0.4,21.8,16.5,13.4,88.5,74.0,2.666667,,2.26438369036
1962-07-26,3.0,,0.0,23.2,16.14,13.2,89.25,76.0,2.666667,,2.43906011814
1962-07-27,3.2,,0.0,25.8,17.78,10.0,83.0,69.0,2.0,,3.06872012704
1962-07-28,3.0,,0.0,25.0,17.74,11.2,87.25,72.0,4.0,,2.81377644126
1962-07-29,3.8,,0.0,20.0,15.86,13.0,88.5,81.0,4.0,,2.08186517266
1962-07-30,3.4,,0.0,23.8,16.18,11.2,81.75,66.0,4.0,,2.91782739943
1962-07-31,4.1,,0.0,21.0,15.38,12.2,91.0,77.0,4.0,,2.15419267754
1962-08-01,3.0,,0.3,20.6,15.58,13.0,95.0,97.0,4.666667,,1.86452666364
1962-08-02,1.8,,0.4,21.6,15.46,11.2,88.75,77.0,5.333333,,2.34926082726
1962-08-03,3.7,,0.0,22.0,16.42,11.2,84.25,75.0,4.0,,2.62251106471
1962-08-04,4.3,,0.0,21.0,15.42,13.0,90.0,75.0,5.333333,,2.1600247928
1962-08-05,2.0,,0.0,19.6,15.34,11.4,90.25,90.0,4.666667,,2.07348548763
1962-08-06,3.3,,0.4,20.6,16.1,12.0,90.25,70.0,6.0,,2.13945747752
1962-08-07,1.7,,5.4,20.8,15.98,13.8,90.0,81.0,5.333333,,2.11779924214
1962-08-08,4.2,,0.0,21.2,15.66,12.2,82.0,69.0,3.333333,,2.59357642951
1962-08-09,4.3,,0.0,22.0,16.66,11.2,81.5,70.0,3.333333,,2.76830333224
1962-08-10,3.5,,0.0,23.8,17.7,13.2,84.75,67.0,4.666667,,2.836134091
1962-08-11,3.9,,0.0,24.4,16.9,13.2,83.75,63.0,2.0,,2.90764736287
1962-08-12,3.8,,0.0,25.6,18.7,14.0,75.0,57.0,0.666667,,3.02311754414
1962-08-13,4.6,,0.0,27.4,18.58,10.2,70.0,50.0,2.666667,,3.90660388419
1962-08-14,5.0,,0.0,23.4,17.98,12.2,83.5,75.0,4.666667,,2.92114933535
1962-08-15,4.3,,1.3,23.2,17.82,14.2,87.75,74.0,5.333333,,2.60313172354
1962-08-16,3.7,,0.8,20.4,16.58,14.0,96.0,91.0,5.333333,,1.79987959119
1962-08-17,1.0,,2.0,20.8,16.18,13.2,94.75,89.0,3.333333,,2.10814542613
1962-08-18,1.2,,2.2,23.8,16.98,13.2,81.25,66.0,4.666667,,3.09136567321
1962-08-19,3.8,,0.0,25.0,17.38,13.2,87.0,69.0,3.333333,,3.00216394459
1962-08-20,2.8,,0.0,24.8,18.46,15.0,84.25,72.0,3.333333,,2.99183707543
1962-08-21,3.0,,0.0,22.2,17.02,14.2,86.0,73.0,6.666667,,2.62222131686
1962-08-22,5.3,,0.0,23.6,17.5,14.0,87.5,73.0,4.666667,,2.7552296939
1962-08-23,4.0,,0.4,26.2,18.54,14.0,80.0,67.0,3.333333,,3.45720508727
1962-08-24,3.5,,0.0,30.0,20.14,11.8,74.0,59.0,2.0,,4.21423153847
1962-08-25,5.5,,0.0,26.4,19.22,10.2,79.5,72.0,4.0,,3.7119773466
1962-08-26,5.8,,0.0,23.6,18.54,15.0,89.5,79.0,4.666667,,2.63758865712
1962-08-27,4.4,,1.0,24.0,18.18,13.2,86.25,79.0,5.333333,,2.95967512028
1962-08-28,4.1,,0.9,24.4,17.9,14.0,85.5,75.0,4.0,,3.03415225847
1962-08-29,4.9,,0.0,23.4,16.82,12.2,77.75,65.0,3.333333,,3.27460988395
1962-08-30,6.5,,0.0,26.2,18.3,13.0,80.25,66.0,0.666667,,3.43261333345
1962-08-31,4.5,,0.0,30.4,19.98,14.0,73.25,56.0,0.666667,,4.06494745941
1962-09-01,6.8,,0.0,28.8,20.7,12.0,74.75,61.0,2.666667,,4.20839214061
1962-09-02,7.5,,0.0,24.2,19.22,16.0,84.75,79.0,6.0,,3.00197219614
1962-09-03,4.8,,0.0,24.0,17.9,13.2,82.0,73.0,4.666667,,3.2510402791
1962-09-04,5.5,,0.0,26.6,19.58,15.0,80.75,64.0,4.666667,,3.654080438
1962-09-05,5.6,,0.8,24.0,19.1,15.0,83.0,77.0,4.666667,,3.1270840882
1962-09-06,4.6,,0.0,25.2,18.62,14.2,77.0,68.0,4.666667,,3.67912753158
1962-09-07,6.6,,0.0,25.0,18.18,13.0,80.25,68.0,3.333333,,3.49354596758
1962-09-08,3.0,,0.0,25.6,18.18,13.0,78.0,68.0,3.333333,,3.68553509995
1962-09-09,6.8,,0.0,25.6,19.5,13.2,79.0,70.0,4.666667,,3.71811839169
1962-09-10,6.6,,0.7,25.2,17.22,14.0,80.75,66.0,2.0,,3.42528345227
1962-09-11,6.4,,0.0,27.4,19.76,13.5,70.75,64.0,4.0,,4.36896403255
1962-09-12,4.8,,0.0,28.0,20.36,15.5,75.5,61.0,2.0,,3.93743122302
1962-09-13,6.2,,0.0,26.4,19.18,15.2,78.75,66.0,3.333333,,3.72480447142
1962-09-14,6.4,,0.0,26.0,19.26,14.0,79.25,67.0,8.0,,3.92241442604
1962-09-15,7.8,,0.0,24.6,17.78,14.2,91.25,78.0,4.666667,,2.94283481314
1962-09-16,3.5,,3.4,19.0,15.18,13.2,94.0,87.0,5.333333,,1.98350438888
1962-09-17,0.5,,0.0,22.0,15.54,11.0,86.5,70.0,4.0,,2.98645066602
1962-09-18,7.2,,0.0,23.6,17.0,12.0,82.0,69.0,4.666667,,3.38921751779
1962-09-19,5.8,,0.0,23.6,17.1,12.2,75.25,66.0,2.0,,3.5046507961
1962-09-20,6.0,,0.0,26.4,17.58,12.0,79.25,62.0,2.0,,3.90385189815
1962-09-21,4.2,,0.0,26.6,18.58,15.0,77.75,68.0,2.666667,,3.84300409321
1962-09-22,3.8,,0.0,26.6,18.22,14.2,80.5,67.0,4.666667,,3.89528256088
1962-09-23,6.2,,0.0,28.6,20.44,13.5,75.0,64.0,2.666667,,4.39560787021
1962-09-24,6.8,,0.0,27.0,20.5,15.2,80.5,71.0,2.666667,,3.84629915692
1962-09-25,5.8,,0.0,26.2,19.86,15.2,86.0,77.0,3.333333,,3.53038530547
1962-09-26,4.8,,0.0,28.6,20.9,14.4,74.75,66.0,2.666667,,4.38512806071
1962-09-27,6.2,,0.0,26.0,20.86,16.0,83.75,74.0,4.0,,3.54985476784
1962-09-28,5.4,,0.0,25.2,20.02,16.2,81.75,76.0,4.0,,3.49082633581
1962-09-29,3.4,,0.0,27.2,20.18,16.0,80.0,71.0,3.333333,,3.92433183527
1962-09-30,6.3,,0.0,27.0,19.82,15.2,75.25,65.0,2.666667,,4.06584880212
1962-10-01,7.5,,0.0,27.2,18.82,15.2,81.25,66.0,3.0,,3.93727839904
1962-10-02,6.0,,0.0,29.4,21.66,16.0,78.0,68.0,2.0,,4.33353552573
1962-10-03,6.2,,0.0,29.2,21.54,16.6,79.0,69.0,2.666667,,4.28591266445
1962-10-04,5.5,,0.0,31.0,23.34,17.0,74.0,65.0,2.0,,4.67342203751
1962-10-05,6.9,,0.0,32.8,24.2,17.5,64.75,46.0,2.0,,5.1982288659
1962-10-06,5.2,,2.6,27.0,20.54,18.0,83.0,61.0,3.333333,,3.6559283896
1962-10-07,3.1,,0.0,21.0,17.74,16.0,93.0,87.0,3.333333,,2.31383821204
1962-10-08,9.3,,0.0,23.4,17.96,14.5,82.0,69.0,4.0,,3.35052844259
1962-10-09,3.0,,0.0,25.0,18.62,16.0,81.5,65.0,2.0,,3.47740646887
1962-10-10,4.0,,0.0,28.6,20.74,15.0,69.25,54.0,3.333333,,4.76168429508
1962-10-11,7.2,,0.0,29.2,19.74,13.0,63.0,47.0,2.0,,4.89736003949
1962-10-12,6.6,,0.0,31.4,24.42,16.0,61.25,49.0,1.333333,,4.9319276514
1962-10-13,6.0,,0.0,30.4,23.42,18.2,71.0,58.0,1.333333,,4.45324786757
1962-10-14,7.4,,0.0,28.8,21.86,16.2,66.75,57.0,4.0,,4.98464807844
1962-10-15,9.4,,0.0,27.2,20.62,14.8,68.0,58.0,4.266667,,4.74298826487
1962-10-16,3.0,,0.0,26.8,19.42,13.0,73.5,54.0,6.0,,4.63446809712
1962-10-17,7.8,,0.0,28.0,20.54,15.2,72.5,51.0,5.333333,,4.78305844719
1962-10-18,7.0,,0.0,24.4,18.98,14.0,80.25,69.0,4.666667,,3.71004021222
1962-10-19,4.0,,1.9,27.0,20.58,16.0,68.75,54.0,2.666667,,4.34026790765
1962-10-20,6.3,,0.0,30.8,21.94,14.2,57.5,43.0,2.666667,,5.54072567648
1962-10-21,9.0,,0.0,27.8,20.98,15.0,65.5,59.0,6.666667,,5.39794689212
1962-10-22,5.5,,0.0,26.8,20.22,15.4,73.25,60.0,8.666667,,4.7863577882
1962-10-23,9.3,,0.0,27.6,20.34,13.2,74.5,53.0,6.0,,4.74752297973
1962-10-24,9.5,,0.0,28.0,20.42,14.0,71.25,54.0,6.0,,5.01199301602
1962-10-25,8.4,,0.0,24.0,18.46,15.0,83.25,73.0,5.333333,,3.44921421874
1962-10-26,3.9,,0.3,26.4,19.34,14.2,78.5,63.0,4.0,,4.15706347992
1962-10-27,5.7,,1.3,25.4,19.62,15.2,81.25,68.0,4.0,,3.78271644642
1962-10-28,4.3,,0.5,25.2,19.3,16.0,87.25,72.0,3.333333,,3.43055217352
1962-10-29,4.0,,0.0,27.4,20.42,15.2,74.0,63.0,3.333333,,4.4347164352
1962-10-30,6.2,,0.0,26.8,20.44,15.2,77.0,63.0,3.333333,,4.20627542429
1962-10-31,5.3,,0.0,27.2,21.34,16.8,74.25,61.0,4.666667,,4.41898316853
1962-11-01,5.7,,0.3,28.2,20.74,15.0,71.5,59.0,2.666667,,4.61749841212
1962-11-02,7.1,,0.0,29.0,21.26,16.2,70.0,57.0,2.0,,4.61371273401
1962-11-03,6.5,,0.0,29.6,22.34,16.0,68.0,57.0,1.333333,,4.64169652723
1962-11-04,7.0,,0.0,30.6,22.86,16.0,67.25,55.0,2.0,,5.01275974074
1962-11-05,7.6,,0.0,28.2,21.38,17.0,73.25,61.0,2.0,,4.32155090091
1962-11-06,5.2,,0.0,28.4,20.82,15.6,69.0,56.0,3.333333,,4.82205471833
1962-11-07,6.8,,0.0,28.2,21.38,17.0,70.0,58.0,2.0,,4.39935433406
1962-11-08,6.3,,0.0,27.6,20.66,16.4,73.5,60.0,2.0,,4.25844028914
1962-11-09,5.2,,0.0,29.2,23.26,16.0,63.75,57.0,1.333333,,4.62935962511
1962-11-10,1.5,,,23.2,19.5,17.0,86.0,63.0,2.0,,3.00299626465
1962-11-11,2.0,,0.0,27.0,21.7,18.0,82.0,65.0,6.666667,,3.94690023227
1962-11-12,3.3,,72.7,20.0,17.54,16.0,97.0,95.0,4.0,,1.97835120411
1962-11-13,0.5,,14.9,20.8,17.78,15.2,93.25,88.0,3.333333,,2.46355135602
1962-11-14,1.2,,0.3,22.6,18.54,15.2,90.25,80.0,4.0,,2.89166363653
1962-11-15,2.2,,0.2,25.2,19.5,16.0,88.0,71.0,3.333333,,3.43871187842
1962-11-16,3.6,,0.0,27.8,21.38,15.2,76.0,65.0,2.666667,,4.42110884483
1962-11-17,5.6,,0.0,29.4,22.38,17.0,69.5,54.0,4.0,,5.04130759713
1962-11-18,8.0,,0.0,27.6,20.78,16.0,67.0,58.0,4.0,,4.85779279303
1962-11-19,6.1,,0.0,26.6,20.66,16.6,78.25,60.0,5.333333,,4.1700697693
1962-11-20,5.7,,0.0,26.6,20.46,15.2,72.5,60.0,3.333333,,4.38273380434
1962-11-21,7.3,,0.0,26.0,21.06,16.2,72.25,59.0,1.333333,,3.89921621826
1962-11-22,4.0,,0.0,27.8,22.34,17.0,73.75,69.0,2.666667,,4.35086513811
1962-11-23,5.3,,0.0,27.2,21.3,17.2,78.25,64.0,4.666667,,4.21007679724
1962-11-24,3.2,,0.0,23.8,19.26,16.0,86.25,70.0,3.333333,,3.24164895555
1962-11-25,3.4,,0.0,24.0,18.9,16.0,89.75,79.0,2.666667,,3.18395694723
1962-11-26,2.6,,11.9,25.6,20.14,16.0,87.0,77.0,4.0,,3.54384225709
1962-11-27,3.0,,0.5,24.8,20.34,17.0,86.75,75.0,2.666667,,3.32993461606
1962-11-28,3.2,,0.4,25.2,19.7,15.0,81.0,69.0,4.0,,3.82293067074
1962-11-29,5.0,,0.0,25.6,19.74,15.0,75.25,65.0,2.666667,,4.04478038115
1962-11-30,2.6,,0.0,27.8,21.02,16.2,76.25,60.0,0.666667,,4.13711081278
1962-12-01,4.3,,0.0,27.2,20.9,17.0,78.75,52.0,2.666667,,4.07737772155
1962-12-02,4.1,,0.0,27.0,20.5,17.0,79.75,66.0,2.666667,,4.00549840163
1962-12-03,4.8,,0.0,28.4,21.42,16.2,72.0,61.0,2.0,,4.49901786378
1962-12-04,6.6,,0.0,31.8,23.14,16.2,73.0,58.0,1.333333,,5.06201298461
1962-12-05,6.3,,0.0,31.4,22.88,17.5,74.25,57.0,2.0,,4.95219422057
1962-12-06,4.0,,0.0,28.6,22.5,17.0,76.5,65.0,2.0,,4.36866693386
1962-12-07,5.7,,0.0,26.6,21.3,17.4,72.75,64.0,3.333333,,4.20540364364
1962-12-08,3.8,,0.0,27.0,21.14,16.0,70.75,61.0,3.333333,,4.48160766542
1962-12-09,7.3,,0.0,27.4,20.62,16.0,76.0,62.0,2.666667,,4.29646972829
1962-12-10,6.3,,0.0,27.8,20.66,16.2,77.25,63.0,1.333333,,4.20553062651
1962-12-11,5.0,,0.0,25.8,21.96,17.5,75.25,70.0,2.666667,,3.85545210123
1962-12-12,3.8,,2.5,23.6,19.82,17.2,89.5,78.0,4.0,,2.92056701563
1962-12-13,1.0,,5.5,21.4,18.26,15.2,95.25,92.0,2.0,,2.66808839924
1962-12-14,1.5,,5.8,20.4,17.9,16.2,93.5,87.0,2.0,,2.33296417278
1962-12-15,0.7,,6.3,,,16.2,95.25,92.0,3.333333,,
1962-12-16,0.8,,2.7,,,15.0,81.25,69.0,2.666667,,
1962-12-17,3.5,,3.4,,,16.2,86.5,73.0,2.666667,,
1962-12-18,2.5,,0.0,,,16.2,80.25,64.0,4.0,,
1962-12-19,4.3,,0.0,,,17.0,78.75,66.0,2.666667,,
1962-12-20,2.7,,0.0,,,17.4,86.0,80.0,4.0,,
1962-12-21,2.2,,0.0,,,17.0,80.5,64.0,4.0,,
1962-12-22,3.5,,42.6,,,17.0,89.0,77.0,2.0,,
1962-12-23,2.6,,0.0,,,17.0,85.25,66.0,2.666667,,
1962-12-24,1.5,,0.0,,,17.2,75.25,59.0,2.666667,,
1962-12-25,5.2,,0.0,,,18.0,82.5,67.0,3.333333,,
1962-12-26,2.4,,19.5,,,16.2,89.75,89.0,1.333333,,
1962-12-27,1.0,,3.2,,,17.2,85.5,77.0,2.666667,,
1962-12-28,2.2,,0.0,,,16.2,84.75,74.0,2.333333,,
1962-12-29,2.8,,0.0,,,16.2,78.25,66.0,4.666667,,
1962-12-30,4.3,,0.0,,,16.0,79.5,67.0,4.666667,,
1962-12-31,4.5,,0.0,,,15.0,76.75,60.0,2.666667,,
1963-01-01,4.7,,0.0,,,16.2,78.0,63.0,2.666667,,
1963-01-02,3.8,,0.0,,,16.2,74.5,47.0,2.0,,
1963-01-03,5.5,,0.0,,,14.0,63.25,48.0,0.666667,,
1963-01-04,5.5,,0.0,,,19.0,75.75,69.0,1.333333,,
1963-01-05,4.4,,0.8,,,18.0,86.5,76.0,2.666667,,
1963-01-06,2.4,,22.3,,,17.0,90.5,80.0,1.333333,,
1963-01-07,1.8,,17.4,,,17.0,89.75,80.0,2.0,,
1963-01-08,2.2,,9.1,,,16.2,90.5,85.0,2.666667,,
1963-01-09,2.4,,0.0,,,15.2,82.75,68.0,2.0,,
1963-01-10,4.4,,0.0,,,16.2,84.25,73.0,2.666667,,
1963-01-11,4.1,,0.0,,,17.0,83.5,69.0,2.666667,,
1963-01-12,2.5,,0.0,,,15.2,81.5,67.0,4.0,,
1963-01-13,5.3,,0.0,,,16.0,82.0,72.0,4.0,,
1963-01-14,5.1,,0.0,,,16.0,81.0,66.0,1.333333,,
1963-01-15,5.1,,0.0,,,15.2,79.5,64.0,0.666667,,
1963-01-16,4.3,,0.0,,,16.0,79.0,61.0,2.666667,,
1963-01-17,5.8,,0.0,,,16.2,74.75,62.0,1.333333,,
1963-01-18,4.5,,0.0,,,17.0,79.75,64.0,2.666667,,
1963-01-19,6.1,,0.0,,,17.0,81.5,67.0,2.666667,,
1963-01-20,4.4,,0.0,,,15.5,79.5,69.0,2.666667,,
1963-01-21,5.1,,0.0,,,15.0,78.5,64.0,2.0,,
1963-01-22,5.0,,0.0,,,16.2,77.75,64.0,2.333333,,
1963-01-23,7.7,,0.0,,,14.2,72.25,58.0,2.333333,,
1963-01-24,3.0,,0.0,,,16.0,77.25,65.0,3.333333,,
1963-01-25,4.3,,0.0,,,16.0,72.5,62.0,4.0,,
1963-01-26,7.5,,0.0,,,16.2,74.5,65.0,4.666667,,
1963-01-27,7.5,,0.0,,,17.2,78.75,65.0,4.0,,
1963-01-28,6.8,,0.0,,,16.2,76.5,67.0,4.666667,,
1963-01-29,7.7,,0.0,,,15.0,76.0,63.0,4.666667,,
1963-01-30,6.3,,0.0,,,17.2,79.5,66.0,3.333333,,
1963-01-31,6.4,,0.0,,,16.2,80.75,69.0,2.666667,,
1963-02-01,5.9,,0.4,,,17.2,79.5,66.0,4.0,,
1963-02-02,7.1,,0.0,,,16.0,76.75,66.0,2.333333,,
1963-02-03,8.5,,0.0,,,16.0,81.25,70.0,1.333333,,
1963-02-04,4.7,,0.0,,,16.2,78.75,67.0,2.0,,
1963-02-05,5.2,,0.0,,,17.2,79.75,70.0,1.333333,,
1963-02-06,4.1,,0.0,,,16.2,72.75,66.0,1.333333,,
1963-02-07,6.7,,0.0,,,18.0,66.5,60.0,0.666667,,
1963-02-08,6.7,,0.2,,,19.0,87.75,68.0,1.333333,,
1963-02-09,2.4,,24.7,,,17.2,96.5,95.0,0.666667,,
1963-02-10,0.8,,49.4,,,17.2,92.0,89.0,0.666667,,
1963-02-11,1.1,,5.3,,,17.2,94.25,94.0,2.0,,
1963-02-12,1.0,,1.5,,,17.0,89.0,78.0,1.333333,,
1963-02-13,2.5,,0.4,,,17.0,83.5,73.0,3.333333,,
1963-02-14,4.8,,0.0,,,17.0,83.25,72.0,3.333333,,
1963-02-15,5.0,,0.0,,,15.2,83.25,68.0,4.666667,,
1963-02-16,4.8,,0.2,,,17.0,87.25,77.0,4.666667,,
1963-02-17,2.6,,0.2,,,16.2,88.25,79.0,4.0,,
1963-02-18,3.9,,0.0,,,16.0,87.5,77.0,3.333333,,
1963-02-19,3.7,,1.0,,,16.2,81.25,68.0,2.666667,,
1963-02-20,4.8,,0.0,,,16.2,82.25,68.0,1.333333,,
1963-02-21,3.6,,0.2,,,17.0,94.25,87.0,2.0,,
1963-02-22,1.7,,30.6,,,17.0,91.25,76.0,1.333333,,
1963-02-23,2.5,,0.0,,,17.0,85.0,75.0,3.333333,,
1963-02-24,4.7,,0.0,,,15.2,82.25,76.0,3.333333,,
1963-02-25,4.9,,0.0,,,15.2,82.5,70.0,2.666667,,
1963-02-26,5.0,,3.4,,,16.2,94.5,88.0,4.0,,
1963-02-27,1.2,,6.0,,,14.2,89.5,81.0,2.666667,,
1963-02-28,3.1,,0.0,,,16.0,80.5,72.0,2.666667,,
1963-03-01,5.2,,0.0,,,16.2,79.0,67.0,3.333333,,
1963-03-02,2.3,,0.0,,,17.2,81.0,66.0,3.333333,,
1963-03-03,3.0,,0.0,,,17.0,80.75,66.0,2.666667,,
1963-03-04,5.3,,0.0,,,17.2,81.25,67.0,3.333333,,
1963-03-05,5.5,,0.0,,,17.0,87.75,71.0,3.333333,,
1963-03-06,4.0,,0.8,,,16.0,84.25,70.0,4.0,,
1963-03-07,3.8,,0.0,,,16.0,82.25,73.0,4.0,,
1963-03-08,2.5,,0.0,,,15.0,79.75,69.0,4.666667,,
1963-03-09,5.7,,0.0,,,16.0,75.5,67.0,4.0,,
1963-03-10,7.3,,0.0,,,13.0,79.75,65.0,4.0,,
1963-03-11,6.0,,0.0,,,16.6,82.25,67.0,3.333333,,
1963-03-12,6.4,,0.0,26.8,20.5,17.0,87.5,73.0,5.333333,,3.47666422448
1963-03-13,5.6,,0.0,27.0,19.86,16.2,87.75,68.0,5.333333,,3.54456865879
1963-03-14,4.3,,2.0,25.0,19.3,16.2,85.5,74.0,2.0,,3.32360113362
1963-03-15,4.5,,0.0,27.0,21.06,16.0,78.0,68.0,3.333333,,3.99135458537
1963-03-16,6.0,,0.0,27.8,21.54,17.2,78.75,67.0,2.666667,,3.95894277069
1963-03-17,5.0,,0.0,29.6,22.46,17.2,74.0,62.0,3.333333,,4.53996069803
1963-03-18,7.0,,0.0,28.0,22.54,16.2,73.75,67.0,4.0,,4.38581333247
1963-03-19,6.3,,0.0,26.0,20.9,18.0,86.5,75.0,6.0,,3.2621764871
1963-03-20,5.7,,0.0,25.0,20.74,16.2,79.0,73.0,5.333333,,3.65172569622
1963-03-21,6.3,,0.0,25.8,20.78,16.2,80.75,67.0,2.666667,,3.557509106
1963-03-22,6.5,,0.0,26.2,20.5,17.0,80.0,67.0,2.0,,3.52580174939
1963-03-23,4.4,,0.0,25.0,19.66,16.2,79.5,67.0,2.666667,,3.4311900944
1963-03-24,4.5,,0.0,28.0,21.46,17.2,75.75,59.0,1.333333,,3.82593974491
1963-03-25,5.7,,0.0,27.6,21.74,17.0,76.0,56.0,4.0,,4.08320028084
1963-03-26,6.8,,0.0,27.4,21.74,17.0,76.5,62.0,4.666667,,4.07697050989
1963-03-27,3.8,,0.0,28.6,22.18,17.2,75.25,61.0,4.666667,,4.34608450127
1963-03-28,7.2,,0.0,23.6,20.26,15.0,83.75,76.0,4.0,,3.12788121091
1963-03-29,4.8,,1.0,24.0,19.42,16.8,92.0,83.0,4.0,,2.66383200019
1963-03-30,2.1,,1.2,27.0,20.78,16.8,74.25,62.0,6.0,,4.24240071638
1963-03-31,6.7,,0.0,21.4,19.3,16.0,85.75,75.0,3.333333,,2.53721719099
1963-04-01,3.0,,1.0,26.0,20.74,17.0,82.25,69.0,5.333333,,3.48092273042
1963-04-02,5.3,,0.0,26.8,21.82,16.2,69.25,63.0,2.666667,,3.96457376879
1963-04-03,6.3,,0.0,27.2,21.18,17.0,80.25,65.0,3.333333,,3.66732364989
1963-04-04,5.2,,0.0,27.0,21.38,17.0,76.0,64.0,3.0,,3.74837974599
1963-04-05,5.8,,0.0,26.8,20.7,15.2,72.75,62.0,4.0,,4.07562214465
1963-04-06,6.5,,0.0,27.6,20.9,16.0,70.0,54.0,1.333333,,3.75801254776
1963-04-07,5.2,,0.0,27.4,21.26,17.2,75.75,63.0,0.666667,,3.42452987287
1963-04-08,4.4,,0.0,28.0,21.7,18.0,75.25,62.0,2.666667,,3.78121070555
1963-04-09,5.1,,0.0,27.0,20.94,18.0,79.0,67.0,0.0,,3.13975910397
1963-04-10,4.3,,0.0,28.0,21.02,17.2,78.5,63.0,2.666667,,3.71257776031
1963-04-11,3.7,,0.0,28.2,21.86,18.0,81.0,65.0,2.0,,3.53875798888
1963-04-12,4.8,,0.0,29.1,22.48,18.0,74.0,60.0,1.333333,,3.71793061667
1963-04-13,4.5,,0.0,30.1,22.64,18.2,77.75,58.0,1.333333,,3.81591871661
1963-04-14,5.7,,0.0,26.0,21.3,17.2,80.25,73.0,3.333333,,3.31567146224
1963-04-15,4.8,,0.0,27.0,20.7,17.0,81.75,66.0,3.333333,,3.4281260855
1963-04-16,4.8,,0.0,29.1,21.96,17.0,78.75,59.0,2.0,,3.75487719821
1963-04-17,4.5,,0.0,27.4,22.26,18.0,82.25,69.0,1.333333,,3.23664530698
1963-04-18,3.0,,37.2,24.0,19.98,17.0,89.0,78.0,3.333333,,2.60562450017
1963-04-19,1.7,,0.0,24.0,19.54,17.0,89.5,81.0,2.0,,2.59669790151
1963-04-20,1.8,,0.0,26.2,20.78,17.2,85.0,68.0,3.333333,,3.09055757182
1963-04-21,3.4,,0.7,25.2,20.02,16.2,84.5,67.0,3.333333,,3.00849535804
1963-04-22,4.0,,0.7,23.0,19.62,17.0,92.5,88.0,4.666667,,2.21460570478
1963-04-23,1.4,,4.7,22.0,18.94,17.0,91.75,88.0,5.333333,,2.0715746751
1963-04-24,1.9,,0.9,20.0,18.1,16.0,93.5,91.0,3.333333,,1.81028586857
1963-04-25,1.9,,0.2,25.0,19.9,16.0,90.25,80.0,4.0,,2.70107932683
1963-04-26,2.1,,2.9,21.4,18.26,17.0,95.5,91.0,5.333333,,1.74026191478
1963-04-27,1.2,,1.0,23.0,19.14,16.2,91.25,84.0,3.333333,,2.33806248159
1963-04-28,1.7,,7.3,23.4,19.14,16.0,90.5,81.0,3.333333,,2.43511117456
1963-04-29,2.0,,0.0,25.2,19.7,16.2,89.5,73.0,3.333333,,2.72253756779
1963-04-30,2.1,,0.3,25.2,19.9,16.2,90.5,75.0,2.666667,,2.6929443446
1963-05-01,1.5,,0.0,23.4,19.18,16.2,90.0,81.0,2.333333,,2.42746745703
1963-05-02,2.3,,0.0,25.6,20.3,17.0,87.25,75.0,2.666667,,2.77614945305
1963-05-03,3.0,,0.0,22.0,19.46,17.0,93.0,90.0,3.333333,,1.98579991065
1963-05-04,1.0,,6.1,24.6,19.18,17.0,91.25,82.0,2.666667,,2.47061365409
1963-05-05,1.5,,0.0,25.8,20.18,17.0,88.5,77.0,4.0,,2.73281522596
1963-05-06,3.4,,0.5,22.0,18.46,16.0,88.5,81.0,5.333333,,2.23945764461
1963-05-07,3.1,,0.0,25.2,19.94,15.0,78.0,63.0,2.666667,,3.07936302771
1963-05-08,5.5,,0.0,20.6,18.02,16.0,88.75,80.0,5.333333,,2.01121138202
1963-05-09,3.0,,0.0,21.0,17.82,15.0,91.25,84.0,4.666667,,2.00654589565
1963-05-10,1.8,,1.7,23.2,19.02,16.0,91.25,82.0,5.333333,,2.21962744668
1963-05-11,1.5,,2.6,20.2,17.86,15.2,95.25,94.0,5.333333,,1.64249169288
1963-05-12,2.0,,2.3,23.2,18.0,14.5,84.5,71.0,4.0,,2.62188584684
1963-05-13,2.9,,1.2,20.8,17.18,15.0,95.25,92.0,3.333333,,1.82752348324
1963-05-14,1.1,,4.2,23.4,17.82,14.2,83.75,68.0,4.666667,,2.7031224823
1963-05-15,3.7,,2.3,22.4,17.86,15.0,90.0,79.0,6.666667,,2.19010759494
1963-05-16,2.8,,0.0,23.4,18.06,14.4,86.25,72.0,4.666667,,2.5526729508
1963-05-17,2.5,,2.2,20.6,16.78,14.6,93.75,84.0,3.333333,,1.85973259349
1963-05-18,1.5,,0.0,22.4,18.22,14.8,81.5,72.0,3.0,,2.51325496532
1963-05-19,3.5,,0.0,22.0,17.56,14.5,82.75,70.0,4.666667,,2.51812137455
1963-05-20,4.7,,0.2,20.4,16.54,12.2,88.75,78.0,6.666667,,2.10869367933
1963-05-21,3.0,,0.0,20.8,15.94,13.2,87.5,76.0,4.666667,,2.18332552237
1963-05-22,2.8,,0.0,22.8,16.5,12.0,83.5,71.0,4.333333,,2.64473137179
1963-05-23,2.8,,0.0,20.8,16.86,13.0,86.25,79.0,5.666667,,2.25323422025
1963-05-24,3.7,,0.6,17.0,15.14,13.0,94.25,91.0,6.666667,,1.35220984383
1963-05-25,1.1,,0.4,20.0,15.7,13.0,94.0,84.0,4.666667,,1.7677893186
1963-05-26,1.9,,2.3,20.6,16.82,14.0,94.0,85.0,6.0,,1.72879786924
1963-05-27,1.3,,1.7,20.2,16.66,14.2,90.75,86.0,5.333333,,1.86393863317
1963-05-28,2.0,,0.7,22.2,17.74,14.0,83.5,74.0,6.0,,2.52639351413
1963-05-29,4.4,,0.0,20.8,16.98,14.0,87.25,79.0,4.333333,,2.1094048107
1963-05-30,2.6,,0.0,22.0,16.3,12.2,79.5,66.0,2.666667,,2.5422112778
1963-05-31,4.0,,0.0,22.4,16.74,13.2,85.5,71.0,2.0,,2.34498018501
1963-06-01,3.2,,0.0,21.0,16.66,14.2,88.25,78.0,2.0,,2.04246496034
1963-06-02,4.1,,0.0,23.4,17.6,13.5,79.5,68.0,3.333333,,2.70303754263
1963-06-03,4.0,,0.0,20.0,15.62,13.2,89.25,79.0,5.333333,,1.93992893572
1963-06-04,2.7,,0.5,19.4,15.7,13.0,90.0,79.0,4.0,,1.8495995497
1963-06-05,1.8,,0.0,18.4,16.46,14.0,93.0,92.0,4.0,,1.54024988045
1963-06-06,1.8,,0.0,22.6,16.54,14.0,87.75,74.0,2.0,,2.24470630861
1963-06-07,2.0,,0.5,22.8,17.26,13.2,89.0,77.0,2.0,,2.28008062409
1963-06-08,2.2,,0.0,23.0,18.22,15.0,91.0,83.0,5.333333,,2.09586269253
1963-06-09,2.0,,0.0,23.4,17.74,15.0,89.5,77.0,3.333333,,2.23034885988
1963-06-10,2.3,,0.0,23.8,17.18,13.0,82.0,69.0,3.333333,,2.64329107919
1963-06-11,3.7,,0.0,25.0,17.62,13.2,83.25,70.0,1.333333,,2.61820912937
1963-06-12,3.0,,0.0,26.2,18.02,12.2,86.0,69.0,2.0,,2.78430691333
1963-06-13,2.8,,0.0,25.2,18.94,15.0,79.75,64.0,1.333333,,2.59178749452
1963-06-14,5.0,,0.0,22.6,17.1,13.0,80.25,69.0,6.666667,,2.77293584685
1963-06-15,4.8,,0.0,22.4,16.58,13.0,88.5,75.0,6.666667,,2.22183967032
1963-06-16,4.0,,0.0,23.2,17.62,13.2,83.25,68.0,4.666667,,2.56613829036
1963-06-17,4.4,,1.0,21.4,15.66,13.4,92.25,78.0,2.0,,2.00047907424
1963-06-18,1.6,,0.0,23.6,16.82,13.0,80.75,64.0,2.0,,2.53664213913
1963-06-19,3.5,,0.0,23.8,16.1,11.2,80.25,60.0,2.666667,,2.69370321324
1963-06-20,3.3,,0.0,26.2,16.9,11.2,79.0,58.0,1.333333,,2.87802385424
1963-06-21,3.2,,0.0,26.4,16.94,11.2,82.5,59.0,2.0,,2.90087659466
1963-06-22,3.2,,0.0,27.0,18.96,9.5,70.5,55.0,2.666667,,3.41023484678
1963-06-23,5.6,,0.0,20.2,16.36,14.5,85.75,76.0,3.333333,,1.98512045761
1963-06-24,4.0,,0.0,27.2,18.1,15.0,75.75,37.0,4.666667,,3.40510908925
1963-06-25,4.8,,0.0,20.2,15.5,13.0,92.75,81.0,4.0,,1.79375304662
1963-06-26,1.7,,0.0,22.4,16.7,12.0,83.25,68.0,5.333333,,2.52883433196
1963-06-27,3.3,,0.0,23.0,16.82,13.0,86.5,74.0,6.0,,2.40628586676
1963-06-28,3.4,,0.5,23.4,17.26,14.0,90.25,72.0,7.333333,,2.18328855143
1963-06-29,2.0,,2.5,20.2,16.14,13.2,83.5,74.0,5.333333,,2.23381110471
1963-06-30,2.2,,0.7,22.4,16.3,12.0,81.0,67.0,4.0,,2.57934315556
1963-07-01,3.8,,0.0,22.0,16.3,13.0,83.5,65.0,4.666667,,2.42484966069
1963-07-02,2.8,,0.5,21.0,16.06,12.0,86.0,72.0,4.0,,2.21516285861
1963-07-03,2.5,,0.0,22.2,17.02,13.2,85.25,73.0,4.666667,,2.36130973843
1963-07-04,2.3,,0.3,22.2,16.9,13.2,87.0,73.0,4.0,,2.27054579785
1963-07-05,2.9,,0.4,18.0,16.06,14.8,95.0,91.0,4.666667,,1.30900456034
1963-07-06,0.8,,0.0,20.4,14.1,10.2,88.75,74.0,2.666667,,2.12926802025
1963-07-07,2.5,,0.0,22.0,15.14,11.2,78.25,62.0,2.666667,,2.57426334412
1963-07-08,4.2,,0.0,17.2,14.82,12.2,94.25,82.0,5.333333,,1.41958055754
1963-07-09,1.0,,0.6,19.2,14.66,12.0,89.0,75.0,4.0,,1.91295522299
1963-07-10,2.1,,0.0,21.0,14.9,8.2,80.5,65.0,4.666667,,2.59138389203
1963-07-11,5.1,,0.0,21.4,15.06,11.2,85.75,67.0,5.333333,,2.34397148291
1963-07-12,2.8,,0.3,22.2,16.82,13.2,90.75,75.0,4.0,,2.14039617829
1963-07-13,2.1,,1.4,22.4,16.34,13.2,86.75,73.0,3.333333,,2.33183297784
1963-07-14,2.8,,0.0,21.2,15.9,13.2,85.75,75.0,3.333333,,2.22906445643
1963-07-15,3.4,,0.0,23.0,15.02,9.2,76.5,57.0,2.0,,2.77390197687
1963-07-16,4.2,,0.0,25.4,15.74,11.2,81.75,59.0,1.333333,,2.85269489306
1963-07-17,3.4,,0.0,26.2,16.34,10.2,77.25,59.0,2.0,,3.13263443241
1963-07-18,4.0,,0.0,27.2,17.58,8.0,70.25,53.0,2.666667,,3.6026257441
1963-07-19,5.8,,0.0,26.4,17.78,9.0,69.75,52.0,2.0,,3.36616285591
1963-07-20,7.5,,0.0,23.5,17.2,13.2,79.5,68.0,8.666667,,3.11125966573
1963-07-21,5.5,,0.0,24.2,17.06,13.2,79.75,67.0,2.666667,,2.8091011118
1963-07-22,4.4,,0.0,24.2,16.58,13.0,83.0,64.0,4.0,,2.78913587729
1963-07-23,5.0,,0.0,23.4,17.18,10.2,84.75,70.0,3.333333,,2.69946295039
1963-07-24,3.8,,0.3,21.5,16.12,13.0,84.75,72.0,4.666667,,2.40802710767
1963-07-25,3.4,,0.5,20.4,15.54,13.0,91.75,79.0,8.0,,1.86798368623
1963-07-26,2.7,,3.2,18.0,14.98,12.0,96.25,94.0,6.0,,1.451655495
1963-07-27,0.8,,4.8,19.2,15.5,13.0,93.25,92.0,8.0,,1.64656148791
1963-07-28,1.2,,2.7,19.4,15.02,12.2,90.75,83.0,6.666667,,1.89379750237
1963-07-29,2.0,,0.0,20.4,15.88,12.5,93.5,83.0,4.666667,,1.91616054681
1963-07-30,1.3,,1.3,21.2,16.34,13.0,93.25,85.0,6.0,,1.94846736424
1963-07-31,2.5,,0.8,21.6,15.9,12.2,91.5,88.0,4.666667,,2.17936672237
1963-08-01,3.0,,0.0,21.6,15.82,12.0,92.5,90.0,4.0,,2.18057595008
1963-08-02,3.7,,0.0,22.4,15.86,12.2,93.5,88.0,4.0,,2.23467688465
1963-08-03,2.8,,1.0,23.4,16.78,13.2,93.25,88.0,2.666667,,2.41969189397
1963-08-04,2.5,,0.8,22.6,15.06,12.0,95.5,88.0,2.0,,2.39148900652
1963-08-05,2.2,,0.0,23.6,15.66,10.0,92.0,88.0,3.333333,,2.59739124959
1963-08-06,4.1,,0.0,23.0,16.86,13.0,90.25,88.0,4.666667,,2.42916212028
1963-08-07,5.1,,0.0,22.4,16.78,13.0,94.0,90.0,6.0,,2.10400677955
1963-08-08,4.1,,0.8,19.4,16.14,14.0,96.75,95.0,4.666667,,1.61656769913
1963-08-09,0.8,,5.2,17.8,14.94,13.0,97.0,96.0,5.333333,,1.43944804327
1963-08-10,0.7,,2.5,21.4,15.9,13.0,94.25,87.0,4.666667,,2.06832039025
1963-08-11,2.3,,0.0,23.2,15.92,12.5,91.5,86.0,3.333333,,2.52903501537
1963-08-12,3.3,,0.0,22.6,16.02,12.0,92.25,86.0,1.333333,,2.60510226319
1963-08-13,2.2,,0.5,23.8,17.3,14.0,92.0,85.0,3.333333,,2.53394230396
1963-08-14,4.3,,0.0,22.0,16.22,14.0,94.75,90.0,2.666667,,2.24344547648
1963-08-15,2.8,,1.5,22.0,16.86,14.2,95.25,88.0,4.666667,,2.0716307605
1963-08-16,1.6,,1.1,22.4,16.7,13.2,92.75,82.0,2.666667,,2.43462332666
1963-08-17,2.1,,0.0,23.0,16.7,13.2,92.5,85.0,4.666667,,2.41351523838
1963-08-18,3.5,,0.0,22.6,16.46,11.2,90.5,85.0,7.333333,,2.44519736654
1963-08-19,6.0,,0.0,19.6,15.14,12.2,89.0,86.0,3.333333,,2.23264938052
1963-08-20,2.5,,0.0,24.2,17.06,11.2,83.5,68.0,6.666667,,3.14374315286
1963-08-21,5.1,,0.4,21.4,16.46,13.2,91.0,78.0,3.333333,,2.36526324298
1963-08-22,2.4,,0.0,24.0,16.38,13.2,87.0,70.0,4.666667,,2.87494601532
1963-08-23,2.8,,0.0,25.4,16.46,12.0,78.5,57.0,2.666667,,3.43526736486
1963-08-24,4.0,,0.0,26.2,16.3,7.2,70.25,51.0,2.666667,,3.97188389576
1963-08-25,5.6,,0.0,26.0,16.94,12.2,77.0,57.0,2.0,,3.52576366924
1963-08-26,4.7,,0.0,26.8,17.62,13.0,78.0,59.0,3.333333,,3.71108328412
1963-08-27,4.5,,0.0,23.2,17.42,13.2,79.25,63.0,5.333333,,3.22914166285
1963-08-28,5.3,,0.0,23.6,16.42,11.2,76.5,61.0,6.666667,,3.58684426289
1963-08-29,5.5,,0.0,25.4,17.02,12.2,79.75,59.0,2.0,,3.43225166948
1963-08-30,3.8,,0.0,27.4,17.54,10.0,70.75,47.0,1.333333,,3.92791858594
1963-08-31,5.2,,0.0,27.6,16.7,7.2,71.25,47.0,2.0,,4.17811207305
1963-09-01,7.3,,0.0,25.4,18.42,13.2,73.25,60.0,6.666667,,4.07953906651
1963-09-02,6.0,,0.0,25.8,18.98,14.2,75.5,59.0,3.333333,,3.67908761307
1963-09-03,6.2,,0.0,24.0,17.86,14.0,77.0,64.0,4.666667,,3.46427020554
1963-09-04,6.2,,0.0,24.6,18.18,13.6,76.75,59.0,8.0,,3.80699949195
1963-09-05,7.1,,0.0,23.2,17.78,13.0,83.5,67.0,8.0,,3.11258535592
1963-09-06,4.1,,1.0,23.4,17.42,13.2,82.75,65.0,8.0,,3.19951962473
1963-09-07,2.4,,0.2,23.8,17.3,13.2,75.75,59.0,4.666667,,3.57105272311
1963-09-08,5.2,,0.4,23.8,16.7,12.2,82.75,68.0,2.0,,3.25073688743
1963-09-09,3.2,,0.0,25.6,17.9,12.2,76.0,56.0,4.0,,3.86144209274
1963-09-10,5.4,,0.0,24.2,17.1,13.2,79.25,61.0,2.666667,,3.3894734315
1963-09-11,4.6,,0.0,25.4,18.54,13.2,73.5,58.0,3.333333,,3.84592687517
1963-09-12,3.5,,0.0,25.6,17.54,12.2,74.75,57.0,2.666667,,3.82764235606
1963-09-13,4.7,,0.0,26.8,18.34,12.2,67.25,43.0,1.666667,,4.0521776305
1963-09-14,5.0,,0.0,26.2,18.62,15.0,73.25,53.0,2.0,,3.73627646649
1963-09-15,3.3,,0.0,25.0,17.78,14.2,73.5,53.0,3.666667,,3.80700922615
1963-09-16,3.9,,0.0,27.0,18.98,13.0,64.25,45.0,2.333333,,4.29894091596
1963-09-17,5.4,,0.0,28.4,20.58,14.0,67.5,51.0,3.333333,,4.62078169504
1963-09-18,5.4,,0.0,25.0,19.18,15.2,72.5,58.0,5.333333,,4.01834780119
1963-09-19,5.2,,0.0,24.4,18.5,14.2,77.25,60.0,6.666667,,3.77613116002
1963-09-20,4.8,,0.0,23.6,18.3,14.2,75.25,58.0,6.0,,3.73477529551
1963-09-21,5.8,,0.0,24.6,18.26,14.0,82.0,63.0,5.0,,3.48605961357
1963-09-22,3.7,,1.0,23.8,18.02,14.2,80.25,62.0,3.333333,,3.37743170537
1963-09-23,3.3,,0.0,25.2,17.1,12.0,75.25,60.0,3.333333,,3.9352009495
1963-09-24,6.4,,0.0,26.0,18.82,13.2,73.5,61.0,4.333333,,4.18641508674
1963-09-25,7.0,,0.5,23.8,17.74,14.0,85.0,71.0,6.0,,3.21816628901
1963-09-26,5.0,,0.2,24.0,17.34,13.2,78.25,64.0,4.666667,,3.65067523354
1963-09-27,4.4,,0.0,26.6,18.58,14.0,75.0,60.0,1.666667,,3.94352186537
1963-09-28,4.4,,0.0,27.4,17.66,13.0,75.0,54.0,2.0,,4.19803961353
1963-09-29,6.0,,0.0,28.6,20.18,14.0,75.0,57.0,2.0,,4.36008551265
1963-09-30,5.8,,0.0,29.4,20.9,16.2,73.5,57.0,2.0,,4.39713074683
1963-10-01,6.0,,0.0,29.2,21.02,14.2,69.0,54.0,3.333333,,4.85370340406
1963-10-02,5.4,,0.0,27.4,20.5,16.0,73.0,58.0,6.0,,4.57194439279
1963-10-03,3.0,,0.0,27.8,20.42,15.2,74.75,58.0,4.0,,4.39736380524
1963-10-04,5.8,,0.0,27.6,19.98,15.0,69.5,57.0,4.0,,4.62173539783
1963-10-05,7.5,,0.0,28.8,20.82,14.2,65.5,50.0,4.666667,,5.21019871001
1963-10-06,9.8,,0.0,28.4,20.1,14.0,68.0,52.0,2.666667,,4.67435977026
1963-10-07,8.4,,0.0,29.2,20.38,14.0,72.25,43.0,2.0,,4.60857832135
1963-10-08,9.2,,0.0,27.6,20.14,15.0,70.75,52.0,8.0,,5.04738938153
1963-10-09,9.4,,0.0,27.8,20.42,14.0,66.5,52.0,6.0,,5.20425928134
1963-10-10,8.4,,0.0,28.6,19.86,13.0,67.75,52.0,2.666667,,4.80938226797
1963-10-11,7.8,,0.0,28.4,19.98,15.0,68.5,54.0,2.666667,,4.63707328055
1963-10-12,7.4,,,29.2,20.66,15.2,62.75,49.0,1.333333,,4.56595586554
1963-10-13,5.6,,0.0,30.6,20.58,14.2,65.25,47.0,2.0,,5.05782028154
1963-10-14,8.3,,0.0,30.6,22.02,15.2,68.75,52.0,1.333333,,4.77966511077
1963-10-15,7.0,,0.0,28.6,21.46,16.0,72.75,60.0,2.0,,4.40323770043
1963-10-16,5.0,,0.0,27.8,19.54,16.0,78.0,63.0,2.333333,,4.16553782705
1963-10-17,5.2,,0.0,28.2,21.38,16.2,74.25,63.0,2.0,,4.28912562367
1963-10-18,6.0,,0.0,30.2,20.82,16.0,73.5,53.0,2.666667,,4.81257175418
1963-10-19,6.8,,0.0,31.8,22.22,12.2,67.0,52.0,1.333333,,5.26414870717
1963-10-20,8.2,,0.0,28.4,21.46,17.2,77.0,60.0,4.0,,4.38566477303
1963-10-21,9.0,,0.0,28.2,21.06,15.2,67.75,56.0,5.666667,,5.17607119509
1963-10-22,4.6,,0.0,28.8,20.76,13.0,65.5,55.0,2.666667,,4.99486989704
1963-10-23,5.0,,0.0,29.4,21.14,15.2,67.75,54.0,2.666667,,4.91465530784
1963-10-24,3.1,,0.0,28.2,21.62,16.0,65.0,49.0,5.333333,,5.26769411303
1963-10-25,9.4,,0.0,28.0,21.18,15.0,64.0,52.0,6.666667,,5.56240479126
1963-10-26,8.7,,0.0,27.2,20.26,14.0,71.25,57.0,4.0,,4.64925898452
1963-10-27,7.0,,0.0,28.8,20.54,15.0,70.25,53.0,3.333333,,4.85877293843
1963-10-28,6.6,,0.0,31.2,23.06,14.2,59.5,49.0,2.0,,5.38589365852
1963-10-29,7.2,,0.0,32.4,25.34,14.2,57.5,49.0,1.333333,,5.39958686344
1963-10-30,6.8,,2.5,23.4,20.18,18.0,88.5,65.0,2.0,,2.81693840642
1963-10-31,1.8,,0.0,25.6,20.46,16.2,77.75,65.0,2.666667,,3.8190531926
1963-11-01,4.2,,0.0,27.6,21.62,17.0,69.75,59.0,2.333333,,4.33425699584
1963-11-02,5.0,,0.0,28.0,21.3,17.2,73.25,54.0,2.0,,4.25389775245
1963-11-03,4.8,,0.0,27.8,22.34,17.2,64.25,54.0,2.333333,,4.50983337865
1963-11-04,6.7,,0.0,28.4,21.14,15.2,64.0,49.0,2.0,,4.71017502248
1963-11-05,7.3,,0.0,30.2,22.22,16.0,62.0,44.0,1.666667,,4.94044154242
1963-11-06,7.3,,0.0,31.0,21.66,17.0,67.0,49.0,2.0,,5.02652891988
1963-11-07,6.1,,0.0,29.4,21.7,17.0,67.75,49.0,2.666667,,4.83929951727
1963-11-08,6.4,,0.0,30.6,22.82,17.0,62.25,49.0,1.333333,,4.83031923641
1963-11-09,6.9,,0.0,31.6,23.56,16.5,66.0,51.0,0.0,,4.62359298498
1963-11-10,6.3,,0.0,29.4,22.98,17.2,83.0,62.0,2.666667,,4.34849658686
1963-11-11,2.2,,15.0,31.4,24.62,17.0,63.0,53.0,2.0,,5.20466701873
1963-11-12,4.4,,3.7,22.8,20.18,18.0,93.5,67.0,2.0,,2.57352089262
1963-11-13,0.8,,25.0,28.0,20.9,17.0,87.5,66.0,1.333333,,4.00430651035
1963-11-14,2.0,,50.5,24.8,19.62,17.2,91.25,80.0,3.0,,3.12796413246
1963-11-15,1.0,,8.7,25.4,21.14,16.2,88.25,74.0,2.0,,3.5126236764
1963-11-16,1.0,,33.4,25.6,20.1,17.2,90.5,79.0,2.0,,3.38752396995
1963-11-17,0.6,,36.7,28.4,21.74,17.0,82.5,66.0,2.666667,,4.18995672776
1963-11-18,3.2,,0.6,29.6,21.18,15.2,74.5,58.0,2.666667,,4.82582638633
1963-11-19,5.8,,0.0,27.8,21.18,16.0,78.75,58.0,5.333333,,4.41404711
1963-11-20,5.0,,1.0,27.4,20.58,16.2,73.5,54.0,4.0,,4.50373402145
1963-11-21,5.2,,0.0,28.6,21.1,16.0,75.5,58.0,2.666667,,4.53954572185
1963-11-22,4.8,,0.0,27.6,20.54,17.0,75.75,58.0,6.0,,4.54891487108
1963-11-23,5.3,,0.0,26.4,20.54,16.0,73.75,60.0,4.0,,4.31030813265
1963-11-24,4.5,,0.0,22.4,19.46,16.2,89.5,78.0,4.0,,2.78841783708
1963-11-25,1.8,,8.1,25.4,19.66,16.0,79.5,59.0,3.333333,,3.81838885556
1963-11-26,4.6,,0.0,27.2,20.66,15.0,69.25,54.0,2.0,,4.41868891997
1963-11-27,5.4,,0.0,28.0,21.14,15.2,65.75,49.0,1.333333,,4.47017747078
1963-11-28,6.7,,0.0,26.4,20.78,16.0,68.75,59.0,2.666667,,4.31693626409
1963-11-29,5.6,,0.0,27.0,21.14,16.2,71.5,53.0,4.0,,4.52352348628
1963-11-30,6.0,,0.0,27.2,21.34,16.6,70.0,54.0,4.666667,,4.70289133161
1963-12-01,5.8,,0.0,27.4,20.9,17.0,74.5,59.0,2.666667,,4.25242445318
1963-12-02,3.4,,0.0,28.2,20.02,15.2,74.25,49.0,2.666667,,4.56829470738
1963-12-03,4.8,,0.0,25.4,20.5,15.0,72.0,60.0,2.666667,,4.10731086481
1963-12-04,5.5,,0.0,24.4,20.06,16.0,76.75,67.0,3.333333,,3.73229895886
1963-12-05,4.5,,0.0,27.0,20.86,16.2,76.0,54.0,2.666667,,4.1980697532
1963-12-06,6.0,,0.0,27.4,21.18,16.2,69.25,55.0,2.666667,,4.48787290695
1963-12-07,6.5,,0.0,27.8,20.54,15.2,66.0,51.0,3.333333,,4.88045451117
1963-12-08,7.3,,0.0,27.4,20.9,16.2,70.75,60.0,3.0,,4.4954164652
1963-12-09,6.0,,0.0,28.0,20.9,14.0,58.75,44.0,2.0,,4.87513868272
1963-12-10,7.3,,0.0,28.4,20.98,17.0,69.25,50.0,2.0,,4.49201371954
1963-12-11,5.5,,0.0,30.0,22.38,15.6,61.25,44.0,2.0,,5.09853738509
1963-12-12,6.5,,0.0,32.6,23.18,15.2,62.25,45.0,1.666667,,5.52360939719
1963-12-13,6.4,,0.0,27.4,22.0,18.5,84.75,66.0,2.666667,,3.77516456266
1963-12-14,2.4,,4.0,21.6,19.74,17.2,95.0,87.0,2.0,,2.40525960073
1963-12-15,0.6,,12.9,25.4,20.66,16.4,85.0,70.0,2.666667,,3.58041090714
1963-12-16,1.8,,50.2,21.6,19.3,17.6,94.0,90.0,0.666667,,2.46249618846
1963-12-17,0.6,,6.1,22.0,19.34,17.0,93.25,88.0,0.666667,,2.69217990351
1963-12-18,0.6,,4.1,22.2,19.86,17.2,92.5,91.0,2.0,,2.61079019629
1963-12-19,1.0,,23.0,24.6,21.3,18.2,87.25,85.0,2.0,,3.13418343082
1963-12-20,1.9,,8.0,20.8,19.26,18.0,93.25,88.0,2.0,,2.0763297746
1963-12-21,0.9,,6.9,26.8,21.9,18.0,82.25,70.0,2.666667,,3.78845171898
1963-12-22,2.1,,105.3,21.0,18.5,17.2,95.0,93.0,2.666667,,2.20533405037
1963-12-23,0.5,,24.0,19.4,16.98,15.2,94.5,91.0,4.0,,2.09515908892
1963-12-24,0.8,,12.8,17.4,15.64,14.5,96.25,93.0,5.333333,,1.6125571532
1963-12-25,0.5,,13.8,18.0,16.14,13.0,92.25,84.0,2.666667,,2.28657715619
1963-12-26,1.0,,0.6,21.6,18.66,15.2,87.5,79.0,1.333333,,2.91642712239
1963-12-27,1.7,,3.1,22.0,18.98,16.0,90.25,84.0,2.0,,2.80687937447
1963-12-28,1.3,,0.6,25.4,20.3,17.0,82.5,69.0,2.0,,3.58125958384
1963-12-29,2.5,,0.2,23.0,19.54,17.0,89.5,79.0,2.666667,,2.87347364069
1963-12-30,1.3,,0.6,24.6,20.14,17.4,89.5,73.0,3.333333,,3.13384502264
1963-12-31,1.7,,0.7,22.6,19.38,17.0,93.0,87.0,2.0,,2.72610144269
1964-01-01,0.4,,17.6,25.6,20.26,17.2,86.25,72.0,1.333333,,3.52390228566
1964-01-02,2.1,,0.0,27.4,21.62,18.0,74.75,58.0,2.0,,4.07032142575
1964-01-03,3.5,,0.0,26.6,21.14,17.2,78.75,60.0,2.666667,,3.9483360267
1964-01-04,3.0,,0.0,26.4,20.18,17.0,78.25,63.0,2.666667,,3.94355663613
1964-01-05,3.3,,0.0,28.2,21.02,16.2,78.25,58.0,2.0,,4.33464804693
1964-01-06,3.0,,0.0,26.4,20.66,16.2,82.25,68.0,3.333333,,3.90710174822
1964-01-07,2.9,,0.6,25.4,19.66,17.0,88.5,70.0,3.333333,,3.38423751639
1964-01-08,1.8,,1.4,27.4,20.58,17.0,84.25,65.0,2.0,,3.95835158081
1964-01-09,2.4,,0.0,28.6,22.14,16.0,80.75,63.0,1.333333,,4.35468282092
1964-01-10,3.0,,0.0,25.0,21.22,17.2,87.75,76.0,1.333333,,3.37463870544
1964-01-11,1.2,,43.4,26.2,21.14,18.0,88.75,74.0,0.666667,,3.54808926884
1964-01-12,1.6,,0.0,26.4,21.98,19.0,86.25,73.0,2.666667,,3.45728974617
1964-01-13,2.5,,34.8,25.6,21.06,18.2,92.25,80.0,2.0,,3.24159300141
1964-01-14,1.3,,65.2,27.0,21.94,17.2,84.75,73.0,2.0,,3.84339461106
1964-01-15,1.7,,21.0,21.0,19.02,17.2,93.75,90.0,2.666667,,2.2499654769
1964-01-16,1.0,,4.4,27.2,21.74,17.2,83.75,71.0,3.333333,,3.91936826682
1964-01-17,2.7,,0.4,25.0,21.86,19.2,89.75,81.0,1.333333,,3.03816948479
1964-01-18,1.3,,6.5,21.4,19.5,18.0,95.0,95.0,2.666667,,2.15376179004
1964-01-19,0.7,,6.0,24.8,20.98,18.2,84.25,75.0,3.333333,,3.29208523859
1964-01-20,1.4,,3.2,24.8,20.54,17.8,89.75,85.0,1.333333,,3.21490533043
1964-01-21,1.2,,31.8,20.0,17.58,16.0,96.0,93.0,2.666667,,2.1531882873
1964-01-22,0.4,,13.3,21.4,18.3,14.2,92.25,88.0,3.0,,2.78032869785
1964-01-23,1.1,,0.9,24.8,20.3,17.0,82.25,72.0,1.666667,,3.45100224965
1964-01-24,2.7,,0.6,26.2,20.82,17.2,83.0,63.0,1.666667,,3.70702587595
1964-01-25,2.5,,0.0,27.4,21.34,17.2,82.5,63.0,3.333333,,4.00677576468
1964-01-26,2.8,,20.8,23.6,19.98,18.0,91.5,85.0,2.0,,2.83374890568
1964-01-27,0.5,,10.0,23.6,20.14,17.0,91.5,83.0,2.666667,,2.93686794532
1964-01-28,1.0,,2.6,23.4,20.98,18.2,91.5,90.0,2.0,,2.75248745401
1964-01-29,1.2,,2.0,24.0,20.86,18.0,89.0,82.0,3.333333,,2.94804907494
1964-01-30,1.3,,8.3,24.4,21.1,18.2,88.75,77.0,2.0,,3.05150016813
1964-01-31,1.5,,4.4,25.4,20.74,18.2,84.25,71.0,3.333333,,3.41338459276
1964-02-01,2.6,,0.0,26.4,21.2,17.5,80.0,62.0,4.0,,3.90393826186
1964-02-02,3.8,,0.0,26.4,20.86,17.2,81.0,64.0,3.0,,3.84058481417
1964-02-03,3.6,,0.0,27.8,21.34,17.2,79.25,61.0,2.666667,,4.1661076523
1964-02-04,3.8,,0.0,29.4,22.38,16.0,74.25,51.0,1.666667,,4.62148893751
1964-02-05,4.2,,0.0,28.8,22.74,18.0,82.0,63.0,1.333333,,4.1532155628
1964-02-06,2.3,,19.6,22.4,20.18,18.2,94.75,92.0,2.0,,2.41626080469
1964-02-07,0.7,,22.1,27.8,20.74,17.2,88.75,68.0,2.0,,3.89247107733
1964-02-08,1.3,,9.1,23.4,20.24,17.2,91.75,87.0,2.666667,,2.84424849625
1964-02-09,1.9,,3.7,24.6,20.7,18.0,90.75,85.0,2.666667,,3.02489612727
1964-02-10,2.0,,0.0,28.0,21.78,18.2,85.5,67.0,2.666667,,3.89093209798
1964-02-11,1.6,,15.7,25.0,20.38,18.0,90.0,77.0,2.666667,,3.13142895395
1964-02-12,1.6,,4.3,22.6,19.86,17.0,93.25,89.0,2.0,,2.69604257184
1964-02-13,1.0,,7.4,25.4,20.46,17.2,88.0,71.0,2.666667,,3.37210377745
1964-02-14,2.2,,0.9,26.4,21.02,17.2,82.25,68.0,3.333333,,3.77829913903
1964-02-15,2.5,,7.1,25.4,20.82,18.0,87.5,75.0,2.333333,,3.29393909688
1964-02-16,1.9,,0.0,26.6,21.26,18.2,85.75,67.0,1.666667,,3.57169285
1964-02-17,1.9,,0.0,28.8,21.9,18.0,80.5,61.0,1.333333,,4.13308063725
1964-02-18,2.9,,0.0,29.6,22.82,18.2,75.75,56.0,2.0,,4.42657514892
1964-02-19,3.5,,0.0,29.8,22.38,16.2,79.25,58.0,0.0,,4.42619633734
1964-02-20,3.6,,0.0,28.0,22.58,18.0,81.5,69.0,2.0,,3.97282224653
1964-02-21,3.2,,0.0,29.0,21.3,17.2,82.5,62.0,2.0,,4.23020290505
1964-02-22,3.4,,0.0,25.0,20.74,15.0,85.0,78.0,0.666667,,3.61241059414
1964-02-23,1.8,,7.9,26.4,21.26,16.2,81.5,66.0,0.666667,,3.76552966412
1964-02-24,2.8,,25.0,24.6,20.14,17.0,91.25,78.0,1.333333,,3.18423924099
1964-02-25,0.7,,12.9,26.4,21.3,18.0,85.0,73.0,3.333333,,3.54470873185
1964-02-26,2.8,,0.4,26.4,20.94,17.2,85.0,67.0,4.0,,3.61996050771
1964-02-27,4.0,,2.0,25.4,20.02,17.0,86.0,69.0,3.666667,,3.39433328221
1964-02-28,2.2,,2.9,24.6,20.22,16.2,85.75,72.0,4.0,,3.31850252877
1964-02-29,2.6,,0.0,26.4,20.46,16.2,80.0,62.0,2.666667,,3.85416984191
1964-03-01,4.0,,0.0,26.6,20.68,16.5,81.75,65.0,4.0,,3.84793950577
1964-03-02,3.6,,0.0,26.4,20.66,17.0,77.5,63.0,3.666667,,3.93598125233
1964-03-03,3.4,,4.0,22.6,19.46,17.0,92.0,81.0,4.0,,2.54323497123
1964-03-04,2.0,,0.9,25.0,19.66,15.2,85.75,64.0,4.333333,,3.44109158225
1964-03-05,3.0,,1.6,23.6,19.5,17.0,87.0,77.0,4.666667,,2.95681156368
1964-03-06,2.2,,0.0,23.8,20.86,16.2,72.5,68.0,3.0,,3.59829916915
1964-03-07,3.0,,2.0,23.8,19.62,16.2,86.0,68.0,4.333333,,3.11199038867
1964-03-08,2.0,,1.3,23.4,19.34,16.2,86.75,80.0,3.333333,,3.00571598822
1964-03-09,2.5,,0.4,23.8,19.18,15.2,82.25,72.0,3.4,,3.34151377413
1964-03-10,4.7,,0.3,24.6,19.06,16.0,92.5,83.0,4.0,,2.96157087407
1964-03-11,1.4,,1.7,24.0,19.3,16.2,90.25,77.0,4.0,,2.93125327243
1964-03-12,2.3,,3.7,23.6,19.82,16.2,83.75,75.0,2.666667,,3.11930169291
1964-03-13,2.9,,0.0,25.6,20.42,16.2,81.75,70.0,3.0,,3.56513186022
1964-03-14,3.9,,0.0,26.4,21.1,17.2,82.0,67.0,2.666667,,3.59581954726
1964-03-15,4.0,,0.0,23.4,20.78,18.0,91.25,81.0,2.0,,2.6260293564
1964-03-16,1.3,,10.0,25.6,21.9,18.2,87.0,76.0,2.0,,3.15726823123
1964-03-17,1.8,,0.0,25.8,20.94,18.4,89.5,78.0,2.0,,3.10388503027
1964-03-18,1.1,,13.4,24.6,19.9,17.0,88.0,81.0,1.333333,,3.073546371
1964-03-19,1.5,,6.5,24.2,19.78,17.2,90.0,75.0,2.0,,2.89979145714
1964-03-20,1.3,,3.0,24.4,20.26,17.2,91.75,83.0,2.666667,,2.84728538801
1964-03-21,1.1,,3.4,24.6,19.9,17.0,85.75,69.0,3.0,,3.09430779262
1964-03-22,2.6,,1.6,22.6,19.1,16.0,86.0,80.0,2.666667,,2.80519647478
1964-03-23,1.8,,0.0,24.8,19.74,16.2,83.25,70.0,3.0,,3.27726957793
1964-03-24,2.7,,0.0,23.8,19.46,16.2,90.0,83.0,1.333333,,2.92619919304
1964-03-25,1.3,,1.4,26.0,20.82,17.2,86.0,66.0,2.666667,,3.28851919961
1964-03-26,3.5,,0.3,26.4,20.66,17.0,81.5,65.0,3.333333,,3.55010920848
1964-03-27,2.5,,0.0,26.8,21.04,17.5,83.5,61.0,3.333333,,3.49175697045
1964-03-28,2.5,,3.0,27.8,20.7,17.2,82.0,61.0,1.333333,,3.64335688168
1964-03-29,2.8,,0.0,27.4,21.14,17.2,77.0,53.0,1.333333,,3.62412099744
1964-03-30,3.4,,0.2,26.8,21.42,17.2,80.0,63.0,1.666667,,3.49050347651
1964-03-31,2.8,,0.5,25.8,20.58,17.0,81.75,67.0,2.666667,,3.3430728654
1964-04-01,2.8,,0.2,25.0,20.5,17.0,82.5,67.0,2.0,,3.12832254076
1964-04-02,2.6,,0.0,22.6,19.62,16.2,89.5,84.0,2.666667,,2.57949004546
1964-04-03,1.4,,8.0,25.6,20.26,16.2,78.0,60.0,2.333333,,3.42590218417
1964-04-04,3.0,,0.8,23.8,19.86,17.2,89.0,77.0,2.666667,,2.68736979192
1964-04-05,2.3,,0.0,24.6,19.98,16.2,87.25,74.0,2.666667,,2.97274911193
1964-04-06,2.1,,0.2,23.4,20.14,17.2,89.25,78.0,3.666667,,2.57309788551
1964-04-07,1.6,,4.6,21.4,18.98,17.0,92.5,87.0,3.666667,,2.08482817718
1964-04-08,0.8,,4.3,23.8,19.9,16.0,85.75,77.0,4.666667,,2.89045995538
1964-04-09,3.0,,0.0,21.8,18.9,17.0,91.25,87.0,4.666667,,2.17477937248
1964-04-10,1.5,,3.8,22.4,18.62,16.2,92.25,84.0,3.666667,,2.33631152972
1964-04-11,1.1,,0.2,24.0,19.7,16.2,90.25,80.0,3.666667,,2.67640874276
1964-04-12,1.4,,13.5,25.2,20.14,17.0,89.0,75.0,2.666667,,2.87161443335
1964-04-13,1.7,,0.2,25.6,19.98,16.2,87.5,69.0,4.666667,,3.02531997015
1964-04-14,2.3,,0.0,22.6,18.68,16.5,93.5,88.0,6.0,,2.14381959658
1964-04-15,1.2,,4.8,23.4,19.3,16.0,87.75,71.0,4.0,,2.65956999219
1964-04-16,2.0,,7.5,22.8,19.06,16.2,88.75,84.0,5.333333,,2.48224974881
1964-04-17,2.4,,0.0,23.6,18.78,15.2,85.75,72.0,4.0,,2.81805072154
1964-04-18,2.6,,0.5,24.6,18.86,15.0,88.5,71.0,3.0,,2.87082728116
1964-04-19,1.8,,6.7,24.8,19.26,16.2,90.0,75.0,4.0,,2.7220596185
1964-04-20,2.0,,2.8,22.8,18.88,14.5,86.0,71.0,4.0,,2.70002923485
1964-04-21,3.2,,6.0,21.0,18.48,16.5,92.75,92.0,4.666667,,1.92760835715
1964-04-22,1.3,,5.4,23.4,19.26,16.0,93.0,79.0,3.666667,,2.37029971549
1964-04-23,1.0,,2.9,22.4,19.38,17.0,94.0,88.0,2.666667,,2.12049918961
1964-04-24,0.5,,6.6,24.6,19.66,17.0,88.0,69.0,3.333333,,2.67169787662
1964-04-25,2.0,,0.0,25.4,19.46,16.2,80.25,62.0,2.0,,3.03350951332
1964-04-26,3.3,,0.0,24.6,19.14,15.0,83.5,67.0,3.333333,,2.96325177091
1964-04-27,2.5,,0.0,22.6,19.02,16.2,91.75,88.0,3.0,,2.25837158482
1964-04-28,1.2,,9.2,24.4,19.78,17.2,91.0,77.0,2.666667,,2.48101296442
1964-04-29,1.0,,0.8,25.6,20.5,17.2,84.75,72.0,1.666667,,2.81711379293
1964-04-30,3.3,,0.0,25.8,19.94,17.0,82.5,64.0,1.333333,,2.87028125658
1964-05-01,3.1,,0.0,25.8,19.34,15.8,80.75,60.0,2.0,,3.03799714914
1964-05-02,2.8,,0.0,30.2,21.22,12.2,73.25,48.0,0.0,,3.63005063432
1964-05-03,2.6,,0.0,28.4,21.98,15.0,76.75,62.0,2.666667,,3.63055157629
1964-05-04,3.4,,0.0,22.4,19.1,17.0,93.25,88.0,4.666667,,1.97913574587
1964-05-05,1.9,,3.4,20.4,17.92,15.5,93.0,89.0,2.666667,,1.88443279063
1964-05-06,1.1,,0.7,22.6,18.06,14.0,90.25,82.0,2.0,,2.41966947477
1964-05-07,0.4,,0.0,24.6,18.58,14.0,88.0,75.0,2.0,,2.74010692296
1964-05-08,2.0,,1.9,25.6,20.22,17.0,91.75,78.0,2.666667,,2.55627817002
1964-05-09,1.4,,7.9,23.8,19.26,16.2,92.0,81.0,3.0,,2.31903540941
1964-05-10,1.1,,4.9,21.8,18.62,16.0,94.0,91.0,2.666667,,1.98050549474
1964-05-11,0.9,,0.6,24.8,19.98,16.2,87.75,77.0,0.666667,,2.57090616256
1964-05-12,1.6,,0.0,23.4,19.58,17.2,94.25,88.0,3.333333,,2.0562590054
1964-05-13,2.6,,2.8,24.8,19.86,17.0,90.75,78.0,2.0,,2.43328165706
1964-05-14,0.4,,0.0,22.6,19.18,17.0,94.0,87.0,3.666667,,1.93635570612
1964-05-15,1.0,,3.5,23.8,18.76,15.5,90.75,76.0,5.333333,,2.30954763778
1964-05-16,2.0,,0.0,20.8,17.66,15.2,91.25,84.0,4.0,,1.92360358953
1964-05-17,2.0,,0.0,20.8,17.58,15.0,90.5,86.0,4.0,,1.96445833028
1964-05-18,2.0,,0.0,21.8,18.18,15.0,89.75,82.0,3.333333,,2.12786083706
1964-05-19,0.8,,2.0,22.6,18.5,16.0,91.5,83.0,2.0,,2.12313440395
1964-05-20,1.0,,0.8,23.4,19.06,16.2,93.75,84.0,4.0,,2.0653807631
1964-05-21,1.0,,4.4,23.4,19.14,16.0,90.25,77.0,3.333333,,2.23723616352
1964-05-22,1.5,,0.8,23.4,18.98,16.0,86.75,76.0,3.333333,,2.3657780212
1964-05-23,2.0,,0.0,23.0,19.02,16.2,87.75,74.0,5.333333,,2.28781269108
1964-05-24,1.9,,0.3,21.8,18.3,16.0,90.75,83.0,5.333333,,1.96775720563
1964-05-25,1.4,,0.7,21.4,17.62,14.2,91.5,83.0,5.333333,,1.97090484804
1964-05-26,1.7,,0.0,20.8,17.22,15.0,93.25,84.0,6.333333,,1.73026670153
1964-05-27,2.0,,0.4,20.8,17.46,15.8,93.25,90.0,4.0,,1.73128315617
1964-05-28,1.4,,2.0,21.0,16.6,14.5,91.75,82.0,1.666667,,1.96601086043
1964-05-29,1.2,,0.0,22.0,16.74,13.2,89.5,77.0,1.666667,,2.21815643337
1964-05-30,1.8,,0.4,23.4,17.9,14.2,89.0,73.0,2.666667,,2.33332854914
1964-05-31,2.0,,0.0,18.8,16.02,14.4,88.0,80.0,3.333333,,1.77121851734
1964-06-01,2.4,,0.3,18.6,13.56,9.9,83.25,69.0,4.0,,2.16436771714
1964-06-02,3.0,,0.0,20.8,14.2,9.9,80.25,60.0,2.0,,2.39763963499
1964-06-03,3.6,,0.0,21.0,14.62,8.0,90.25,80.0,2.666667,,2.23879602996
1964-06-04,2.5,,0.0,24.0,17.34,12.0,83.0,71.0,2.333333,,2.63731349857
1964-06-05,1.7,,0.4,24.6,17.16,11.1,89.0,69.0,1.666667,,2.6003866174
1964-06-06,1.4,,0.0,25.4,18.3,12.0,84.5,65.0,3.0,,2.78023899806
1964-06-07,3.1,,0.0,23.2,18.82,16.4,83.75,68.0,3.666667,,2.37155074968
1964-06-08,3.0,,0.7,19.8,17.02,15.4,94.0,87.0,3.333333,,1.57767164452
1964-06-09,1.1,,0.5,20.0,16.88,14.5,94.5,87.0,3.333333,,1.65195542332
1964-06-10,1.0,,2.8,19.6,15.66,13.8,93.5,84.0,2.666667,,1.70953417047
1964-06-11,0.6,,0.0,22.6,16.62,12.0,83.0,66.0,1.333333,,2.38595254993
1964-06-12,2.7,,0.0,21.2,14.74,12.0,92.75,80.0,1.666667,,2.06723529546
1964-06-13,2.0,,0.0,24.8,17.04,10.1,87.25,72.0,1.333333,,2.6587415784
1964-06-14,2.8,,0.0,23.8,18.02,13.5,83.75,69.0,2.0,,2.47732392601
1964-06-15,2.0,,0.0,22.8,16.9,13.2,87.25,72.0,2.0,,2.29167905231
1964-06-16,3.3,,0.0,24.8,16.7,8.4,80.25,64.0,1.333333,,2.79092896584
1964-06-17,1.5,,0.0,25.6,18.26,11.4,86.5,69.0,1.333333,,2.70739513633
1964-06-18,1.4,,0.0,22.2,18.3,15.0,87.25,79.0,3.0,,2.13943643503
1964-06-19,2.6,,0.0,22.8,18.02,14.0,87.25,72.0,3.333333,,2.26978759452
1964-06-20,2.4,,4.5,19.6,16.98,14.2,97.5,95.0,4.0,,1.45613224273
1964-06-21,0.9,,12.6,19.2,16.2,12.5,94.5,91.0,3.333333,,1.66771070992
1964-06-22,0.7,,2.8,20.4,16.58,14.0,91.75,83.0,4.0,,1.80608567324
1964-06-23,1.7,,3.8,20.8,16.86,13.2,90.0,73.0,4.0,,1.96632110273
1964-06-24,0.8,,1.9,20.8,16.46,10.4,94.25,86.0,4.666667,,1.85953819335
1964-06-25,1.5,,1.4,21.6,16.58,12.0,93.0,83.0,2.666667,,2.04334567774
1964-06-26,1.4,,1.5,21.8,17.5,13.2,89.25,81.0,3.0,,2.11980975476
1964-06-27,1.6,,3.8,20.2,16.38,13.0,92.5,79.0,3.333333,,1.82834592992
1964-06-28,1.4,,1.0,22.6,15.88,9.9,88.0,73.0,3.333333,,2.3707085307
1964-06-29,2.4,,1.6,22.8,16.2,10.1,89.5,75.0,2.0,,2.37602401464
1964-06-30,1.4,,0.0,20.8,16.66,13.2,93.0,83.0,3.0,,1.88687740536
1964-07-01,1.3,,1.2,19.8,16.34,15.0,95.5,91.0,2.666667,,1.58085720516
1964-07-02,1.8,,4.0,21.0,16.78,14.0,86.75,74.0,2.0,,2.05172335534
1964-07-03,0.7,,0.4,21.2,16.78,14.2,89.5,81.0,3.0,,2.0023814624
1964-07-04,2.2,,0.0,21.8,17.1,15.0,88.25,78.0,2.0,,2.05844919694
1964-07-05,3.1,,0.0,24.6,16.34,12.8,82.75,59.0,2.0,,2.6511763111
1964-07-06,2.1,,0.0,22.4,15.96,9.2,88.5,72.0,5.333333,,2.33547154122
1964-07-07,3.0,,0.0,20.8,16.82,14.2,88.0,76.0,4.666667,,2.03713007763
1964-07-08,2.8,,0.0,22.8,17.94,14.2,82.25,73.0,2.666667,,2.43731552452
1964-07-09,2.6,,0.0,21.8,17.14,14.0,87.0,75.0,2.333333,,2.17831766572
1964-07-10,2.8,,0.0,22.8,17.7,14.2,86.5,69.0,6.666667,,2.39582396094
1964-07-11,4.1,,0.5,18.6,16.46,15.0,95.5,95.0,4.333333,,1.37444867709
1964-07-12,0.5,,1.5,20.4,16.12,13.5,92.75,84.0,4.0,,1.83598139127
1964-07-13,0.4,,3.8,18.2,15.86,14.2,89.5,89.0,3.333333,,1.65606066635
1964-07-14,0.6,,0.0,19.6,16.46,14.0,92.25,85.0,4.0,,1.74050286063
1964-07-15,1.5,,0.8,19.6,15.7,13.2,93.75,84.0,6.0,,1.65778418638
1964-07-16,1.2,,0.7,19.4,14.54,12.0,92.5,86.0,4.0,,1.82676976924
1964-07-17,3.0,,0.0,23.4,17.32,12.5,87.25,76.0,1.333333,,2.49091154799
1964-07-18,0.3,,0.3,24.0,16.12,10.1,87.5,67.0,1.666667,,2.67123033596
1964-07-19,2.8,,0.0,21.8,16.26,12.8,88.25,75.0,2.666667,,2.26751922298
1964-07-20,2.2,,0.0,23.0,17.26,14.2,87.0,72.0,1.666667,,2.37353651807
1964-07-21,1.9,,0.0,23.6,16.7,11.6,89.5,79.0,1.333333,,2.56511364555
1964-07-22,1.7,,0.0,23.2,18.14,15.0,90.25,80.0,4.666667,,2.25239005548
1964-07-23,1.8,,0.4,19.6,16.42,14.8,93.5,87.0,4.666667,,1.65217058861
1964-07-24,1.6,,0.3,19.8,15.78,13.2,88.0,77.0,3.666667,,2.04037978609
1964-07-25,2.2,,0.0,20.8,17.1,13.0,87.0,83.0,3.666667,,2.22060949556
1964-07-26,1.6,,0.0,23.8,17.54,15.4,87.5,73.0,2.0,,2.44715128284
1964-07-27,2.0,,0.0,26.8,18.98,14.2,84.25,66.0,0.666667,,2.95596416151
1964-07-28,2.5,,0.0,23.0,17.3,15.0,86.75,76.0,2.0,,2.39808005919
1964-07-29,2.1,,0.0,20.8,16.46,14.2,89.75,83.0,4.0,,2.06810969707
1964-07-30,2.2,,0.0,18.6,15.62,13.2,90.75,86.0,3.666667,,1.81856497164
1964-07-31,2.0,,0.0,20.6,16.38,13.2,89.25,77.0,4.666667,,2.1278187239
1964-08-01,2.0,,8.1,18.8,16.5,15.0,97.0,93.0,4.0,,1.43907502292
1964-08-02,0.4,,4.9,19.4,16.38,14.0,96.25,95.0,2.666667,,1.73911269419
1964-08-03,0.6,,1.0,21.0,16.42,14.0,88.25,77.0,3.333333,,2.20769034401
1964-08-04,2.4,,1.3,21.6,16.66,14.2,90.5,81.0,5.333333,,2.15743049351
1964-08-05,2.0,,0.5,21.0,16.02,13.2,88.5,80.0,5.333333,,2.24529331794
1964-08-06,2.6,,0.5,17.4,15.22,13.2,93.5,88.0,5.333333,,1.5384855379
1964-08-07,0.8,,4.3,19.8,15.6,13.5,92.75,87.0,6.666667,,1.82677110791
1964-08-08,0.8,,3.3,20.8,16.18,13.2,91.5,78.0,4.0,,2.12917028791
1964-08-09,1.4,,0.5,21.6,16.7,13.2,89.0,78.0,7.333333,,2.29814710214
1964-08-10,2.2,,0.0,22.2,16.86,13.2,86.5,72.0,6.0,,2.54766308584
1964-08-11,0.9,,4.4,18.8,15.94,14.2,93.75,86.0,5.333333,,1.66369059894
1964-08-12,1.0,,2.4,18.8,15.5,13.2,92.75,87.0,4.666667,,1.81737402357
1964-08-13,1.3,,0.5,20.8,16.06,13.2,93.0,86.0,4.666667,,2.07442863568
1964-08-14,1.2,,0.3,21.8,16.22,14.2,92.0,83.0,2.0,,2.32774735112
1964-08-15,1.4,,0.0,24.0,17.46,14.2,87.75,74.0,2.666667,,2.75127718447
1964-08-16,1.4,,0.0,22.8,17.78,15.0,93.5,87.0,5.333333,,2.20194967742
1964-08-17,2.4,,1.0,22.6,17.62,15.0,91.75,80.0,4.333333,,2.31682762636
1964-08-18,1.8,,0.0,22.4,17.18,14.0,85.75,79.0,5.333333,,2.64838912007
1964-08-19,3.0,,0.0,23.0,16.7,14.0,84.5,72.0,2.666667,,2.7602205296
1964-08-20,3.4,,0.0,23.8,18.02,14.2,84.25,70.0,3.0,,2.89279511953
1964-08-21,2.6,,3.2,21.8,16.9,15.0,88.75,78.0,4.0,,2.38014644222
1964-08-22,3.1,,0.0,21.8,17.46,15.0,94.25,86.0,4.0,,2.1467931047
1964-08-23,0.7,,1.0,22.4,17.5,15.2,90.0,79.0,3.333333,,2.435016572
1964-08-24,2.4,,1.3,21.8,17.18,14.2,89.75,82.0,4.666667,,2.40252326313
1964-08-25,2.3,,1.2,20.0,17.3,15.0,94.0,89.0,3.333333,,1.9410678983
1964-08-26,1.4,,0.0,22.0,16.58,13.8,86.25,73.0,4.666667,,2.64502194345
1964-08-27,4.9,,0.0,21.2,16.34,11.2,80.75,71.0,6.0,,2.96095949208
1964-08-28,4.6,,0.0,22.0,17.26,13.6,83.25,69.0,4.666667,,2.82077880016
1964-08-29,4.2,,1.1,25.0,18.46,14.8,85.0,72.0,4.0,,3.12632878742
1964-08-30,3.2,,0.0,23.6,16.64,14.3,88.0,73.0,3.333333,,2.83083467236
1964-08-31,3.4,,0.0,22.8,16.78,14.0,83.25,70.0,5.333333,,2.96080286846
1964-09-01,4.4,,0.0,22.8,17.18,13.6,79.75,64.0,5.333333,,3.18112664844
1964-09-02,3.8,,0.0,25.0,17.02,13.2,76.0,52.0,2.0,,3.46159893194
1964-09-03,3.6,,0.0,25.8,18.18,13.0,83.75,66.0,2.0,,3.44450030455
1964-09-04,2.6,,0.0,22.6,18.14,16.0,85.0,73.0,4.666667,,2.73026120523
1964-09-05,4.0,,0.0,21.8,17.3,14.2,81.75,67.0,6.0,,2.94302065219
1964-09-06,4.0,,0.0,22.4,17.3,14.0,77.0,62.0,6.0,,3.33747579582
1964-09-07,2.8,,0.5,23.8,17.5,14.0,82.5,54.0,4.0,,3.18955008587
1964-09-08,3.5,,0.7,23.0,17.3,14.0,84.5,67.0,4.666667,,2.98910825894
1964-09-09,2.6,,1.5,20.8,17.22,14.2,88.75,86.0,4.666667,,2.43167470938
1964-09-10,2.2,,0.3,24.0,17.5,14.2,77.5,56.0,3.333333,,3.41017029048
1964-09-11,4.0,,0.0,24.8,18.18,12.2,77.25,54.0,2.0,,3.57591435864
1964-09-12,3.5,,4.5,23.8,17.54,14.2,84.25,68.0,2.0,,3.13364530307
1964-09-13,2.0,,0.0,23.6,17.74,13.0,78.25,56.0,6.0,,3.5537493833
1964-09-14,3.8,,0.0,24.8,17.82,14.2,71.75,53.0,4.666667,,3.96955024225
1964-09-15,4.0,,0.5,24.2,17.74,14.0,86.0,67.0,4.0,,3.17657791415
1964-09-16,2.5,,1.2,23.0,17.66,14.0,78.75,61.0,4.666667,,3.34376381193
1964-09-17,3.3,,0.8,21.0,16.7,14.2,89.25,74.0,4.666667,,2.49668055784
1964-09-18,2.4,,0.2,23.0,17.14,14.2,89.0,71.0,4.666667,,2.83733599126
1964-09-19,2.3,,2.3,22.0,16.5,14.0,81.0,64.0,6.0,,3.13273482213
1964-09-20,2.5,,1.0,22.8,17.1,14.0,84.25,62.0,6.666667,,3.0761133569
1964-09-21,2.6,,0.6,23.6,17.5,14.0,83.25,59.0,4.333333,,3.25579593014
1964-09-22,3.0,,0.3,24.0,17.9,14.2,78.75,66.0,4.666667,,3.54865756394
1964-09-23,3.5,,0.0,22.6,17.82,14.0,81.5,66.0,4.0,,3.1771040079
1964-09-24,2.7,,2.0,23.8,18.3,15.2,87.25,68.0,3.666667,,3.05416521718
1964-09-25,1.6,,3.2,22.8,18.14,15.0,83.5,65.0,4.0,,3.06419829151
1964-09-26,2.1,,1.1,23.4,18.38,15.2,88.25,66.0,4.0,,2.94788004263
1964-09-27,1.9,,3.0,23.0,18.1,15.0,88.25,74.0,4.666667,,2.88309158551
1964-09-28,2.4,,1.8,23.0,17.54,14.2,83.0,64.0,3.0,,3.18799613825
1964-09-29,3.0,,0.0,24.8,18.38,15.0,87.75,66.0,4.666667,,3.22896985035
1964-09-30,2.6,,0.9,24.2,18.5,15.0,82.25,60.0,5.0,,3.42187707619
1964-10-01,3.2,,0.5,25.6,19.34,16.0,84.5,61.0,3.666667,,3.47971093265
1964-10-02,2.5,,1.0,24.0,18.74,16.0,79.75,64.0,4.333333,,3.43157112934
1964-10-03,3.7,,0.0,25.0,18.1,13.2,75.25,58.0,3.666667,,3.95941596984
1964-10-04,3.4,,0.4,26.6,18.5,15.2,81.75,60.0,2.666667,,3.83405269574
1964-10-05,2.8,,0.2,25.0,18.1,15.2,84.5,65.0,2.666667,,3.46276929863
1964-10-06,2.5,,0.0,25.8,18.34,15.2,81.0,60.0,3.666667,,3.75967181772
1964-10-07,2.8,,0.0,27.8,19.26,14.2,82.5,61.0,2.333333,,4.12415132937
1964-10-08,2.7,,0.4,25.0,18.34,15.2,81.5,59.0,2.333333,,3.56486465252
1964-10-09,3.7,,0.0,26.6,18.26,13.0,73.0,52.0,2.0,,4.20841592629
1964-10-10,4.8,,0.0,25.8,19.46,15.2,69.75,54.0,3.666667,,4.25789855953
1964-10-11,4.4,,0.0,27.0,19.74,15.2,72.0,54.0,2.0,,4.15930517868
1964-10-12,4.2,,0.0,25.8,19.66,16.0,78.75,60.0,1.666667,,3.69327859354
1964-10-13,3.2,,3.5,19.8,17.18,16.0,94.5,84.0,1.666667,,2.15190958235
1964-10-14,0.5,,20.9,21.4,17.34,15.0,91.25,85.0,0.0,,2.8558881281
1964-10-15,1.0,,20.5,24.0,18.94,15.2,88.25,76.0,2.0,,3.25188545947
1964-10-16,1.1,,6.0,19.6,16.74,15.2,94.5,91.0,1.666667,,2.25497706119
1964-10-17,0.8,,1.0,22.4,18.1,14.2,83.25,72.0,2.0,,3.17399017912
1964-10-18,2.0,,2.6,26.0,19.46,16.2,84.25,58.0,3.333333,,3.6487432695
1964-10-19,2.6,,0.0,24.8,18.02,15.0,82.25,63.0,3.333333,,3.60412334722
1964-10-20,2.6,,0.0,25.4,18.74,16.0,80.5,57.0,2.333333,,3.6606166716
1964-10-21,2.6,,0.0,25.4,18.94,14.2,83.5,67.0,2.0,,3.74501632051
1964-10-22,1.9,,0.0,24.8,19.02,15.2,83.25,69.0,2.666667,,3.55720739849
1964-10-23,2.7,,0.0,25.6,18.82,16.0,79.5,59.0,2.0,,3.71893577137
1964-10-24,3.4,,0.4,25.6,18.7,16.0,83.0,65.0,2.0,,3.64264575326
1964-10-25,2.4,,0.3,25.8,19.9,16.0,81.0,67.0,3.666667,,3.79485966013
1964-10-26,3.7,,0.0,26.8,20.14,15.2,73.0,60.0,3.333333,,4.35043389722
1964-10-27,4.8,,0.0,24.6,19.3,15.2,78.75,66.0,2.333333,,3.65581345429
1964-10-28,2.8,,0.0,24.0,18.06,15.0,76.25,63.0,2.666667,,3.6590865822
1964-10-29,4.2,,0.0,26.8,19.94,15.2,70.25,51.0,4.666667,,4.65025969314
1964-10-30,5.4,,0.0,26.8,19.94,17.0,77.5,55.0,3.333333,,4.04737593854
1964-10-31,3.6,,0.0,27.0,19.54,16.2,72.25,58.0,2.666667,,4.26844093614
1964-11-01,4.5,,0.0,29.8,20.66,12.2,74.75,51.0,2.333333,,4.9750306125
1964-11-02,4.3,,0.0,27.4,21.54,17.0,68.25,54.0,2.666667,,4.41012080032
1964-11-03,4.5,,0.0,23.8,19.82,17.0,76.5,65.0,1.666667,,3.30838697944
1964-11-04,3.7,,0.6,19.8,18.3,17.0,95.5,83.0,3.333333,,1.85879064753
1964-11-05,0.3,,5.5,21.4,18.54,16.2,92.25,88.0,2.666667,,2.52471293837
1964-11-06,1.2,,1.3,28.2,20.78,16.2,81.5,61.0,2.333333,,4.22341805723
1964-11-07,3.3,,0.0,29.0,22.06,15.8,72.25,56.0,2.666667,,4.71397541124
1964-11-08,4.1,,0.0,26.8,20.94,18.2,80.5,65.0,2.0,,3.74906802167
1964-11-09,1.1,,3.2,30.0,22.3,18.0,66.5,48.0,2.0,,4.75740663937
1964-11-10,5.0,,0.0,30.0,22.54,17.0,72.0,57.0,2.0,,4.72764919273
1964-11-11,4.3,,0.0,28.2,22.46,19.0,77.25,63.0,2.0,,4.03665765082
1964-11-12,2.4,,31.0,18.8,16.34,15.2,97.0,86.0,2.666667,,1.9658050343
1964-11-13,0.4,,0.0,17.4,16.1,14.2,94.5,95.0,3.0,,1.87226764696
1964-11-14,0.5,,1.4,22.6,18.42,15.0,87.5,75.0,2.666667,,3.07793074255
1964-11-15,1.1,,1.3,21.8,18.9,17.0,93.5,91.0,2.0,,2.5126529013
1964-11-16,1.6,,2.7,25.8,19.38,15.0,77.0,59.0,4.666667,,4.15017342269
1964-11-17,4.3,,0.0,26.8,20.1,15.2,72.5,50.0,4.0,,4.49681375555
1964-11-18,4.7,,0.0,25.6,19.42,16.0,80.25,66.0,3.333333,,3.82353543908
1964-11-19,3.7,,0.0,26.4,19.94,15.8,73.5,60.0,3.333333,,4.26024191262
1964-11-20,3.8,,0.0,27.8,19.94,14.2,69.5,52.0,2.333333,,4.64199413897
1964-11-21,4.6,,0.0,24.0,19.1,16.0,82.0,68.0,1.666667,,3.39331472926
1964-11-22,2.1,,0.0,27.8,20.9,17.2,83.75,61.0,1.333333,,4.00486475014
1964-11-23,2.1,,34.2,22.0,19.46,17.2,92.75,84.0,2.333333,,2.52751558029
1964-11-24,0.6,,18.7,24.0,19.34,17.0,86.25,76.0,2.0,,3.18397823448
1964-11-25,1.2,,53.7,23.8,19.26,16.2,91.75,80.0,1.333333,,3.1734990009
1964-11-26,1.0,,0.3,24.8,19.5,17.0,88.5,73.0,4.0,,3.22551892375
1964-11-27,1.6,,2.4,19.6,17.38,16.2,94.5,89.0,5.0,,1.92243601979
1964-11-28,1.8,,0.5,23.0,18.58,15.0,89.0,77.0,3.333333,,3.08459639698
1964-11-29,1.4,,0.5,25.8,19.46,17.0,84.75,66.0,4.666667,,3.6013110137
1964-11-30,2.7,,0.0,25.0,19.36,16.5,81.75,71.0,3.333333,,3.60858143459
1964-12-01,2.6,,0.0,25.8,19.86,16.2,75.5,61.0,4.0,,4.10101719571
1964-12-02,4.0,,0.5,25.8,19.1,16.2,83.0,67.0,2.666667,,3.73877350629
1964-12-03,2.5,,0.0,26.0,20.22,16.6,81.75,70.0,2.0,,3.75775890305
1964-12-04,2.7,,2.0,25.0,19.86,17.4,89.75,81.0,2.666667,,3.231198299
1964-12-05,1.3,,10.3,21.2,17.9,16.2,96.5,95.0,2.666667,,2.36829647936
1964-12-06,0.4,,42.0,21.0,18.54,15.6,91.25,82.0,2.666667,,2.57809659864
1964-12-07,0.9,,9.8,23.0,18.48,16.5,92.0,77.0,3.333333,,2.80789357105
1964-12-08,0.9,,7.0,21.0,18.52,16.5,91.25,84.0,2.666667,,2.44420889196
1964-12-09,1.2,,0.4,23.8,18.72,16.5,87.0,69.0,2.0,,3.19463994025
1964-12-10,1.4,,0.0,27.4,20.22,16.0,83.0,59.0,1.333333,,4.07007190026
1964-12-11,2.1,,0.0,22.0,18.38,17.2,92.75,84.0,2.0,,2.55612210692
1964-12-12,1.1,,0.0,26.0,20.06,17.0,78.75,62.0,2.666667,,3.83807502065
1964-12-13,4.5,,0.0,26.0,19.82,16.6,78.25,60.0,2.666667,,3.89402652836
1964-12-14,3.9,,0.0,26.0,19.5,15.8,79.5,68.0,3.333333,,3.96205373161
1964-12-15,3.1,,0.0,25.4,19.94,16.0,74.75,59.0,4.0,,4.07721312665
1964-12-16,4.7,,0.0,25.0,19.22,16.0,81.25,69.0,4.666667,,3.71987151088
1964-12-17,3.6,,0.0,25.6,19.9,15.8,75.75,59.0,2.0,,3.90191682052
1964-12-18,3.7,,0.0,23.0,19.42,14.8,87.5,76.0,2.0,,3.22321892697
1964-12-19,2.0,,6.2,25.0,20.26,17.0,85.0,76.0,1.333333,,3.43505756609
1964-12-20,2.0,,0.0,25.8,19.8,16.5,79.25,64.0,2.666667,,3.83450593739
1964-12-21,3.8,,0.0,26.0,19.94,16.2,76.75,60.0,3.333333,,4.03807914909
1964-12-22,4.3,,0.0,27.8,20.94,16.6,78.0,61.0,3.333333,,4.31588194912
1964-12-23,3.6,,0.0,27.0,20.98,16.2,73.5,58.0,2.666667,,4.28361604298
1964-12-24,4.4,,0.0,26.8,19.58,15.2,71.25,51.0,2.333333,,4.3463306619
1964-12-25,4.8,,0.0,29.0,19.22,15.2,69.5,36.0,1.333333,,4.63569905145
1964-12-26,4.8,,0.0,30.8,21.02,12.2,65.0,38.0,1.333333,,5.24784864897
1964-12-27,5.8,,0.0,30.0,22.8,17.2,67.75,40.0,3.666667,,5.19720479648
1964-12-28,2.6,,3.5,27.8,21.26,17.2,78.0,57.0,1.333333,,4.10091710084
1964-12-29,2.9,,0.0,29.2,22.26,18.6,75.75,57.0,2.666667,,4.44682015388
1964-12-30,5.3,,0.0,28.8,21.9,15.8,72.0,56.0,2.666667,,4.72532082748
1964-12-31,3.2,,11.4,30.1,22.2,16.2,64.25,48.0,3.333333,,5.36163615614
1965-01-01,4.8,,0.0,26.0,18.94,15.6,79.75,60.0,3.333333,,3.97500653121
1965-01-02,3.6,,0.0,26.8,19.24,15.5,72.25,51.0,3.333333,,4.4307508675
1965-01-03,4.9,,0.0,28.8,20.02,16.0,74.25,57.0,2.666667,,4.64149575943
1965-01-04,4.4,,0.0,30.3,20.78,15.5,64.5,45.0,3.333333,,5.43959892823
1965-01-05,5.2,,0.0,30.3,21.76,14.2,65.0,51.0,2.666667,,5.35070785505
1965-01-06,4.6,,0.0,30.1,22.08,15.0,72.25,52.0,2.0,,4.94467689677
1965-01-07,4.3,,0.0,26.8,21.58,18.0,72.5,58.0,3.333333,,4.2110443885
1965-01-08,5.6,,0.0,26.0,19.92,16.5,75.0,59.0,2.666667,,4.01439055125
1965-01-09,3.8,,0.0,26.0,19.16,15.5,77.0,62.0,4.0,,4.13732731845
1965-01-10,4.0,,0.0,27.0,20.86,16.0,76.25,60.0,2.333333,,4.19035727948
1965-01-11,4.8,,0.0,25.2,19.9,16.4,82.5,68.0,5.466667,,3.68121536329
1965-01-12,3.7,,4.8,25.6,19.98,16.6,78.0,60.0,6.0,,4.04502825006
1965-01-13,4.5,,0.0,26.8,20.58,15.8,68.0,56.0,4.0,,4.68850808498
1965-01-14,5.6,,0.0,27.6,20.3,16.6,79.0,57.0,4.0,,4.27887160138
1965-01-15,4.2,,0.0,25.0,19.18,16.0,86.25,68.0,4.0,,3.47897273245
1965-01-16,2.7,,0.9,26.0,19.86,16.2,82.0,59.0,4.666667,,3.86577473927
1965-01-17,3.8,,0.0,25.8,19.72,16.5,81.25,62.0,4.0,,3.82302329982
1965-01-18,3.5,,0.0,27.8,20.02,15.8,81.5,61.0,2.666667,,4.23325527369
1965-01-19,2.9,,0.0,29.6,20.94,14.8,70.0,53.0,3.333333,,5.12622487407
1965-01-20,4.4,,0.0,29.2,22.42,17.0,68.25,53.0,2.0,,4.68841480307
1965-01-21,4.9,,0.0,23.8,20.58,17.8,80.0,72.0,2.666667,,3.24815645666
1965-01-22,2.0,,0.0,22.4,19.14,16.2,84.5,77.0,4.666667,,3.03286681802
1965-01-23,2.6,,0.7,21.0,17.18,15.4,90.25,80.0,4.666667,,2.55462935242
1965-01-24,1.7,,1.6,22.4,18.54,15.0,88.0,77.0,4.0,,2.99384634639
1965-01-25,1.5,,0.0,26.2,19.8,16.5,83.0,62.0,3.333333,,3.80919777349
1965-01-26,3.0,,4.6,26.2,19.42,16.2,85.75,64.0,3.666667,,3.72017926713
1965-01-27,2.7,,1.8,25.2,20.34,17.0,79.0,62.0,3.333333,,3.71647516402
1965-01-28,2.8,,0.0,25.4,19.86,16.8,80.75,67.0,2.666667,,3.67659785565
1965-01-29,2.7,,0.0,28.0,19.94,17.2,81.25,60.0,4.0,,4.19807422394
1965-01-30,4.0,,0.0,27.2,20.28,16.5,76.25,54.0,3.333333,,4.27064258035
1965-01-31,4.1,,0.0,29.0,21.42,16.6,74.0,59.0,3.333333,,4.71449514567
1965-02-01,4.2,,0.0,29.9,22.18,16.5,71.75,57.0,2.0,,4.78504461541
1965-02-02,4.6,,0.0,29.8,22.54,16.2,74.0,57.0,1.333333,,4.64626905172
1965-02-03,4.7,,0.0,27.0,21.38,18.2,78.5,61.0,2.0,,3.86341065
1965-02-04,3.0,,39.8,31.7,22.34,18.3,75.25,55.0,1.333333,,4.82350396137
1965-02-05,3.2,,46.4,28.0,21.42,17.8,83.5,62.0,2.0,,3.99781592771
1965-02-06,2.5,,0.0,28.2,21.22,16.4,78.0,58.0,4.666667,,4.48148617239
1965-02-07,3.9,,0.0,30.7,22.74,17.5,77.0,58.0,3.666667,,4.89197652879
1965-02-08,3.0,,5.2,30.1,21.72,17.8,79.25,60.0,2.666667,,4.575170876
1965-02-09,1.6,,4.3,28.8,22.1,17.0,77.75,60.0,2.0,,4.36524658662
1965-02-10,2.9,,0.0,28.2,20.88,16.5,74.5,57.0,4.333333,,4.62357179974
1965-02-11,3.7,,0.0,26.5,20.68,15.4,63.5,58.0,4.666667,,4.96263277255
1965-02-12,4.3,,0.0,27.0,21.5,17.0,77.25,60.0,3.333333,,4.12217494874
1965-02-13,4.1,,0.0,27.5,20.76,17.0,81.5,58.0,3.333333,,4.05020072246
1965-02-14,3.6,,0.0,26.8,21.08,17.5,79.0,67.0,2.666667,,3.91279201327
1965-02-15,2.7,,0.0,28.0,22.2,17.0,61.75,58.0,2.666667,,4.73976664979
1965-02-16,4.3,,0.0,27.6,20.6,16.5,71.0,56.0,3.333333,,4.51655145569
1965-02-17,4.3,,0.0,29.0,20.62,16.6,72.0,53.0,5.333333,,5.00666239788
1965-02-18,3.9,,0.0,26.8,19.74,14.6,81.0,57.0,2.0,,4.07316507458
1965-02-19,1.9,,23.0,26.8,21.18,17.2,85.25,68.0,1.666667,,3.72991539476
1965-02-20,2.2,,0.0,25.2,20.58,17.2,79.25,64.0,4.0,,3.67923890449
1965-02-21,3.5,,0.0,28.8,20.82,17.2,72.0,56.0,2.666667,,4.5390916539
1965-02-22,4.5,,0.0,27.4,21.18,18.0,76.75,55.0,3.333333,,4.09593386473
1965-02-23,4.8,,0.0,27.8,20.54,17.0,79.25,54.0,2.666667,,4.11633019245
1965-02-24,4.9,,0.0,28.0,21.34,17.0,72.25,55.0,2.0,,4.26329975597
1965-02-25,4.6,,0.0,28.6,20.76,17.5,74.75,52.0,2.0,,4.27443176343
1965-02-26,3.8,,0.0,28.8,21.82,17.2,73.25,54.0,2.0,,4.36981117926
1965-02-27,4.0,,0.0,27.0,21.18,16.8,72.0,61.0,3.333333,,4.28294938377
1965-02-28,3.7,,0.0,27.6,21.1,16.2,73.5,54.0,2.333333,,4.25062148678
1965-03-01,5.3,,0.0,28.2,21.1,17.0,67.5,48.0,2.666667,,4.5295023211
1965-03-02,4.0,,0.0,26.8,20.14,17.0,76.5,57.0,2.333333,,3.92894372237
1965-03-03,3.7,,0.0,28.0,20.7,17.0,77.5,58.0,3.333333,,4.22130190484
1965-03-04,3.6,,0.0,30.0,21.9,17.2,74.0,54.0,2.0,,4.54846358945
1965-03-05,4.7,,0.0,26.0,20.7,18.2,81.5,68.0,2.666667,,3.50319715931
1965-03-06,3.4,,0.0,27.4,20.86,16.2,72.5,59.0,2.0,,4.14345808409
1965-03-07,4.4,,0.0,28.6,22.1,18.0,71.5,59.0,3.333333,,4.47212298145
1965-03-08,5.3,,0.0,28.6,21.58,17.2,77.25,60.0,2.666667,,4.23332444108
1965-03-09,4.7,,0.0,28.0,21.06,17.2,78.5,62.0,3.333333,,4.12137473992
1965-03-10,3.6,,0.0,27.8,21.38,17.0,77.0,66.0,1.666667,,3.97797350165
1965-03-11,3.2,,0.0,28.2,21.22,16.2,75.25,61.0,3.333333,,4.34709292533
1965-03-12,4.0,,0.0,28.6,21.4,17.5,67.0,49.0,3.0,,4.5748374429
1965-03-13,5.3,,0.0,28.0,21.54,17.0,70.75,55.0,2.0,,4.16753321885
1965-03-14,5.9,,0.0,27.8,20.9,16.0,71.75,61.0,4.0,,4.49084466129
1965-03-15,4.6,,1.7,26.0,20.86,17.2,79.5,64.0,4.666667,,3.73629642319
1965-03-16,4.3,,0.3,26.0,20.18,17.2,84.0,69.0,2.666667,,3.44636340454
1965-03-17,3.2,,0.0,28.8,21.78,17.0,74.75,57.0,3.333333,,4.36950789861
1965-03-18,4.8,,0.0,29.0,21.34,17.2,73.75,49.0,2.0,,4.22312575352
1965-03-19,2.5,,0.0,27.6,21.14,17.2,75.0,57.0,0.666667,,3.7088687629
1965-03-20,4.6,,0.0,25.0,21.26,17.2,73.75,75.0,5.0,,3.85583579864
1965-03-21,5.1,,0.0,28.6,20.9,16.2,76.75,55.0,2.666667,,4.1989495015
1965-03-22,3.2,,1.9,26.2,19.46,17.2,83.5,65.0,4.0,,3.48418691278
1965-03-23,3.2,,0.4,27.0,19.86,17.0,83.5,63.0,2.0,,3.58450480618
1965-03-24,2.5,,1.8,29.6,22.38,18.0,76.0,55.0,2.0,,4.14934757661
1965-03-25,3.8,,0.7,26.0,20.86,18.2,82.5,68.0,2.333333,,3.2930417579
1965-03-26,2.0,,0.0,27.8,20.54,18.0,80.25,61.0,3.0,,3.7637180841
1965-03-27,2.8,,0.0,29.9,21.96,16.2,69.25,56.0,1.333333,,4.29765408287
1965-03-28,4.1,,0.3,21.6,19.42,18.2,93.5,74.0,2.0,,2.04732090885
1965-03-29,1.1,,4.3,30.9,22.4,17.0,81.5,58.0,2.0,,4.2867762997
1965-03-30,2.8,,0.0,28.0,21.14,18.0,87.25,73.0,2.0,,3.51009469121
1965-03-31,1.7,,0.3,28.0,21.66,16.2,83.25,67.0,2.0,,3.74651058466
1965-04-01,5.1,,0.0,27.6,21.66,18.0,80.5,64.0,2.0,,3.56958176621
1965-04-02,2.2,,0.0,27.8,21.26,17.2,79.0,61.0,2.333333,,3.73232354574
1965-04-03,4.3,,1.7,25.2,19.66,17.2,87.75,64.0,4.0,,2.99122313862
1965-04-04,2.5,,2.5,21.0,18.36,16.5,93.75,88.0,4.0,,2.03273958282
1965-04-05,1.3,,2.7,26.0,19.26,16.2,77.25,53.0,2.0,,3.46606153847
1965-04-06,3.8,,0.3,24.8,19.1,17.0,87.5,69.0,2.0,,2.92955015645
1965-04-07,2.4,,0.0,27.0,20.46,17.0,72.75,51.0,2.666667,,3.77204771847
1965-04-08,4.0,,0.0,21.0,19.5,17.2,89.75,81.0,3.333333,,2.09966207986
1965-04-09,1.5,,2.5,26.8,20.98,18.0,84.0,67.0,3.0,,3.28460261554
1965-04-10,2.3,,0.7,25.2,20.74,18.0,87.0,74.0,1.333333,,2.85569615912
1965-04-11,1.5,,23.7,27.2,21.32,18.5,83.25,61.0,2.0,,3.25916321203
1965-04-12,2.7,,29.2,26.0,21.06,17.6,84.25,66.0,2.0,,3.09369529347
1965-04-13,2.0,,6.5,25.8,20.78,18.0,87.25,71.0,2.666667,,2.94013565242
1965-04-14,4.3,,0.3,26.0,20.94,18.0,82.0,65.0,2.666667,,3.13524643976
1965-04-15,2.0,,0.0,26.9,20.66,17.5,84.5,57.0,4.0,,3.28578339604
1965-04-16,1.7,,0.3,24.0,20.06,18.0,86.25,76.0,2.666667,,2.61925859018
1965-04-17,1.1,,1.0,24.6,20.26,18.0,85.75,72.0,3.0,,2.74426290946
1965-04-18,0.8,,0.0,26.2,20.78,17.6,82.25,60.0,4.666667,,3.27152285586
1965-04-19,1.4,,48.5,25.2,20.02,16.2,82.5,65.0,2.0,,3.03597851212
1965-04-20,2.3,,0.0,25.0,20.62,18.0,79.0,64.0,3.333333,,3.06569887099
1965-04-21,2.9,,6.4,26.0,21.54,19.2,83.5,67.0,2.666667,,2.89277684984
1965-04-22,1.6,,0.0,25.0,20.98,19.0,87.0,80.0,2.666667,,2.60633976258
1965-04-23,2.6,,1.6,20.5,18.44,17.2,95.0,89.0,6.0,,1.59364651916
1965-04-24,0.4,,3.3,19.6,17.78,16.2,96.5,93.0,4.0,,1.56081417011
1965-04-25,0.5,,4.7,23.0,19.46,17.0,93.0,85.0,4.0,,2.18846942677
1965-04-26,1.7,,1.5,25.2,19.02,16.2,87.0,69.0,2.666667,,2.84986589016
1965-04-27,2.4,,0.0,24.6,19.62,17.0,88.0,79.0,2.666667,,2.64825710971
1965-04-28,5.0,,0.0,26.2,21.82,17.0,70.75,63.0,1.666667,,3.21683052304
1965-04-29,1.3,,0.0,27.2,20.1,15.2,80.25,61.0,2.0,,3.34036354269
1965-04-30,1.1,,0.0,26.2,19.74,17.2,83.5,68.0,2.666667,,2.99869538098
1965-05-01,2.6,,0.0,25.2,19.78,15.0,81.5,67.0,3.333333,,3.08354854119
1965-05-02,3.4,,0.0,25.6,19.5,16.6,83.75,72.0,2.666667,,2.91690996016
1965-05-03,2.6,,0.0,24.6,20.34,16.0,87.75,81.0,2.666667,,2.66965817264
1965-05-04,1.8,,7.9,21.8,18.78,17.2,90.0,73.0,3.333333,,2.04281892719
1965-05-05,1.5,,2.1,22.2,18.98,17.0,93.75,88.0,6.0,,1.88013853723
1965-05-06,1.2,,8.2,23.6,18.66,16.2,88.75,76.0,4.0,,2.44028124048
1965-05-07,1.5,,0.0,24.0,19.14,16.0,86.0,72.0,4.666667,,2.64254456015
1965-05-08,2.8,,0.0,25.8,19.98,16.2,83.0,72.0,6.666667,,3.12826918763
1965-05-09,3.3,,0.0,25.6,19.38,16.0,79.5,66.0,5.0,,3.22201941197
1965-05-10,4.0,,0.0,26.0,18.94,15.6,81.75,67.0,2.0,,2.9616688673
1965-05-11,3.0,,0.0,25.0,18.22,15.0,82.75,66.0,2.333333,,2.84139524155
1965-05-12,2.7,,0.0,25.2,18.42,14.2,80.5,67.0,2.666667,,2.9893131323
1965-05-13,3.3,,0.0,25.0,17.9,15.0,82.75,64.0,2.666667,,2.84040258019
1965-05-14,3.2,,0.0,25.2,18.06,14.2,82.0,65.0,1.333333,,2.83075734067
1965-05-15,2.8,,0.0,25.6,18.58,13.2,79.75,64.0,2.666667,,3.0797354139
1965-05-16,3.2,,0.0,25.4,18.3,15.2,79.25,60.0,3.333333,,3.02990511819
1965-05-17,2.8,,0.0,25.6,17.74,11.0,83.0,64.0,2.0,,3.0204161391
1965-05-18,3.4,,0.0,25.6,17.42,14.0,83.25,62.0,1.333333,,2.83580091604
1965-05-19,3.3,,0.0,27.0,18.66,13.2,79.5,61.0,1.333333,,3.10301366536
1965-05-20,3.1,,0.0,26.2,19.38,12.2,79.25,68.0,3.0,,3.18932570654
1965-05-21,3.3,,0.3,22.6,18.98,17.2,93.25,82.0,3.333333,,1.92187093377
1965-05-22,2.2,,0.0,24.8,18.62,16.0,88.0,81.0,2.666667,,2.50829959233
1965-05-23,2.8,,0.0,25.2,18.14,14.0,90.0,69.0,2.0,,2.62015617302
1965-05-24,1.7,,0.3,25.8,18.78,13.8,83.5,63.0,3.333333,,2.91023737349
1965-05-25,2.4,,0.0,25.8,19.78,17.0,85.0,67.0,4.0,,2.72228284933
1965-05-26,3.9,,0.0,19.8,17.5,16.2,93.0,87.0,3.333333,,1.58654044997
1965-05-27,1.1,,0.7,22.6,18.26,14.2,89.25,84.0,2.666667,,2.24928979042
1965-05-28,2.4,,0.0,24.6,19.26,16.2,85.5,67.0,3.666667,,2.5454313444
1965-05-29,3.2,,0.3,23.0,17.7,16.2,88.5,63.0,4.666667,,2.21147626711
1965-05-30,0.6,,5.8,23.6,18.08,15.5,88.0,69.0,4.666667,,2.34608755674
1965-05-31,3.2,,4.3,22.0,17.58,15.2,88.75,68.0,5.666667,,2.12364738747
1965-06-01,2.5,,2.9,22.2,18.06,15.2,91.0,83.0,6.0,,2.0088069128
1965-06-02,2.7,,0.0,22.6,17.58,14.2,80.75,71.0,6.0,,2.71136430571
1965-06-03,3.9,,0.0,21.2,17.66,15.0,90.5,83.0,3.666667,,1.93689825352
1965-06-04,1.9,,0.0,23.0,17.98,15.2,86.0,71.0,2.0,,2.27215372413
1965-06-05,1.8,,0.4,24.2,18.3,15.2,85.0,65.0,1.666667,,2.42898421882
1965-06-06,1.8,,0.0,24.0,18.2,14.5,87.0,69.0,2.666667,,2.42322307388
1965-06-07,3.0,,0.0,23.0,18.46,16.0,86.5,75.0,4.0,,2.26744011647
1965-06-08,3.0,,0.0,23.0,18.58,15.2,89.5,77.0,5.0,,2.1716905524
1965-06-09,2.0,,0.7,22.2,18.7,16.0,90.25,80.0,4.666667,,1.98973047758
1965-06-10,1.5,,0.3,22.2,17.86,16.0,91.5,79.0,4.0,,1.93106708709
1965-06-11,1.9,,0.3,23.4,17.82,14.2,83.0,66.0,4.0,,2.54545244229
1965-06-12,3.3,,0.0,24.0,18.5,15.0,82.25,67.0,4.0,,2.61856733831
1965-06-13,3.3,,0.0,23.2,18.4,15.5,81.25,68.0,3.0,,2.45305332838
1965-06-14,3.6,,0.0,23.4,17.94,14.2,88.0,74.0,4.0,,2.31783706461
1965-06-15,2.7,,5.3,21.0,17.9,16.0,94.25,90.0,2.666667,,1.69061757549
1965-06-16,0.7,,8.5,22.0,18.26,16.0,94.5,87.0,3.333333,,1.78623591991
1965-06-17,1.2,,2.2,22.4,18.4,16.5,92.5,79.0,3.333333,,1.87826053717
1965-06-18,1.6,,0.0,22.0,17.94,16.0,88.5,81.0,3.0,,2.00833754776
1965-06-19,2.0,,0.0,23.6,17.9,14.0,91.0,77.0,4.0,,2.21024113938
1965-06-20,2.5,,4.9,21.2,17.7,15.2,92.75,88.0,4.0,,1.78756455481
1965-06-21,1.0,,3.0,20.8,17.28,14.5,93.0,85.0,3.333333,,1.79051707837
1965-06-22,0.5,,1.4,19.4,17.18,16.0,96.0,95.0,4.0,,1.3506990424
1965-06-23,1.0,,7.2,19.0,16.02,15.0,96.5,95.0,3.333333,,1.39805625819
1965-06-24,0.5,,5.9,20.4,16.86,13.2,90.75,90.0,3.333333,,1.90003471233
1965-06-25,2.0,,1.4,22.0,16.86,14.0,88.75,79.0,3.333333,,2.11975946038
1965-06-26,2.4,,0.0,21.4,16.98,14.2,90.5,83.0,4.666667,,1.96078315318
1965-06-27,1.4,,0.5,20.8,16.48,13.5,93.75,84.0,4.666667,,1.76953627357
1965-06-28,1.4,,0.5,18.6,16.14,15.0,95.0,89.0,4.666667,,1.36074390049
1965-06-29,0.8,,2.4,19.1,16.68,15.0,92.0,81.0,4.0,,1.57622732208
1965-06-30,0.8,,2.0,22.0,17.66,15.2,92.0,79.0,3.0,,1.94576807476
1965-07-01,1.4,,2.2,21.0,17.58,16.0,93.0,87.0,2.666667,,1.73344447194
1965-07-02,2.1,,0.0,22.0,16.56,14.5,86.25,70.0,2.666667,,2.1770639948
1965-07-03,1.7,,0.0,23.4,16.98,14.0,87.5,69.0,2.666667,,2.33984411807
1965-07-04,2.8,,0.0,25.6,17.08,13.5,83.0,64.0,1.333333,,2.68645597187
1965-07-05,2.7,,0.0,25.4,17.5,12.2,82.75,60.0,2.0,,2.76849196069
1965-07-06,2.3,,0.0,24.6,18.5,14.2,87.5,73.0,1.666667,,2.47735015494
1965-07-07,2.2,,0.0,25.8,19.1,15.0,84.0,69.0,1.666667,,2.65747461796
1965-07-08,2.6,,0.0,25.6,19.46,17.0,84.25,68.0,2.0,,2.53525883092
1965-07-09,3.2,,0.6,24.8,18.5,16.0,87.0,69.0,2.333333,,2.44100604679
1965-07-10,3.2,,0.0,22.2,15.4,12.5,90.0,79.0,1.333333,,2.25292464644
1965-07-11,1.1,,0.0,25.6,18.3,11.2,82.75,74.0,2.0,,2.86228782943
1965-07-12,2.9,,0.0,24.2,19.18,16.2,84.0,67.0,5.333333,,2.61528916888
1965-07-13,4.1,,1.7,20.8,17.22,15.2,94.0,85.0,4.666667,,1.70329390872
1965-07-14,0.5,,1.7,21.4,16.58,14.2,89.25,78.0,4.0,,2.07185985266
1965-07-15,1.8,,1.0,22.0,16.86,13.2,83.75,70.0,4.0,,2.43143866379
1965-07-16,3.8,,0.0,22.4,17.58,15.0,85.75,68.0,3.666667,,2.30628452191
1965-07-17,3.7,,0.8,21.0,16.66,14.2,89.75,83.0,4.0,,2.01583559011
1965-07-18,2.5,,2.0,17.6,15.38,13.2,95.75,94.0,4.666667,,1.38694298525
1965-07-19,0.6,,3.6,18.2,15.22,13.2,90.5,93.0,2.0,,1.73108024565
1965-07-20,0.9,,1.4,21.4,16.86,13.2,88.25,70.0,2.333333,,2.19774883053
1965-07-21,2.5,,0.0,23.4,17.26,15.0,84.75,66.0,2.666667,,2.46482296993
1965-07-22,3.3,,0.0,21.8,16.66,14.2,88.0,75.0,3.333333,,2.21502228609
1965-07-23,3.1,,0.0,19.0,16.02,13.2,91.5,86.0,4.0,,1.78670679566
1965-07-24,2.1,,0.8,21.4,16.0,13.5,91.75,76.0,3.666667,,2.06799926738
1965-07-25,1.6,,9.5,17.8,14.62,12.2,89.25,84.0,4.0,,1.80326178399
1965-07-26,2.1,,0.4,17.6,14.78,12.4,96.25,91.0,5.333333,,1.4188157162
1965-07-27,0.6,,3.0,17.8,15.34,13.0,94.75,95.0,3.666667,,1.55431799831
1965-07-28,0.7,,1.5,18.0,15.58,14.2,96.25,94.0,5.333333,,1.34768011219
1965-07-29,0.6,,3.0,19.2,15.86,13.2,93.25,86.0,4.666667,,1.74808992287
1965-07-30,1.2,,2.0,22.6,17.18,13.2,85.25,75.0,3.333333,,2.53060120059
1965-07-31,2.3,,0.4,20.0,16.42,14.2,93.75,86.0,3.0,,1.84389609251
1965-08-01,0.7,,1.4,20.8,16.06,14.2,90.25,78.0,2.333333,,2.08910612797
1965-08-02,2.2,,0.4,21.4,16.3,14.0,91.5,80.0,3.666667,,2.11479834872
1965-08-03,2.0,,0.5,22.4,16.34,14.2,88.0,69.0,2.333333,,2.38618802556
1965-08-04,2.7,,0.0,24.0,17.18,14.0,85.25,71.0,1.666667,,2.68431662295
1965-08-05,2.3,,0.0,22.8,17.46,14.2,82.5,71.0,3.666667,,2.67823791775
1965-08-06,3.3,,0.0,24.2,17.54,14.0,79.75,64.0,2.666667,,2.92337604972
1965-08-07,3.5,,0.6,24.0,17.58,14.0,83.75,66.0,2.666667,,2.78532220466
1965-08-08,3.0,,0.0,21.8,17.48,14.5,89.5,79.0,4.666667,,2.25274405645
1965-08-09,2.2,,1.4,22.0,17.34,14.0,89.0,77.0,3.666667,,2.35346031654
1965-08-10,1.8,,0.7,18.4,16.18,15.0,92.5,89.0,4.0,,1.61448644586
1965-08-11,1.0,,1.8,20.4,16.26,14.0,94.25,86.0,3.0,,1.9819131036
1965-08-12,1.3,,0.0,23.4,17.1,14.0,84.25,69.0,3.0,,2.74891274828
1965-08-13,3.0,,0.2,21.8,16.58,14.2,88.5,77.0,2.666667,,2.37969425073
1965-08-14,2.2,,0.0,23.2,17.14,14.0,86.0,64.0,3.333333,,2.68518872724
1965-08-15,3.9,,0.0,24.0,16.78,13.0,81.5,64.0,3.333333,,3.02728486981
1965-08-16,3.8,,0.5,24.6,16.98,12.2,81.0,62.0,1.666667,,3.09323677245
1965-08-17,3.6,,0.0,26.0,18.78,15.2,78.5,60.0,1.333333,,3.13981199555
1965-08-18,2.0,,0.0,24.8,17.22,14.2,81.0,64.0,2.0,,3.05426018343
1965-08-19,4.0,,0.0,26.2,17.06,14.0,81.5,62.0,3.0,,3.33277962527
1965-08-20,4.0,,0.0,26.6,18.1,13.0,75.5,60.0,1.333333,,3.44674528108
1965-08-21,4.0,,0.0,24.8,17.18,14.6,81.75,59.0,3.333333,,3.12172150114
1965-08-22,4.3,,0.0,25.6,18.1,14.0,81.0,63.0,1.333333,,3.19534898861
1965-08-23,1.9,,0.8,24.6,18.66,15.2,84.75,72.0,3.666667,,2.97024942959
1965-08-24,1.6,,0.0,24.2,18.74,15.0,79.75,63.0,5.333333,,3.24646680581
1965-08-25,5.2,,1.0,21.2,16.62,14.0,92.5,81.0,5.333333,,2.16540495293
1965-08-26,1.4,,2.4,23.4,17.14,13.2,88.5,67.0,4.666667,,2.75684107196
1965-08-27,3.7,,2.7,19.2,17.14,15.0,95.5,91.0,3.666667,,1.73912288089
1965-08-28,0.9,,3.7,25.0,18.62,15.2,88.25,72.0,2.666667,,2.96095885312
1965-08-29,4.1,,0.5,25.2,18.56,15.5,81.5,66.0,4.0,,3.26525142055
1965-08-30,2.5,,0.0,25.0,17.1,14.0,82.25,63.0,3.333333,,3.27149065879
1965-08-31,3.8,,0.0,25.6,17.86,13.0,84.25,59.0,2.0,,3.34805516609
1965-09-01,4.5,,0.0,24.2,18.22,14.2,80.0,63.0,4.0,,3.27999836752
1965-09-02,5.7,,0.0,24.4,18.3,13.2,81.0,55.0,4.0,,3.32858974901
1965-09-03,8.6,,0.0,21.8,16.1,14.0,88.5,73.0,3.333333,,2.58486783123
1965-09-04,4.8,,0.6,23.2,18.58,15.2,84.25,68.0,5.333333,,2.92691564451
1965-09-05,2.4,,0.5,24.2,18.02,15.0,84.75,62.0,2.666667,,3.04551383812
1965-09-06,4.3,,0.8,24.8,17.86,15.0,79.5,59.0,2.666667,,3.31672765338
1965-09-07,4.2,,0.0,26.0,19.7,14.2,74.0,53.0,3.333333,,3.82842853286
1965-09-08,5.7,,0.0,25.8,19.06,15.0,76.0,59.0,3.666667,,3.71898925473
1965-09-09,6.6,,0.0,25.6,18.9,15.0,77.25,61.0,3.333333,,3.61484433025
1965-09-10,6.8,,0.0,26.0,19.02,14.2,70.75,56.0,4.0,,4.08517457936
1965-09-11,5.0,,0.0,26.4,19.26,16.0,71.5,55.0,2.666667,,3.82105487747
1965-09-12,4.5,,0.0,25.0,18.82,14.2,82.25,60.0,5.333333,,3.45345620293
1965-09-13,4.5,,0.6,25.2,18.98,15.0,77.5,59.0,5.333333,,3.73024528272
1965-09-14,4.4,,2.6,23.8,17.86,15.0,90.75,73.0,6.0,,2.72326086051
1965-09-15,2.0,,0.0,23.8,18.34,15.0,87.5,74.0,4.0,,2.96845861367
1965-09-16,3.4,,1.2,24.8,18.34,13.2,81.5,57.0,4.666667,,3.53283847015
1965-09-17,3.7,,2.0,25.6,18.1,15.0,82.25,62.0,4.0,,3.52616116702
1965-09-18,4.7,,0.0,25.8,18.14,13.2,81.5,58.0,2.666667,,3.67425966349
1965-09-19,5.4,,0.0,25.8,18.02,13.2,72.0,57.0,2.0,,3.8747961718
1965-09-20,5.4,,0.0,28.4,19.7,14.0,71.0,51.0,1.333333,,4.18292971382
1965-09-21,4.4,,0.0,28.6,20.26,15.6,78.25,54.0,3.333333,,4.19742931438
1965-09-22,5.6,,0.0,27.6,20.16,16.5,73.5,55.0,4.0,,4.24208077539
1965-09-23,6.4,,0.0,24.8,18.54,14.2,77.25,64.0,5.333333,,3.8020461221
1965-09-24,5.6,,0.0,26.2,20.1,15.0,78.25,57.0,3.333333,,3.83478015755
1965-09-25,4.8,,2.2,22.8,17.7,16.0,86.0,77.0,2.666667,,2.85523597445
1965-09-26,3.0,,0.0,26.8,17.4,14.5,78.75,53.0,2.666667,,3.93265703143
1965-09-27,6.3,,0.0,30.0,21.28,14.5,67.5,51.0,1.333333,,4.5594533953
1965-09-28,3.5,,0.0,30.8,22.68,15.5,69.0,47.0,1.333333,,4.63171903403
1965-09-29,4.6,,0.0,28.0,21.34,18.0,77.5,59.0,4.666667,,4.14587165311
1965-09-30,3.4,,0.0,28.0,21.14,15.6,73.0,59.0,3.333333,,4.38294567777
1965-10-01,4.7,,0.0,29.6,22.5,16.2,65.75,46.0,1.333333,,4.42657776999
1965-10-02,3.1,,0.0,30.4,21.82,16.6,77.0,51.0,2.666667,,4.57152154772
1965-10-03,3.3,,28.0,19.6,17.46,16.4,96.5,91.0,3.333333,,1.80633741071
1965-10-04,0.9,,0.9,23.2,18.66,15.2,86.75,80.0,3.0,,3.04328207916
1965-10-05,2.0,,0.3,27.2,19.62,14.2,79.5,59.0,2.666667,,4.08394161783
1965-10-06,3.0,,0.5,26.4,19.3,16.2,84.0,63.0,2.0,,3.64663331461
1965-10-07,2.8,,1.0,25.0,19.7,16.6,84.0,71.0,3.333333,,3.36746162098
1965-10-08,2.2,,0.0,25.8,18.98,16.4,83.5,63.0,2.0,,3.53838105962
1965-10-09,3.0,,0.0,26.8,20.26,16.2,78.75,66.0,3.0,,3.93828242396
1965-10-10,3.6,,0.0,27.4,20.78,17.0,75.25,58.0,1.333333,,3.902401142
1965-10-11,4.5,,0.0,27.4,21.06,17.0,73.5,57.0,2.666667,,4.14134803984
1965-10-12,3.5,,0.0,27.4,21.06,17.0,76.25,61.0,4.333333,,4.22706667662
1965-10-13,3.0,,0.5,22.4,18.34,16.0,88.5,79.0,4.333333,,2.76326981509
1965-10-14,2.0,,0.0,23.4,18.58,16.0,88.5,79.0,2.0,,3.03155742785
1965-10-15,1.4,,0.0,24.2,20.78,17.2,84.5,81.0,1.333333,,3.13347430463
1965-10-16,2.2,,8.8,22.8,20.34,18.0,90.5,88.0,3.333333,,2.54521653765
1965-10-17,2.7,,4.0,22.4,19.62,18.0,93.5,85.0,2.0,,2.41947462398
1965-10-18,1.5,,1.1,27.6,20.7,16.2,74.75,59.0,2.333333,,4.20933441245
1965-10-19,4.0,,0.0,27.8,20.94,16.0,74.0,57.0,3.666667,,4.45128477284
1965-10-20,6.0,,0.0,27.6,20.86,16.0,73.75,53.0,3.0,,4.34891818839
1965-10-21,6.2,,0.0,26.6,20.58,16.0,83.0,64.0,2.666667,,3.82977337601
1965-10-22,4.6,,0.0,26.2,20.86,16.0,74.75,62.0,2.333333,,3.97560413394
1965-10-23,5.0,,0.0,27.4,20.98,17.0,77.75,59.0,2.333333,,4.04318542377
1965-10-24,4.0,,0.0,27.6,20.22,17.2,79.25,60.0,1.333333,,3.95101585039
1965-10-25,3.4,,0.0,30.0,22.82,17.0,67.0,54.0,2.0,,4.77912513249
1965-10-26,5.0,,0.0,28.6,21.7,14.2,75.25,63.0,1.333333,,4.47811061771
1965-10-27,2.9,,2.0,25.0,20.54,15.2,83.75,72.0,3.333333,,3.59454822082
1965-10-28,1.9,,1.5,24.6,19.94,17.2,83.0,70.0,3.333333,,3.36079259235
1965-10-29,3.1,,0.0,26.0,19.46,16.2,80.0,65.0,1.333333,,3.74608523385
1965-10-30,3.5,,0.0,31.0,22.22,16.0,65.25,48.0,2.0,,5.11596438971
1965-10-31,5.8,,0.0,30.2,23.3,17.0,67.0,51.0,2.666667,,5.00412223872
1965-11-01,5.4,,0.0,26.4,20.26,17.0,82.25,64.0,2.666667,,3.76193878233
1965-11-02,4.9,,0.0,25.2,20.02,17.0,80.5,68.0,2.333333,,3.55917379681
1965-11-03,3.5,,0.0,27.8,20.32,15.5,72.0,55.0,4.0,,4.67024563403
1965-11-04,6.6,,0.0,26.4,20.42,16.0,81.75,64.0,4.666667,,3.92662263486
1965-11-05,4.8,,0.0,25.6,19.98,16.2,79.75,65.0,6.0,,3.9205858959
1965-11-06,5.1,,0.0,25.0,19.38,15.2,80.75,67.0,5.0,,3.78329734908
1965-11-07,3.3,,0.0,27.4,20.54,16.0,76.0,57.0,5.333333,,4.48399881694
1965-11-08,5.2,,0.4,28.0,20.3,16.2,74.0,53.0,3.0,,4.4703036727
1965-11-09,5.2,,0.0,30.0,21.54,15.2,69.0,47.0,3.333333,,5.17634402342
1965-11-10,5.8,,0.0,25.6,19.52,17.7,76.0,68.0,2.0,,3.66383994456
1965-11-11,3.0,,0.0,25.8,21.1,18.0,81.0,65.0,3.0,,3.61173353107
1965-11-12,4.4,,2.0,26.8,20.86,17.2,77.5,63.0,1.333333,,3.86871584309
1965-11-13,4.4,,0.0,26.4,21.18,16.2,75.75,66.0,3.333333,,4.13231143427
1965-11-14,4.5,,0.0,26.4,20.76,16.5,74.5,63.0,3.333333,,4.15777595687
1965-11-15,4.2,,0.0,28.8,21.18,17.0,73.0,58.0,4.0,,4.74792249247
1965-11-16,3.3,,0.0,28.0,21.22,17.0,76.0,74.0,2.0,,4.24099032812
1965-11-17,5.4,,0.0,31.0,22.46,17.0,61.0,42.0,2.333333,,5.28710195791
1965-11-18,6.4,,0.0,30.2,23.36,17.5,63.75,47.0,1.333333,,4.70941873189
1965-11-19,5.5,,0.0,27.0,20.82,18.0,83.25,61.0,1.333333,,3.74499998064
1965-11-20,4.5,,37.8,21.8,19.24,17.5,92.5,85.0,2.0,,2.45296127291
1965-11-21,0.8,,6.5,23.6,20.08,17.3,91.5,83.0,2.0,,2.92618152653
1965-11-22,0.8,,5.9,20.3,19.2,18.4,96.0,93.0,0.666667,,1.82531331912
1965-11-23,0.5,,29.0,24.0,19.46,17.6,92.0,89.0,1.666667,,2.98528103629
1965-11-24,0.7,,15.9,25.6,20.46,17.6,86.0,70.0,3.333333,,3.44440393629
1965-11-25,2.5,,7.6,24.8,19.9,17.6,86.25,76.0,1.333333,,3.28096104595
1965-11-26,1.3,,0.0,24.2,19.66,16.4,86.5,77.0,4.0,,3.2596253202
1965-11-27,1.8,,0.0,26.0,20.5,16.8,77.25,62.0,4.666667,,4.05726602348
1965-11-28,4.1,,0.0,27.8,20.62,16.6,74.5,59.0,2.666667,,4.36694912904
1965-11-29,4.3,,0.0,28.0,21.8,17.5,75.25,56.0,3.333333,,4.38052287347
1965-11-30,4.0,,0.0,26.0,20.64,17.5,77.5,68.0,3.333333,,3.88061756843
1965-12-01,,,,,,,,79.0,,,
1965-12-02,,,,,,,,,,,
1965-12-03,,,,,,,,,,,
1965-12-04,,,,,,,,,,,
1965-12-05,,,,,,,,,,,
1965-12-06,,,,,,,,,,,
1965-12-07,,,,,,,,,,,
1965-12-08,,,,,,,,,,,
1965-12-09,,,,,,,,,,,
1965-12-10,,,,,,,,,,,
1965-12-11,,,,,,,,,,,
1965-12-12,,,,,,,,,,,
1965-12-13,,,,,,,,,,,
1965-12-14,,,,,,,,,,,
1965-12-15,,,,,,,,,,,
1965-12-16,,,,,,,,,,,
1965-12-17,,,,,,,,,,,
1965-12-18,,,,,,,,,,,
1965-12-19,,,,,,,,,,,
1965-12-20,,,,,,,,,,,
1965-12-21,,,,,,,,,,,
1965-12-22,,,,,,,,,,,
1965-12-23,,,,,,,,,,,
1965-12-24,,,,,,,,,,,
1965-12-25,,,,,,,,,,,
1965-12-26,,,,,,,,,,,
1965-12-27,,,,,,,,,,,
1965-12-28,,,,,,,,,,,
1965-12-29,,,,,,,,,,,
1965-12-30,,,,,,,,,,,
1965-12-31,,,,,,,,,,,
1966-01-01,6.6,,,30.0,22.6,18.0,64.75,43.0,3.333333,,5.1915120027
1966-01-02,5.2,,0.0,30.8,21.98,17.0,74.5,49.0,2.666667,,4.964780725
1966-01-03,5.3,,0.0,27.0,21.82,19.0,79.5,70.0,0.666667,,3.6238707797
1966-01-04,2.7,,0.0,21.3,19.6,17.2,92.5,82.0,2.333333,,2.38028682125
1966-01-05,1.3,,6.4,25.2,21.42,18.0,85.75,78.0,2.666667,,3.33930208278
1966-01-06,2.0,,0.0,27.8,22.34,18.8,80.75,71.0,2.0,,3.92380728248
1966-01-07,4.1,,0.0,28.2,21.66,17.4,79.75,64.0,2.0,,4.18665150235
1966-01-08,5.1,,0.0,26.2,21.26,18.0,78.75,72.0,2.666667,,3.78111752197
1966-01-09,3.7,,0.0,28.8,21.22,17.4,77.0,60.0,2.0,,4.3744318145
1966-01-10,4.3,,0.0,30.0,22.46,16.8,72.75,61.0,2.0,,4.77138408658
1966-01-11,5.0,,0.0,29.8,22.22,18.2,78.5,64.0,2.666667,,4.52752430069
1966-01-12,4.7,,0.0,26.8,21.62,18.4,80.5,73.0,2.666667,,3.80704211784
1966-01-13,3.4,,0.0,28.0,20.94,17.2,84.75,66.0,2.0,,4.05122440814
1966-01-14,3.4,,7.2,25.8,20.42,18.6,86.25,76.0,1.333333,,3.37822538685
1966-01-15,1.6,,24.8,25.2,20.3,17.4,89.25,80.0,2.0,,3.33364335391
1966-01-16,1.8,,0.0,26.8,21.12,18.5,82.75,67.0,2.666667,,3.72192984515
1966-01-17,3.6,,0.0,25.6,20.98,17.2,84.25,76.0,4.0,,3.57901693218
1966-01-18,3.7,,0.0,27.2,21.12,17.5,82.0,68.0,2.666667,,3.93962435439
1966-01-19,4.6,,0.0,27.0,21.7,17.8,80.5,66.0,4.0,,3.9846634452
1966-01-20,5.5,,0.3,27.0,20.86,17.0,83.75,66.0,4.666667,,3.90460774962
1966-01-21,4.4,,0.0,27.0,20.78,16.8,80.0,69.0,4.666667,,4.12310757218
1966-01-22,4.6,,0.0,27.8,21.02,17.4,80.0,73.0,4.0,,4.20615300828
1966-01-23,3.6,,0.0,27.8,21.9,18.0,78.75,63.0,4.666667,,4.25812416563
1966-01-24,5.6,,0.0,27.8,21.38,17.6,79.0,62.0,4.666667,,4.27588853872
1966-01-25,4.1,,0.0,28.0,21.86,17.4,78.75,66.0,2.666667,,4.21551041241
1966-01-26,5.1,,0.0,30.2,22.42,17.6,74.25,56.0,2.666667,,4.79612196653
1966-01-27,4.1,,0.0,28.0,21.96,18.5,80.75,55.0,2.666667,,4.03856374364
1966-01-28,4.1,,0.9,26.8,20.74,18.4,79.5,66.0,4.0,,3.92899564846
1966-01-29,3.4,,0.0,25.2,20.78,17.2,81.25,72.0,2.0,,3.54270974792
1966-01-30,2.6,,4.1,23.0,19.3,17.8,90.0,77.0,2.666667,,2.73708995627
1966-01-31,0.8,,29.4,22.8,19.78,16.8,90.0,87.0,1.333333,,2.90293100335
1966-02-01,1.8,,0.0,25.6,20.84,18.5,88.25,75.0,2.666667,,3.27134262577
1966-02-02,2.0,,34.0,24.2,19.48,17.5,92.0,83.0,2.0,,3.02558192541
1966-02-03,1.1,,22.1,20.4,18.36,17.7,94.5,93.0,2.0,,1.99710626539
1966-02-04,0.3,,22.7,22.2,19.62,17.2,93.25,86.0,2.666667,,2.53792355193
1966-02-05,0.9,,0.7,22.6,19.66,17.8,93.75,88.0,2.666667,,2.51526471376
1966-02-06,1.8,,16.1,24.0,19.6,17.5,87.5,77.0,3.333333,,3.06350277164
1966-02-07,1.3,,0.0,22.2,19.46,17.6,90.5,80.0,3.333333,,2.53726398631
1966-02-08,1.8,,10.9,23.0,19.62,17.4,91.25,82.0,2.666667,,2.74510750798
1966-02-09,1.4,,1.2,21.0,18.8,17.9,95.0,93.0,2.0,,2.1000889886
1966-02-10,0.7,,9.3,19.0,18.02,16.4,97.0,97.0,3.333333,,1.72724444782
1966-02-11,0.3,,64.2,24.0,18.9,16.4,91.5,75.0,2.666667,,3.07187425779
1966-02-12,1.3,,11.7,24.8,20.56,19.1,91.0,80.0,5.333333,,2.7959610606
1966-02-13,2.7,,0.0,25.0,20.12,16.5,82.75,72.0,2.666667,,3.53434247712
1966-02-14,3.1,,0.0,25.6,20.62,17.0,85.5,75.0,4.666667,,3.50068987534
1966-02-15,3.4,,1.2,25.8,20.18,16.4,81.25,63.0,4.0,,3.7917552183
1966-02-16,3.0,,0.0,26.0,20.66,16.8,82.75,64.0,4.0,,3.72370555132
1966-02-17,1.4,,4.7,24.8,19.9,16.6,83.75,74.0,3.333333,,3.44858360686
1966-02-18,3.0,,0.0,26.0,20.66,16.8,82.75,64.0,4.0,,3.71686156534
1966-02-19,3.8,,5.4,26.2,20.18,17.0,86.0,73.0,4.0,,3.58196661118
1966-02-20,2.5,,0.0,26.0,20.84,17.5,81.0,66.0,2.666667,,3.6630124979
1966-02-21,3.6,,0.0,27.8,21.1,17.8,80.25,64.0,2.666667,,4.01957844975
1966-02-22,4.9,,0.0,27.8,20.62,15.8,77.5,61.0,2.666667,,4.27719599276
1966-02-23,4.7,,0.5,25.4,19.98,17.4,85.75,70.0,2.666667,,3.38572864642
1966-02-24,2.1,,0.0,26.4,20.74,16.2,81.0,67.0,4.0,,3.89995921503
1966-02-25,3.8,,0.0,26.0,20.78,18.2,84.25,62.0,4.666667,,3.4982679735
1966-02-26,3.0,,0.0,26.8,20.86,18.0,84.75,65.0,4.0,,3.63762192455
1966-02-27,2.6,,0.6,27.8,21.38,18.0,86.25,69.0,4.0,,3.75931607408
1966-02-28,3.4,,0.6,27.8,21.34,17.4,83.5,69.0,4.0,,3.93749127303
1966-03-01,3.0,,0.7,26.8,20.46,18.2,88.75,69.0,4.0,,3.41018198455
1966-03-02,2.3,,6.5,25.0,19.98,17.6,88.75,78.0,3.333333,,3.1290331651
1966-03-03,1.1,,24.7,25.0,20.3,17.4,88.75,78.0,2.666667,,3.16710785474
1966-03-04,1.3,,0.3,26.0,20.94,18.4,86.0,72.0,3.333333,,3.34251462162
1966-03-05,1.9,,0.0,27.2,21.12,17.5,78.75,66.0,2.0,,3.8485309245
1966-03-06,2.4,,0.0,28.0,21.5,18.0,81.5,63.0,3.333333,,3.95511193663
1966-03-07,2.9,,0.0,27.0,21.38,17.0,82.5,70.0,5.333333,,3.85164940014
1966-03-08,2.9,,0.0,27.2,19.98,17.4,81.5,61.0,3.666667,,3.85069874514
1966-03-09,2.8,,0.0,25.2,19.78,17.4,85.0,71.0,2.666667,,3.29090554373
1966-03-10,3.1,,0.0,25.2,20.28,17.5,83.25,74.0,2.666667,,3.32950988817
1966-03-11,2.8,,0.0,25.0,19.62,17.0,82.25,70.0,2.666667,,3.36825168141
1966-03-12,3.0,,0.0,26.0,20.1,17.2,83.75,71.0,3.333333,,3.50223478105
1966-03-13,3.3,,0.0,26.2,20.66,17.2,85.0,69.0,4.0,,3.48770701893
1966-03-14,3.7,,0.0,25.0,20.38,16.6,80.0,69.0,4.0,,3.5389995605
1966-03-15,4.0,,0.0,26.0,19.66,16.2,74.75,68.0,4.0,,3.99097334892
1966-03-16,3.6,,0.0,25.8,19.64,15.5,83.75,71.0,4.666667,,3.58562680494
1966-03-17,3.7,,0.0,26.0,20.22,16.6,81.75,68.0,4.0,,3.62018210195
1966-03-18,3.3,,4.0,25.8,20.1,16.6,81.0,69.0,4.666667,,3.63995595301
1966-03-19,3.8,,0.0,25.8,20.94,16.8,81.0,72.0,4.0,,3.58589459106
1966-03-20,4.4,,0.0,25.8,20.02,16.4,83.25,68.0,4.666667,,3.51801114348
1966-03-21,4.0,,0.6,21.8,19.02,16.4,88.75,86.0,3.333333,,2.52295767511
1966-03-22,2.5,,0.5,25.8,20.26,17.0,81.0,71.0,3.333333,,3.50805911033
1966-03-23,3.3,,0.0,26.8,20.5,17.4,80.75,66.0,2.666667,,3.6185367095
1966-03-24,3.5,,0.0,25.8,20.48,17.5,83.0,69.0,3.333333,,3.36564122416
1966-03-25,3.2,,0.4,26.8,20.82,17.6,83.0,68.0,4.0,,3.55845823283
1966-03-26,4.3,,0.0,27.8,20.42,17.2,77.25,60.0,2.666667,,3.90189059787
1966-03-27,5.5,,0.0,28.0,20.58,16.0,79.25,61.0,2.0,,3.90378190251
1966-03-28,4.0,,0.0,27.8,20.76,17.5,81.0,73.0,2.666667,,3.73475457599
1966-03-29,3.3,,0.0,26.0,20.42,17.0,81.75,73.0,2.666667,,3.41161752098
1966-03-30,3.3,,0.0,28.0,20.58,16.6,72.75,58.0,3.333333,,4.18362077817
1966-03-31,4.7,,0.0,29.8,21.34,17.2,73.25,49.0,1.333333,,4.09661897505
1966-04-01,4.8,,0.0,30.8,21.9,14.2,70.0,52.0,2.0,,4.65273529034
1966-04-02,5.2,,0.0,29.0,22.5,18.6,78.75,62.0,2.0,,3.80489744467
1966-04-03,3.3,,0.0,27.0,22.1,17.2,82.0,72.0,2.0,,3.47307878504
1966-04-04,3.0,,7.9,23.8,20.8,19.5,93.0,88.0,2.0,,2.28629678793
1966-04-05,0.8,,27.5,24.8,21.56,18.5,84.0,77.0,4.0,,2.95779211934
1966-04-06,1.3,,19.6,23.0,20.16,18.5,88.75,81.0,3.333333,,2.37568876439
1966-04-07,1.3,,1.0,26.6,21.28,18.5,88.0,73.0,2.0,,3.08149342015
1966-04-08,2.2,,1.5,23.0,20.94,19.0,90.5,90.0,2.666667,,2.22110990788
1966-04-09,1.2,,11.3,23.0,20.3,19.0,91.5,85.0,2.666667,,2.17947860644
1966-04-10,0.8,,0.6,22.0,20.02,17.0,91.0,86.0,2.666667,,2.26776750107
1966-04-11,1.0,,32.7,23.0,19.74,17.8,93.0,85.0,2.0,,2.31426912072
1966-04-12,1.0,,1.0,22.0,19.92,18.5,93.75,88.0,2.666667,,1.94687380671
1966-04-13,0.8,,35.8,22.0,19.06,17.0,92.0,85.0,4.0,,2.16732269844
1966-04-14,1.6,,0.0,23.0,19.38,16.8,88.0,79.0,4.0,,2.53407498451
1966-04-15,2.2,,0.0,23.6,19.86,16.6,82.0,75.0,5.333333,,2.98705877601
1966-04-16,3.7,,0.0,25.6,20.14,16.2,80.25,64.0,6.0,,3.4658277273
1966-04-17,3.7,,0.0,23.4,19.4,16.5,89.5,81.0,3.333333,,2.54105183943
1966-04-18,2.2,,3.1,24.8,19.5,17.0,88.75,76.0,4.0,,2.74159195737
1966-04-19,2.0,,2.2,23.0,18.32,15.5,87.25,74.0,5.333333,,2.62829638422
1966-04-20,2.8,,0.9,24.0,19.22,15.8,86.5,71.0,4.666667,,2.79025743004
1966-04-21,3.2,,0.0,25.2,19.22,15.0,79.0,67.0,3.333333,,3.29686875676
1966-04-22,4.0,,0.0,23.8,18.84,16.5,81.5,67.0,2.666667,,2.82078185615
1966-04-23,3.7,,0.5,25.8,19.06,15.0,80.75,63.0,2.0,,3.20768268402
1966-04-24,2.9,,0.0,24.8,19.5,16.0,85.0,71.0,4.0,,2.92272638975
1966-04-25,3.3,,0.0,25.2,19.58,15.8,77.25,67.0,3.333333,,3.27047353364
1966-04-26,3.5,,0.0,24.8,19.66,17.4,84.25,68.0,2.666667,,2.77774185413
1966-04-27,2.0,,0.0,24.8,20.34,17.2,83.75,71.0,3.333333,,2.83571443019
1966-04-28,2.1,,2.9,21.6,19.26,17.8,92.75,88.0,3.333333,,1.87192240918
1966-04-29,1.4,,0.5,24.8,19.9,16.6,82.75,67.0,4.666667,,2.97074447956
1966-04-30,2.4,,0.0,25.2,19.26,16.2,79.5,53.0,3.333333,,3.10264900133
1966-05-01,3.3,,0.0,24.2,19.38,16.8,81.5,62.0,6.666667,,3.03150491635
1966-05-02,3.3,,0.0,22.0,18.9,16.2,88.0,80.0,6.666667,,2.29388909334
1966-05-03,1.6,,1.8,21.8,18.56,16.5,94.25,86.0,5.333333,,1.8695728253
1966-05-04,0.8,,6.6,22.4,18.64,15.5,89.25,76.0,4.666667,,2.30520389575
1966-05-05,1.5,,1.6,23.0,18.62,16.6,84.0,63.0,4.0,,2.54853311132
1966-05-06,2.1,,0.0,24.0,19.1,16.4,80.0,60.0,2.666667,,2.76319462923
1966-05-07,2.2,,0.0,24.6,18.48,14.5,83.0,60.0,2.666667,,2.86809432807
1966-05-08,2.9,,0.0,26.8,19.98,13.4,74.75,54.0,1.333333,,3.26555336448
1966-05-09,3.9,,0.0,26.4,20.02,14.0,75.75,55.0,2.666667,,3.34633996111
1966-05-10,3.8,,0.0,26.8,19.66,17.0,78.0,50.0,2.666667,,3.16609528288
1966-05-11,2.6,,0.0,27.0,20.1,14.8,77.75,55.0,2.0,,3.22925134272
1966-05-12,3.2,,0.0,25.4,19.7,17.4,79.25,59.0,2.666667,,2.86842436264
1966-05-13,2.7,,0.0,25.4,18.5,16.0,83.25,62.0,2.666667,,2.82362422663
1966-05-14,2.5,,0.0,26.0,18.78,14.0,78.0,53.0,2.666667,,3.16383718479
1966-05-15,3.5,,0.2,26.4,20.52,17.5,83.5,60.0,2.333333,,2.82273596439
1966-05-16,2.5,,0.4,21.2,19.14,17.8,94.0,92.0,4.0,,1.62216927832
1966-05-17,0.8,,3.4,22.2,19.08,17.5,90.0,79.0,3.666667,,1.98962355004
1966-05-18,1.6,,1.0,20.0,17.42,14.8,85.25,73.0,4.666667,,2.12171928256
1966-05-19,2.2,,0.3,20.8,17.5,15.6,87.0,73.0,4.0,,2.06883407422
1966-05-20,2.5,,0.0,20.4,17.06,14.2,87.5,78.0,4.666667,,2.08951270467
1966-05-21,1.9,,0.0,23.0,18.3,15.2,85.75,68.0,4.0,,2.43298655708
1966-05-22,1.8,,0.0,22.8,18.34,15.8,88.5,73.0,3.333333,,2.23647797585
1966-05-23,1.4,,1.0,25.6,19.78,17.0,83.75,62.0,1.333333,,2.58648553068
1966-05-24,2.0,,0.0,26.0,19.98,16.2,79.5,63.0,2.666667,,2.91377776841
1966-05-25,2.8,,0.0,21.0,18.26,17.0,88.0,75.0,7.333333,,1.98925942582
1966-05-26,2.3,,0.0,18.4,16.3,15.0,94.0,87.0,6.0,,1.40172142705
1966-05-27,1.4,,0.0,20.4,17.18,15.0,89.5,80.0,6.666667,,1.91392787985
1966-05-28,1.9,,0.0,19.2,16.3,15.0,91.5,77.0,6.0,,1.64210392067
1966-05-29,1.4,,0.0,21.6,17.86,14.6,84.0,70.0,5.333333,,2.37063244841
1966-05-30,2.5,,2.0,20.0,16.84,14.5,87.75,70.0,6.666667,,1.98944259857
1966-05-31,2.4,,0.0,20.8,17.14,15.0,90.0,79.0,4.0,,1.91812964908
1966-06-01,1.2,,0.0,22.8,18.28,15.5,81.0,64.0,2.0,,2.35702134504
1966-06-02,2.0,,0.0,23.0,18.86,16.0,83.5,67.0,2.666667,,2.33543026147
1966-06-03,1.4,,0.0,23.0,19.18,17.0,83.75,72.0,3.333333,,2.30200924513
1966-06-04,2.0,,0.0,23.4,19.22,16.2,85.5,73.0,3.333333,,2.33544935655
1966-06-05,2.1,,0.0,23.8,18.88,16.5,81.25,62.0,3.333333,,2.53191581521
1966-06-06,2.3,,0.0,21.2,17.9,16.4,89.0,72.0,3.333333,,1.88362920713
1966-06-07,1.7,,0.4,20.8,15.78,14.0,88.0,71.0,1.333333,,2.0004222719
1966-06-08,1.7,,0.0,22.4,16.46,14.0,78.5,60.0,2.666667,,2.49778566117
1966-06-09,2.8,,0.0,21.8,17.14,14.0,84.75,66.0,4.0,,2.28934319513
1966-06-10,2.4,,0.8,20.0,16.42,14.0,85.75,77.0,5.333333,,2.06885491994
1966-06-11,2.0,,0.2,19.2,16.34,14.4,83.75,77.0,4.0,,1.98905383895
1966-06-12,3.7,,0.0,21.2,16.84,11.5,82.5,72.0,2.666667,,2.33305740104
1966-06-13,0.6,,1.6,19.2,17.22,16.0,96.0,89.0,4.666667,,1.30518563733
1966-06-14,0.8,,1.0,21.6,17.9,15.0,85.5,71.0,2.666667,,2.11563493837
1966-06-15,0.8,,4.4,19.8,17.58,16.0,90.5,87.0,3.333333,,1.64727026694
1966-06-16,2.0,,0.0,22.0,16.86,13.2,76.75,61.0,4.666667,,2.73937799008
1966-06-17,3.1,,0.0,20.0,16.72,14.5,95.5,81.0,6.0,,1.48782464435
1966-06-18,0.5,,3.8,22.6,17.2,14.5,85.0,71.0,4.666667,,2.36019271597
1966-06-19,2.2,,0.0,20.4,17.68,14.5,89.0,79.0,4.0,,1.8963732274
1966-06-20,1.8,,2.7,18.0,16.1,15.0,89.75,86.0,5.333333,,1.54075932949
1966-06-21,0.4,,2.1,18.0,15.86,14.4,95.75,92.0,5.333333,,1.27307461906
1966-06-22,0.4,,5.2,21.2,16.94,14.4,83.0,64.0,4.666667,,2.29323601019
1966-06-23,2.4,,0.0,19.8,16.9,13.8,90.0,82.0,4.666667,,1.8196821388
1966-06-24,3.5,,0.0,21.8,17.08,13.5,74.75,60.0,3.333333,,2.63022701753
1966-06-25,2.5,,0.0,21.4,17.3,15.0,77.25,59.0,7.333333,,2.82026944673
1966-06-26,3.0,,2.5,21.6,17.46,15.0,89.5,69.0,5.333333,,1.99596870484
1966-06-27,1.5,,0.0,21.8,16.6,14.5,81.5,62.0,5.333333,,2.4808366646
1966-06-28,2.6,,0.5,19.0,16.7,14.6,96.0,89.0,4.0,,1.42229172937
1966-06-29,0.5,,10.5,21.8,16.68,13.5,80.25,59.0,3.333333,,2.4358158867
1966-06-30,2.5,,0.0,19.8,17.06,15.4,96.0,86.0,4.666667,,1.43396267761
1966-07-01,0.6,,5.7,18.4,16.1,14.0,96.75,96.0,4.0,,1.36659220437
1966-07-02,0.3,,12.2,20.6,16.38,14.0,86.25,69.0,7.333333,,2.15123810131
1966-07-03,2.6,,0.0,21.0,16.9,14.0,84.25,66.0,4.666667,,2.23829384465
1966-07-04,2.6,,1.2,19.6,16.06,13.2,87.25,70.0,6.0,,1.98802861553
1966-07-05,2.6,,0.0,18.6,15.92,13.5,91.0,85.0,6.0,,1.65480295155
1966-07-06,1.2,,1.3,20.4,15.92,13.5,84.75,67.0,3.333333,,2.1223928419
1966-07-07,2.0,,0.5,18.6,15.9,14.0,93.75,93.0,4.0,,1.52859067352
1966-07-08,0.8,,1.0,20.6,16.38,14.2,91.0,79.0,4.0,,1.87660114869
1966-07-09,1.0,,1.5,,,15.6,90.0,73.0,4.666667,,
1966-07-10,1.0,,4.6,,,14.8,86.0,65.0,6.0,,
1966-07-11,2.0,,1.9,,,15.0,89.0,73.0,8.0,,
1966-07-12,2.5,,0.4,,,13.4,93.75,88.0,4.666667,,
1966-07-13,0.6,,11.7,,,13.4,89.25,77.0,6.0,,
1966-07-14,1.2,,0.0,,,13.0,85.25,58.0,4.666667,,
1966-07-15,2.1,,0.2,,,14.4,89.5,78.0,6.0,,
1966-07-16,1.6,,0.0,,,14.2,85.75,61.0,2.666667,,
1966-07-17,2.3,,0.0,,,13.8,82.75,65.0,4.0,,
1966-07-18,2.4,,0.7,,,14.5,89.75,73.0,5.333333,,
1966-07-19,1.5,,0.5,,,13.8,94.0,87.0,4.0,,
1966-07-20,0.6,,4.7,,,13.6,87.25,75.0,4.666667,,
1966-07-21,2.0,,1.1,,,13.2,91.75,82.0,4.666667,,
1966-07-22,1.2,,1.1,,,13.6,87.25,76.0,4.0,,
1966-07-23,1.3,,2.6,,,14.8,93.5,87.0,4.0,,
1966-07-24,0.8,,0.0,,,14.2,79.0,60.0,4.666667,,
1966-07-25,2.8,,1.0,,,13.0,77.75,55.0,6.0,,
1966-07-26,3.2,,1.4,,,14.0,87.25,70.0,6.0,,
1966-07-27,2.5,,0.0,,,12.4,88.5,77.0,4.666667,,
1966-07-28,1.7,,1.0,,,12.0,83.5,61.0,4.666667,,
1966-07-29,2.6,,0.0,,,14.0,86.75,71.0,3.333333,,
1966-07-30,1.6,,0.0,,,14.0,76.75,51.0,2.0,,
1966-07-31,1.2,,0.0,,,14.5,85.75,64.0,3.333333,,
1966-08-01,3.4,,0.6,,,15.0,81.25,63.0,2.666667,,
1966-08-02,2.6,,0.2,,,15.0,89.25,72.0,3.333333,,
1966-08-03,3.0,,0.0,,,11.4,87.5,79.0,2.666667,,
1966-08-04,1.0,,1.5,,,10.4,94.25,93.0,4.0,,
1966-08-05,0.7,,1.0,,,10.9,80.75,66.0,2.666667,,
1966-08-06,2.0,,0.0,,,12.2,79.75,63.0,2.666667,,
1966-08-07,3.8,,0.0,,,12.5,89.5,78.0,3.333333,,
1966-08-08,0.5,,0.2,,,12.4,76.25,57.0,5.333333,,
1966-08-09,3.2,,0.0,,,11.6,87.75,76.0,4.0,,
1966-08-10,1.6,,1.5,,,14.5,77.25,56.0,4.0,,
1966-08-11,3.0,,0.0,,,14.8,79.75,62.0,4.666667,,
1966-08-12,2.5,,0.3,,,13.8,78.0,59.0,6.0,,
1966-08-13,3.2,,1.4,,,14.8,92.75,80.0,4.0,,
1966-08-14,0.8,,3.9,,,15.2,86.5,65.0,2.666667,,
1966-08-15,1.8,,1.2,,,15.0,89.0,73.0,4.0,,
1966-08-16,1.7,,0.0,,,12.0,75.5,45.0,2.0,,
1966-08-17,1.0,,0.0,,,13.5,73.5,53.0,6.0,,
1966-08-18,4.4,,0.0,,,12.2,75.25,51.0,4.666667,,
1966-08-19,4.4,,0.0,,,14.5,93.5,85.0,4.0,,
1966-08-20,1.0,,1.8,,,12.8,78.25,52.0,3.333333,,
1966-08-21,1.8,,0.0,,,10.7,76.75,52.0,2.0,,
1966-08-22,6.2,,0.0,,,14.0,82.0,55.0,2.0,,
1966-08-23,6.8,,0.0,,,12.5,74.75,59.0,5.333333,,
1966-08-24,5.3,,0.0,,,13.0,79.0,60.0,2.666667,,
1966-08-25,2.2,,0.0,,,14.0,77.25,56.0,2.0,,
1966-08-26,3.3,,0.0,,,14.0,70.5,53.0,4.0,,
1966-08-27,4.7,,0.0,,,12.8,83.0,69.0,6.666667,,
1966-08-28,3.1,,0.0,,,14.2,87.75,75.0,4.666667,,
1966-08-29,1.3,,0.5,,,14.0,89.0,71.0,4.666667,,
1966-08-30,1.5,,2.0,,,14.5,87.25,70.0,3.333333,,
1966-08-31,1.2,,0.0,,,14.2,73.25,53.0,4.0,,
1966-09-01,3.8,,0.0,,,14.0,83.0,65.0,4.0,,
1966-09-02,2.0,,1.2,,,14.8,83.25,60.0,3.333333,,
1966-09-03,2.3,,0.5,,,14.5,75.5,53.0,4.0,,
1966-09-04,2.7,,0.0,,,14.0,79.75,61.0,4.666667,,
1966-09-05,3.0,,0.4,,,14.4,76.75,55.0,4.666667,,
1966-09-06,3.6,,0.0,,,14.4,73.5,51.0,4.0,,
1966-09-07,4.7,,0.0,,,11.9,75.0,49.0,6.666667,,
1966-09-08,3.3,,0.0,,,13.2,76.5,49.0,4.0,,
1966-09-09,4.6,,0.0,,,13.5,75.0,56.0,4.0,,
1966-09-10,3.3,,1.5,,,14.5,74.25,53.0,2.0,,
1966-09-11,3.2,,0.0,,,14.5,74.25,46.0,4.0,,
1966-09-12,4.1,,0.0,,,15.4,71.25,44.0,4.0,,
1966-09-13,5.2,,0.3,,,14.4,79.0,59.0,4.0,,
1966-09-14,3.7,,0.0,,,12.5,72.25,49.0,4.0,,
1966-09-15,3.6,,0.5,,,15.0,76.0,53.0,2.666667,,
1966-09-16,3.1,,0.0,,,15.4,66.25,43.0,2.0,,
1966-09-17,3.5,,0.0,,,16.6,65.25,43.0,2.666667,,
1966-09-18,4.7,,0.0,,,14.5,82.25,60.0,4.0,,
1966-09-19,0.9,,0.6,,,15.8,94.25,86.0,4.0,,
1966-09-20,0.6,,0.0,,,15.4,89.75,82.0,4.0,,
1966-09-21,1.7,,1.7,,,16.0,83.0,63.0,2.0,,
1966-09-22,2.2,,0.0,,,15.8,70.25,42.0,2.666667,,
1966-09-23,4.1,,0.0,,,16.5,77.25,55.0,4.666667,,
1966-09-24,3.3,,0.2,,,14.6,92.25,86.0,4.666667,,
1966-09-25,0.9,,0.9,,,13.4,91.5,82.0,5.333333,,
1966-09-26,0.9,,0.4,,,13.4,86.5,71.0,3.333333,,
1966-09-27,1.4,,0.0,,,14.0,67.5,46.0,2.666667,,
1966-09-28,3.6,,0.8,,,16.2,81.75,58.0,4.0,,
1966-09-29,3.0,,0.0,,,14.8,69.25,50.0,4.666667,,
1966-09-30,4.7,,0.0,,,15.6,66.75,46.0,5.333333,,
1966-10-01,4.6,,0.0,,,15.2,67.5,51.0,4.666667,,
1966-10-02,5.2,,0.0,,,15.5,60.25,43.0,4.666667,,
1966-10-03,5.0,,0.3,,,15.0,71.5,50.0,3.333333,,
1966-10-04,3.6,,0.0,,,16.0,69.5,43.0,3.333333,,
1966-10-05,3.8,,0.0,,,16.8,61.5,40.0,4.666667,,
1966-10-06,6.5,,0.0,,,15.6,61.75,37.0,2.0,,
1966-10-07,5.0,,0.0,,,16.0,53.75,34.0,3.333333,,
1966-10-08,5.5,,0.0,,,16.6,61.5,39.0,2.0,,
1966-10-09,4.8,,0.0,,,16.5,74.0,57.0,2.0,,
1966-10-10,3.4,,0.0,,,15.5,70.25,50.0,2.0,,
1966-10-11,4.1,,0.7,,,16.5,73.75,51.0,3.333333,,
1966-10-12,3.5,,0.0,,,15.5,56.5,36.0,1.333333,,
1966-10-13,5.3,,0.0,,,15.0,61.25,35.0,3.333333,,
1966-10-14,6.4,,0.0,,,16.2,57.0,41.0,4.666667,,
1966-10-15,6.1,,0.0,,,16.2,65.25,46.0,4.666667,,
1966-10-16,6.3,,0.0,,,17.0,76.5,57.0,2.666667,,
1966-10-17,2.0,,0.0,,,16.8,76.0,47.0,2.666667,,
1966-10-18,3.7,,0.0,,,16.8,67.75,47.0,3.333333,,
1966-10-19,4.4,,0.0,,,18.0,64.0,52.0,2.0,,
1966-10-20,3.3,,0.0,,,16.2,58.0,42.0,1.333333,,
1966-10-21,3.1,,47.8,,,17.0,90.0,70.0,4.666667,,
1966-10-22,1.4,,0.0,,,16.2,91.5,83.0,4.0,,
1966-10-23,1.0,,2.0,,,16.0,74.0,58.0,3.333333,,
1966-10-24,3.3,,0.0,,,14.0,61.5,37.0,1.333333,,
1966-10-25,4.9,,0.0,,,18.4,76.5,58.0,1.333333,,
1966-10-26,2.8,,1.0,,,17.0,67.5,50.0,4.0,,
1966-10-27,4.6,,0.0,,,16.4,64.5,41.0,3.0,,
1966-10-28,4.4,,0.0,,,15.8,69.75,48.0,3.333333,,
1966-10-29,4.6,,0.0,,,16.0,66.0,42.0,5.333333,,
1966-10-30,1.8,,2.2,,,16.5,74.25,73.0,4.333333,,
1966-10-31,1.2,,0.0,,,15.8,76.0,59.0,4.0,,
1966-11-01,3.8,,0.0,,,16.5,75.75,60.0,3.333333,,
1966-11-02,3.3,,0.3,,,16.2,76.0,59.0,5.333333,,
1966-11-03,3.5,,0.0,,,16.0,72.0,63.0,3.333333,,
1966-11-04,3.3,,0.0,,,15.6,71.75,65.0,4.0,,
1966-11-05,2.8,,1.1,,,17.2,80.75,62.0,4.0,,
1966-11-06,2.5,,0.6,,,15.8,71.0,52.0,6.0,,
1966-11-07,4.5,,0.0,,,16.0,73.75,52.0,4.666667,,
1966-11-08,4.2,,0.0,,,19.0,70.25,51.0,2.666667,,
1966-11-09,3.7,,0.0,,,17.0,74.0,51.0,3.333333,,
1966-11-10,3.1,,0.0,,,17.2,86.25,72.0,4.0,,
1966-11-11,1.4,,0.0,,,15.8,74.75,50.0,3.333333,,
1966-11-12,2.7,,0.0,,,17.4,74.5,50.0,2.0,,
1966-11-13,3.7,,0.0,,,19.5,64.5,43.0,2.666667,,
1966-11-14,4.7,,0.0,,,16.8,66.75,51.0,3.333333,,
1966-11-15,4.7,,0.0,,,17.0,67.5,45.0,4.333333,,
1966-11-16,3.9,,0.0,,,14.4,67.0,47.0,4.0,,
1966-11-17,5.0,,0.0,,,16.8,71.0,50.0,3.333333,,
1966-11-18,3.8,,0.0,,,17.2,65.75,44.0,2.666667,,
1966-11-19,5.0,,0.0,,,17.8,76.0,49.0,4.666667,,
1966-11-20,7.0,,0.0,,,16.6,70.0,63.0,3.333333,,
1966-11-21,5.8,,0.0,,,15.6,71.5,62.0,4.666667,,
1966-11-22,6.7,,0.0,,,16.0,78.0,70.0,3.333333,,
1966-11-23,4.3,,0.9,,,18.0,89.25,78.0,3.333333,,
1966-11-24,1.0,,7.2,,,17.0,96.0,93.0,4.0,,
1966-11-25,0.8,,0.6,,,16.2,82.5,68.0,2.0,,
1966-11-26,2.8,,0.0,,,15.0,85.25,67.0,3.333333,,
1966-11-27,1.6,,2.2,,,17.6,86.25,80.0,3.333333,,
1966-11-28,2.5,,3.3,,,17.2,91.0,75.0,3.333333,,
1966-11-29,1.1,,10.0,,,16.5,95.5,91.0,1.333333,,
1966-11-30,0.5,,32.1,,,15.5,96.0,95.0,2.0,,
1966-12-01,0.5,,0.0,,,16.2,87.0,73.0,2.666667,,
1966-12-02,2.0,,0.0,,,16.5,81.25,63.0,4.666667,,
1966-12-03,4.8,,0.0,,,16.8,80.25,67.0,2.666667,,
1966-12-04,3.6,,0.0,,,16.0,79.75,68.0,2.333333,,
1966-12-05,4.0,,0.0,,,18.2,82.25,73.0,2.333333,,
1966-12-06,5.7,,0.0,,,19.5,79.75,74.0,2.666667,,
1966-12-07,4.3,,0.0,,,17.0,87.0,72.0,5.333333,,
1966-12-08,5.8,,0.0,,,16.5,91.5,77.0,2.666667,,
1966-12-09,5.0,,0.0,,,15.5,71.5,74.0,2.0,,
1966-12-10,6.0,,0.0,,,17.2,64.25,45.0,1.333333,,
1966-12-11,4.0,,0.0,,,17.5,72.25,50.0,1.333333,,
1966-12-12,2.8,,0.0,,,16.5,81.0,70.0,2.666667,,
1966-12-13,3.0,,0.0,,,17.0,76.25,56.0,2.0,,
1966-12-14,4.0,,0.0,,,17.0,79.0,59.0,2.0,,
1966-12-15,4.2,,0.0,,,18.0,68.75,53.0,1.666667,,
1966-12-16,4.3,,0.0,,,16.5,78.75,66.0,2.0,,
1966-12-17,2.0,,3.1,,,18.2,89.75,85.0,0.666667,,
1966-12-18,2.3,,37.0,,,16.5,90.0,85.0,1.333333,,
1966-12-19,1.0,,0.2,,,16.0,87.75,72.0,2.0,,
1966-12-20,0.1,,16.2,,,16.2,94.5,93.0,2.0,,
1966-12-21,0.4,,5.7,,,17.0,90.25,80.0,2.0,,
1966-12-22,1.3,,0.0,,,17.5,86.75,84.0,3.0,,
1966-12-23,0.7,,1.5,,,17.0,80.0,62.0,2.333333,,
1966-12-24,3.4,,0.0,,,17.0,85.0,69.0,2.333333,,
1966-12-25,1.6,,11.5,,,18.0,85.5,83.0,2.0,,
1966-12-26,2.0,,8.4,,,18.0,92.75,88.0,2.333333,,
1966-12-27,1.2,,25.2,,,16.5,81.75,65.0,2.333333,,
1966-12-28,6.0,,0.4,,,18.2,82.75,63.0,2.0,,
1966-12-29,5.3,,0.0,,,17.5,86.0,65.0,2.0,,
1966-12-30,2.0,,0.0,,,15.0,72.5,46.0,2.0,,
1966-12-31,2.6,,0.0,,,16.0,73.0,48.0,2.333333,,
1967-01-01,5.0,,0.0,,,15.6,69.75,53.0,4.666667,,
1967-01-02,4.4,,0.0,,,16.2,73.25,51.0,4.0,,
1967-01-03,4.4,,0.0,,,16.4,77.5,58.0,4.0,,
1967-01-04,3.7,,0.0,,,15.8,75.0,56.0,3.333333,,
1967-01-05,3.7,,0.0,,,15.6,68.25,54.0,2.666667,,
1967-01-06,4.0,,0.0,,,16.5,73.5,52.0,2.666667,,
1967-01-07,3.8,,0.0,,,16.5,73.75,60.0,4.666667,,
1967-01-08,4.4,,0.0,,,15.5,70.5,51.0,5.333333,,
1967-01-09,5.0,,0.0,,,16.6,68.0,46.0,4.666667,,
1967-01-10,5.1,,0.0,,,16.5,67.25,46.0,2.666667,,
1967-01-11,5.0,,0.0,,,18.0,74.5,54.0,4.666667,,
1967-01-12,4.2,,0.0,,,17.8,76.75,59.0,3.333333,,
1967-01-13,3.9,,0.0,,,17.0,68.5,52.0,3.333333,,
1967-01-14,4.4,,0.0,,,18.0,71.0,52.0,2.0,,
1967-01-15,4.0,,0.0,,,16.2,69.0,50.0,1.0,,
1967-01-16,4.4,,0.0,,,19.0,76.5,67.0,4.666667,,
1967-01-17,3.3,,32.9,,,17.0,84.25,74.0,1.333333,,
1967-01-18,1.8,,3.4,,,18.6,85.75,66.0,2.0,,
1967-01-19,2.0,,0.0,,,17.4,70.5,48.0,2.666667,,
1967-01-20,4.7,,0.0,,,15.8,69.25,47.0,2.666667,,
1967-01-21,5.3,,0.0,,,17.2,74.25,56.0,3.333333,,
1967-01-22,3.5,,0.0,,,17.6,72.5,50.0,4.0,,
1967-01-23,4.7,,0.0,,,16.0,68.0,50.0,1.333333,,
1967-01-24,6.1,,0.0,,,16.5,70.75,51.0,2.0,,
1967-01-25,4.3,,0.0,,,16.6,69.25,47.0,3.333333,,
1967-01-26,4.8,,0.0,,,17.5,68.5,51.0,2.666667,,
1967-01-27,5.4,,0.0,,,17.2,65.75,49.0,2.666667,,
1967-01-28,4.6,,0.0,,,17.2,75.25,52.0,2.666667,,
1967-01-29,2.8,,10.7,,,18.0,79.25,68.0,2.666667,,
1967-01-30,3.2,,0.0,,,18.4,82.25,67.0,2.666667,,
1967-01-31,2.5,,0.0,,,18.0,68.5,56.0,4.0,,
1967-02-01,5.3,,0.0,,,16.4,63.75,50.0,2.666667,,
1967-02-02,7.2,,0.0,,,17.4,67.25,49.0,2.0,,
1967-02-03,2.6,,0.0,,,16.5,67.0,50.0,3.333333,,
1967-02-04,3.7,,0.0,,,16.8,65.75,46.0,2.0,,
1967-02-05,5.1,,0.0,,,16.8,63.0,43.0,4.0,,
1967-02-06,6.5,,0.0,,,18.2,78.25,58.0,4.666667,,
1967-02-07,4.0,,0.0,,,17.8,74.5,49.0,3.333333,,
1967-02-08,4.8,,0.0,,,18.0,68.5,52.0,2.0,,
1967-02-09,0.5,,0.0,,,18.2,79.0,54.0,3.333333,,
1967-02-10,3.1,,0.0,,,17.5,68.75,51.0,2.666667,,
1967-02-11,4.6,,0.0,,,18.6,68.25,43.0,2.0,,
1967-02-12,4.8,,0.0,,,15.5,58.75,41.0,0.666667,,
1967-02-13,4.4,,0.0,,,15.0,60.0,38.0,2.0,,
1967-02-14,5.3,,0.0,,,18.0,77.5,61.0,2.666667,,
1967-02-15,2.4,,1.8,,,18.2,76.5,65.0,4.0,,
1967-02-16,2.0,,15.2,,,17.5,88.25,76.0,2.0,,
1967-02-17,1.1,,1.0,,,17.6,79.75,60.0,2.666667,,
1967-02-18,3.4,,0.0,,,19.0,84.25,78.0,3.333333,,
1967-02-19,3.3,,4.4,,,16.0,86.25,75.0,3.333333,,
1967-02-20,1.4,,3.5,,,17.0,80.25,60.0,4.0,,
1967-02-21,3.4,,0.5,,,17.4,81.75,61.0,4.0,,
1967-02-22,2.4,,0.8,,,17.2,89.0,83.0,2.666667,,
1967-02-23,1.3,,1.7,,,17.2,84.75,70.0,4.0,,
1967-02-24,3.5,,0.6,,,17.0,69.5,52.0,3.333333,,
1967-02-25,0.6,,0.0,,,17.5,82.75,70.0,4.0,,
1967-02-26,1.6,,0.0,,,17.5,76.5,64.0,3.333333,,
1967-02-27,3.7,,0.0,,,17.4,72.0,54.0,4.666667,,
1967-02-28,5.5,,0.0,,,16.8,70.0,48.0,3.333333,,
1967-03-01,5.0,,0.0,,,17.8,69.75,49.0,4.0,,
1967-03-02,5.0,,0.0,,,17.0,62.75,44.0,3.333333,,
1967-03-03,4.9,,0.0,,,17.5,75.5,60.0,6.666667,,
1967-03-04,5.2,,0.0,,,16.0,56.75,34.0,3.333333,,
1967-03-05,6.7,,0.0,,,16.8,61.5,39.0,2.0,,
1967-03-06,3.9,,0.0,,,16.0,65.0,42.0,0.666667,,
1967-03-07,4.9,,0.0,,,18.2,76.0,59.0,2.0,,
1967-03-08,3.3,,0.0,,,18.0,68.0,60.0,2.0,,
1967-03-09,4.1,,0.0,,,17.4,62.5,41.0,2.666667,,
1967-03-10,5.3,,0.0,,,17.8,66.75,40.0,4.0,,
1967-03-11,5.6,,0.0,,,17.5,61.75,50.0,4.0,,
1967-03-12,6.7,,0.0,,,18.2,78.5,56.0,5.333333,,
1967-03-13,4.8,,0.0,,,17.4,78.25,58.0,4.0,,
1967-03-14,3.8,,0.0,,,17.5,64.0,44.0,3.333333,,
1967-03-15,5.6,,0.0,,,18.0,69.5,49.0,1.333333,,
1967-03-16,3.3,,0.0,,,17.5,62.0,47.0,2.333333,,
1967-03-17,4.8,,0.0,,,18.0,67.0,53.0,4.0,,
1967-03-18,4.3,,0.0,,,17.6,75.25,54.0,3.333333,,
1967-03-19,4.1,,1.8,,,18.0,80.0,52.0,3.666667,,
1967-03-20,1.5,,2.6,,,17.8,84.5,58.0,2.666667,,
1967-03-21,1.6,,47.6,,,16.4,91.25,84.0,0.666667,,
1967-03-22,0.5,,4.4,,,16.4,83.5,63.0,3.333333,,
1967-03-23,1.8,,0.0,,,17.6,79.0,61.0,4.0,,
1967-03-24,4.3,,0.0,,,18.0,77.0,54.0,4.0,,
1967-03-25,3.3,,0.5,,,17.4,83.5,66.0,3.333333,,
1967-03-26,2.2,,0.0,,,17.5,85.5,79.0,2.0,,
1967-03-27,2.2,,1.0,,,17.2,85.5,61.0,4.666667,,
1967-03-28,2.8,,2.3,,,17.5,83.75,64.0,3.333333,,
1967-03-29,1.6,,0.0,,,17.4,81.5,62.0,5.333333,,
1967-03-30,2.9,,0.0,,,17.5,86.25,87.0,3.333333,,
1967-03-31,2.8,,0.9,,,16.5,75.25,56.0,4.666667,,
1967-04-01,7.2,,1.1,,,17.4,88.75,74.0,4.0,,
1967-04-02,1.7,,1.4,,,16.8,79.25,54.0,3.333333,,
1967-04-03,2.7,,0.8,,,18.0,81.75,69.0,4.0,,
1967-04-04,1.9,,0.9,,,17.5,80.75,59.0,2.0,,
1967-04-05,3.1,,0.0,,,17.0,68.25,50.0,3.333333,,
1967-04-06,3.4,,0.0,,,17.2,73.5,54.0,2.666667,,
1967-04-07,3.1,,0.0,,,17.8,81.5,63.0,2.666667,,
1967-04-08,2.3,,0.0,,,17.5,82.25,68.0,3.333333,,
1967-04-09,3.2,,0.0,,,18.1,80.5,63.0,4.0,,
1967-04-10,2.8,,2.5,,,17.2,87.25,78.0,4.0,,
1967-04-11,1.9,,0.0,,,17.0,81.0,59.0,2.666667,,
1967-04-12,2.5,,0.0,,,16.5,80.0,62.0,2.666667,,
1967-04-13,2.5,,0.0,,,16.0,77.75,56.0,1.333333,,
1967-04-14,1.5,,0.0,,,16.2,76.75,68.0,1.333333,,
1967-04-15,2.8,,0.0,,,17.0,71.0,52.0,2.0,,
1967-04-16,4.0,,0.0,,,18.5,71.25,55.0,2.666667,,
1967-04-17,2.7,,0.4,,,18.4,79.25,57.0,4.0,,
1967-04-18,2.8,,0.5,,,17.8,82.5,67.0,2.666667,,
1967-04-19,1.4,,3.6,,,17.8,86.25,60.0,2.0,,
1967-04-20,1.1,,68.9,,,17.8,87.5,75.0,4.333333,,
1967-04-21,2.0,,0.6,,,17.5,87.25,86.0,3.333333,,
1967-04-22,1.9,,0.6,,,17.6,79.25,58.0,2.333333,,
1967-04-23,1.1,,0.0,,,15.5,79.5,61.0,2.0,,
1967-04-24,2.2,,0.0,,,15.6,78.0,53.0,1.666667,,
1967-04-25,3.0,,0.0,,,15.8,73.75,61.0,3.0,,
1967-04-26,3.3,,0.0,,,17.8,79.25,59.0,,,
1967-04-27,2.8,,1.0,,,16.5,82.0,53.0,,,
1967-04-28,2.0,,1.5,,,16.5,92.25,88.0,,,
1967-04-29,,,6.5,,,,,93.0,,,
1967-04-30,,,,,,,,,,,
1967-05-01,,,,,,,,,,,
1967-05-02,,,,,,,,,,,
1967-05-03,,,,,,,,,,,
1967-05-04,,,,,,,,,,,
1967-05-05,,,,,,,,,,,
1967-05-06,,,,,,,,,,,
1967-05-07,,,,,,,,,,,
1967-05-08,,,,,,,,,,,
1967-05-09,,,,,,,,,,,
1967-05-10,,,,,,,,,,,
1967-05-11,,,,,,,,,,,
1967-05-12,,,,,,,,,,,
1967-05-13,,,,,,,,,,,
1967-05-14,,,,,,,,,,,
1967-05-15,,,,,,,,,,,
1967-05-16,2.6,,,24.8,19.7,17.2,84.75,62.0,4.333333,,2.66378520381
1967-05-17,2.6,,0.0,25.2,19.3,16.8,79.5,61.0,4.666667,,3.02882743818
1967-05-18,3.7,,0.0,25.8,18.82,15.2,75.75,53.0,3.666667,,3.24617731056
1967-05-19,3.4,,0.0,26.2,18.78,14.6,77.0,54.0,4.333333,,3.33836655277
1967-05-20,3.1,,0.0,25.6,18.42,15.0,85.25,72.0,3.0,,2.78878813198
1967-05-21,1.7,,0.3,25.6,20.34,14.6,77.25,62.0,2.333333,,2.99089796958
1967-05-22,3.7,,2.1,25.2,19.7,17.6,83.0,65.0,4.333333,,2.74105421412
1967-05-23,2.8,,0.0,24.2,19.3,16.8,81.5,65.0,3.666667,,2.65925401287
1967-05-24,3.4,,0.0,25.1,19.52,17.4,79.75,59.0,5.666667,,3.01123924311
1967-05-25,4.5,,0.0,24.6,18.78,15.8,78.0,59.0,5.0,,3.04296919596
1967-05-26,4.5,,0.0,24.4,18.74,14.0,77.5,59.0,6.0,,3.18358348382
1967-05-27,4.6,,0.6,23.8,18.82,16.4,82.5,67.0,5.666667,,2.68938027055
1967-05-28,3.0,,0.9,22.8,18.34,15.6,83.75,68.0,3.333333,,2.39381658339
1967-05-29,4.1,,0.0,22.4,18.58,15.2,87.75,78.0,5.0,,2.23163035613
1967-05-30,2.1,,0.2,23.0,17.9,16.0,84.5,65.0,5.0,,2.43824085799
1967-05-31,2.6,,0.4,25.2,19.02,15.0,82.25,62.0,5.0,,2.88302391602
1967-06-01,4.0,,0.0,23.6,18.82,15.8,78.0,65.0,6.0,,2.9633268089
1967-06-02,4.1,,0.0,24.8,18.54,15.6,79.5,57.0,4.0,,2.85933554606
1967-06-03,4.5,,0.4,22.8,16.64,14.3,89.25,70.0,4.0,,2.22273743241
1967-06-04,2.8,,0.0,22.0,15.94,12.8,83.0,67.0,3.0,,2.40539940622
1967-06-05,3.5,,1.2,24.8,18.38,12.6,82.0,59.0,7.0,,2.97596101855
1967-06-06,3.9,,2.6,27.2,17.88,14.5,80.0,47.0,2.666667,,3.04968212021
1967-06-07,2.6,,0.0,27.2,18.18,11.8,81.75,56.0,4.0,,3.1653908744
1967-06-08,3.7,,0.0,26.6,18.18,14.4,80.75,56.0,3.333333,,3.00075621806
1967-06-09,3.2,,0.0,27.8,19.62,13.2,75.75,50.0,2.666667,,3.29031110468
1967-06-10,5.0,,0.0,24.6,19.22,15.8,74.5,59.0,5.0,,3.15945013267
1967-06-11,4.5,,0.0,26.6,19.9,15.8,77.5,57.0,6.666667,,3.42775139088
1967-06-12,5.2,,0.0,22.4,18.54,14.8,91.5,81.0,5.666667,,1.99089526013
1967-06-13,1.5,,4.0,24.2,19.62,16.4,78.5,67.0,4.0,,2.75021009416
1967-06-14,3.8,,0.0,24.8,19.86,15.8,80.0,61.0,6.333333,,2.97904243963
1967-06-15,4.4,,8.5,20.0,17.14,15.8,88.75,86.0,7.333333,,1.83122343494
1967-06-16,1.7,,4.3,18.6,16.74,14.8,93.5,86.0,7.333333,,1.40553173575
1967-06-17,0.7,,3.2,22.8,18.02,15.4,80.0,61.0,8.0,,2.83853215334
1967-06-18,2.5,,1.5,20.0,17.5,15.4,95.5,84.0,8.666667,,1.35694759452
1967-06-19,0.7,,2.5,18.8,16.94,14.6,94.5,95.0,7.0,,1.38002271004
1967-06-20,1.1,,5.5,22.6,17.7,14.4,83.0,63.0,8.0,,2.61056579095
1967-06-21,4.3,,0.0,23.0,18.7,15.0,80.5,63.0,5.666667,,2.68732732445
1967-06-22,3.7,,0.7,19.0,17.1,15.4,94.5,89.0,7.0,,1.3503935019
1967-06-23,0.8,,8.0,18.6,16.62,14.8,87.5,86.0,6.333333,,1.77563202718
1967-06-24,1.5,,1.5,20.8,17.1,14.0,90.25,78.0,6.666667,,1.90067088766
1967-06-25,1.9,,2.7,20.0,17.34,14.8,81.0,76.0,6.666667,,2.35905146541
1967-06-26,2.5,,1.2,19.0,15.9,13.4,93.75,82.0,6.666667,,1.51977116105
1967-06-27,1.3,,4.3,19.4,16.1,13.8,89.75,74.0,9.333333,,1.78931213846
1967-06-28,1.7,,1.6,19.0,16.22,12.8,91.25,85.0,7.333333,,1.68902759275
1967-06-29,1.4,,1.4,20.8,16.74,13.8,85.5,76.0,7.333333,,2.2255542776
1967-06-30,1.5,,0.3,22.4,18.22,14.2,81.0,68.0,5.333333,,2.59562757155
1967-07-01,2.8,,0.0,22.6,17.98,14.8,88.25,78.0,5.333333,,2.19873296583
1967-07-02,1.8,,0.7,23.0,17.98,15.8,86.0,67.0,4.666667,,2.31070663318
1967-07-03,2.6,,0.0,20.8,17.9,15.4,89.0,78.0,7.666667,,1.93826606489
1967-07-04,1.4,,1.9,21.8,17.34,14.8,86.75,70.0,8.666667,,2.2547531866
1967-07-05,2.3,,0.6,19.4,17.06,14.6,87.25,80.0,5.333333,,1.88945387359
1967-07-06,1.1,,2.1,18.0,15.82,13.6,93.5,87.0,6.666667,,1.43127031745
1967-07-07,0.8,,5.5,18.6,16.1,14.0,92.75,90.0,6.333333,,1.5278513011
1967-07-08,0.8,,5.1,20.4,16.54,14.2,87.25,74.0,7.666667,,2.07249699968
1967-07-09,2.3,,0.6,21.0,15.64,13.3,84.5,64.0,4.0,,2.24885825278
1967-07-10,2.3,,0.0,22.8,16.02,12.2,82.0,56.0,3.333333,,2.57637290323
1967-07-11,2.9,,0.9,22.0,16.74,11.8,88.75,68.0,5.333333,,2.23734786911
1967-07-12,1.9,,1.4,21.2,17.1,14.4,89.0,75.0,6.0,,2.04348435086
1967-07-13,2.1,,0.0,22.2,16.98,12.2,85.25,67.0,4.0,,2.41801741163
1967-07-14,3.6,,0.0,21.6,14.8,12.1,86.0,62.0,3.0,,2.31010101517
1967-07-15,2.6,,0.3,23.6,15.26,8.8,76.5,51.0,2.0,,2.85563117759
1967-07-16,2.9,,0.0,28.2,16.1,7.4,74.25,34.0,0.666667,,3.29610457576
1967-07-17,4.0,,0.0,24.4,17.42,9.4,82.25,58.0,5.666667,,2.95523325785
1967-07-18,3.5,,1.4,21.0,16.78,15.0,86.75,70.0,6.0,,2.14958893345
1967-07-19,2.8,,0.0,19.4,15.06,13.2,80.75,69.0,9.333333,,2.52926620145
1967-07-20,3.4,,0.0,20.0,14.86,11.4,84.25,58.0,8.0,,2.35150140702
1967-07-21,3.3,,3.3,19.6,14.62,12.6,85.5,69.0,4.333333,,2.13585754897
1967-07-22,2.3,,0.0,22.4,15.02,12.6,79.25,51.0,2.666667,,2.62959097142
1967-07-23,2.7,,0.0,23.0,15.3,9.8,81.0,55.0,2.666667,,2.76318824611
1967-07-24,3.3,,0.0,21.2,17.14,11.6,78.5,55.0,9.333333,,2.95890722577
1967-07-25,4.5,,0.7,21.4,17.38,13.4,85.0,65.0,6.666667,,2.41836081599
1967-07-26,2.4,,3.5,22.8,17.86,13.8,84.5,60.0,6.0,,2.60037771898
1967-07-27,3.1,,0.9,21.8,17.38,14.2,84.0,70.0,7.0,,2.5259958289
1967-07-28,2.3,,1.9,22.0,17.74,13.8,82.25,61.0,7.333333,,2.69788041039
1967-07-29,4.5,,0.0,20.8,17.14,13.6,80.5,66.0,7.333333,,2.67420158033
1967-07-30,2.4,,0.0,21.0,16.62,13.2,95.0,84.0,5.333333,,1.85013823031
1967-07-31,1.1,,4.1,21.6,17.22,14.4,82.0,68.0,6.0,,2.60664235106
1967-08-01,4.0,,0.0,24.0,17.42,13.0,73.5,50.0,6.0,,3.4900364978
1967-08-02,5.3,,0.0,22.0,17.22,12.8,81.75,73.0,6.0,,2.74288119445
1967-08-03,2.3,,1.7,21.2,16.94,13.2,71.5,71.0,8.0,,3.42789946203
1967-08-04,2.7,,0.0,22.6,15.98,10.0,78.75,60.0,6.0,,3.07218842251
1967-08-05,4.8,,0.0,21.8,17.06,13.0,81.75,71.0,5.333333,,2.70750577928
1967-08-06,3.3,,1.8,22.8,17.66,13.8,79.0,62.0,10.666667,,3.24113097161
1967-08-07,3.5,,1.6,22.8,16.46,13.4,79.5,51.0,8.666667,,3.13098165594
1967-08-08,3.2,,0.0,22.8,16.66,11.8,77.0,55.0,8.0,,3.31611609715
1967-08-09,4.6,,0.7,21.0,16.38,12.4,86.0,74.0,9.333333,,2.44900573393
1967-08-10,3.0,,0.6,20.4,16.66,13.6,82.5,78.0,6.666667,,2.54280199578
1967-08-11,2.7,,0.8,22.8,16.74,13.8,85.75,73.0,6.666667,,2.65399604928
1967-08-12,3.7,,0.0,21.8,14.24,11.1,84.5,73.0,4.666667,,2.68059286132
1967-08-13,3.5,,0.4,24.8,17.14,10.6,80.0,59.0,4.0,,3.29390185052
1967-08-14,2.6,,0.0,24.8,18.66,14.8,81.25,59.0,4.666667,,3.12720357013
1967-08-15,3.7,,0.0,25.2,19.1,14.6,76.5,62.0,4.666667,,3.44969271719
1967-08-16,4.3,,0.0,24.0,17.66,13.2,80.25,63.0,9.333333,,3.336307129
1967-08-17,4.9,,0.0,24.8,17.74,14.0,71.75,53.0,4.666667,,3.67523435173
1967-08-18,4.3,,0.0,18.0,15.16,13.7,85.5,74.0,4.666667,,2.03706242337
1967-08-19,3.6,,0.3,23.0,17.26,13.4,77.5,57.0,6.333333,,3.27643857588
1967-08-20,4.4,,5.0,20.8,17.1,13.6,90.75,81.0,4.0,,2.22947985982
1967-08-21,1.4,,0.2,22.0,16.22,13.2,88.25,73.0,3.333333,,2.5503104668
1967-08-22,3.2,,0.0,23.6,15.8,12.5,79.75,54.0,3.0,,3.11818438667
1967-08-23,4.1,,0.0,21.6,16.38,12.0,83.0,74.0,4.0,,2.78368851775
1967-08-24,3.0,,0.0,23.0,16.78,12.8,78.75,60.0,4.0,,3.13699859392
1967-08-25,3.5,,0.0,24.8,17.94,12.8,78.0,61.0,3.333333,,3.40041512911
1967-08-26,5.8,,3.4,22.0,16.38,13.2,85.0,63.0,4.666667,,2.72908800189
1967-08-27,2.5,,1.2,21.2,16.3,12.4,75.0,59.0,4.666667,,3.13750200494
1967-08-28,3.9,,0.0,22.8,17.1,13.6,85.0,68.0,5.333333,,2.84752244687
1967-08-29,3.1,,2.2,22.4,17.1,13.4,82.5,69.0,3.333333,,2.88850222063
1967-08-30,3.2,,0.0,23.0,17.42,12.6,78.25,66.0,4.666667,,3.26954035604
1967-08-31,5.2,,0.0,23.8,17.82,14.2,77.0,66.0,6.0,,3.48947939951
1967-09-01,,,,,,,,86.0,,,
1967-09-02,,,,,,,,,,,
1967-09-03,,,,,,,,,,,
1967-09-04,,,,,,,,,,,
1967-09-05,,,,,,,,,,,
1967-09-06,,,,,,,,,,,
1967-09-07,,,,,,,,,,,
1967-09-08,,,,,,,,,,,
1967-09-09,,,,,,,,,,,
1967-09-10,,,,,,,,,,,
1967-09-11,,,,,,,,,,,
1967-09-12,,,,,,,,,,,
1967-09-13,,,,,,,,,,,
1967-09-14,,,,,,,,,,,
1967-09-15,,,,,,,,,,,
1967-09-16,,,,,,,,,,,
1967-09-17,,,,,,,,,,,
1967-09-18,,,,,,,,,,,
1967-09-19,,,,,,,,,,,
1967-09-20,,,,,,,,,,,
1967-09-21,,,,,,,,,,,
1967-09-22,,,,,,,,,,,
1967-09-23,,,,,,,,,,,
1967-09-24,,,,,,,,,,,
1967-09-25,,,,,,,,,,,
1967-09-26,,,,,,,,,,,
1967-09-27,,,,,,,,,,,
1967-09-28,,,,,,,,,,,
1967-09-29,,,,,,,,,,,
1967-09-30,,,,,,,,,,,
1967-10-01,,,,,,,,,,,
1967-10-02,,,,,,,,,,,
1967-10-03,,,,,,,,,,,
1967-10-04,,,,,,,,,,,
1967-10-05,,,,,,,,,,,
1967-10-06,,,,,,,,,,,
1967-10-07,,,,,,,,,,,
1967-10-08,,,,,,,,,,,
1967-10-09,,,,,,,,,,,
1967-10-10,,,,,,,,,,,
1967-10-11,,,,,,,,,,,
1967-10-12,,,,,,,,,,,
1967-10-13,,,,,,,,,,,
1967-10-14,,,,,,,,,,,
1967-10-15,,,,,,,,,,,
1967-10-16,,,,,,,,,,,
1967-10-17,,,,,,,,,,,
1967-10-18,,,,,,,,,,,
1967-10-19,,,,,,,,,,,
1967-10-20,,,,,,,,,,,
1967-10-21,,,,,,,,,,,
1967-10-22,,,,,,,,,,,
1967-10-23,,,,,,,,,,,
1967-10-24,,,,,,,,,,,
1967-10-25,,,,,,,,,,,
1967-10-26,,,,,,,,,,,
1967-10-27,,,,,,,,,,,
1967-10-28,,,,,,,,,,,
1967-10-29,,,,,,,,,,,
1967-10-30,,,,,,,,,,,
1967-10-31,,,,,,,,,,,
1967-11-01,,,,,,,,,,,
1967-11-02,,,,,,,,,,,
1967-11-03,,,,,,,,,,,
1967-11-04,,,,,,,,,,,
1967-11-05,,,,,,,,,,,
1967-11-06,,,,,,,,,,,
1967-11-07,,,,,,,,,,,
1967-11-08,,,,,,,,,,,
1967-11-09,,,,,,,,,,,
1967-11-10,,,,,,,,,,,
1967-11-11,,,,,,,,,,,
1967-11-12,,,,,,,,,,,
1967-11-13,,,,,,,,,,,
1967-11-14,,,,,,,,,,,
1967-11-15,,,,,,,,,,,
1967-11-16,,,,,,,,,,,
1967-11-17,,,,,,,,,,,
1967-11-18,,,,,,,,,,,
1967-11-19,,,,,,,,,,,
1967-11-20,,,,,,,,,,,
1967-11-21,,,,,,,,,,,
1967-11-22,,,,,,,,,,,
1967-11-23,,,,,,,,,,,
1967-11-24,,,,,,,,,,,
1967-11-25,,,,,,,,,,,
1967-11-26,,,,,,,,,,,
1967-11-27,,,,,,,,,,,
1967-11-28,,,,,,,,,,,
1967-11-29,,,,,,,,,,,
1967-11-30,,,,,,,,,,,
1967-12-01,,,,,,,,,,,
1967-12-02,,,,,,,,,,,
1967-12-03,,,,,,,,,,,
1967-12-04,,,,,,,,,,,
1967-12-05,,,,,,,,,,,
1967-12-06,,,,,,,,,,,
1967-12-07,,,,,,,,,,,
1967-12-08,,,,,,,,,,,
1967-12-09,,,,,,,,,,,
1967-12-10,,,,,,,,,,,
1967-12-11,,,,,,,,,,,
1967-12-12,,,,,,,,,,,
1967-12-13,,,,,,,,,,,
1967-12-14,,,,,,,,,,,
1967-12-15,,,,,,,,,,,
1967-12-16,,,,,,,,,,,
1967-12-17,,,,,,,,,,,
1967-12-18,,,,,,,,,,,
1967-12-19,,,,,,,,,,,
1967-12-20,,,,,,,,,,,
1967-12-21,,,,,,,,,,,
1967-12-22,,,,,,,,,,,
1967-12-23,,,,,,,,,,,
1967-12-24,,,,,,,,,,,
1967-12-25,,,,,,,,,,,
1967-12-26,,,,,,,,,,,
1967-12-27,,,,,,,,,,,
1967-12-28,,,,,,,,,,,
1967-12-29,,,,,,,,,,,
1967-12-30,,,,,,,,,,,
1967-12-31,,,,,,,,,,,
1968-01-01,,,,,,,,,,,
1968-01-02,,,,,,,,,,,
1968-01-03,,,,,,,,,,,
1968-01-04,,,,,,,,,,,
1968-01-05,,,,,,,,,,,
1968-01-06,,,,,,,,,,,
1968-01-07,,,,,,,,,,,
1968-01-08,,,,,,,,,,,
1968-01-09,,,,,,,,,,,
1968-01-10,2.0,,,26.4,20.38,17.2,75.25,58.0,3.333333,,4.09485099935
1968-01-11,3.7,,0.0,25.6,18.26,15.4,82.25,64.0,2.666667,,3.81087084748
1968-01-12,4.7,,0.0,26.2,20.42,15.6,76.5,57.0,6.0,,4.32134856326
1968-01-13,4.3,,0.0,25.8,20.14,16.6,72.0,60.0,4.0,,4.2438770849
1968-01-14,4.6,,0.0,26.2,20.38,16.6,69.5,58.0,3.333333,,4.33352563687
1968-01-15,5.9,,0.0,26.0,20.62,17.0,74.5,64.0,4.0,,4.13510567979
1968-01-16,4.8,,0.0,26.4,18.58,15.2,77.25,57.0,3.333333,,4.18395883572
1968-01-17,5.5,,0.0,27.4,19.02,15.0,80.5,57.0,3.0,,4.2586302096
1968-01-18,3.6,,0.0,26.6,18.1,14.6,79.0,60.0,3.333333,,4.1987007755
1968-01-19,3.8,,0.0,25.6,18.42,14.4,75.0,62.0,2.0,,4.05394559177
1968-01-20,0.5,,0.0,26.2,18.58,14.8,76.5,58.0,3.333333,,4.20279851177
1968-01-21,4.9,,0.0,27.0,19.3,15.0,77.5,59.0,3.666667,,4.32416363563
1968-01-22,5.0,,0.0,26.8,20.74,15.6,71.75,55.0,4.0,,4.52794572475
1968-01-23,5.3,,0.0,26.6,20.42,17.4,76.0,57.0,7.0,,4.39317402963
1968-01-24,4.2,,0.0,25.2,19.82,17.0,81.0,56.0,5.333333,,3.71786212515
1968-01-25,4.6,,0.4,21.8,19.1,16.8,84.75,83.0,6.666667,,2.85875999169
1968-01-26,2.1,,1.1,25.0,19.7,16.4,83.0,66.0,6.666667,,3.62402244332
1968-01-27,2.8,,5.0,20.2,18.5,16.0,93.5,89.0,3.333333,,2.23222744338
1968-01-28,0.5,,12.1,20.8,18.18,15.0,93.75,84.0,5.333333,,2.34014806496
1968-01-29,1.3,,0.9,24.0,19.54,14.8,86.5,75.0,3.333333,,3.3953328323
1968-01-30,2.0,,0.7,25.6,19.94,15.0,87.0,77.0,4.666667,,3.60722653411
1968-01-31,2.0,,1.2,24.8,19.9,15.0,89.25,80.0,4.0,,3.38039720221
1968-02-01,2.0,,0.7,27.0,19.98,15.2,88.75,66.0,3.333333,,3.84077894425
1968-02-02,3.0,,0.0,25.0,18.82,16.0,86.0,72.0,4.666667,,3.46769510205
1968-02-03,2.5,,45.6,23.0,18.5,15.8,88.75,78.0,4.666667,,2.96307094056
1968-02-04,1.9,,3.6,23.6,18.46,15.0,87.25,76.0,5.333333,,3.20037950162
1968-02-05,2.2,,0.0,23.2,18.94,15.0,85.5,73.0,3.333333,,3.25419971091
1968-02-06,2.4,,2.6,24.4,19.5,14.8,86.25,79.0,5.0,,3.42131038499
1968-02-07,2.6,,2.9,21.0,19.42,16.8,92.25,89.0,2.666667,,2.35624257981
1968-02-08,0.6,,34.7,22.8,19.86,16.8,86.25,80.0,4.0,,2.94409730925
1968-02-09,1.3,,0.3,25.0,19.5,14.8,84.75,72.0,5.333333,,3.60176070257
1968-02-10,3.1,,0.0,23.6,19.38,16.6,83.25,68.0,5.333333,,3.2876196666
1968-02-11,3.6,,4.2,25.8,20.3,17.2,83.25,66.0,4.0,,3.63883085269
1968-02-12,3.3,,1.1,26.4,20.34,16.0,83.25,63.0,4.0,,3.85615261929
1968-02-13,4.0,,0.0,25.8,20.38,16.2,82.25,65.0,5.333333,,3.79258492289
1968-02-14,4.0,,0.0,26.0,21.18,17.4,80.0,66.0,2.666667,,3.72724695594
1968-02-15,3.7,,0.0,25.0,20.5,17.0,78.5,69.0,4.0,,3.70901073016
1968-02-16,3.3,,0.0,26.8,20.34,15.8,81.0,70.0,3.333333,,4.02099941738
1968-02-17,3.2,,0.0,26.8,20.62,15.6,82.0,66.0,4.0,,4.00454716926
1968-02-18,3.8,,0.0,27.4,21.42,16.4,75.0,57.0,4.666667,,4.44961665242
1968-02-19,4.0,,0.0,27.0,21.78,18.2,78.25,63.0,2.666667,,3.8873333283
1968-02-20,2.8,,0.0,22.6,19.34,17.2,88.5,82.0,4.0,,2.72339943669
1968-02-21,0.5,,18.1,23.0,19.82,16.6,93.75,87.0,2.0,,2.80283628253
1968-02-22,1.0,,2.9,25.0,20.46,16.2,90.25,80.0,2.0,,3.34193545882
1968-02-23,1.1,,0.6,26.6,21.02,16.0,86.75,72.0,3.333333,,3.71020890044
1968-02-24,2.2,,3.1,26.8,21.86,18.2,79.75,70.0,4.666667,,3.91016458356
1968-02-25,2.8,,0.0,27.6,22.22,18.0,73.5,60.0,3.666667,,4.29900511604
1968-02-26,3.8,,0.0,26.0,20.78,17.2,81.0,63.0,3.333333,,3.6996433671
1968-02-27,2.8,,0.0,26.8,21.7,16.0,77.0,70.0,4.0,,4.16217763226
1968-02-28,2.2,,0.0,26.8,22.02,17.8,85.5,72.0,4.0,,3.61010545055
1968-02-29,2.6,9.9,0.0,24.0,21.18,17.0,,89.0,3.0,,3.68896938743
1968-03-01,5.2,,0.8,23.2,20.34,17.0,91.75,82.0,3.333333,,2.71831803094
1968-03-02,2.6,,46.8,20.2,18.38,16.0,95.0,95.0,3.333333,,2.1061134438
1968-03-03,0.6,,13.0,20.6,19.06,15.8,88.0,86.0,2.666667,,2.48842856075
1968-03-04,0.9,,15.0,23.0,18.82,15.0,85.0,73.0,4.0,,3.1345701948
1968-03-05,2.1,,1.5,24.6,19.94,15.8,87.5,77.0,4.0,,3.24013328776
1968-03-06,2.6,,0.9,25.2,20.3,17.4,88.25,66.0,4.0,,3.16580455323
1968-03-07,2.7,,2.8,24.8,20.68,16.8,81.25,70.0,4.0,,3.46644145275
1968-03-08,2.6,,1.1,25.0,19.46,15.8,85.5,69.0,5.666667,,3.37375529088
1968-03-09,3.9,,0.6,25.6,19.42,15.6,82.5,60.0,6.0,,3.67641788351
1968-03-10,4.1,,0.0,25.8,18.94,16.0,84.25,64.0,4.0,,3.56019928822
1968-03-11,3.6,,0.0,25.6,20.06,16.8,82.0,61.0,3.333333,,3.53167806488
1968-03-12,3.1,,0.0,24.8,19.86,17.4,88.0,80.0,5.333333,,3.04205005528
1968-03-13,2.2,,8.5,25.0,19.78,16.0,89.5,81.0,4.666667,,3.1215359714
1968-03-14,2.4,,0.0,24.8,19.5,16.4,89.0,76.0,3.666667,,3.10740484723
1968-03-15,3.0,,0.0,24.8,20.7,16.6,84.5,76.0,4.0,,3.2789157131
1968-03-16,2.9,,0.0,23.8,20.5,16.0,87.5,87.0,3.0,,3.022931313
1968-03-17,1.3,,0.7,26.8,20.94,16.0,86.25,76.0,3.333333,,3.60232749811
1968-03-18,2.5,,0.0,24.6,19.9,16.6,88.75,80.0,4.666667,,3.00465133098
1968-03-19,2.5,,0.9,23.0,18.94,17.4,93.25,86.0,6.0,,2.32746869567
1968-03-20,1.8,,2.3,21.0,18.06,15.0,88.5,87.0,4.666667,,2.51255871041
1968-03-21,1.4,,2.9,22.0,18.54,14.8,89.75,84.0,4.0,,2.65587595433
1968-03-22,1.0,,4.6,24.6,19.58,15.4,87.25,72.0,4.666667,,3.14283300876
1968-03-23,2.6,,0.3,23.0,19.94,16.8,88.5,87.0,6.0,,2.66092806624
1968-03-24,2.0,,5.8,23.2,18.58,15.8,90.5,79.0,6.0,,2.64235773071
1968-03-25,2.3,,0.0,24.8,19.38,15.8,87.0,77.0,5.333333,,3.12705662726
1968-03-26,3.2,,0.0,25.2,19.5,14.8,78.0,70.0,2.666667,,3.58371196516
1968-03-27,4.3,,0.0,25.6,18.78,13.2,81.5,70.0,3.666667,,3.6622463275
1968-03-28,3.8,,0.0,25.6,19.06,13.2,83.25,72.0,2.666667,,3.5750260656
1968-03-29,4.6,,0.0,24.8,18.78,13.8,84.0,72.0,3.333333,,3.37120210235
1968-03-30,3.6,,0.0,24.4,19.82,17.0,86.25,77.0,3.333333,,2.9605063216
1968-03-31,3.4,,0.0,26.2,20.34,17.4,86.75,73.0,2.666667,,3.21913889375
1968-04-01,,,,,,,,91.0,,,
1968-04-02,,,,,,,,,,,
1968-04-03,,,,,,,,,,,
1968-04-04,,,,,,,,,,,
1968-04-05,,,,,,,,,,,
1968-04-06,,,,,,,,,,,
1968-04-07,,,,,,,,,,,
1968-04-08,,,,,,,,,,,
1968-04-09,,,,,,,,,,,
1968-04-10,,,,,,,,,,,
1968-04-11,,,,,,,,,,,
1968-04-12,,,,,,,,,,,
1968-04-13,,,,,,,,,,,
1968-04-14,,,,,,,,,,,
1968-04-15,,,,,,,,,,,
1968-04-16,,,,,,,,,,,
1968-04-17,,,,,,,,,,,
1968-04-18,,,,,,,,,,,
1968-04-19,,,,,,,,,,,
1968-04-20,,,,,,,,,,,
1968-04-21,,,,,,,,,,,
1968-04-22,,,,,,,,,,,
1968-04-23,,,,,,,,,,,
1968-04-24,,,,,,,,,,,
1968-04-25,,,,,,,,,,,
1968-04-26,,,,,,,,,,,
1968-04-27,,,,,,,,,,,
1968-04-28,,,,,,,,,,,
1968-04-29,,,,,,,,,,,
1968-04-30,,,,,,,,,,,
1968-05-01,2.7,,,24.2,19.98,15.0,85.5,75.0,5.0,,2.80274764055
1968-05-02,2.3,,0.0,24.8,19.78,15.6,88.0,79.0,5.333333,,2.71052058048
1968-05-03,3.3,,0.0,19.7,16.24,14.0,93.5,87.0,8.0,,1.71510295072
1968-05-04,2.0,,0.0,21.6,17.5,12.8,86.5,82.0,6.666667,,2.47321772946
1968-05-05,3.2,,0.0,22.2,17.7,15.2,89.5,79.0,4.0,,2.27423836309
1968-05-06,2.5,,0.0,24.6,19.62,15.2,88.0,83.0,5.0,,2.66510783499
1968-05-07,3.8,,0.0,22.0,18.86,15.4,92.25,87.0,4.666667,,2.07301003194
1968-05-08,1.8,,3.4,19.0,17.1,14.6,96.5,95.0,4.0,,1.54651709018
1968-05-09,0.4,,4.1,22.2,18.7,15.2,91.75,84.0,5.333333,,2.10539385116
1968-05-10,1.8,,0.0,23.8,18.66,14.8,79.75,72.0,5.333333,,3.00587356098
1968-05-11,2.5,,0.0,24.4,18.14,14.2,86.5,67.0,3.333333,,2.70294361641
1968-05-12,2.5,,0.0,24.8,20.02,16.0,87.0,80.0,4.0,,2.64097323655
1968-05-13,2.9,,0.0,23.0,19.46,16.8,87.5,81.0,8.666667,,2.38020945514
1968-05-14,4.5,,0.0,20.0,17.82,14.2,93.5,91.0,5.666667,,1.74522981094
1968-05-15,1.6,,2.0,23.9,18.84,15.6,92.25,84.0,5.0,,2.24175967104
1968-05-16,1.8,,0.0,26.0,18.4,15.1,85.5,58.0,3.333333,,2.86733487093
1968-05-17,2.1,,0.0,25.8,19.7,13.4,86.75,79.0,3.333333,,2.85716084094
1968-05-18,2.8,,0.9,21.0,18.38,15.6,91.75,88.0,3.333333,,1.89891248608
1968-05-19,1.6,,0.0,22.2,18.1,14.6,90.75,82.0,4.0,,2.14789532815
1968-05-20,2.2,,0.0,22.8,17.74,15.2,92.0,79.0,5.333333,,2.09203050127
1968-05-21,2.9,,0.0,24.2,18.42,14.6,84.5,77.0,4.333333,,2.68000964583
1968-05-22,3.7,,0.0,23.6,18.82,16.2,90.75,80.0,5.333333,,2.19952429326
1968-05-23,2.7,,0.5,23.0,18.38,14.6,86.75,76.0,5.333333,,2.42025603015
1968-05-24,4.0,,0.0,18.0,15.5,13.0,95.25,91.0,7.333333,,1.37880135622
1968-05-25,1.1,,2.2,18.8,15.86,12.2,92.75,86.0,6.333333,,1.67566396927
1968-05-26,3.0,,0.0,20.4,16.14,11.8,91.5,83.0,7.333333,,1.90175648716
1968-05-27,2.6,,0.0,20.2,16.82,14.0,91.0,81.0,6.0,,1.84831828478
1968-05-28,2.3,,1.1,23.0,18.14,14.8,88.75,76.0,4.666667,,2.27119030918
1968-05-29,2.9,,0.0,24.2,17.14,11.0,78.25,54.0,3.333333,,2.94703889151
1968-05-30,3.5,,0.3,21.4,17.62,16.0,91.5,86.0,4.0,,1.86113348291
1968-05-31,0.9,,8.1,18.4,15.9,14.8,95.5,87.0,4.666667,,1.35640177441
1968-06-01,1.1,,0.0,18.6,16.46,13.8,90.0,91.0,7.333333,,1.71172342781
1968-06-02,1.9,,0.0,18.0,15.58,12.2,91.25,84.0,5.333333,,1.66204287658
1968-06-03,1.9,,2.3,18.0,15.66,13.2,95.0,97.0,6.0,,1.39413487574
1968-06-04,0.6,,1.8,19.6,16.14,12.6,95.5,91.0,6.666667,,1.5322046015
1968-06-05,0.9,,4.7,18.8,16.14,14.0,94.5,91.0,6.0,,1.45900943247
1968-06-06,1.0,,0.3,19.8,16.02,13.6,90.5,83.0,4.666667,,1.82712031782
1968-06-07,2.2,,0.0,21.0,15.9,12.4,91.0,76.0,6.666667,,1.94692136397
1968-06-08,2.2,,0.0,22.2,16.7,12.2,90.75,82.0,4.0,,2.15108390811
1968-06-09,2.5,,0.0,22.4,16.94,14.2,86.25,75.0,4.666667,,2.3008186611
1968-06-10,2.8,,0.0,20.2,16.1,12.2,86.25,79.0,5.333333,,2.13168129617
1968-06-11,2.6,,0.3,19.2,16.06,13.8,91.5,81.0,6.0,,1.67261330385
1968-06-12,1.4,,1.7,19.6,15.74,13.6,86.25,84.0,6.0,,2.02327552497
1968-06-13,2.2,,0.0,21.0,16.58,11.8,83.25,74.0,5.333333,,2.38066681202
1968-06-14,3.8,,0.8,19.0,16.3,13.4,90.5,87.0,4.0,,1.73462724996
1968-06-15,0.7,,6.0,19.2,15.98,14.0,95.0,89.0,4.666667,,1.50497840208
1968-06-16,0.7,,2.1,20.4,13.74,10.6,90.0,80.0,2.666667,,2.0562465259
1968-06-17,2.1,,0.0,21.6,14.54,10.2,90.5,77.0,3.333333,,2.16128024299
1968-06-18,2.7,,0.0,22.8,15.58,11.2,89.25,79.0,3.333333,,2.30426517664
1968-06-19,3.0,,0.0,22.6,15.1,10.0,89.5,82.0,3.333333,,2.30817580138
1968-06-20,2.5,,0.0,22.6,17.46,12.4,90.0,83.0,5.333333,,2.17682580265
1968-06-21,3.0,,0.0,21.4,17.42,14.8,90.25,86.0,6.666667,,1.93496264579
1968-06-22,3.5,,1.4,19.8,16.38,14.4,94.0,93.0,7.333333,,1.52375955389
1968-06-23,1.0,,4.6,19.8,16.54,14.8,95.0,94.0,7.333333,,1.43705893067
1968-06-24,1.8,,1.9,20.0,16.1,13.2,93.0,93.0,3.333333,,1.77387519224
1968-06-25,1.4,,0.0,23.4,18.02,13.0,87.25,72.0,2.0,,2.37010560824
1968-06-26,2.1,,0.0,22.8,16.82,10.0,92.5,85.0,8.666667,,2.00349143238
1968-06-27,4.2,,0.5,17.8,15.38,14.2,96.0,95.0,6.666667,,1.21106416699
1968-06-28,1.0,,0.3,19.6,15.66,11.2,88.5,85.0,4.666667,,1.97981667795
1968-06-29,1.3,,0.0,20.6,14.78,10.8,92.0,87.0,5.333333,,1.91485742758
1968-06-30,2.5,,0.7,21.0,15.5,12.4,92.25,83.0,4.0,,1.93745037947
1968-07-01,2.6,,0.0,21.4,16.74,11.6,87.75,88.0,7.0,,2.19930078227
1968-07-02,2.4,,1.7,20.0,16.42,13.0,96.0,86.0,5.333333,,1.57411236876
1968-07-03,1.3,,0.7,19.8,15.06,12.0,95.25,91.0,6.0,,1.60561000809
1968-07-04,1.5,,0.0,20.8,15.9,11.8,91.75,89.0,5.333333,,1.92984085195
1968-07-05,2.1,,1.5,22.0,17.42,15.0,91.25,88.0,4.0,,1.98332296124
1968-07-06,1.7,,8.4,18.0,15.78,14.0,96.25,91.0,5.333333,,1.29273734087
1968-07-07,1.2,,1.2,20.2,17.02,13.2,92.0,91.0,9.666667,,1.73040293339
1968-07-08,2.2,,0.0,21.2,16.26,11.0,86.75,68.0,9.0,,2.27711648388
1968-07-09,3.6,,0.0,19.8,15.86,12.4,92.5,87.0,4.0,,1.82184299963
1968-07-10,1.8,,0.0,22.0,15.72,13.3,91.0,79.0,3.333333,,2.11403308937
1968-07-11,2.6,,0.0,21.6,15.34,9.6,91.5,88.0,6.666667,,2.06328384957
1968-07-12,3.4,,0.7,18.0,15.14,13.4,90.25,72.0,9.333333,,1.64673432548
1968-07-13,1.0,,1.2,18.2,14.66,12.4,94.0,89.0,8.333333,,1.45875399531
1968-07-14,2.1,,0.3,18.2,14.58,12.4,95.5,95.0,10.666667,,1.29371263823
1968-07-15,2.0,,0.0,17.2,13.78,11.0,94.0,95.0,7.333333,,1.44855466107
1968-07-16,1.5,,0.7,20.4,14.62,10.0,88.5,87.0,6.0,,2.1440806186
1968-07-17,2.8,,0.0,20.4,15.06,11.4,86.5,83.0,6.0,,2.22567330194
1968-07-18,4.2,,0.0,21.2,16.14,11.0,88.75,81.0,6.666667,,2.19462851943
1968-07-19,4.1,,0.0,21.2,13.86,10.0,91.0,86.0,4.666667,,2.15291005922
1968-07-20,4.1,,0.6,22.0,16.46,11.0,89.25,88.0,5.666667,,2.28046672413
1968-07-21,2.0,,0.4,22.0,16.9,14.6,91.25,84.0,2.666667,,2.1128196923
1968-07-22,1.7,,0.4,23.6,15.54,12.0,88.0,69.0,3.666667,,2.54297553049
1968-07-23,3.5,,0.0,23.6,16.94,12.4,87.5,79.0,4.0,,2.5547914085
1968-07-24,4.0,,0.0,23.2,15.38,12.0,89.25,78.0,3.0,,2.47741388926
1968-07-25,3.8,,0.0,23.4,16.9,12.0,72.0,57.0,4.666667,,3.31038146158
1968-07-26,4.0,,0.0,23.8,16.34,12.8,72.25,46.0,4.0,,3.25069323943
1968-07-27,3.6,,0.0,24.0,17.18,11.4,69.0,51.0,5.0,,3.61638028704
1968-07-28,4.8,,0.0,21.6,16.86,14.8,81.25,59.0,5.666667,,2.60363900759
1968-07-29,2.9,,1.0,20.0,15.22,13.6,83.75,66.0,6.333333,,2.33560583283
1968-07-30,4.5,,0.0,21.8,16.94,13.0,81.25,65.0,7.0,,2.76681249406
1968-07-31,3.1,,2.5,22.2,14.86,11.8,86.75,64.0,3.333333,,2.50534458614
1968-08-01,1.9,,0.0,23.2,16.78,11.6,78.75,58.0,4.333333,,3.00618510817
1968-08-02,3.2,,0.9,23.0,17.42,14.0,74.25,48.0,5.0,,3.19065905622
1968-08-03,4.4,,0.0,24.4,18.14,14.4,73.75,49.0,6.666667,,3.59377663317
1968-08-04,4.1,,0.0,22.8,14.54,10.8,81.75,53.0,4.0,,2.85973614463
1968-08-05,3.0,,0.0,24.8,15.42,10.0,77.5,46.0,3.0,,3.26135303592
1968-08-06,3.2,,0.0,24.8,16.98,9.2,72.75,50.0,4.666667,,3.63904333607
1968-08-07,4.1,,0.0,25.8,18.3,14.4,75.0,46.0,3.333333,,3.38771257798
1968-08-08,3.8,,0.0,24.4,16.96,13.3,74.5,53.0,4.333333,,3.38160725296
1968-08-09,4.0,,0.0,25.0,16.94,12.2,72.25,46.0,4.0,,3.57574991237
1968-08-10,3.7,,0.0,27.2,16.78,10.8,73.0,40.0,3.0,,3.78838601603
1968-08-11,3.8,,0.0,26.0,18.58,12.4,72.75,51.0,2.333333,,3.47817371415
1968-08-12,2.8,,0.0,22.2,17.42,15.4,85.0,73.0,4.666667,,2.51874904773
1968-08-13,1.6,,1.0,16.8,14.6,13.7,90.75,83.0,3.0,,1.60294574905
1968-08-14,0.6,,0.0,19.4,15.7,11.6,83.75,72.0,5.666667,,2.43096553631
1968-08-15,2.0,,0.0,19.4,16.3,13.6,88.0,74.0,4.666667,,2.11506408156
1968-08-16,1.7,,0.4,20.4,15.98,14.0,83.0,65.0,6.666667,,2.54234297503
1968-08-17,2.5,,0.0,19.6,15.22,11.8,83.0,69.0,6.333333,,2.52443567582
1968-08-18,2.9,,0.0,18.8,15.54,13.0,77.0,67.0,6.0,,2.69790357294
1968-08-19,3.2,,0.0,22.0,16.02,11.4,79.0,51.0,8.0,,3.16764289528
1968-08-20,3.2,,5.7,18.0,15.3,13.4,80.75,67.0,6.666667,,2.39596826815
1968-08-21,2.1,,0.2,19.4,14.54,11.6,85.5,63.0,3.666667,,2.39070469923
1968-08-22,2.2,,0.0,21.2,15.02,9.8,80.5,69.0,4.333333,,2.92808930102
1968-08-23,3.6,,0.5,21.0,15.02,10.0,71.5,51.0,6.333333,,3.46801222589
1968-08-24,3.6,,0.4,18.4,15.22,13.4,95.0,74.0,4.666667,,1.72374202561
1968-08-25,1.0,,3.0,22.6,16.74,13.0,78.75,50.0,5.333333,,3.16576525129
1968-08-26,3.4,,0.0,22.8,17.18,14.2,84.5,57.0,5.666667,,2.84111651328
1968-08-27,3.1,,0.0,22.8,17.22,14.0,80.5,60.0,6.666667,,3.13101963042
1968-08-28,3.7,,0.0,22.0,16.78,13.8,75.5,58.0,5.0,,3.21705446428
1968-08-29,3.5,,1.1,23.4,17.26,14.2,77.5,47.0,3.0,,3.15942208442
1968-08-30,3.0,,0.7,22.0,16.9,14.4,84.5,60.0,4.666667,,2.73066916345
1968-08-31,2.0,,1.0,23.8,15.64,12.3,85.25,54.0,3.333333,,3.0900310051
1968-09-01,3.0,,0.0,26.8,17.1,10.8,77.75,44.0,1.333333,,3.76661083282
1968-09-02,3.3,,0.0,25.8,19.02,14.2,68.5,50.0,3.666667,,4.01536186498
1968-09-03,4.8,,0.0,25.4,18.9,15.2,71.75,46.0,5.666667,,4.04034794777
1968-09-04,5.2,,0.0,24.8,18.38,14.2,62.25,45.0,6.333333,,4.67150190958
1968-09-05,5.6,,0.0,25.0,19.06,13.8,61.0,43.0,4.333333,,4.39808705645
1968-09-06,4.2,,0.0,24.4,18.74,14.8,68.75,53.0,6.333333,,4.1825588826
1968-09-07,4.5,,0.0,22.0,16.58,13.6,83.25,64.0,8.333333,,2.96160756247
1968-09-08,2.6,,6.7,18.6,16.7,13.2,74.0,69.0,8.666667,,3.14352742894
1968-09-09,3.4,,0.0,22.0,16.26,11.4,71.0,48.0,8.0,,3.89650844469
1968-09-10,4.6,,0.0,22.8,17.14,13.8,74.5,55.0,9.0,,3.79418043301
1968-09-11,4.7,,0.0,23.8,17.66,13.2,64.0,44.0,6.333333,,4.47088397861
1968-09-12,5.8,,0.0,22.0,16.42,13.2,73.5,58.0,6.333333,,3.58749335046
1968-09-13,3.7,,0.0,22.4,17.14,13.6,77.75,57.0,5.666667,,3.34889064401
1968-09-14,3.6,,0.0,23.4,17.62,13.8,75.25,53.0,6.333333,,3.70213763746
1968-09-15,4.1,,2.3,22.2,16.34,13.6,82.5,62.0,3.0,,3.00903850373
1968-09-16,2.2,,0.0,23.6,14.94,12.0,81.5,49.0,3.333333,,3.38510390804
1968-09-17,3.0,,0.0,24.6,17.38,10.8,69.25,50.0,3.333333,,4.05544839779
1968-09-18,4.3,,0.0,26.6,19.58,14.2,63.0,47.0,10.0,,5.61924184844
1968-09-19,7.3,,0.0,24.4,18.7,14.8,59.75,38.0,9.666667,,5.41839796798
1968-09-20,5.2,,0.0,25.2,18.98,15.2,68.25,43.0,6.0,,4.41755129717
1968-09-21,5.5,,0.0,25.4,17.98,15.4,69.0,44.0,4.0,,4.11442184338
1968-09-22,4.3,,0.0,27.0,18.98,12.8,65.25,45.0,8.333333,,5.34870187528
1968-09-23,8.5,,0.0,24.8,18.62,14.4,58.25,42.0,9.0,,5.55714632581
1968-09-24,8.0,,0.0,23.4,17.66,14.6,73.25,57.0,7.666667,,3.97432880494
1968-09-25,4.7,,0.0,23.8,17.54,13.8,75.75,51.0,6.0,,3.79997653013
1968-09-26,3.9,,0.0,23.0,17.62,14.4,78.0,56.0,5.666667,,3.48745180022
1968-09-27,2.7,,0.8,22.8,17.5,14.6,81.0,66.0,5.666667,,3.27377672769
1968-09-28,2.8,,0.5,23.0,17.62,13.8,80.5,60.0,4.666667,,3.35925155074
1968-09-29,3.5,,0.0,27.8,19.7,12.6,60.75,42.0,2.333333,,4.70652442929
1968-09-30,5.0,,0.5,27.8,17.78,14.4,75.75,38.0,3.0,,4.29083774595
1968-10-01,5.0,,0.0,26.6,19.38,13.4,63.5,37.0,6.0,,5.13029311473
1968-10-02,5.7,,0.0,26.4,19.54,14.6,62.75,36.0,9.333333,,5.60869068229
1968-10-03,8.0,,0.0,25.0,19.26,14.6,63.75,38.0,6.666667,,4.88307473561
1968-10-04,5.8,,1.3,24.2,18.22,15.4,80.0,55.0,5.0,,3.54266332803
1968-10-05,2.6,,1.0,25.8,19.54,14.8,68.0,44.0,6.333333,,4.71197258331
1968-10-06,5.7,,0.0,26.0,19.74,16.2,65.5,41.0,4.0,,4.45034436081
1968-10-07,6.5,,0.0,26.2,19.18,15.0,56.75,34.0,5.333333,,5.31006433073
1968-10-08,6.0,,0.0,26.6,16.7,12.6,64.0,38.0,4.0,,4.83631857568
1968-10-09,5.9,,0.0,29.4,18.94,11.4,62.0,35.0,2.333333,,5.12332515813
1968-10-10,6.4,,0.0,23.6,17.9,15.4,79.75,62.0,2.666667,,3.36313189062
1968-10-11,2.9,,0.0,25.4,18.82,15.6,75.75,55.0,2.666667,,3.81285296755
1968-10-12,3.7,,0.0,24.6,18.94,16.2,84.25,64.0,1.333333,,3.3323818776
1968-10-13,1.1,,11.6,24.8,18.5,16.0,86.75,64.0,0.0,,3.40440574679
1968-10-14,0.7,,58.2,22.8,18.14,16.2,93.75,88.0,0.666667,,2.90685934286
1968-10-15,0.8,,15.4,25.4,20.02,16.6,87.5,75.0,2.666667,,3.37426123049
1968-10-16,2.3,,0.4,24.8,20.42,17.2,74.0,62.0,2.666667,,3.62744414545
1968-10-17,3.3,,0.0,26.6,19.7,16.4,78.75,54.0,2.333333,,3.8895227295
1968-10-18,2.9,,0.0,26.0,18.32,15.7,79.25,53.0,2.333333,,3.8281888795
1968-10-19,3.2,,0.0,28.2,20.14,15.0,74.0,49.0,3.333333,,4.56327636875
1968-10-20,3.8,,0.0,27.8,20.82,17.0,68.75,47.0,4.333333,,4.73320841898
1968-10-21,6.6,,0.0,25.0,19.62,15.4,70.0,47.0,6.333333,,4.47504346374
1968-10-22,5.0,,0.0,25.8,19.82,15.4,77.25,77.0,4.0,,4.01179417097
1968-10-23,5.9,,0.0,25.7,20.36,15.8,70.5,48.0,4.333333,,4.32247791808
1968-10-24,3.8,,0.4,26.2,19.98,16.4,77.25,50.0,4.666667,,4.07084165281
1968-10-25,3.8,,0.0,26.2,20.74,16.2,68.25,51.0,4.0,,4.45669769234
1968-10-26,4.0,,12.1,24.0,19.38,16.6,83.75,66.0,2.666667,,3.25964736664
1968-10-27,2.4,,2.8,25.2,19.78,16.8,71.25,50.0,5.0,,4.21521607606
1968-10-28,4.7,,0.0,26.2,20.74,16.4,73.75,49.0,7.666667,,4.5376846064
1968-10-29,4.8,,0.0,25.0,20.06,15.8,67.0,55.0,3.666667,,4.25912786483
1968-10-30,4.8,,0.0,27.6,20.82,16.4,68.0,49.0,3.0,,4.56510160254
1968-10-31,5.4,,0.0,27.9,22.2,17.4,56.0,32.0,5.0,,5.60852707178
1968-11-01,4.8,,0.0,26.4,20.62,16.6,59.5,41.0,5.333333,,5.21964242173
1968-11-02,6.3,,0.0,26.4,20.42,16.0,59.25,40.0,6.666667,,5.5489715611
1968-11-03,6.7,,0.0,26.6,19.42,14.4,64.5,37.0,3.333333,,4.71341005013
1968-11-04,5.0,,0.0,27.0,18.66,15.6,75.5,46.0,2.666667,,4.2278938882
1968-11-05,4.5,,0.0,26.8,21.18,16.2,58.0,36.0,6.0,,5.57629317723
1968-11-06,6.3,,0.0,26.8,20.66,16.8,64.5,43.0,3.666667,,4.66764680876
1968-11-07,7.2,,0.0,26.8,19.06,15.8,72.5,53.0,4.666667,,4.51755822231
1968-11-08,4.3,,0.0,29.9,21.12,14.4,61.75,37.0,3.0,,5.39757493948
1968-11-09,6.2,,0.0,28.6,21.34,17.0,64.5,45.0,2.666667,,4.78450964845
1968-11-10,4.7,,0.0,30.0,21.74,16.4,66.5,50.0,2.0,,4.89619202099
1968-11-11,3.9,,12.4,22.4,18.82,17.6,95.25,73.0,0.666667,,2.64477720823
1968-11-12,0.6,,20.0,26.6,20.7,16.6,88.5,79.0,4.0,,3.60278439748
1968-11-13,1.5,,1.3,25.8,20.34,15.2,80.0,67.0,3.0,,3.91955047167
1968-11-14,2.7,,0.0,24.6,20.46,18.2,86.25,71.0,4.666667,,3.15011768706
1968-11-15,2.0,,4.1,24.0,20.06,17.4,88.25,70.0,4.0,,3.02467190513
1968-11-16,1.6,,23.2,23.8,20.26,18.2,89.5,83.0,2.333333,,2.87067017874
1968-11-17,1.0,,3.3,23.4,19.62,17.8,94.5,92.0,1.666667,,2.76143876671
1968-11-18,0.4,,21.7,20.3,19.02,17.5,92.25,94.0,1.666667,,2.08032541112
1968-11-19,0.9,,10.7,26.0,21.16,19.1,74.25,60.0,7.333333,,4.30063071295
1968-11-20,3.2,,0.5,26.4,20.58,17.8,87.25,79.0,3.333333,,3.53473737109
1968-11-21,1.2,,38.8,21.2,18.5,16.2,91.75,87.0,3.333333,,2.47665286318
1968-11-22,1.0,,5.5,19.8,17.3,15.0,90.5,81.0,5.666667,,2.31055959459
1968-11-23,1.3,,0.6,19.8,18.1,16.0,92.5,87.0,3.666667,,2.15665508876
1968-11-24,0.4,,6.0,19.4,17.98,16.6,95.5,91.0,1.0,,2.0256587211
1968-11-25,0.4,,10.5,20.0,18.06,17.0,96.5,95.0,0.666667,,2.12501356981
1968-11-26,0.5,,15.7,23.2,19.34,16.6,88.0,75.0,5.0,,2.95051727233
1968-11-27,1.1,,0.0,24.0,19.74,16.4,69.25,57.0,5.333333,,4.20116530628
1968-11-28,4.4,,0.0,24.8,20.26,16.8,72.5,52.0,6.333333,,4.24897425687
1968-11-29,4.8,,0.0,25.0,20.38,16.2,75.5,61.0,5.0,,4.02665708641
1968-11-30,3.5,,0.0,21.8,18.5,15.4,86.25,72.0,4.333333,,2.90328734062
1968-12-01,1.8,,0.0,24.0,19.86,16.4,79.75,67.0,3.666667,,3.51481787216
1968-12-02,3.0,,0.0,25.2,19.94,16.6,76.0,58.0,3.666667,,3.89616027164
1968-12-03,3.5,,0.4,25.8,19.62,16.8,79.5,60.0,1.333333,,3.70109427115
1968-12-04,2.7,,0.0,27.6,20.18,15.2,76.75,50.0,2.0,,4.32173398931
1968-12-05,3.1,,0.0,26.4,21.42,17.2,81.75,70.0,0.666667,,3.7180744318
1968-12-06,2.1,,0.0,27.6,21.1,18.2,80.75,63.0,2.0,,3.93940428538
1968-12-07,2.6,,0.0,28.0,22.18,17.6,71.25,51.0,3.666667,,4.58832921084
1968-12-08,2.5,,2.3,25.4,20.42,17.2,85.25,63.0,3.666667,,3.48269240333
1968-12-09,1.5,,11.0,28.6,21.98,17.2,78.25,53.0,1.0,,4.22425784228
1968-12-10,2.3,,13.8,25.8,20.94,15.6,79.5,65.0,1.666667,,3.85532181694
1968-12-11,1.3,,13.0,24.0,19.98,17.6,85.0,65.0,5.333333,,3.18066369402
1968-12-12,2.4,,4.5,22.8,19.54,17.2,91.0,86.0,5.333333,,2.63182046018
1968-12-13,1.4,,5.8,23.0,19.3,17.0,83.25,68.0,4.666667,,3.12737757055
1968-12-14,1.6,,0.8,23.4,19.7,16.0,80.75,72.0,5.666667,,3.46976493125
1968-12-15,2.6,,0.0,25.4,19.86,17.0,81.75,59.0,5.0,,3.69831423983
1968-12-16,4.0,,0.0,24.6,19.62,17.0,86.25,69.0,6.333333,,3.27666025747
1968-12-17,2.8,,0.0,25.6,20.22,17.4,80.25,60.0,2.666667,,3.66711307952
1968-12-18,3.0,,0.0,23.6,19.7,17.4,83.0,67.0,4.0,,3.20100072562
1968-12-19,2.5,,0.0,25.8,20.54,16.2,71.5,52.0,5.333333,,4.45284208838
1968-12-20,4.9,,1.6,22.4,18.98,17.2,80.75,64.0,6.0,,3.17757168474
1968-12-21,3.1,,0.0,23.4,19.26,16.8,80.5,65.0,7.333333,,3.48301751223
1968-12-22,3.4,,0.0,25.4,20.14,16.4,77.0,60.0,4.666667,,3.99200999828
1968-12-23,2.9,,0.0,23.8,20.26,17.6,78.5,60.0,5.666667,,3.54873122196
1968-12-24,3.4,,0.8,25.8,20.54,17.6,75.25,56.0,4.333333,,4.03507687142
1968-12-25,3.6,,0.0,25.8,21.06,17.6,75.25,61.0,4.666667,,4.06859838508
1968-12-26,3.5,,0.0,26.2,19.9,17.0,78.75,61.0,2.0,,3.83439774125
1968-12-27,2.7,,0.0,26.2,20.1,15.6,78.5,64.0,3.666667,,4.07915171834
1968-12-28,3.3,,0.3,25.6,20.02,16.4,71.5,49.0,3.666667,,4.19438063737
1968-12-29,4.5,,0.0,25.6,20.5,16.0,65.0,54.0,2.0,,4.12862454083
1968-12-30,4.5,,0.4,23.2,19.54,16.8,78.5,61.0,5.0,,3.46213535595
1968-12-31,3.8,,0.0,24.6,20.78,17.6,70.5,56.0,4.666667,,4.07510945446
1969-01-01,4.6,,0.0,26.0,20.62,17.4,80.0,62.0,3.333333,,3.80237832128
1969-01-02,3.0,,0.2,26.4,21.06,17.2,72.75,55.0,2.666667,,4.09731311796
1969-01-03,4.0,,0.4,25.8,20.26,15.8,78.5,60.0,2.666667,,3.92865339186
1969-01-04,3.6,,0.0,27.0,20.58,16.4,73.5,51.0,3.333333,,4.35312066603
1969-01-05,5.2,,0.0,27.4,19.98,15.6,68.75,47.0,2.666667,,4.56320911124
1969-01-06,4.0,,0.0,26.8,19.5,16.4,77.0,54.0,3.333333,,4.17616543445
1969-01-07,4.3,,0.0,26.4,20.62,15.2,72.75,53.0,4.0,,4.43061282802
1969-01-08,5.0,,0.0,26.8,21.42,18.2,75.5,62.0,5.333333,,4.27830858459
1969-01-09,4.5,,0.8,26.8,21.06,17.8,65.25,44.0,5.0,,4.86992372856
1969-01-10,6.0,,0.0,27.2,20.06,16.8,70.25,45.0,2.333333,,4.31936327575
1969-01-11,5.3,,0.0,27.0,21.14,15.2,70.0,59.0,3.0,,4.53070059227
1969-01-12,5.2,,0.0,28.8,21.9,17.4,70.75,45.0,3.333333,,4.75077509105
1969-01-13,5.9,,0.0,27.6,21.9,19.2,65.5,43.0,5.0,,4.92153292514
1969-01-14,6.6,,0.0,27.0,20.26,17.2,66.75,44.0,4.0,,4.68650083119
1969-01-15,5.7,,0.0,26.8,20.06,16.2,75.75,56.0,3.333333,,4.24298500875
1969-01-16,4.3,,0.0,25.0,19.66,17.0,80.75,68.0,3.333333,,3.61089305397
1969-01-17,2.9,,0.0,29.8,21.3,15.0,72.5,46.0,2.0,,4.88082378991
1969-01-18,3.6,,57.3,21.4,18.86,17.4,91.5,79.0,3.0,,2.37106615187
1969-01-19,1.0,,4.3,23.2,20.14,17.2,78.0,61.0,2.0,,3.19690095215
1969-01-20,2.2,,0.0,24.4,20.1,17.6,83.0,65.0,3.333333,,3.32991652803
1969-01-21,2.9,,0.0,24.4,19.74,17.8,83.75,62.0,3.0,,3.26666378479
1969-01-22,2.8,,0.0,24.0,19.42,17.0,91.25,86.0,1.333333,,3.1289307963
1969-01-23,1.0,,8.2,24.8,20.82,16.6,75.75,58.0,3.0,,3.77122236436
1969-01-24,1.5,,14.0,23.2,19.9,18.2,88.5,75.0,4.333333,,2.75345329333
1969-01-25,1.5,,6.1,24.2,19.16,16.7,83.0,60.0,5.333333,,3.42856855224
1969-01-26,1.6,,7.0,23.2,20.14,16.6,81.5,70.0,2.0,,3.19138301518
1969-01-27,1.8,,0.0,25.0,20.7,18.6,76.5,61.0,6.333333,,3.8867658747
1969-01-28,4.0,,0.0,26.0,19.7,17.2,81.75,55.0,6.0,,3.83057438282
1969-01-29,3.9,,0.0,25.4,18.58,15.8,81.5,57.0,3.333333,,3.76902431694
1969-01-30,3.8,,0.0,26.0,20.18,15.6,77.0,59.0,5.0,,4.18623439866
1969-01-31,4.9,,0.0,25.2,19.9,16.8,75.25,53.0,3.333333,,3.87962444674
1969-02-01,3.7,,5.7,25.8,20.38,17.6,85.0,69.0,5.333333,,3.5394236139
1969-02-02,3.9,,0.0,27.2,21.02,17.4,72.5,52.0,3.0,,4.29030592446
1969-02-03,3.9,,0.0,27.6,20.86,17.0,73.5,51.0,1.333333,,4.12915354139
1969-02-04,3.4,,0.0,28.2,20.82,16.6,74.0,48.0,2.0,,4.37713589791
1969-02-05,4.2,,0.0,28.2,21.42,15.0,65.25,48.0,3.333333,,4.99608921642
1969-02-06,4.7,,0.0,30.2,21.82,15.2,67.5,44.0,0.666667,,4.70712498909
1969-02-07,3.8,,2.8,27.3,22.0,16.6,74.5,56.0,4.666667,,4.47530593335
1969-02-08,2.8,,11.2,25.4,20.5,18.4,87.0,66.0,5.333333,,3.25151173607
1969-02-09,1.7,,1.9,24.0,20.46,18.2,83.0,72.0,5.333333,,3.22469561618
1969-02-10,1.8,,8.2,23.8,19.98,16.2,83.75,77.0,4.333333,,3.32159347705
1969-02-11,2.0,,13.0,26.4,21.14,17.6,87.75,69.0,1.333333,,3.59319165745
1969-02-12,1.5,,3.2,25.8,20.86,18.0,86.0,67.0,3.333333,,3.42823503582
1969-02-13,1.5,,12.8,26.5,20.8,18.4,85.5,59.0,2.666667,,3.54417145399
1969-02-14,1.5,,1.3,26.0,20.98,18.6,79.75,62.0,4.333333,,3.72147524794
1969-02-15,3.3,,0.0,27.2,20.66,17.4,77.5,54.0,2.666667,,4.04883696985
1969-02-16,2.9,,0.0,26.0,18.98,15.0,85.0,63.0,1.333333,,3.82090845916
1969-02-17,2.7,,0.0,25.6,19.66,15.0,79.75,62.0,3.333333,,3.89784563306
1969-02-18,3.9,,0.0,26.4,20.46,16.6,75.75,55.0,2.666667,,4.00733787965
1969-02-19,3.8,,0.0,26.2,20.86,15.4,75.25,61.0,3.333333,,4.14759872136
1969-02-20,3.2,,0.0,28.2,22.54,18.4,75.25,62.0,3.666667,,4.33314526554
1969-02-21,3.5,,64.7,26.2,20.94,17.8,82.75,64.0,3.0,,3.62238300238
1969-02-22,3.1,,0.0,26.0,20.58,18.4,80.25,63.0,3.333333,,3.62541805949
1969-02-23,3.4,,0.0,26.8,20.86,17.2,80.75,62.0,3.333333,,3.88314291296
1969-02-24,3.6,,0.0,26.8,21.18,17.8,72.5,56.0,5.0,,4.38209973912
1969-02-25,4.4,,1.3,24.6,20.1,17.0,79.25,72.0,6.333333,,3.69111749558
1969-02-26,4.0,,0.0,26.8,21.02,17.0,77.0,52.0,4.666667,,4.14657057429
1969-02-27,4.1,,0.3,25.8,20.58,18.0,84.25,65.0,3.0,,3.43634631775
1969-02-28,2.7,,4.2,26.2,21.02,18.6,74.0,54.0,5.333333,,4.12952871397
1969-03-01,4.4,,0.0,26.6,20.14,16.8,74.75,54.0,2.666667,,4.00478762566
1969-03-02,3.4,,0.0,25.6,19.38,17.2,81.5,60.0,2.666667,,3.54845474462
1969-03-03,2.9,,0.0,26.8,19.16,16.3,80.0,57.0,3.333333,,3.94477269595
1969-03-04,4.1,,0.0,27.8,19.9,16.2,74.5,49.0,2.333333,,4.2345471746
1969-03-05,3.8,,0.0,28.3,20.8,15.6,74.75,46.0,1.333333,,4.23672503869
1969-03-06,3.9,,0.0,23.8,20.06,16.2,84.25,72.0,3.333333,,3.1967753561
1969-03-07,1.1,,0.0,25.0,20.82,17.0,87.5,77.0,2.666667,,3.22777424458
1969-03-08,0.9,,13.0,24.6,20.34,18.0,91.75,76.0,2.0,,2.92455182555
1969-03-09,1.0,,17.1,24.0,20.5,18.6,91.25,82.0,2.333333,,2.69729260702
1969-03-10,1.1,,2.1,24.7,21.36,18.6,84.75,71.0,3.333333,,3.06626760798
1969-03-11,2.2,,3.1,26.0,20.94,19.0,92.5,85.0,1.333333,,3.09718350031
1969-03-12,1.1,,15.9,25.0,21.22,17.8,85.25,77.0,1.333333,,3.15330496955
1969-03-13,1.0,,33.0,23.0,20.34,18.4,94.0,90.0,2.666667,,2.37812284294
1969-03-14,0.4,,17.4,24.2,20.54,18.0,89.5,80.0,4.0,,2.80447662863
1969-03-15,1.3,,44.8,23.8,20.02,17.8,88.25,84.0,2.666667,,2.8142444914
1969-03-16,0.7,,111.0,19.8,18.86,17.6,96.0,87.0,4.0,,1.59644078127
1969-03-17,0.5,,11.9,23.6,19.94,17.8,93.25,88.0,4.0,,2.51400115713
1969-03-18,1.5,,8.1,22.4,19.24,17.5,93.75,88.0,4.333333,,2.26715942831
1969-03-19,1.2,,1.7,25.8,20.78,17.0,87.0,73.0,3.0,,3.30078280807
1969-03-20,1.6,,0.0,26.2,21.7,18.6,80.0,63.0,7.0,,3.74134938333
1969-03-21,4.0,,0.0,24.8,21.14,18.6,89.25,79.0,3.666667,,2.82290398318
1969-03-22,2.0,,2.6,26.0,20.98,18.2,78.25,52.0,5.666667,,3.75100634733
1969-03-23,4.3,,1.5,26.0,20.54,15.4,85.75,72.0,5.0,,3.4575578936
1969-03-24,2.2,,5.0,25.0,20.38,17.6,80.0,62.0,4.0,,3.37444377438
1969-03-25,3.9,,0.4,25.0,20.3,17.4,77.5,56.0,5.333333,,3.61868558932
1969-03-26,3.6,,0.0,26.0,20.54,16.8,77.25,58.0,4.0,,3.73457566408
1969-03-27,2.1,,1.6,25.0,20.26,16.8,88.0,73.0,5.0,,3.02841139556
1969-03-28,1.6,,0.7,26.0,21.06,18.0,84.0,69.0,5.666667,,3.34969487002
1969-03-29,2.6,,0.0,25.2,20.7,16.6,74.25,65.0,4.666667,,3.7933121246
1969-03-30,3.0,,0.0,25.4,19.02,15.4,75.75,52.0,3.333333,,3.68371677786
1969-03-31,3.9,,3.2,25.0,20.26,16.4,85.75,67.0,5.666667,,3.15133853757
1969-04-01,2.6,,0.4,25.6,20.42,17.6,85.25,62.0,4.0,,3.16528870784
1969-04-02,3.1,,4.7,22.2,19.58,18.4,91.0,79.0,5.333333,,2.13916642924
1969-04-03,1.8,,3.1,24.6,19.94,17.8,84.5,70.0,2.666667,,2.93595784109
1969-04-04,2.1,,2.2,24.4,19.3,15.6,81.5,55.0,5.333333,,3.31052346501
1969-04-05,3.7,,0.0,26.4,20.78,17.2,78.25,56.0,2.0,,3.42787987976
1969-04-06,2.6,,0.0,26.8,22.74,18.2,73.25,59.0,2.333333,,3.5758325609
1969-04-07,2.6,,0.0,26.6,20.9,16.0,78.75,61.0,4.333333,,3.72074464122
1969-04-08,3.4,,0.0,26.0,20.9,17.0,80.25,57.0,4.666667,,3.49087745387
1969-04-09,3.7,,0.0,25.8,20.82,18.0,81.5,62.0,5.333333,,3.34700275495
1969-04-10,3.4,,0.0,26.2,21.5,18.6,79.25,63.0,3.0,,3.28541568571
1969-04-11,2.5,,2.2,23.6,20.22,18.0,88.25,73.0,3.666667,,2.53329649301
1969-04-12,2.1,,1.8,24.4,20.02,17.2,82.5,66.0,5.0,,3.06026939624
1969-04-13,3.1,,0.0,23.6,19.02,17.0,81.75,70.0,2.666667,,2.82643232945
1969-04-14,2.6,,0.0,25.8,20.22,16.4,75.75,59.0,2.333333,,3.38478191941
1969-04-15,2.9,,1.0,24.8,20.34,17.6,82.5,67.0,3.666667,,2.99712502283
1969-04-16,2.6,,0.0,23.0,19.38,16.6,84.25,71.0,4.0,,2.70531147961
1969-04-17,2.6,,0.5,22.8,17.26,14.6,87.75,70.0,3.666667,,2.66032213255
1969-04-18,2.2,,0.0,24.0,18.42,15.4,82.25,61.0,4.333333,,3.03939280687
1969-04-19,2.8,,0.0,24.2,19.54,16.8,79.0,63.0,4.666667,,3.15753240037
1969-04-20,3.0,,0.0,24.0,19.78,17.0,87.0,77.0,7.333333,,2.70658081402
1969-04-21,2.0,,0.0,25.0,20.46,16.6,81.75,72.0,7.0,,3.24946198957
1969-04-22,2.6,,2.7,25.4,20.54,16.8,77.25,63.0,7.666667,,3.67344413802
1969-04-23,3.2,,0.2,23.6,20.06,18.2,94.25,89.0,5.0,,2.08338565641
1969-04-24,1.2,,1.2,22.4,17.7,15.4,86.75,71.0,3.333333,,2.51127165747
1969-04-25,1.0,,0.0,25.4,19.54,13.8,82.75,65.0,2.666667,,3.175724251
1969-04-26,2.4,,0.0,25.6,20.3,17.2,83.0,63.0,3.0,,2.98502879925
1969-04-27,2.8,,0.0,24.0,20.54,18.6,86.25,79.0,3.666667,,2.4893006437
1969-04-28,2.8,,0.0,28.8,22.26,18.4,76.0,65.0,3.333333,,3.70559554513
1969-04-29,2.4,,0.0,28.0,21.98,18.8,80.75,59.0,2.0,,3.20159156114
1969-04-30,1.8,,6.7,27.0,21.22,19.0,84.0,65.0,3.0,,2.99053146598
1969-05-01,2.4,,0.0,26.0,20.86,16.8,83.0,63.0,4.666667,,3.10963141388
1969-05-02,2.4,,0.0,25.4,21.34,19.0,86.5,72.0,4.333333,,2.6557543194
1969-05-03,1.2,,2.1,24.4,18.54,15.8,83.5,68.0,5.0,,2.89127624143
1969-05-04,1.9,,1.3,26.0,19.3,14.4,84.5,63.0,2.333333,,3.05462487887
1969-05-05,1.9,,0.0,26.8,20.94,16.4,77.5,54.0,3.666667,,3.39664878359
1969-05-06,3.4,,0.0,25.0,21.06,18.4,89.5,74.0,4.666667,,2.45216356492
1969-05-07,1.8,,0.0,23.0,19.82,18.4,92.25,88.0,6.666667,,1.9549681038
1969-05-08,1.2,,3.8,21.6,18.54,17.0,90.25,78.0,6.666667,,1.99268055261
1969-05-09,0.9,,2.8,18.3,17.32,16.4,94.0,93.0,5.0,,1.31144295237
1969-05-10,0.9,,0.0,19.4,17.86,15.2,90.0,87.0,5.333333,,1.82243061647
1969-05-11,1.1,,1.5,23.0,18.74,16.0,81.25,63.0,8.0,,2.90238405288
1969-05-12,3.8,,0.0,23.6,19.3,16.2,72.5,59.0,5.333333,,3.32499277275
1969-05-13,3.0,,0.3,23.0,18.9,16.2,90.25,76.0,4.333333,,2.22466873929
1969-05-14,1.2,,2.8,23.2,18.86,15.8,76.25,56.0,6.333333,,3.15375908547
1969-05-15,3.0,,0.0,23.8,19.34,17.0,76.25,63.0,5.333333,,3.07931582436
1969-05-16,3.0,,0.0,20.0,17.58,15.8,89.25,83.0,6.0,,1.87408735943
1969-05-17,1.2,,0.0,20.4,17.74,15.6,89.75,86.0,8.0,,1.91110320764
1969-05-18,1.2,,1.3,21.5,18.44,16.4,88.75,78.0,7.666667,,2.07422351085
1969-05-19,1.4,,3.0,20.5,17.88,16.8,93.5,85.0,6.666667,,1.58071205529
1969-05-20,1.0,,0.3,22.2,18.46,15.4,85.25,70.0,6.333333,,2.41923190058
1969-05-21,1.6,,0.0,23.5,18.72,17.0,89.5,69.0,5.0,,2.22328155558
1969-05-22,1.8,,3.1,22.4,18.7,16.8,89.5,86.0,6.333333,,2.08787314497
1969-05-23,1.6,,0.0,23.8,18.94,16.0,80.25,61.0,7.666667,,2.99706564158
1969-05-24,3.1,,1.1,21.8,18.58,16.2,90.0,79.0,3.666667,,2.00065450517
1969-05-25,1.1,,2.4,24.4,19.78,17.4,86.75,64.0,3.333333,,2.39845746041
1969-05-26,1.8,,1.2,24.4,20.02,17.8,87.25,75.0,3.333333,,2.34333495342
1969-05-27,1.6,,0.6,24.0,18.7,16.0,90.0,75.0,4.333333,,2.2874520024
1969-05-28,1.8,,0.0,21.0,18.38,15.4,91.0,81.0,5.0,,1.87785837721
1969-05-29,2.3,,1.0,24.2,19.38,16.2,82.75,62.0,4.666667,,2.66745157844
1969-05-30,2.4,,2.1,23.0,19.18,17.2,80.75,66.0,5.0,,2.57915927099
1969-05-31,2.3,,0.8,23.0,19.3,17.4,88.75,79.0,4.333333,,2.10707686385
1969-06-01,1.8,,0.0,24.0,19.78,17.4,80.75,64.0,4.0,,2.60769984261
1969-06-02,2.3,,0.0,26.4,20.46,17.6,79.75,58.0,2.333333,,2.77783568725
1969-06-03,2.3,,0.0,27.8,20.22,13.0,75.5,50.0,0.0,,2.86082250263
1969-06-04,3.0,,0.0,29.8,22.06,17.8,69.5,41.0,0.666667,,3.00887593109
1969-06-05,3.0,,0.0,28.2,20.5,15.0,81.0,60.0,2.0,,3.07411210313
1969-06-06,1.6,,0.0,26.8,21.3,14.8,81.25,62.0,4.0,,3.05443975598
1969-06-07,3.0,,0.0,23.0,18.74,16.6,80.75,72.0,9.0,,2.851204043
1969-06-08,2.8,,0.0,21.8,17.98,15.2,77.0,64.0,5.666667,,2.75211053063
1969-06-09,3.5,,0.4,18.8,17.06,15.4,95.0,82.0,7.0,,1.30454591607
1969-06-10,0.4,,6.4,20.2,17.74,16.4,93.5,83.0,7.0,,1.50144202991
1969-06-11,1.0,,3.1,20.0,17.38,16.2,87.75,82.0,6.666667,,1.86592742024
1969-06-12,1.7,,1.2,21.6,17.62,14.6,88.5,71.0,6.0,,2.08265553462
1969-06-13,2.3,,0.5,23.2,18.22,15.0,78.5,52.0,7.0,,2.94493583957
1969-06-14,4.2,,0.0,19.6,16.7,12.6,90.5,83.0,6.666667,,1.813452487
1969-06-15,1.5,,0.5,22.5,18.36,16.2,86.75,68.0,7.666667,,2.26315284262
1969-06-16,2.6,,2.6,20.0,17.34,15.4,94.0,91.0,7.0,,1.50198036488
1969-06-17,1.0,,3.9,19.6,17.18,15.8,91.0,86.0,6.0,,1.62425418808
1969-06-18,1.1,,6.9,20.4,16.9,14.6,90.0,77.0,5.333333,,1.84822944327
1969-06-19,2.1,,3.1,21.0,17.94,15.6,85.75,74.0,6.166667,,2.12841720809
1969-06-20,1.9,,1.5,20.8,17.26,16.0,94.0,93.0,7.0,,1.55611218705
1969-06-21,0.9,,5.1,21.6,17.06,14.0,89.5,75.0,3.666667,,2.04272067328
1969-06-22,1.7,,0.6,22.5,16.2,13.4,80.75,56.0,2.666667,,2.44435058353
1969-06-23,2.9,,0.0,22.2,17.58,13.0,83.25,65.0,8.333333,,2.58119209604
1969-06-24,3.4,,2.5,21.8,17.78,16.2,84.25,72.0,8.333333,,2.38237934002
1969-06-25,2.3,,1.3,21.4,17.22,15.8,89.75,70.0,7.333333,,1.92610143587
1969-06-26,2.1,,4.4,20.8,17.06,14.8,83.5,64.0,6.666667,,2.29867848581
1969-06-27,2.3,,0.0,20.2,17.0,14.3,82.25,73.0,5.333333,,2.25485454595
1969-06-28,2.1,,0.0,19.4,17.14,15.0,91.5,84.0,5.0,,1.62929239901
1969-06-29,0.8,,1.9,23.2,18.22,16.2,84.5,63.0,3.266667,,2.31185307945
1969-06-30,0.8,,2.4,22.4,17.94,15.8,89.5,73.0,8.333333,,2.06901407433
1969-07-01,3.0,,1.6,22.2,18.06,16.0,92.0,85.0,8.0,,1.85017280932
1969-07-02,1.4,,2.2,20.4,16.48,15.1,88.5,83.0,8.0,,1.94204233495
1969-07-03,2.0,,2.1,21.2,17.26,14.2,85.75,68.0,8.333333,,2.26990264644
1969-07-04,1.8,,0.0,20.4,16.7,13.6,87.25,72.0,7.0,,2.07510505258
1969-07-05,1.6,,1.1,21.4,16.66,14.6,85.75,71.0,3.333333,,2.14564942724
1969-07-06,2.0,,0.0,22.4,17.02,14.6,82.0,62.0,2.666667,,2.3623149706
1969-07-07,2.8,,0.0,23.1,17.32,15.0,80.5,60.0,2.666667,,2.4787083456
1969-07-08,2.5,,0.0,23.8,17.06,14.4,85.0,59.0,3.333333,,2.49124891607
1969-07-09,2.2,,0.0,24.2,18.74,13.6,79.5,59.0,5.333333,,2.94577443395
1969-07-10,3.5,,0.0,23.2,16.86,14.2,84.25,60.0,5.333333,,2.54289936774
1969-07-11,2.7,,0.0,23.4,18.18,14.2,82.5,61.0,4.333333,,2.61676129831
1969-07-12,2.8,,0.0,21.8,17.66,14.8,79.75,67.0,6.333333,,2.67468000283
1969-07-13,2.9,,0.0,21.6,16.62,14.6,87.0,65.0,3.0,,2.14650326088
1969-07-14,1.6,,0.8,23.2,17.58,14.4,80.25,58.0,4.333333,,2.70450799935
1969-07-15,3.3,,0.0,22.8,17.24,14.3,73.0,49.0,5.0,,3.09138004518
1969-07-16,4.0,,0.0,23.0,15.6,12.3,78.75,58.0,2.666667,,2.68785801964
1969-07-17,3.4,,0.0,21.6,16.1,11.4,78.5,59.0,5.333333,,2.76873578114
1969-07-18,3.6,,0.0,21.2,17.34,14.8,74.25,66.0,7.666667,,3.09154715157
1969-07-19,4.3,,0.0,22.0,17.1,14.8,84.0,67.0,6.666667,,2.47657366377
1969-07-20,2.2,,4.0,20.0,14.72,12.5,89.5,77.0,5.666667,,1.99192523168
1969-07-21,1.7,,0.0,23.0,17.42,11.4,79.5,59.0,6.666667,,2.98158451124
1969-07-22,3.3,,5.5,22.6,15.24,11.9,82.5,55.0,4.0,,2.64786660688
1969-07-23,2.8,,0.0,22.8,15.42,11.6,79.0,52.0,4.0,,2.83693038652
1969-07-24,4.2,,0.0,20.6,16.84,12.3,84.0,74.0,7.0,,2.41866799486
1969-07-25,2.7,,0.0,23.5,17.88,14.8,78.25,48.0,9.333333,,3.25354220175
1969-07-26,3.5,,7.6,19.6,16.66,15.2,92.5,83.0,7.0,,1.64204890066
1969-07-27,1.4,,3.2,19.0,15.32,14.1,88.0,69.0,7.0,,1.9251701511
1969-07-28,1.2,,1.5,20.4,14.42,12.0,91.5,80.0,7.666667,,1.94050090271
1969-07-29,1.2,,1.1,21.6,16.3,12.0,84.25,65.0,8.0,,2.57447684707
1969-07-30,2.8,,0.0,22.4,17.46,14.0,82.75,69.0,9.333333,,2.78178061632
1969-07-31,3.2,,4.5,19.8,16.42,14.0,90.5,83.0,6.666667,,1.89212199992
1969-08-01,1.5,,0.3,21.0,16.24,14.1,77.25,60.0,5.666667,,2.79801622053
1969-08-02,3.0,,0.0,22.4,16.7,13.8,77.0,46.0,5.333333,,2.99224732933
1969-08-03,3.4,,0.0,23.0,17.22,12.8,82.75,57.0,4.666667,,2.77822483325
1969-08-04,4.0,,0.0,23.6,17.5,14.4,74.5,52.0,3.333333,,3.0510652695
1969-08-05,4.2,,0.0,23.2,17.5,15.2,74.25,50.0,4.0,,3.0644948158
1969-08-06,4.6,,0.0,23.0,16.14,12.8,80.0,56.0,3.0,,2.83542040836
1969-08-07,3.4,,0.0,21.2,16.6,12.8,79.5,65.0,3.333333,,2.64474068241
1969-08-08,3.4,,0.0,21.6,17.34,14.8,84.5,69.0,8.333333,,2.55147461069
1969-08-09,3.8,,0.0,23.4,17.66,15.0,75.25,53.0,3.4,,3.01994758557
1969-08-10,3.7,,1.3,22.2,16.92,14.6,79.75,54.0,7.333333,,2.95995792002
1969-08-11,3.1,,0.3,22.6,16.94,14.4,79.5,46.0,7.333333,,3.04721453391
1969-08-12,1.6,,0.0,22.6,17.82,14.2,80.0,63.0,6.0,,2.95930346823
1969-08-13,5.4,,0.0,22.4,17.64,14.8,81.5,65.0,9.0,,2.94327463811
1969-08-14,5.9,,7.4,21.8,16.94,14.6,78.75,54.0,7.333333,,3.00105788791
1969-08-15,4.7,,0.0,21.4,17.34,14.0,74.5,58.0,5.333333,,3.08240808303
1969-08-16,3.8,,0.0,22.4,17.42,13.6,76.25,62.0,6.0,,3.20966536872
1969-08-17,3.6,,0.0,23.0,15.58,12.2,71.5,45.0,3.0,,3.2585786167
1969-08-18,3.5,,0.0,25.3,15.5,9.2,81.25,71.0,3.333333,,3.39470852274
1969-08-19,5.1,,0.0,25.0,17.7,10.8,66.0,43.0,4.666667,,4.10520770821
1969-08-20,5.1,,0.0,25.0,18.5,13.0,70.75,61.0,3.333333,,3.62934493741
1969-08-21,3.8,,0.0,24.2,18.06,13.2,75.0,57.0,4.0,,3.42700174931
1969-08-22,7.6,,0.0,22.6,17.74,16.2,77.0,62.0,4.666667,,3.00822499582
1969-08-23,6.9,,0.0,23.4,17.42,11.4,77.5,54.0,4.733333,,3.33866760434
1969-08-24,4.5,,3.5,19.8,16.7,15.0,90.0,76.0,7.333333,,1.99886886943
1969-08-25,1.8,,0.5,23.2,17.82,14.8,78.5,56.0,4.666667,,3.13582565997
1969-08-26,4.1,,0.0,24.4,17.02,13.6,70.5,46.0,3.0,,3.53790292145
1969-08-27,5.2,,0.0,24.4,17.74,13.6,69.5,40.0,5.333333,,3.94006777982
1969-08-28,5.4,,0.0,26.6,17.82,14.0,73.25,43.0,2.333333,,3.69715949696
1969-08-29,3.4,,0.0,30.6,20.5,11.0,54.5,21.0,1.666667,,4.67467705909
1969-08-30,6.7,,0.0,24.4,19.3,16.2,74.75,53.0,4.333333,,3.45031084191
1969-08-31,4.3,,0.0,24.0,17.42,9.4,73.0,53.0,6.333333,,3.90858180693
1969-09-01,4.5,,0.2,23.8,18.7,16.4,73.75,52.0,6.0,,3.60148968402
1969-09-02,4.7,,0.0,23.4,18.06,14.6,78.75,56.0,6.333333,,3.33899669265
1969-09-03,4.6,,1.6,24.2,18.1,14.8,65.75,40.0,6.333333,,4.30549686843
1969-09-04,6.0,,0.0,24.6,17.06,13.4,65.75,36.0,4.0,,4.04101136164
1969-09-05,5.5,,0.0,25.6,17.22,14.0,69.75,41.0,2.333333,,3.73288192862
1969-09-06,3.5,,0.0,24.2,18.66,14.2,81.25,58.0,5.333333,,3.32497165139
1969-09-07,4.1,,0.0,25.0,19.22,15.2,65.5,47.0,6.666667,,4.53845899989
1969-09-08,6.0,,0.0,26.6,19.46,13.6,62.25,41.0,4.666667,,4.71922169082
1969-09-09,2.3,,0.0,26.2,19.58,11.8,69.75,49.0,7.333333,,4.63083719654
1969-09-10,5.7,,0.0,25.8,20.22,15.8,64.75,47.0,5.666667,,4.5719276822
1969-09-11,6.2,,0.0,25.6,20.58,15.0,60.25,38.0,6.0,,4.91649266144
1969-09-12,5.3,,0.0,27.7,18.88,13.8,66.25,35.0,3.666667,,4.56022638106
1969-09-13,5.2,,0.0,23.2,20.14,15.8,68.0,61.0,6.666667,,4.07417771021
1969-09-14,4.6,,0.0,24.4,18.14,12.8,66.25,47.0,5.666667,,4.37327144914
1969-09-15,5.2,,0.0,26.0,15.72,11.5,72.25,34.0,4.0,,4.1880249927
1969-09-16,4.8,,0.0,26.0,18.28,11.5,62.0,38.0,3.833333,,4.61170693114
1969-09-17,6.4,,0.0,24.8,18.34,12.8,66.75,49.0,5.666667,,4.4419247611
1969-09-18,6.1,,0.0,25.6,19.5,16.2,71.0,49.0,8.0,,4.4701177458
1969-09-19,4.6,,0.0,25.6,19.14,15.6,78.25,48.0,6.333333,,3.83693132377
1969-09-20,4.9,,0.5,25.0,18.94,15.8,76.5,55.0,4.666667,,3.71780497001
1969-09-21,3.5,,0.0,25.0,19.58,16.0,73.25,50.0,5.0,,3.92089142456
1969-09-22,3.6,,0.0,25.6,20.18,16.4,72.5,56.0,5.0,,4.05609574698
1969-09-23,4.7,,0.0,24.2,19.56,16.7,77.25,61.0,5.0,,3.52366561749
1969-09-24,3.3,,0.2,24.3,19.36,16.4,79.75,58.0,5.666667,,3.46879148963
1969-09-25,3.8,,0.6,25.0,19.46,15.8,70.75,55.0,5.333333,,4.14436906593
1969-09-26,5.4,,0.0,25.4,19.2,15.5,60.75,38.0,4.666667,,4.67211136465
1969-09-27,6.0,,0.0,26.7,19.88,15.0,59.0,36.0,6.0,,5.34825419532
1969-09-28,7.8,,0.0,27.0,19.96,14.5,53.75,29.0,6.0,,5.76732452901
1969-09-29,8.5,,0.0,27.1,19.66,14.5,55.0,29.0,4.666667,,5.36338966415
1969-09-30,7.0,,0.5,28.2,21.32,16.7,61.5,37.0,5.666667,,5.37784135267
1969-10-01,5.8,,0.0,27.8,21.08,16.7,63.0,42.0,4.666667,,4.99462785375
1969-10-02,5.6,,0.0,27.8,20.92,15.1,53.5,34.0,6.333333,,6.05268307234
1969-10-03,8.4,,0.0,27.4,21.02,16.2,65.0,38.0,4.333333,,4.78417829214
1969-10-04,5.0,,0.0,28.4,19.5,16.4,72.5,42.0,3.333333,,4.46003047458
1969-10-05,5.0,,0.0,25.6,18.78,14.6,70.25,46.0,3.333333,,4.14984133881
1969-10-06,4.0,,0.0,27.2,17.26,14.0,71.75,37.0,4.0,,4.51242549067
1969-10-07,5.1,,0.0,27.6,19.82,12.6,65.25,40.0,5.333333,,5.17577184797
1969-10-08,5.2,,0.0,26.2,19.66,16.2,67.5,43.0,6.666667,,4.82288885813
1969-10-09,6.0,,3.7,24.8,19.14,16.2,77.25,60.0,5.0,,3.77106897957
1969-10-10,3.5,,0.0,23.8,19.42,15.8,77.25,65.0,3.333333,,3.49242643684
1969-10-11,4.6,,0.0,27.8,21.7,15.6,61.0,50.0,4.0,,5.06847518174
1969-10-12,4.4,,0.0,30.4,20.82,14.2,61.0,37.0,5.0,,5.90865273494
1969-10-13,5.8,,0.0,29.2,23.26,18.0,58.5,40.0,2.333333,,4.77501531113
1969-10-14,4.0,,0.0,28.2,21.78,18.6,59.25,37.0,3.333333,,4.85081096285
1969-10-15,5.6,,0.0,28.6,21.94,17.2,66.0,44.0,2.0,,4.45154930837
1969-10-16,5.1,,0.0,26.8,21.22,18.8,74.5,53.0,3.0,,3.89265872624
1969-10-17,3.2,,0.0,28.2,22.1,18.2,69.25,45.0,2.666667,,4.36474304478
1969-10-18,3.8,,0.0,24.4,20.06,17.2,76.0,64.0,6.0,,3.81284859231
1969-10-19,3.9,,0.0,26.5,20.48,15.8,70.0,53.0,5.0,,4.57356761859
1969-10-20,4.8,,0.0,28.2,21.34,15.4,62.75,47.0,5.333333,,5.41361239459
1969-10-21,7.1,,0.0,27.3,20.72,17.0,66.25,42.0,7.666667,,5.30726731452
1969-10-22,7.1,,0.0,27.4,21.06,15.8,64.75,43.0,6.666667,,5.34338179137
1969-10-23,6.6,,0.0,28.5,21.2,16.8,60.75,36.0,4.333333,,5.3018139825
1969-10-24,6.3,,0.0,28.6,21.06,16.0,58.5,35.0,4.666667,,5.57385653599
1969-10-25,7.2,,0.0,27.0,20.9,16.2,58.25,42.0,7.666667,,5.91785145058
1969-10-26,6.3,,0.0,27.0,17.72,14.1,67.0,38.0,3.666667,,4.74239338342
1969-10-27,4.9,,0.0,28.8,21.7,13.8,58.75,36.0,4.666667,,5.71539251913
1969-10-28,6.9,,0.0,30.0,23.54,17.6,56.5,45.0,5.0,,6.01123647838
1969-10-29,4.2,,0.0,29.2,21.86,17.4,64.75,41.0,2.666667,,4.83217386066
1969-10-30,5.6,,0.0,28.0,20.98,15.6,65.5,41.0,2.666667,,4.71159798028
1969-10-31,6.5,,0.0,29.6,22.26,15.0,55.5,41.0,4.0,,5.81786152925
1969-11-01,5.6,,0.0,27.8,21.38,17.4,65.0,41.0,3.666667,,4.79012515692
1969-11-02,5.7,,0.0,25.2,19.7,16.4,73.25,50.0,3.333333,,3.95426795258
1969-11-03,5.0,,0.0,30.0,21.86,14.8,53.25,36.0,4.0,,6.02496461896
1969-11-04,7.5,,0.0,30.2,22.9,16.6,56.25,37.0,4.0,,5.83566442344
1969-11-05,7.3,,0.0,29.0,22.5,16.0,56.5,43.0,6.666667,,6.32097379214
1969-11-06,8.1,,0.0,28.9,22.28,16.0,56.5,41.0,5.333333,,5.96874638384
1969-11-07,5.4,,0.0,30.2,22.34,15.0,46.75,28.0,5.0,,6.76443912467
1969-11-08,9.5,,0.0,29.6,19.66,15.6,56.25,28.0,3.333333,,5.56142979166
1969-11-09,9.5,,0.0,30.2,22.46,15.2,48.0,32.0,3.666667,,6.16514925701
1969-11-10,8.5,,0.0,28.4,22.66,16.8,51.25,32.0,5.666667,,6.25191804483
1969-11-11,6.6,,0.0,24.8,20.62,16.4,61.0,48.0,5.666667,,4.89539058003
1969-11-12,4.7,,0.0,27.5,21.16,15.6,65.0,42.0,4.666667,,5.07424315908
1969-11-13,6.7,,0.0,27.4,20.82,15.2,50.0,37.0,4.666667,,5.86050005678
1969-11-14,8.3,,0.0,27.6,20.06,15.8,63.5,41.0,4.0,,5.02699257307
1969-11-15,5.7,,0.0,26.0,20.58,16.4,64.75,52.0,5.0,,4.80057193222
1969-11-16,5.7,,0.0,27.8,21.18,16.4,66.5,44.0,5.0,,5.07282410739
1969-11-17,5.4,,0.0,28.0,21.02,16.8,58.0,35.0,5.666667,,5.74595033678
1969-11-18,5.6,,0.0,27.0,20.42,15.2,57.75,41.0,6.666667,,5.83396292398
1969-11-19,6.8,,0.0,28.4,21.66,16.2,58.0,34.0,7.333333,,6.23261876107
1969-11-20,8.4,,0.0,28.0,21.42,16.2,54.25,33.0,8.333333,,6.65546292116
1969-11-21,9.5,,0.0,28.0,21.86,16.0,52.25,37.0,7.0,,6.50929039497
1969-11-22,7.7,,0.0,29.0,20.34,16.6,60.0,35.0,5.0,,5.69390251153
1969-11-23,6.1,,0.0,31.4,22.86,16.0,57.0,31.0,3.666667,,6.01939233288
1969-11-24,6.7,,0.0,29.8,22.98,19.4,74.25,61.0,2.666667,,4.52635260917
1969-11-25,2.8,,3.0,24.8,20.48,18.3,81.25,76.0,1.666667,,3.27976488608
1969-11-26,1.0,,3.7,28.8,21.06,17.4,76.25,40.0,3.666667,,4.54320010419
1969-11-27,4.2,,0.0,28.1,20.96,18.4,75.75,48.0,2.0,,4.13496584563
1969-11-28,7.0,,0.0,24.8,21.8,18.5,83.75,64.0,2.0,,3.21428834324
1969-11-29,1.1,,2.7,27.7,21.56,18.2,76.75,54.0,2.0,,4.05049965471
1969-11-30,2.1,,25.0,21.4,19.1,18.5,90.5,84.0,2.333333,,2.19354126856
1969-12-01,0.9,,5.2,25.2,21.3,17.8,76.25,59.0,1.333333,,3.49441723377
1969-12-02,1.8,,0.0,27.5,21.68,18.6,79.0,56.0,2.666667,,3.96887260003
1969-12-03,3.0,,0.0,26.8,21.42,18.8,80.0,58.0,3.0,,3.78830636404
1969-12-04,3.1,,21.0,25.4,19.98,17.6,78.5,54.0,4.666667,,3.80494631329
1969-12-05,4.5,,0.0,22.6,19.26,17.4,77.5,64.0,4.333333,,3.26854275164
1969-12-06,3.7,,0.0,26.0,21.18,17.4,67.5,53.0,4.0,,4.41693385832
1969-12-07,4.9,,0.0,26.0,20.86,18.0,71.75,49.0,3.333333,,4.06305239539
1969-12-08,5.1,,0.0,26.4,19.86,16.6,69.5,44.0,5.0,,4.61759295038
1969-12-09,4.9,,0.0,28.0,21.3,16.2,66.25,43.0,3.333333,,4.84320988335
1969-12-10,4.6,,0.0,26.3,19.84,17.4,78.5,55.0,3.0,,3.89126168704
1969-12-11,3.8,,0.0,26.4,20.9,17.2,72.25,55.0,4.666667,,4.38062230523
1969-12-12,4.5,,0.0,28.4,20.1,16.8,69.5,47.0,4.0,,4.86506797791
1969-12-13,5.9,,0.0,29.7,22.16,17.0,64.0,42.0,2.666667,,5.05433740532
1969-12-14,4.9,,0.0,30.1,22.56,18.0,65.25,43.0,2.333333,,4.92944045392
1969-12-15,4.2,,0.0,29.5,22.72,16.0,70.75,50.0,3.333333,,4.98840230109
1969-12-16,3.5,,31.0,21.4,18.66,16.6,91.5,85.0,5.0,,2.40811379835
1969-12-17,0.8,,0.4,19.8,18.22,17.2,92.75,86.0,3.333333,,1.94297190053
1969-12-18,0.6,,10.3,19.7,17.48,16.0,92.25,84.0,5.666667,,2.07299236197
1969-12-19,0.9,,9.4,20.3,17.52,16.2,93.75,84.0,5.666667,,2.08215175285
1969-12-20,0.9,,12.0,22.1,18.12,16.2,90.25,74.0,3.333333,,2.73196309773
1969-12-21,2.0,,0.0,24.9,20.44,16.6,74.0,61.0,5.0,,4.06695073819
1969-12-22,3.8,,0.0,25.1,20.32,16.4,73.0,60.0,5.666667,,4.24511283852
1969-12-23,3.6,,0.4,24.4,18.44,16.5,83.25,52.0,3.666667,,3.44289623341
1969-12-24,2.9,,0.0,26.4,18.3,15.0,81.75,56.0,3.333333,,4.01908902953
1969-12-25,2.2,,0.0,26.5,19.16,14.2,79.25,44.0,3.666667,,4.20321634283
1969-12-26,2.4,,14.8,23.6,19.14,16.6,88.5,75.0,3.333333,,3.06029831967
1969-12-27,1.1,,16.2,20.8,17.38,15.0,91.0,87.0,1.333333,,2.71991995153
1969-12-28,0.5,,34.7,20.0,18.06,15.6,93.75,89.0,3.333333,,2.24082114204
1969-12-29,1.0,,9.5,23.7,19.16,17.0,88.75,70.0,5.333333,,2.96623436174
1969-12-30,2.7,,5.1,24.8,20.22,17.0,79.25,53.0,6.666667,,3.80581909719
1969-12-31,3.0,,0.9,24.8,20.34,17.4,83.75,71.0,5.0,,3.43454105251
1970-01-01,3.1,,1.2,25.2,20.14,16.4,92.25,88.0,5.666667,,3.07865622985
1970-01-02,1.5,,5.0,24.3,19.92,17.2,92.5,90.0,4.666667,,2.88420818898
1970-01-03,2.2,,5.3,24.4,20.06,16.6,86.25,71.0,6.333333,,3.27586246769
1970-01-04,3.2,,0.0,24.8,19.74,16.8,82.75,68.0,3.666667,,3.51821596107
1970-01-05,2.6,,0.0,25.0,19.1,16.6,82.75,64.0,3.333333,,3.57138160154
1970-01-06,2.8,,0.0,25.4,19.38,15.8,81.0,69.0,4.0,,3.81342814676
1970-01-07,2.9,,0.0,23.8,19.42,14.6,80.75,64.0,4.0,,3.61424945511
1970-01-08,2.9,,0.0,25.8,19.3,16.8,79.75,60.0,3.666667,,3.84942840203
1970-01-09,3.2,,0.0,29.4,20.1,13.4,76.25,37.0,2.666667,,4.88112799111
1970-01-10,3.9,,0.0,30.0,22.58,14.0,66.0,48.0,2.333333,,5.20228365284
1970-01-11,3.6,,0.0,28.4,21.7,14.0,81.25,62.0,2.666667,,4.49409633328
1970-01-12,2.1,,24.3,25.8,21.2,18.8,83.25,62.0,4.333333,,3.50934228771
1970-01-13,2.3,,2.7,25.4,20.46,17.2,83.5,62.0,4.666667,,3.58428163721
1970-01-14,2.2,,9.8,22.0,19.26,18.0,95.5,91.0,2.333333,,2.31797381694
1970-01-15,0.9,,37.1,23.4,19.32,17.4,83.5,72.0,3.0,,3.11248587797
1970-01-16,2.4,,0.0,25.6,20.56,17.1,77.25,53.0,7.333333,,4.13931232093
1970-01-17,4.3,,0.0,25.7,20.66,17.8,74.5,56.0,5.666667,,4.17660992617
1970-01-18,4.3,,0.0,26.3,21.24,18.4,72.0,50.0,4.666667,,4.28279526802
1970-01-19,3.9,,0.0,25.3,19.84,17.0,76.5,53.0,4.0,,3.89919747706
1970-01-20,3.6,,0.0,25.0,20.0,17.3,82.0,68.0,5.0,,3.58466617802
1970-01-21,3.7,,0.0,24.0,19.7,17.5,82.5,62.0,3.333333,,3.27683923666
1970-01-22,1.5,,0.0,21.7,19.24,17.2,94.0,91.0,1.0,,2.5459364933
1970-01-23,0.5,,40.4,19.4,18.26,17.4,95.0,93.0,5.333333,,1.61507330281
1970-01-24,0.4,,30.3,23.2,18.98,16.8,88.75,74.0,1.333333,,3.01791469347
1970-01-25,1.0,,6.7,25.0,20.2,16.7,86.25,62.0,1.333333,,3.45902816733
1970-01-26,0.9,,5.3,24.2,20.62,18.8,86.0,74.0,3.0,,2.9989294485
1970-01-27,2.0,,0.0,25.9,20.14,18.3,84.0,59.0,2.0,,3.49076874988
1970-01-28,2.2,,0.0,25.8,20.12,17.5,82.75,59.0,2.0,,3.59871897648
1970-01-29,2.2,,0.0,24.8,18.78,16.2,82.25,62.0,2.333333,,3.56067090484
1970-01-30,2.8,,0.0,25.2,19.34,13.4,83.75,60.0,3.666667,,3.82312877502
1970-01-31,2.1,,0.0,25.8,19.66,15.4,67.75,52.0,4.0,,4.51826884413
1970-02-01,5.0,,0.0,26.0,20.52,16.8,77.25,48.0,6.333333,,4.17107581907
1970-02-02,6.2,,0.0,24.4,20.06,17.1,79.5,68.0,5.666667,,3.6487662364
1970-02-03,1.8,,3.7,25.4,18.02,15.4,82.0,53.0,3.0,,3.77170920959
1970-02-04,3.4,,0.3,25.8,19.78,14.2,77.25,57.0,5.0,,4.21126013199
1970-02-05,4.6,,0.0,25.8,20.54,17.4,78.75,59.0,5.666667,,3.94643303212
1970-02-06,4.2,,0.0,25.2,20.58,17.4,77.25,60.0,8.333333,,4.08422187681
1970-02-07,3.9,,1.4,23.5,19.72,17.6,88.5,84.0,9.333333,,2.80979871353
1970-02-08,2.6,,1.4,25.0,20.02,17.0,82.25,60.0,4.333333,,3.56096797512
1970-02-09,3.6,,0.0,25.2,19.74,17.4,79.5,60.0,4.666667,,3.71873308772
1970-02-10,3.4,,0.0,25.6,20.62,16.8,79.25,62.0,5.0,,3.87859200598
1970-02-11,3.1,,0.0,23.0,19.32,16.2,96.75,87.0,3.666667,,2.60537313874
1970-02-12,1.0,,15.3,24.0,19.7,17.4,86.5,83.0,4.666667,,3.09817388923
1970-02-13,2.4,,0.0,25.8,20.46,17.2,80.0,60.0,6.0,,3.88159298259
1970-02-14,3.4,,3.2,24.6,20.2,16.8,77.5,58.0,6.333333,,3.85642823706
1970-02-15,3.9,,0.5,25.2,20.22,17.6,83.0,67.0,6.0,,3.53059379017
1970-02-16,3.8,,0.0,26.0,21.06,17.0,74.5,58.0,4.333333,,4.12802911715
1970-02-17,4.0,,0.0,25.6,20.5,17.8,78.75,63.0,3.0,,3.65907974985
1970-02-18,3.4,,0.0,25.7,19.56,16.6,76.0,58.0,3.0,,3.8944421845
1970-02-19,1.7,,0.0,25.2,19.42,15.6,85.5,70.0,4.0,,3.53270551439
1970-02-20,4.0,,0.0,23.8,19.98,17.2,90.5,79.0,0.0,,3.10033080419
1970-02-21,1.7,,0.0,26.2,21.16,17.9,74.75,55.0,6.0,,4.23422626128
1970-02-22,4.3,,0.0,26.7,20.4,17.2,74.0,51.0,2.666667,,4.04925679934
1970-02-23,4.6,,0.0,26.6,21.46,17.4,71.0,56.0,5.333333,,4.50558592353
1970-02-24,5.4,,0.0,26.0,20.94,17.4,70.25,54.0,6.666667,,4.59758250226
1970-02-25,5.4,,0.0,26.2,21.42,17.6,67.25,47.0,7.0,,4.88636764808
1970-02-26,5.9,,0.0,26.3,20.5,17.6,80.0,58.0,5.0,,3.8565870821
1970-02-27,4.0,,0.0,23.7,19.5,17.6,89.5,75.0,5.0,,2.80304558752
1970-02-28,2.0,,2.5,23.8,19.46,17.6,88.5,73.0,5.0,,2.87498976194
1970-03-01,1.6,,7.3,23.6,19.82,17.1,91.75,77.0,5.0,,2.70351735671
1970-03-02,2.7,,0.2,24.8,19.62,16.8,86.0,68.0,9.0,,3.25830754446
1970-03-03,2.3,,2.6,23.3,19.88,17.8,94.5,93.0,6.0,,2.34345807923
1970-03-04,1.1,,4.2,25.8,20.76,17.6,83.75,61.0,5.666667,,3.52654654846
1970-03-05,2.8,,0.0,25.2,20.8,18.0,82.5,65.0,5.0,,3.42762225469
1970-03-06,3.3,,0.0,25.3,21.16,18.2,80.0,65.0,5.0,,3.56696490283
1970-03-07,3.5,,0.8,25.2,20.78,17.8,84.5,64.0,4.666667,,3.31518715627
1970-03-08,2.6,,0.0,25.8,19.42,17.4,84.25,61.0,5.0,,3.47915836202
1970-03-09,3.3,,0.0,26.5,20.46,15.7,75.5,51.0,4.666667,,4.18954567296
1970-03-10,4.4,,0.0,26.2,20.34,17.2,77.0,54.0,4.0,,3.88650322883
1970-03-11,4.9,,0.0,25.7,20.76,17.4,74.0,57.0,5.0,,4.0248295098
1970-03-12,4.2,,0.0,25.4,20.48,17.4,72.0,54.0,7.0,,4.31029317194
1970-03-13,4.9,,0.5,26.6,20.18,17.4,83.5,55.0,4.666667,,3.63259798392
1970-03-14,4.2,,0.0,26.4,20.98,17.4,76.5,56.0,5.666667,,4.05391990217
1970-03-15,4.5,,0.0,26.6,21.22,17.6,76.75,60.0,7.0,,4.1593914009
1970-03-16,4.6,,0.0,25.6,20.04,17.4,79.0,63.0,4.666667,,3.66449604641
1970-03-17,3.1,,0.0,26.6,19.38,16.0,80.75,60.0,3.666667,,3.80635498215
1970-03-18,2.9,,0.0,25.9,20.4,15.2,76.75,56.0,5.0,,3.99610516851
1970-03-19,4.3,,0.0,26.1,20.32,16.8,80.5,67.0,6.533333,,3.783947753
1970-03-20,3.8,,2.5,25.0,19.9,17.4,78.5,59.0,9.0,,3.81808186992
1970-03-21,4.3,,0.0,24.5,19.74,16.6,74.25,53.0,6.0,,3.8703517772
1970-03-22,4.5,,0.0,26.6,19.98,15.8,73.25,47.0,4.666667,,4.21381637705
1970-03-23,4.1,,0.0,26.6,20.5,16.0,75.25,49.0,6.333333,,4.23459444729
1970-03-24,4.0,,0.0,26.6,20.5,15.2,74.75,60.0,6.666667,,4.32056215283
1970-03-25,4.5,,6.9,25.6,19.94,17.0,79.5,57.0,4.0,,3.55074696717
1970-03-26,3.4,,0.0,26.8,20.86,17.0,73.25,43.0,5.666667,,4.26163931238
1970-03-27,4.2,,3.1,24.9,20.44,17.8,77.5,63.0,5.333333,,3.55435145936
1970-03-28,3.5,,0.0,26.7,20.4,16.0,73.25,47.0,5.333333,,4.23871487472
1970-03-29,4.9,,0.0,24.3,18.12,15.0,77.75,56.0,5.333333,,3.59677035581
1970-03-30,4.3,,0.0,26.6,19.3,15.0,78.25,55.0,5.0,,3.93285225576
1970-03-31,4.3,,0.0,26.1,20.08,17.2,74.75,43.0,3.433333,,3.71916795629
1970-04-01,4.8,,0.0,26.6,20.58,15.4,68.75,51.0,5.0,,4.42291479351
1970-04-02,5.2,,0.0,26.4,20.7,17.6,66.75,43.0,8.666667,,4.97121510727
1970-04-03,6.4,,0.0,26.6,19.44,16.0,71.75,53.0,5.666667,,4.29058927536
1970-04-04,3.8,,0.0,26.4,18.86,15.6,77.25,57.0,3.666667,,3.75991924767
1970-04-05,4.1,,0.0,29.4,21.34,15.0,66.75,43.0,2.0,,4.36573057808
1970-04-06,4.5,,0.0,29.2,21.54,15.6,66.25,40.0,3.333333,,4.62302338046
1970-04-07,4.6,,0.0,25.4,18.74,16.0,79.5,59.0,4.666667,,3.50130442394
1970-04-08,3.5,,0.0,26.0,19.14,15.2,77.75,58.0,4.0,,3.67527012629
1970-04-09,3.2,,0.0,25.6,19.7,14.8,85.5,66.0,5.666667,,3.26566982813
1970-04-10,2.2,,1.5,24.3,19.88,17.6,85.5,65.0,5.333333,,2.86891115872
1970-04-11,2.4,,4.2,25.4,20.14,17.8,85.0,57.0,3.666667,,3.01558015123
1970-04-12,2.1,,0.0,27.8,19.54,16.6,81.25,50.0,2.666667,,3.60703309899
1970-04-13,3.2,,0.0,29.0,21.48,15.8,71.75,50.0,1.666667,,3.95117385045
1970-04-14,4.4,,1.4,26.7,21.24,19.0,75.25,56.0,3.0,,3.44337195239
1970-04-15,2.8,,0.0,27.4,21.54,18.8,74.5,48.0,3.666667,,3.70956243265
1970-04-16,4.6,,0.0,27.0,21.62,17.8,75.25,57.0,5.333333,,3.87790748499
1970-04-17,4.0,,0.0,26.0,21.0,17.8,80.0,57.0,6.666667,,3.49804995967
1970-04-18,3.5,,1.4,23.2,19.38,17.8,89.5,79.0,6.0,,2.36122947688
1970-04-19,1.4,,2.5,25.7,19.48,17.0,78.25,48.0,5.333333,,3.48909900679
1970-04-20,4.1,,3.5,23.8,19.68,16.9,84.75,66.0,4.666667,,2.77436918761
1970-04-21,1.4,,0.5,22.6,18.88,16.7,88.0,75.0,4.666667,,2.41920185448
1970-04-22,2.7,,0.0,22.7,19.36,17.2,90.0,80.0,4.666667,,2.27927160726
1970-04-23,1.2,,6.6,23.0,19.38,17.6,92.75,82.0,6.333333,,2.09099428547
1970-04-24,1.2,,3.1,24.1,19.16,17.2,94.75,92.0,7.666667,,2.08538748405
1970-04-25,1.3,,8.0,23.4,18.68,16.5,86.5,75.0,7.666667,,2.64578826102
1970-04-26,2.6,,3.5,22.8,18.14,15.8,86.0,71.0,4.666667,,2.57745194104
1970-04-27,1.4,,5.5,23.4,18.22,15.8,82.75,63.0,3.666667,,2.77632345418
1970-04-28,2.5,,0.0,25.0,19.42,16.0,74.25,54.0,4.666667,,3.48955233325
1970-04-29,2.6,,0.0,25.2,19.94,16.2,73.5,59.0,5.333333,,3.62688992635
1970-04-30,3.5,,0.0,23.1,19.2,16.6,79.5,66.0,5.333333,,2.92305828082
1970-05-01,,,,,,,,83.0,,,
1970-05-02,,,,,,,,,,,
1970-05-03,,,,,,,,,,,
1970-05-04,,,,,,,,,,,
1970-05-05,,,,,,,,,,,
1970-05-06,,,,,,,,,,,
1970-05-07,,,,,,,,,,,
1970-05-08,,,,,,,,,,,
1970-05-09,,,,,,,,,,,
1970-05-10,,,,,,,,,,,
1970-05-11,,,,,,,,,,,
1970-05-12,,,,,,,,,,,
1970-05-13,,,,,,,,,,,
1970-05-14,,,,,,,,,,,
1970-05-15,,,,,,,,,,,
1970-05-16,,,,,,,,,,,
1970-05-17,,,,,,,,,,,
1970-05-18,,,,,,,,,,,
1970-05-19,,,,,,,,,,,
1970-05-20,,,,,,,,,,,
1970-05-21,,,,,,,,,,,
1970-05-22,,,,,,,,,,,
1970-05-23,,,,,,,,,,,
1970-05-24,,,,,,,,,,,
1970-05-25,,,,,,,,,,,
1970-05-26,,,,,,,,,,,
1970-05-27,,,,,,,,,,,
1970-05-28,,,,,,,,,,,
1970-05-29,,,,,,,,,,,
1970-05-30,,,,,,,,,,,
1970-05-31,,,,,,,,,,,
1970-06-01,,,,,,,,,,,
1970-06-02,,,,,,,,,,,
1970-06-03,,,,,,,,,,,
1970-06-04,,,,,,,,,,,
1970-06-05,,,,,,,,,,,
1970-06-06,,,,,,,,,,,
1970-06-07,,,,,,,,,,,
1970-06-08,,,,,,,,,,,
1970-06-09,,,,,,,,,,,
1970-06-10,,,,,,,,,,,
1970-06-11,,,,,,,,,,,
1970-06-12,,,,,,,,,,,
1970-06-13,,,,,,,,,,,
1970-06-14,,,,,,,,,,,
1970-06-15,,,,,,,,,,,
1970-06-16,,,,,,,,,,,
1970-06-17,,,,,,,,,,,
1970-06-18,,,,,,,,,,,
1970-06-19,,,,,,,,,,,
1970-06-20,,,,,,,,,,,
1970-06-21,,,,,,,,,,,
1970-06-22,,,,,,,,,,,
1970-06-23,,,,,,,,,,,
1970-06-24,,,,,,,,,,,
1970-06-25,,,,,,,,,,,
1970-06-26,,,,,,,,,,,
1970-06-27,,,,,,,,,,,
1970-06-28,,,,,,,,,,,
1970-06-29,,,,,,,,,,,
1970-06-30,,,,,,,,,,,
1970-07-01,,,,,,,,,,,
1970-07-02,,,,,,,,,,,
1970-07-03,,,,,,,,,,,
1970-07-04,,,,,,,,,,,
1970-07-05,,,,,,,,,,,
1970-07-06,,,,,,,,,,,
1970-07-07,,,,,,,,,,,
1970-07-08,,,,,,,,,,,
1970-07-09,,,,,,,,,,,
1970-07-10,,,,,,,,,,,
1970-07-11,,,,,,,,,,,
1970-07-12,,,,,,,,,,,
1970-07-13,,,,,,,,,,,
1970-07-14,,,,,,,,,,,
1970-07-15,,,,,,,,,,,
1970-07-16,,,,,,,,,,,
1970-07-17,,,,,,,,,,,
1970-07-18,,,,,,,,,,,
1970-07-19,,,,,,,,,,,
1970-07-20,,,,,,,,,,,
1970-07-21,,,,,,,,,,,
1970-07-22,,,,,,,,,,,
1970-07-23,,,,,,,,,,,
1970-07-24,,,,,,,,,,,
1970-07-25,,,,,,,,,,,
1970-07-26,,,,,,,,,,,
1970-07-27,,,,,,,,,,,
1970-07-28,,,,,,,,,,,
1970-07-29,,,,,,,,,,,
1970-07-30,,,,,,,,,,,
1970-07-31,,,,,,,,,,,
1970-08-01,,,,,,,,,,,
1970-08-02,,,,,,,,,,,
1970-08-03,,,,,,,,,,,
1970-08-04,,,,,,,,,,,
1970-08-05,,,,,,,,,,,
1970-08-06,,,,,,,,,,,
1970-08-07,,,,,,,,,,,
1970-08-08,,,,,,,,,,,
1970-08-09,,,,,,,,,,,
1970-08-10,,,,,,,,,,,
1970-08-11,,,,,,,,,,,
1970-08-12,,,,,,,,,,,
1970-08-13,,,,,,,,,,,
1970-08-14,,,,,,,,,,,
1970-08-15,,,,,,,,,,,
1970-08-16,,,,,,,,,,,
1970-08-17,,,,,,,,,,,
1970-08-18,,,,,,,,,,,
1970-08-19,,,,,,,,,,,
1970-08-20,,,,,,,,,,,
1970-08-21,,,,,,,,,,,
1970-08-22,,,,,,,,,,,
1970-08-23,,,,,,,,,,,
1970-08-24,,,,,,,,,,,
1970-08-25,,,,,,,,,,,
1970-08-26,,,,,,,,,,,
1970-08-27,,,,,,,,,,,
1970-08-28,,,,,,,,,,,
1970-08-29,,,,,,,,,,,
1970-08-30,,,,,,,,,,,
1970-08-31,,,,,,,,,,,
1970-09-01,,,,,,,,,,,
1970-09-02,,,,,,,,,,,
1970-09-03,,,,,,,,,,,
1970-09-04,,,,,,,,,,,
1970-09-05,,,,,,,,,,,
1970-09-06,,,,,,,,,,,
1970-09-07,,,,,,,,,,,
1970-09-08,,,,,,,,,,,
1970-09-09,,,,,,,,,,,
1970-09-10,,,,,,,,,,,
1970-09-11,,,,,,,,,,,
1970-09-12,,,,,,,,,,,
1970-09-13,,,,,,,,,,,
1970-09-14,,,,,,,,,,,
1970-09-15,,,,,,,,,,,
1970-09-16,,,,,,,,,,,
1970-09-17,,,,,,,,,,,
1970-09-18,,,,,,,,,,,
1970-09-19,,,,,,,,,,,
1970-09-20,,,,,,,,,,,
1970-09-21,,,,,,,,,,,
1970-09-22,,,,,,,,,,,
1970-09-23,,,,,,,,,,,
1970-09-24,,,,,,,,,,,
1970-09-25,,,,,,,,,,,
1970-09-26,,,,,,,,,,,
1970-09-27,,,,,,,,,,,
1970-09-28,,,,,,,,,,,
1970-09-29,,,,,,,,,,,
1970-09-30,,,,,,,,,,,
1970-10-01,,,,,,,,,,,
1970-10-02,,,,,,,,,,,
1970-10-03,,,,,,,,,,,
1970-10-04,,,,,,,,,,,
1970-10-05,,,,,,,,,,,
1970-10-06,,,,,,,,,,,
1970-10-07,,,,,,,,,,,
1970-10-08,,,,,,,,,,,
1970-10-09,,,,,,,,,,,
1970-10-10,,,,,,,,,,,
1970-10-11,,,,,,,,,,,
1970-10-12,,,,,,,,,,,
1970-10-13,,,,,,,,,,,
1970-10-14,,,,,,,,,,,
1970-10-15,,,,,,,,,,,
1970-10-16,,,,,,,,,,,
1970-10-17,,,,,,,,,,,
1970-10-18,,,,,,,,,,,
1970-10-19,,,,,,,,,,,
1970-10-20,,,,,,,,,,,
1970-10-21,,,,,,,,,,,
1970-10-22,,,,,,,,,,,
1970-10-23,,,,,,,,,,,
1970-10-24,,,,,,,,,,,
1970-10-25,,,,,,,,,,,
1970-10-26,,,,,,,,,,,
1970-10-27,,,,,,,,,,,
1970-10-28,,,,,,,,,,,
1970-10-29,,,,,,,,,,,
1970-10-30,,,,,,,,,,,
1970-10-31,,,,,,,,,,,
1970-11-01,,,,,,,,,,,
1970-11-02,,,,,,,,,,,
1970-11-03,,,,,,,,,,,
1970-11-04,,,,,,,,,,,
1970-11-05,,,,,,,,,,,
1970-11-06,,,,,,,,,,,
1970-11-07,,,,,,,,,,,
1970-11-08,,,,,,,,,,,
1970-11-09,,,,,,,,,,,
1970-11-10,,,,,,,,,,,
1970-11-11,,,,,,,,,,,
1970-11-12,,,,,,,,,,,
1970-11-13,,,,,,,,,,,
1970-11-14,,,,,,,,,,,
1970-11-15,,,,,,,,,,,
1970-11-16,,,,,,,,,,,
1970-11-17,,,,,,,,,,,
1970-11-18,,,,,,,,,,,
1970-11-19,,,,,,,,,,,
1970-11-20,,,,,,,,,,,
1970-11-21,,,,,,,,,,,
1970-11-22,,,,,,,,,,,
1970-11-23,,,,,,,,,,,
1970-11-24,,,,,,,,,,,
1970-11-25,,,,,,,,,,,
1970-11-26,,,,,,,,,,,
1970-11-27,,,,,,,,,,,
1970-11-28,,,,,,,,,,,
1970-11-29,,,,,,,,,,,
1970-11-30,,,,,,,,,,,
1970-12-01,,,,,,,,,,,
1970-12-02,,,,,,,,,,,
1970-12-03,,,,,,,,,,,
1970-12-04,,,,,,,,,,,
1970-12-05,,,,,,,,,,,
1970-12-06,,,,,,,,,,,
1970-12-07,,,,,,,,,,,
1970-12-08,,,,,,,,,,,
1970-12-09,,,,,,,,,,,
1970-12-10,,,,,,,,,,,
1970-12-11,,,,,,,,,,,
1970-12-12,,,,,,,,,,,
1970-12-13,,,,,,,,,,,
1970-12-14,,,,,,,,,,,
1970-12-15,,,,,,,,,,,
1970-12-16,,,,,,,,,,,
1970-12-17,,,,,,,,,,,
1970-12-18,,,,,,,,,,,
1970-12-19,,,,,,,,,,,
1970-12-20,,,,,,,,,,,
1970-12-21,,,,,,,,,,,
1970-12-22,,,,,,,,,,,
1970-12-23,,,,,,,,,,,
1970-12-24,,,,,,,,,,,
1970-12-25,,,,,,,,,,,
1970-12-26,,,,,,,,,,,
1970-12-27,,,,,,,,,,,
1970-12-28,,,,,,,,,,,
1970-12-29,,,,,,,,,,,
1970-12-30,,,,,,,,,,,
1970-12-31,,,,,,,,,,,
1971-01-01,,,,,,,,,,,
1971-01-02,,,,,,,,,,,
1971-01-03,,,,,,,,,,,
1971-01-04,,,,,,,,,,,
1971-01-05,,,,,,,,,,,
1971-01-06,,,,,,,,,,,
1971-01-07,,,,,,,,,,,
1971-01-08,,,,,,,,,,,
1971-01-09,,,,,,,,,,,
1971-01-10,,,,,,,,,,,
1971-01-11,,,,,,,,,,,
1971-01-12,,,,,,,,,,,
1971-01-13,,,,,,,,,,,
1971-01-14,,,,,,,,,,,
1971-01-15,,,,,,,,,,,
1971-01-16,,,,,,,,,,,
1971-01-17,,,,,,,,,,,
1971-01-18,,,,,,,,,,,
1971-01-19,,,,,,,,,,,
1971-01-20,,,,,,,,,,,
1971-01-21,,,,,,,,,,,
1971-01-22,,,,,,,,,,,
1971-01-23,,,,,,,,,,,
1971-01-24,,,,,,,,,,,
1971-01-25,,,,,,,,,,,
1971-01-26,,,,,,,,,,,
1971-01-27,,,,,,,,,,,
1971-01-28,,,,,,,,,,,
1971-01-29,,,,,,,,,,,
1971-01-30,,,,,,,,,,,
1971-01-31,,,,,,,,,,,
1971-02-01,,,,,,,,,,,
1971-02-02,,,,,,,,,,,
1971-02-03,,,,,,,,,,,
1971-02-04,,,,,,,,,,,
1971-02-05,,,,,,,,,,,
1971-02-06,,,,,,,,,,,
1971-02-07,,,,,,,,,,,
1971-02-08,,,,,,,,,,,
1971-02-09,,,,,,,,,,,
1971-02-10,,,,,,,,,,,
1971-02-11,,,,,,,,,,,
1971-02-12,,,,,,,,,,,
1971-02-13,,,,,,,,,,,
1971-02-14,,,,,,,,,,,
1971-02-15,,,,,,,,,,,
1971-02-16,,,,,,,,,,,
1971-02-17,,,,,,,,,,,
1971-02-18,,,,,,,,,,,
1971-02-19,,,,,,,,,,,
1971-02-20,,,,,,,,,,,
1971-02-21,,,,,,,,,,,
1971-02-22,,,,,,,,,,,
1971-02-23,,,,,,,,,,,
1971-02-24,,,,,,,,,,,
1971-02-25,,,,,,,,,,,
1971-02-26,,,,,,,,,,,
1971-02-27,,,,,,,,,,,
1971-02-28,,,,,,,,,,,
1971-03-01,,,,,,,,,,,
1971-03-02,,,,,,,,,,,
1971-03-03,,,,,,,,,,,
1971-03-04,,,,,,,,,,,
1971-03-05,,,,,,,,,,,
1971-03-06,,,,,,,,,,,
1971-03-07,,,,,,,,,,,
1971-03-08,,,,,,,,,,,
1971-03-09,,,,,,,,,,,
1971-03-10,,,,,,,,,,,
1971-03-11,,,,,,,,,,,
1971-03-12,,,,,,,,,,,
1971-03-13,,,,,,,,,,,
1971-03-14,,,,,,,,,,,
1971-03-15,,,,,,,,,,,
1971-03-16,,,,,,,,,,,
1971-03-17,,,,,,,,,,,
1971-03-18,,,,,,,,,,,
1971-03-19,,,,,,,,,,,
1971-03-20,,,,,,,,,,,
1971-03-21,,,,,,,,,,,
1971-03-22,,,,,,,,,,,
1971-03-23,,,,,,,,,,,
1971-03-24,,,,,,,,,,,
1971-03-25,,,,,,,,,,,
1971-03-26,,,,,,,,,,,
1971-03-27,,,,,,,,,,,
1971-03-28,,,,,,,,,,,
1971-03-29,,,,,,,,,,,
1971-03-30,,,,,,,,,,,
1971-03-31,,,,,,,,,,,
1971-04-01,,,,,,,,,,,
1971-04-02,,,,,,,,,,,
1971-04-03,,,,,,,,,,,
1971-04-04,,,,,,,,,,,
1971-04-05,,,,,,,,,,,
1971-04-06,,,,,,,,,,,
1971-04-07,,,,,,,,,,,
1971-04-08,,,,,,,,,,,
1971-04-09,,,,,,,,,,,
1971-04-10,,,,,,,,,,,
1971-04-11,,,,,,,,,,,
1971-04-12,,,,,,,,,,,
1971-04-13,,,,,,,,,,,
1971-04-14,,,,,,,,,,,
1971-04-15,,,,,,,,,,,
1971-04-16,,,,,,,,,,,
1971-04-17,,,,,,,,,,,
1971-04-18,,,,,,,,,,,
1971-04-19,,,,,,,,,,,
1971-04-20,,,,,,,,,,,
1971-04-21,,,,,,,,,,,
1971-04-22,,,,,,,,,,,
1971-04-23,,,,,,,,,,,
1971-04-24,,,,,,,,,,,
1971-04-25,,,,,,,,,,,
1971-04-26,,,,,,,,,,,
1971-04-27,,,,,,,,,,,
1971-04-28,,,,,,,,,,,
1971-04-29,,,,,,,,,,,
1971-04-30,,,,,,,,,,,
1971-05-01,,,,,,,,,,,
1971-05-02,,,,,,,,,,,
1971-05-03,,,,,,,,,,,
1971-05-04,,,,,,,,,,,
1971-05-05,,,,,,,,,,,
1971-05-06,,,,,,,,,,,
1971-05-07,,,,,,,,,,,
1971-05-08,,,,,,,,,,,
1971-05-09,,,,,,,,,,,
1971-05-10,,,,,,,,,,,
1971-05-11,,,,,,,,,,,
1971-05-12,,,,,,,,,,,
1971-05-13,,,,,,,,,,,
1971-05-14,,,,,,,,,,,
1971-05-15,,,,,,,,,,,
1971-05-16,,,,,,,,,,,
1971-05-17,,,,,,,,,,,
1971-05-18,,,,,,,,,,,
1971-05-19,,,,,,,,,,,
1971-05-20,,,,,,,,,,,
1971-05-21,,,,,,,,,,,
1971-05-22,,,,,,,,,,,
1971-05-23,,,,,,,,,,,
1971-05-24,,,,,,,,,,,
1971-05-25,,,,,,,,,,,
1971-05-26,,,,,,,,,,,
1971-05-27,,,,,,,,,,,
1971-05-28,,,,,,,,,,,
1971-05-29,,,,,,,,,,,
1971-05-30,,,,,,,,,,,
1971-05-31,,,,,,,,,,,
1971-06-01,,,,,,,,,,,
1971-06-02,,,,,,,,,,,
1971-06-03,,,,,,,,,,,
1971-06-04,,,,,,,,,,,
1971-06-05,,,,,,,,,,,
1971-06-06,,,,,,,,,,,
1971-06-07,,,,,,,,,,,
1971-06-08,,,,,,,,,,,
1971-06-09,,,,,,,,,,,
1971-06-10,,,,,,,,,,,
1971-06-11,,,,,,,,,,,
1971-06-12,,,,,,,,,,,
1971-06-13,,,,,,,,,,,
1971-06-14,,,,,,,,,,,
1971-06-15,,,,,,,,,,,
1971-06-16,,,,,,,,,,,
1971-06-17,,,,,,,,,,,
1971-06-18,,,,,,,,,,,
1971-06-19,,,,,,,,,,,
1971-06-20,,,,,,,,,,,
1971-06-21,,,,,,,,,,,
1971-06-22,,,,,,,,,,,
1971-06-23,,,,,,,,,,,
1971-06-24,,,,,,,,,,,
1971-06-25,,,,,,,,,,,
1971-06-26,,,,,,,,,,,
1971-06-27,,,,,,,,,,,
1971-06-28,,,,,,,,,,,
1971-06-29,,,,,,,,,,,
1971-06-30,,,,,,,,,,,
1971-07-01,,,,,,,,,,,
1971-07-02,,,,,,,,,,,
1971-07-03,,,,,,,,,,,
1971-07-04,,,,,,,,,,,
1971-07-05,,,,,,,,,,,
1971-07-06,,,,,,,,,,,
1971-07-07,,,,,,,,,,,
1971-07-08,,,,,,,,,,,
1971-07-09,,,,,,,,,,,
1971-07-10,,,,,,,,,,,
1971-07-11,,,,,,,,,,,
1971-07-12,,,,,,,,,,,
1971-07-13,,,,,,,,,,,
1971-07-14,,,,,,,,,,,
1971-07-15,,,,,,,,,,,
1971-07-16,,,,,,,,,,,
1971-07-17,,,,,,,,,,,
1971-07-18,,,,,,,,,,,
1971-07-19,,,,,,,,,,,
1971-07-20,,,,,,,,,,,
1971-07-21,,,,,,,,,,,
1971-07-22,,,,,,,,,,,
1971-07-23,,,,,,,,,,,
1971-07-24,,,,,,,,,,,
1971-07-25,,,,,,,,,,,
1971-07-26,,,,,,,,,,,
1971-07-27,,,,,,,,,,,
1971-07-28,,,,,,,,,,,
1971-07-29,,,,,,,,,,,
1971-07-30,,,,,,,,,,,
1971-07-31,,,,,,,,,,,
1971-08-01,,,,,,,,,,,
1971-08-02,,,,,,,,,,,
1971-08-03,,,,,,,,,,,
1971-08-04,,,,,,,,,,,
1971-08-05,,,,,,,,,,,
1971-08-06,,,,,,,,,,,
1971-08-07,,,,,,,,,,,
1971-08-08,,,,,,,,,,,
1971-08-09,,,,,,,,,,,
1971-08-10,,,,,,,,,,,
1971-08-11,,,,,,,,,,,
1971-08-12,,,,,,,,,,,
1971-08-13,,,,,,,,,,,
1971-08-14,,,,,,,,,,,
1971-08-15,,,,,,,,,,,
1971-08-16,,,,,,,,,,,
1971-08-17,,,,,,,,,,,
1971-08-18,,,,,,,,,,,
1971-08-19,,,,,,,,,,,
1971-08-20,,,,,,,,,,,
1971-08-21,,,,,,,,,,,
1971-08-22,,,,,,,,,,,
1971-08-23,,,,,,,,,,,
1971-08-24,,,,,,,,,,,
1971-08-25,,,,,,,,,,,
1971-08-26,,,,,,,,,,,
1971-08-27,,,,,,,,,,,
1971-08-28,,,,,,,,,,,
1971-08-29,,,,,,,,,,,
1971-08-30,,,,,,,,,,,
1971-08-31,,,,,,,,,,,
1971-09-01,,,,,,,,,,,
1971-09-02,,,,,,,,,,,
1971-09-03,,,,,,,,,,,
1971-09-04,,,,,,,,,,,
1971-09-05,,,,,,,,,,,
1971-09-06,,,,,,,,,,,
1971-09-07,,,,,,,,,,,
1971-09-08,,,,,,,,,,,
1971-09-09,,,,,,,,,,,
1971-09-10,,,,,,,,,,,
1971-09-11,,,,,,,,,,,
1971-09-12,,,,,,,,,,,
1971-09-13,,,,,,,,,,,
1971-09-14,,,,,,,,,,,
1971-09-15,,,,,,,,,,,
1971-09-16,,,,,,,,,,,
1971-09-17,,,,,,,,,,,
1971-09-18,,,,,,,,,,,
1971-09-19,,,,,,,,,,,
1971-09-20,,,,,,,,,,,
1971-09-21,,,,,,,,,,,
1971-09-22,,,,,,,,,,,
1971-09-23,,,,,,,,,,,
1971-09-24,,,,,,,,,,,
1971-09-25,,,,,,,,,,,
1971-09-26,,,,,,,,,,,
1971-09-27,,,,,,,,,,,
1971-09-28,,,,,,,,,,,
1971-09-29,,,,,,,,,,,
1971-09-30,,,,,,,,,,,
1971-10-01,,,,,,,,,,,
1971-10-02,,,,,,,,,,,
1971-10-03,,,,,,,,,,,
1971-10-04,,,,,,,,,,,
1971-10-05,,,,,,,,,,,
1971-10-06,,,,,,,,,,,
1971-10-07,,,,,,,,,,,
1971-10-08,,,,,,,,,,,
1971-10-09,,,,,,,,,,,
1971-10-10,,,,,,,,,,,
1971-10-11,,,,,,,,,,,
1971-10-12,,,,,,,,,,,
1971-10-13,,,,,,,,,,,
1971-10-14,,,,,,,,,,,
1971-10-15,,,,,,,,,,,
1971-10-16,,,,,,,,,,,
1971-10-17,,,,,,,,,,,
1971-10-18,,,,,,,,,,,
1971-10-19,,,,,,,,,,,
1971-10-20,,,,,,,,,,,
1971-10-21,,,,,,,,,,,
1971-10-22,,,,,,,,,,,
1971-10-23,,,,,,,,,,,
1971-10-24,,,,,,,,,,,
1971-10-25,,,,,,,,,,,
1971-10-26,,,,,,,,,,,
1971-10-27,,,,,,,,,,,
1971-10-28,,,,,,,,,,,
1971-10-29,,,,,,,,,,,
1971-10-30,,,,,,,,,,,
1971-10-31,,,,,,,,,,,
1971-11-01,,,,,,,,,,,
1971-11-02,,,,,,,,,,,
1971-11-03,,,,,,,,,,,
1971-11-04,,,,,,,,,,,
1971-11-05,,,,,,,,,,,
1971-11-06,,,,,,,,,,,
1971-11-07,,,,,,,,,,,
1971-11-08,,,,,,,,,,,
1971-11-09,,,,,,,,,,,
1971-11-10,,,,,,,,,,,
1971-11-11,,,,,,,,,,,
1971-11-12,,,,,,,,,,,
1971-11-13,,,,,,,,,,,
1971-11-14,,,,,,,,,,,
1971-11-15,,,,,,,,,,,
1971-11-16,,,,,,,,,,,
1971-11-17,,,,,,,,,,,
1971-11-18,,,,,,,,,,,
1971-11-19,,,,,,,,,,,
1971-11-20,,,,,,,,,,,
1971-11-21,,,,,,,,,,,
1971-11-22,,,,,,,,,,,
1971-11-23,,,,,,,,,,,
1971-11-24,,,,,,,,,,,
1971-11-25,,,,,,,,,,,
1971-11-26,,,,,,,,,,,
1971-11-27,,,,,,,,,,,
1971-11-28,,,,,,,,,,,
1971-11-29,,,,,,,,,,,
1971-11-30,,,,,,,,,,,
1971-12-01,,,,,,,,,,,
1971-12-02,,,,,,,,,,,
1971-12-03,,,,,,,,,,,
1971-12-04,,,,,,,,,,,
1971-12-05,,,,,,,,,,,
1971-12-06,,,,,,,,,,,
1971-12-07,,,,,,,,,,,
1971-12-08,,,,,,,,,,,
1971-12-09,,,,,,,,,,,
1971-12-10,,,,,,,,,,,
1971-12-11,,,,,,,,,,,
1971-12-12,,,,,,,,,,,
1971-12-13,,,,,,,,,,,
1971-12-14,,,,,,,,,,,
1971-12-15,,,,,,,,,,,
1971-12-16,,,,,,,,,,,
1971-12-17,,,,,,,,,,,
1971-12-18,,,,,,,,,,,
1971-12-19,,,,,,,,,,,
1971-12-20,,,,,,,,,,,
1971-12-21,,,,,,,,,,,
1971-12-22,,,,,,,,,,,
1971-12-23,,,,,,,,,,,
1971-12-24,,,,,,,,,,,
1971-12-25,,,,,,,,,,,
1971-12-26,,,,,,,,,,,
1971-12-27,,,,,,,,,,,
1971-12-28,,,,,,,,,,,
1971-12-29,,,,,,,,,,,
1971-12-30,,,,,,,,,,,
1971-12-31,,,,,,,,,,,
1972-01-01,,,,,,,,,,,
1972-01-02,,,,,,,,,,,
1972-01-03,,,,,,,,,,,
1972-01-04,,,,,,,,,,,
1972-01-05,,,,,,,,,,,
1972-01-06,,,,,,,,,,,
1972-01-07,,,,,,,,,,,
1972-01-08,,,,,,,,,,,
1972-01-09,,,,,,,,,,,
1972-01-10,,,,,,,,,,,
1972-01-11,,,,,,,,,,,
1972-01-12,,,,,,,,,,,
1972-01-13,,,,,,,,,,,
1972-01-14,,,,,,,,,,,
1972-01-15,,,,,,,,,,,
1972-01-16,,,,,,,,,,,
1972-01-17,,,,,,,,,,,
1972-01-18,,,,,,,,,,,
1972-01-19,,,,,,,,,,,
1972-01-20,,,,,,,,,,,
1972-01-21,,,,,,,,,,,
1972-01-22,,,,,,,,,,,
1972-01-23,,,,,,,,,,,
1972-01-24,,,,,,,,,,,
1972-01-25,,,,,,,,,,,
1972-01-26,,,,,,,,,,,
1972-01-27,,,,,,,,,,,
1972-01-28,,,,,,,,,,,
1972-01-29,,,,,,,,,,,
1972-01-30,,,,,,,,,,,
1972-01-31,,,,,,,,,,,
1972-02-01,,,,,,,,,,,
1972-02-02,,,,,,,,,,,
1972-02-03,,,,,,,,,,,
1972-02-04,,,,,,,,,,,
1972-02-05,,,,,,,,,,,
1972-02-06,,,,,,,,,,,
1972-02-07,,,,,,,,,,,
1972-02-08,,,,,,,,,,,
1972-02-09,,,,,,,,,,,
1972-02-10,,,,,,,,,,,
1972-02-11,,,,,,,,,,,
1972-02-12,,,,,,,,,,,
1972-02-13,,,,,,,,,,,
1972-02-14,,,,,,,,,,,
1972-02-15,,,,,,,,,,,
1972-02-16,,,,,,,,,,,
1972-02-17,,,,,,,,,,,
1972-02-18,,,,,,,,,,,
1972-02-19,,,,,,,,,,,
1972-02-20,,,,,,,,,,,
1972-02-21,,,,,,,,,,,
1972-02-22,,,,,,,,,,,
1972-02-23,,,,,,,,,,,
1972-02-24,,,,,,,,,,,
1972-02-25,,,,,,,,,,,
1972-02-26,,,,,,,,,,,
1972-02-27,,,,,,,,,,,
1972-02-28,,,,,,,,,,,
1972-02-29,,,,,,,,,,,
1972-03-01,,,,,,,,,,,
1972-03-02,,,,,,,,,,,
1972-03-03,,,,,,,,,,,
1972-03-04,,,,,,,,,,,
1972-03-05,,,,,,,,,,,
1972-03-06,,,,,,,,,,,
1972-03-07,,,,,,,,,,,
1972-03-08,,,,,,,,,,,
1972-03-09,,,,,,,,,,,
1972-03-10,,,,,,,,,,,
1972-03-11,,,,,,,,,,,
1972-03-12,,,,,,,,,,,
1972-03-13,,,,,,,,,,,
1972-03-14,,,,,,,,,,,
1972-03-15,,,,,,,,,,,
1972-03-16,,,,,,,,,,,
1972-03-17,,,,,,,,,,,
1972-03-18,,,,,,,,,,,
1972-03-19,,,,,,,,,,,
1972-03-20,,,,,,,,,,,
1972-03-21,,,,,,,,,,,
1972-03-22,,,,,,,,,,,
1972-03-23,,,,,,,,,,,
1972-03-24,,,,,,,,,,,
1972-03-25,,,,,,,,,,,
1972-03-26,,,,,,,,,,,
1972-03-27,,,,,,,,,,,
1972-03-28,,,,,,,,,,,
1972-03-29,,,,,,,,,,,
1972-03-30,,,,,,,,,,,
1972-03-31,,,,,,,,,,,
1972-04-01,,,,,,,,,,,
1972-04-02,,,,,,,,,,,
1972-04-03,,,,,,,,,,,
1972-04-04,,,,,,,,,,,
1972-04-05,,,,,,,,,,,
1972-04-06,,,,,,,,,,,
1972-04-07,,,,,,,,,,,
1972-04-08,,,,,,,,,,,
1972-04-09,,,,,,,,,,,
1972-04-10,,,,,,,,,,,
1972-04-11,,,,,,,,,,,
1972-04-12,,,,,,,,,,,
1972-04-13,,,,,,,,,,,
1972-04-14,,,,,,,,,,,
1972-04-15,,,,,,,,,,,
1972-04-16,,,,,,,,,,,
1972-04-17,,,,,,,,,,,
1972-04-18,,,,,,,,,,,
1972-04-19,,,,,,,,,,,
1972-04-20,,,,,,,,,,,
1972-04-21,,,,,,,,,,,
1972-04-22,,,,,,,,,,,
1972-04-23,,,,,,,,,,,
1972-04-24,,,,,,,,,,,
1972-04-25,,,,,,,,,,,
1972-04-26,,,,,,,,,,,
1972-04-27,,,,,,,,,,,
1972-04-28,,,,,,,,,,,
1972-04-29,,,,,,,,,,,
1972-04-30,,,,,,,,,,,
1972-05-01,,,,,,,,,,,
1972-05-02,,,,,,,,,,,
1972-05-03,,,,,,,,,,,
1972-05-04,,,,,,,,,,,
1972-05-05,,,,,,,,,,,
1972-05-06,,,,,,,,,,,
1972-05-07,,,,,,,,,,,
1972-05-08,,,,,,,,,,,
1972-05-09,,,,,,,,,,,
1972-05-10,,,,,,,,,,,
1972-05-11,,,,,,,,,,,
1972-05-12,,,,,,,,,,,
1972-05-13,,,,,,,,,,,
1972-05-14,,,,,,,,,,,
1972-05-15,,,,,,,,,,,
1972-05-16,,,,,,,,,,,
1972-05-17,,,,,,,,,,,
1972-05-18,,,,,,,,,,,
1972-05-19,,,,,,,,,,,
1972-05-20,,,,,,,,,,,
1972-05-21,,,,,,,,,,,
1972-05-22,,,,,,,,,,,
1972-05-23,,,,,,,,,,,
1972-05-24,,,,,,,,,,,
1972-05-25,,,,,,,,,,,
1972-05-26,,,,,,,,,,,
1972-05-27,,,,,,,,,,,
1972-05-28,,,,,,,,,,,
1972-05-29,,,,,,,,,,,
1972-05-30,,,,,,,,,,,
1972-05-31,,,,,,,,,,,
1972-06-01,,,,,,,,,,,
1972-06-02,,,,,,,,,,,
1972-06-03,,,,,,,,,,,
1972-06-04,,,,,,,,,,,
1972-06-05,,,,,,,,,,,
1972-06-06,,,,,,,,,,,
1972-06-07,,,,,,,,,,,
1972-06-08,,,,,,,,,,,
1972-06-09,,,,,,,,,,,
1972-06-10,,,,,,,,,,,
1972-06-11,,,,,,,,,,,
1972-06-12,,,,,,,,,,,
1972-06-13,,,,,,,,,,,
1972-06-14,,,,,,,,,,,
1972-06-15,,,,,,,,,,,
1972-06-16,,,,,,,,,,,
1972-06-17,,,,,,,,,,,
1972-06-18,,,,,,,,,,,
1972-06-19,,,,,,,,,,,
1972-06-20,,,,,,,,,,,
1972-06-21,,,,,,,,,,,
1972-06-22,,,,,,,,,,,
1972-06-23,,,,,,,,,,,
1972-06-24,,,,,,,,,,,
1972-06-25,,,,,,,,,,,
1972-06-26,,,,,,,,,,,
1972-06-27,,,,,,,,,,,
1972-06-28,,,,,,,,,,,
1972-06-29,,,,,,,,,,,
1972-06-30,,,,,,,,,,,
1972-07-01,,,,,,,,,,,
1972-07-02,,,,,,,,,,,
1972-07-03,,,,,,,,,,,
1972-07-04,,,,,,,,,,,
1972-07-05,,,,,,,,,,,
1972-07-06,,,,,,,,,,,
1972-07-07,,,,,,,,,,,
1972-07-08,,,,,,,,,,,
1972-07-09,,,,,,,,,,,
1972-07-10,,,,,,,,,,,
1972-07-11,,,,,,,,,,,
1972-07-12,,,,,,,,,,,
1972-07-13,,,,,,,,,,,
1972-07-14,,,,,,,,,,,
1972-07-15,,,,,,,,,,,
1972-07-16,,,,,,,,,,,
1972-07-17,,,,,,,,,,,
1972-07-18,,,,,,,,,,,
1972-07-19,,,,,,,,,,,
1972-07-20,,,,,,,,,,,
1972-07-21,,,,,,,,,,,
1972-07-22,,,,,,,,,,,
1972-07-23,,,,,,,,,,,
1972-07-24,,,,,,,,,,,
1972-07-25,,,,,,,,,,,
1972-07-26,,,,,,,,,,,
1972-07-27,,,,,,,,,,,
1972-07-28,,,,,,,,,,,
1972-07-29,,,,,,,,,,,
1972-07-30,,,,,,,,,,,
1972-07-31,,,,,,,,,,,
1972-08-01,,,,,,,,,,,
1972-08-02,,,,,,,,,,,
1972-08-03,,,,,,,,,,,
1972-08-04,,,,,,,,,,,
1972-08-05,,,,,,,,,,,
1972-08-06,,,,,,,,,,,
1972-08-07,,,,,,,,,,,
1972-08-08,,,,,,,,,,,
1972-08-09,,,,,,,,,,,
1972-08-10,,,,,,,,,,,
1972-08-11,,,,,,,,,,,
1972-08-12,,,,,,,,,,,
1972-08-13,,,,,,,,,,,
1972-08-14,,,,,,,,,,,
1972-08-15,,,,,,,,,,,
1972-08-16,,,,,,,,,,,
1972-08-17,,,,,,,,,,,
1972-08-18,,,,,,,,,,,
1972-08-19,,,,,,,,,,,
1972-08-20,,,,,,,,,,,
1972-08-21,,,,,,,,,,,
1972-08-22,,,,,,,,,,,
1972-08-23,,,,,,,,,,,
1972-08-24,,,,,,,,,,,
1972-08-25,,,,,,,,,,,
1972-08-26,,,,,,,,,,,
1972-08-27,,,,,,,,,,,
1972-08-28,,,,,,,,,,,
1972-08-29,,,,,,,,,,,
1972-08-30,,,,,,,,,,,
1972-08-31,,,,,,,,,,,
1972-09-01,,,,,,,,,,,
1972-09-02,,,,,,,,,,,
1972-09-03,,,,,,,,,,,
1972-09-04,,,,,,,,,,,
1972-09-05,,,,,,,,,,,
1972-09-06,,,,,,,,,,,
1972-09-07,,,,,,,,,,,
1972-09-08,,,,,,,,,,,
1972-09-09,,,,,,,,,,,
1972-09-10,,,,,,,,,,,
1972-09-11,,,,,,,,,,,
1972-09-12,,,,,,,,,,,
1972-09-13,,,,,,,,,,,
1972-09-14,,,,,,,,,,,
1972-09-15,,,,,,,,,,,
1972-09-16,,,,,,,,,,,
1972-09-17,,,,,,,,,,,
1972-09-18,,,,,,,,,,,
1972-09-19,,,,,,,,,,,
1972-09-20,,,,,,,,,,,
1972-09-21,,,,,,,,,,,
1972-09-22,,,,,,,,,,,
1972-09-23,,,,,,,,,,,
1972-09-24,,,,,,,,,,,
1972-09-25,,,,,,,,,,,
1972-09-26,,,,,,,,,,,
1972-09-27,,,,,,,,,,,
1972-09-28,,,,,,,,,,,
1972-09-29,,,,,,,,,,,
1972-09-30,,,,,,,,,,,
1972-10-01,,,,,,,,,,,
1972-10-02,,,,,,,,,,,
1972-10-03,,,,,,,,,,,
1972-10-04,,,,,,,,,,,
1972-10-05,,,,,,,,,,,
1972-10-06,,,,,,,,,,,
1972-10-07,,,,,,,,,,,
1972-10-08,,,,,,,,,,,
1972-10-09,,,,,,,,,,,
1972-10-10,,,,,,,,,,,
1972-10-11,,,,,,,,,,,
1972-10-12,,,,,,,,,,,
1972-10-13,,,,,,,,,,,
1972-10-14,,,,,,,,,,,
1972-10-15,,,,,,,,,,,
1972-10-16,,,,,,,,,,,
1972-10-17,,,,,,,,,,,
1972-10-18,,,,,,,,,,,
1972-10-19,,,,,,,,,,,
1972-10-20,,,,,,,,,,,
1972-10-21,,,,,,,,,,,
1972-10-22,,,,,,,,,,,
1972-10-23,,,,,,,,,,,
1972-10-24,,,,,,,,,,,
1972-10-25,,,,,,,,,,,
1972-10-26,,,,,,,,,,,
1972-10-27,,,,,,,,,,,
1972-10-28,,,,,,,,,,,
1972-10-29,,,,,,,,,,,
1972-10-30,,,,,,,,,,,
1972-10-31,,,,,,,,,,,
1972-11-01,,,,,,,,,,,
1972-11-02,,,,,,,,,,,
1972-11-03,,,,,,,,,,,
1972-11-04,,,,,,,,,,,
1972-11-05,,,,,,,,,,,
1972-11-06,,,,,,,,,,,
1972-11-07,,,,,,,,,,,
1972-11-08,,,,,,,,,,,
1972-11-09,,,,,,,,,,,
1972-11-10,,,,,,,,,,,
1972-11-11,,,,,,,,,,,
1972-11-12,,,,,,,,,,,
1972-11-13,,,,,,,,,,,
1972-11-14,,,,,,,,,,,
1972-11-15,,,,,,,,,,,
1972-11-16,,,,,,,,,,,
1972-11-17,,,,,,,,,,,
1972-11-18,,,,,,,,,,,
1972-11-19,,,,,,,,,,,
1972-11-20,,,,,,,,,,,
1972-11-21,,,,,,,,,,,
1972-11-22,,,,,,,,,,,
1972-11-23,,,,,,,,,,,
1972-11-24,,,,,,,,,,,
1972-11-25,,,,,,,,,,,
1972-11-26,,,,,,,,,,,
1972-11-27,,,,,,,,,,,
1972-11-28,,,,,,,,,,,
1972-11-29,,,,,,,,,,,
1972-11-30,,,,,,,,,,,
1972-12-01,,,,,,,,,,,
1972-12-02,,,,,,,,,,,
1972-12-03,,,,,,,,,,,
1972-12-04,,,,,,,,,,,
1972-12-05,,,,,,,,,,,
1972-12-06,,,,,,,,,,,
1972-12-07,,,,,,,,,,,
1972-12-08,,,,,,,,,,,
1972-12-09,,,,,,,,,,,
1972-12-10,,,,,,,,,,,
1972-12-11,,,,,,,,,,,
1972-12-12,,,,,,,,,,,
1972-12-13,,,,,,,,,,,
1972-12-14,,,,,,,,,,,
1972-12-15,,,,,,,,,,,
1972-12-16,,,,,,,,,,,
1972-12-17,,,,,,,,,,,
1972-12-18,,,,,,,,,,,
1972-12-19,,,,,,,,,,,
1972-12-20,,,,,,,,,,,
1972-12-21,,,,,,,,,,,
1972-12-22,,,,,,,,,,,
1972-12-23,,,,,,,,,,,
1972-12-24,,,,,,,,,,,
1972-12-25,,,,,,,,,,,
1972-12-26,,,,,,,,,,,
1972-12-27,,,,,,,,,,,
1972-12-28,,,,,,,,,,,
1972-12-29,,,,,,,,,,,
1972-12-30,,,,,,,,,,,
1972-12-31,,,,,,,,,,,
1973-01-01,,,0.0,,,18.3,,,,,
1973-01-02,,,0.0,27.0,,18.3,,,,,4.46983474282
1973-01-03,,,0.0,27.1,,19.0,,,,,4.35598147267
1973-01-04,,,0.0,27.6,,18.0,,,,,4.71356674151
1973-01-05,,,0.0,25.8,,18.5,,,,,4.04483623461
1973-01-06,,,0.0,27.8,,18.6,,,,,4.66050637715
1973-01-07,,,0.0,29.3,,17.2,,,,,5.3516954504
1973-01-08,,,0.0,29.6,,19.4,,,,,5.06353136717
1973-01-09,,,0.0,29.5,,19.7,,,,,4.97526748892
1973-01-10,,,0.0,29.4,,18.2,,,,,5.21868427621
1973-01-11,,,0.0,28.7,,18.0,,,,,5.04589092813
1973-01-12,,,0.0,28.7,,18.8,,,,,4.90092611939
1973-01-13,,,0.0,28.7,,18.2,,,,,5.01091591281
1973-01-14,,,0.0,28.7,,18.0,,,,,5.04619960037
1973-01-15,,,0.0,30.8,,18.4,,,,,5.59729748146
1973-01-16,,,3.0,29.3,,19.6,,,,,4.93296087289
1973-01-17,,,41.1,29.1,,17.8,,,,,5.19811232131
1973-01-18,,,18.6,26.3,,17.4,,,,,4.43406082622
1973-01-19,,,0.6,24.9,,17.2,,,,,4.04086130767
1973-01-20,,,0.0,24.9,,19.3,,,,,3.53892433437
1973-01-21,,,0.0,26.3,,17.0,,,,,4.50870596063
1973-01-22,,,0.0,27.5,,18.2,,,,,4.64532731149
1973-01-23,,,0.0,27.6,,17.4,,,,,4.82238225381
1973-01-24,,,0.0,26.8,,16.0,,,,,4.82600229818
1973-01-25,,,0.0,27.5,,18.2,,,,,4.6431753661
1973-01-26,,,0.0,28.1,,17.8,,,,,4.89748031585
1973-01-27,,,0.0,27.1,,17.4,,,,,4.67000904928
1973-01-28,,,0.0,27.1,,17.2,,,,,4.70495576021
1973-01-29,,,1.2,25.5,,18.7,,,,,3.89339823592
1973-01-30,,,0.0,27.9,,18.0,,,,,4.79639560974
1973-01-31,,,0.0,26.9,,17.5,,,,,4.58616343036
1973-02-01,,,0.0,28.3,,16.8,,,,,5.11517993871
1973-02-02,,,0.0,26.1,,18.5,,,,,4.13094118623
1973-02-03,,,0.0,28.7,,18.2,,,,,4.99265878867
1973-02-04,,,0.0,27.9,,17.1,,,,,4.94460062847
1973-02-05,,,0.0,28.1,,18.7,,,,,4.71369568957
1973-02-06,,,0.0,29.1,,17.0,,,,,5.29975583316
1973-02-07,,,0.0,29.5,,16.6,,,,,5.46906253334
1973-02-08,,,0.0,30.7,,19.1,,,,,5.4177800899
1973-02-09,,,0.0,29.0,,19.2,,,,,4.88329885453
1973-02-10,,,0.0,28.9,,18.4,,,,,4.99700655769
1973-02-11,,,0.0,30.3,,17.2,,,,,5.59093193811
1973-02-12,,,0.0,32.5,,18.0,,,,,6.08980435156
1973-02-13,,,7.6,27.6,,18.8,,,,,4.51462263335
1973-02-14,,,0.0,26.0,,17.3,,,,,4.31552833452
1973-02-15,,,0.0,26.0,,17.6,,,,,4.25278890134
1973-02-16,,,0.0,27.9,,17.6,,,,,4.81770607864
1973-02-17,,,0.0,28.9,,16.8,,,,,5.22944592112
1973-02-18,,,0.0,29.6,,18.3,,,,,5.18500461243
1973-02-19,,,0.0,29.7,,18.4,,,,,5.19180238624
1973-02-20,,,0.0,27.1,,19.0,,,,,4.28574890539
1973-02-21,,,0.0,28.1,,19.4,,,,,4.51242296474
1973-02-22,,,0.4,26.6,,17.6,,,,,4.40188068803
1973-02-23,,,0.0,28.4,,18.4,,,,,4.78502221973
1973-02-24,,,0.0,28.3,,18.8,,,,,4.67459549312
1973-02-25,,,0.0,28.4,,18.5,,,,,4.75384816402
1973-02-26,,,0.0,29.5,,18.6,,,,,5.05343041216
1973-02-27,,,0.0,27.9,,19.8,,,,,4.32897863711
1973-02-28,,,0.0,28.7,,19.2,,,,,4.69216033993
1973-03-01,,,0.0,27.5,,18.7,,,,,4.41694408425
1973-03-02,,,0.0,29.7,,16.1,,,,,5.45506174331
1973-03-03,,,0.0,29.1,,15.0,,,,,5.4291007985
1973-03-04,,,0.0,29.2,,18.5,,,,,4.93431225964
1973-03-05,,,0.0,31.3,,16.4,,,,,5.81209805776
1973-03-06,,,0.0,32.2,,19.6,,,,,5.59721223656
1973-03-07,,,7.4,31.6,,20.9,,,,,5.18917411613
1973-03-08,,,35.1,26.4,,17.6,,,,,4.24341237746
1973-03-09,,,1.2,25.8,,17.2,,,,,4.13369032952
1973-03-10,,,0.0,27.3,,19.8,,,,,4.05305535226
1973-03-11,,,14.6,30.5,,18.8,,,,,5.18563695014
1973-03-12,,,1.2,28.3,,19.4,,,,,4.42763127984
1973-03-13,,,19.6,26.5,,18.8,,,,,3.99052613853
1973-03-14,,,0.2,25.3,,17.2,,,,,3.94193600994
1973-03-15,,,0.0,27.7,,19.6,,,,,4.17414755768
1973-03-16,,,0.0,26.9,,18.9,,,,,4.06321638857
1973-03-17,,,0.0,26.4,,17.9,,,,,4.1007355605
1973-03-18,,,0.0,27.0,,18.1,,,,,4.22721497856
1973-03-19,,,0.0,27.1,,17.2,,,,,4.40256634698
1973-03-20,,,0.0,27.9,,17.8,,,,,4.51257198892
1973-03-21,,,0.0,28.1,,19.0,,,,,4.34516567778
1973-03-22,,,0.0,28.4,,17.4,,,,,4.68904262956
1973-03-23,,,0.0,28.1,,17.6,,,,,4.56255650635
1973-03-24,,8.3,0.0,28.6,,17.0,,,,,4.7757800739
1973-03-25,,8.9,0.0,29.8,,19.6,,,,,4.6740295255
1973-03-26,,5.4,0.0,29.1,,19.4,,,,,4.49619031689
1973-03-27,,3.7,0.0,27.5,,19.6,,,,,3.97786329253
1973-03-28,,4.8,0.0,27.3,,18.4,,,,,4.13773138735
1973-03-29,,5.2,9.6,26.9,,18.7,,,,,3.95424907738
1973-03-30,,1.1,9.5,24.8,,18.0,,,,,3.46557029168
1973-03-31,,4.8,0.0,25.8,,17.7,,,,,3.80369400476
1973-04-01,,7.2,4.2,25.3,,17.4,,,,,3.70615870705
1973-04-02,,5.8,1.6,24.9,,17.6,,,,,3.54163288119
1973-04-03,,9.9,0.0,25.9,,17.4,,,,,3.84769546784
1973-04-04,,6.1,0.0,25.8,,17.8,,,,,3.73412526231
1973-04-05,,5.6,3.4,26.9,,18.2,,,,,3.95401456174
1973-04-06,,7.2,0.0,26.9,,18.0,,,,,3.97525419059
1973-04-07,,3.7,0.7,24.5,,17.0,,,,,3.48266017398
1973-04-08,,4.8,9.3,24.5,,17.8,,,,,3.31388037305
1973-04-09,,9.1,0.2,25.8,,17.0,,,,,3.80837524946
1973-04-10,,10.2,0.0,25.8,,17.7,,,,,3.67288127501
1973-04-11,,9.4,0.0,26.6,,17.8,,,,,3.85754237861
1973-04-12,,9.0,0.0,26.5,,18.2,,,,,3.74638267788
1973-04-13,,7.1,0.5,27.0,,18.6,,,,,3.79680972648
1973-04-14,,3.6,1.4,26.8,,18.8,,,,,3.69128903873
1973-04-15,,5.9,0.1,27.6,,18.5,,,,,3.94605131101
1973-04-16,,4.6,0.8,26.6,,18.4,,,,,3.68124574116
1973-04-17,,1.4,11.5,23.3,,18.1,,,,,2.78977317025
1973-04-18,,8.8,0.0,25.9,,17.7,,,,,3.58941716865
1973-04-19,,10.8,0.0,26.5,,17.6,,,,,3.74846164521
1973-04-20,,6.4,0.2,24.4,,18.5,,,,,2.99431058494
1973-04-21,,7.4,0.0,25.5,,17.0,,,,,3.56170203174
1973-04-22,,6.4,0.4,25.3,,17.0,,,,,3.49675281748
1973-04-23,,0.0,0.0,23.8,,16.4,,,,,3.20008315904
1973-04-24,,8.2,0.1,26.3,,17.4,,,,,3.65703900435
1973-04-25,,0.5,0.0,23.1,,17.8,,,,,2.71171743136
1973-04-26,,7.4,0.0,26.9,,16.2,,,,,3.94816091306
1973-04-27,,8.6,0.0,27.0,,16.3,,,,,3.94258288852
1973-04-28,,4.8,0.0,27.5,,18.3,,,,,3.75677863371
1973-04-29,,9.1,0.0,27.7,,17.2,,,,,3.95344661031
1973-04-30,,8.9,0.0,26.7,,17.3,,,,,3.68429350233
1973-05-01,,8.4,0.0,26.5,,18.0,,,,,3.51168870094
1973-05-02,,8.9,0.0,26.5,,17.6,,,,,3.56147757627
1973-05-03,,6.6,0.0,25.6,,17.0,,,,,3.42170775418
1973-05-04,,10.4,0.0,26.7,,17.8,,,,,3.55167184318
1973-05-05,,8.3,0.0,27.0,,17.8,,,,,3.61063125902
1973-05-06,,8.4,0.0,26.8,,17.4,,,,,3.60859797463
1973-05-07,,8.2,0.0,27.7,,17.5,,,,,3.79169546292
1973-05-08,,9.3,3.0,30.5,,19.7,,,,,4.12747518339
1973-05-09,,7.1,1.8,29.0,,18.7,,,,,3.89875891642
1973-05-10,,2.8,0.0,23.3,,17.1,,,,,2.74957141341
1973-05-11,,7.1,0.0,27.3,,15.3,,,,,3.92159066315
1973-05-12,,9.0,0.0,27.7,,14.9,,,,,4.03555839373
1973-05-13,,8.4,0.3,29.3,,19.0,,,,,3.87006590765
1973-05-14,,2.1,14.7,25.9,,18.0,,,,,3.20025367027
1973-05-15,,2.9,0.1,23.9,,17.6,,,,,2.76194832662
1973-05-16,,1.5,7.6,22.8,,16.5,,,,,2.67394546845
1973-05-17,,0.0,0.2,19.4,,15.6,,,,,1.950877778
1973-05-18,,0.6,0.0,21.5,,16.0,,,,,2.42208899347
1973-05-19,,3.2,0.0,23.2,,16.5,,,,,2.74477917236
1973-05-20,,1.5,3.7,22.4,,17.8,,,,,2.28209536014
1973-05-21,,5.2,0.0,23.4,,16.7,,,,,2.74193829643
1973-05-22,,7.0,8.3,24.5,,18.0,,,,,2.77779402122
1973-05-23,,4.3,0.0,23.8,,16.9,,,,,2.78765888153
1973-05-24,,9.6,0.6,24.5,,16.6,,,,,2.98970980563
1973-05-25,,4.7,0.0,23.5,,15.7,,,,,2.88889009816
1973-05-26,,8.4,0.0,24.0,,16.8,,,,,2.82707396177
1973-05-27,,6.5,0.2,24.4,,15.9,,,,,3.0433976783
1973-05-28,,6.4,0.0,25.3,,16.1,,,,,3.20374141854
1973-05-29,,4.9,4.9,23.8,,16.4,,,,,2.82136741468
1973-05-30,,1.0,1.6,21.3,,15.8,,,,,2.32717718758
1973-05-31,,3.9,3.4,22.2,,16.4,,,,,2.43337462229
1973-06-01,,6.0,2.8,22.9,,17.0,,,,,2.49161278907
1973-06-02,,4.9,3.8,22.9,,16.8,,,,,2.52129699306
1973-06-03,,5.0,0.0,23.2,,17.0,,,,,2.55344494405
1973-06-04,,2.9,6.8,23.0,,17.8,,,,,2.35231468358
1973-06-05,,1.4,3.1,22.3,,18.0,,,,,2.12108314839
1973-06-06,,1.5,9.6,22.0,,16.9,,,,,2.26332765398
1973-06-07,,8.4,0.1,23.1,,16.1,,,,,2.65781548073
1973-06-08,,0.1,0.4,21.0,,15.9,,,,,2.19538073527
1973-06-09,,5.2,2.1,21.3,,16.2,,,,,2.21027736778
1973-06-10,,3.0,3.2,22.1,,16.7,,,,,2.31162436502
1973-06-11,,1.8,1.8,21.9,,16.1,,,,,2.36694681894
1973-06-12,,6.5,0.0,23.5,,16.0,,,,,2.74323547786
1973-06-13,,4.4,0.2,22.7,,16.1,,,,,2.54671465174
1973-06-14,,7.9,0.0,22.6,,13.9,,,,,2.83087419869
1973-06-15,,10.8,0.0,24.7,,17.4,,,,,2.79219800002
1973-06-16,,1.8,0.4,22.3,,16.4,,,,,2.39863831113
1973-06-17,,2.2,0.6,22.7,,16.6,,,,,2.45714752555
1973-06-18,,2.7,0.2,22.7,,16.5,,,,,2.47266384398
1973-06-19,,4.6,0.0,29.8,,16.2,,,,,3.99355024327
1973-06-20,,9.6,0.0,26.6,,16.0,,,,,3.37784739026
1973-06-21,,9.6,0.0,24.7,,16.3,,,,,2.94495409588
1973-06-22,,3.7,0.4,22.1,,16.2,,,,,2.38099978788
1973-06-23,,1.7,0.0,22.3,,16.3,,,,,2.41099465402
1973-06-24,,2.4,8.2,22.6,,15.6,,,,,2.59059103085
1973-06-25,,0.2,1.4,20.9,,17.8,,,,,1.73615601359
1973-06-26,,3.1,0.0,23.2,,16.4,,,,,2.60354869514
1973-06-27,,7.7,0.0,24.2,,15.8,,,,,2.9105675359
1973-06-28,,9.6,0.0,24.6,,15.4,,,,,3.04791648945
1973-06-29,,9.1,0.0,24.3,,15.4,,,,,2.98810903536
1973-06-30,,9.0,1.2,25.2,,16.1,,,,,3.0883056243
1973-07-01,,9.1,0.5,23.1,,15.0,,,,,2.79509972031
1973-07-02,,2.9,3.2,21.5,,15.4,,,,,2.38864269646
1973-07-03,,6.2,1.9,22.3,,15.4,,,,,2.57148605101
1973-07-04,,8.1,1.1,23.8,,16.0,,,,,2.81596736369
1973-07-05,,5.3,4.2,22.9,,16.2,,,,,2.5892005065
1973-07-06,,2.1,1.9,21.2,,14.8,,,,,2.42914933818
1973-07-07,,1.4,2.3,19.9,,15.1,,,,,2.07761106611
1973-07-08,,4.9,1.5,21.3,,14.8,,,,,2.45949550497
1973-07-09,,1.6,2.6,20.6,,14.4,,,,,2.36943537462
1973-07-10,,5.5,1.2,22.1,,15.5,,,,,2.53947312912
1973-07-11,,5.5,0.2,21.9,,15.0,,,,,2.57680018552
1973-07-12,,8.2,0.3,21.9,,14.9,,,,,2.59719148038
1973-07-13,,4.5,0.1,21.4,,13.0,,,,,2.75671587817
1973-07-14,,2.5,1.6,20.7,,15.4,,,,,2.24795829682
1973-07-15,,3.6,1.4,21.4,,15.4,,,,,2.42080716116
1973-07-16,,1.7,1.1,20.3,,15.2,,,,,2.19711421825
1973-07-17,,6.2,0.3,22.3,,15.4,,,,,2.641280754
1973-07-18,,4.6,0.0,22.5,,15.2,,,,,2.72379707373
1973-07-19,,6.4,0.2,22.7,,14.7,,,,,2.84730968604
1973-07-20,,4.6,0.0,22.6,,14.0,,,,,2.9278173825
1973-07-21,,10.2,0.0,22.1,,15.2,,,,,2.65541570146
1973-07-22,,7.1,0.0,24.3,,15.1,,,,,3.1636587529
1973-07-23,,6.2,0.0,25.9,,14.8,,,,,3.54572095826
1973-07-24,,10.6,0.0,30.0,,17.1,,,,,4.15558284612
1973-07-25,,6.9,0.0,26.5,,16.3,,,,,3.51389409421
1973-07-26,,0.3,0.0,21.2,,14.0,,,,,2.67448239299
1973-07-27,,7.7,0.0,22.4,,11.2,,,,,3.270760315
1973-07-28,,9.3,0.0,24.2,,12.3,,,,,3.52419771771
1973-07-29,,8.5,0.0,25.5,,11.6,,,,,3.85331602953
1973-07-30,,9.2,0.0,27.9,,15.3,,,,,3.98995366904
1973-07-31,,6.3,0.0,23.3,,14.8,,,,,3.07551573844
1973-08-01,,8.6,0.0,23.5,,14.6,,,,,3.15797054844
1973-08-02,,7.3,0.0,23.1,,14.8,,,,,3.05207592666
1973-08-03,,9.4,0.0,24.9,,14.1,,,,,3.54617889089
1973-08-04,,5.5,0.5,23.5,,15.0,,,,,3.13613721448
1973-08-05,,0.1,0.1,20.6,,14.0,,,,,2.62753929305
1973-08-06,,7.6,0.0,24.9,,14.6,,,,,3.52440322973
1973-08-07,,6.9,0.0,26.7,,17.4,,,,,3.56719403342
1973-08-08,,6.2,0.0,25.4,,15.8,,,,,3.50538331865
1973-08-09,,8.6,1.2,25.0,,15.5,,,,,3.46822754679
1973-08-10,,4.2,0.2,22.5,,14.8,,,,,3.00238254826
1973-08-11,,7.6,0.0,24.2,,13.3,,,,,3.59554073912
1973-08-12,,7.7,0.5,24.8,,15.7,,,,,3.43310205502
1973-08-13,,5.6,9.7,23.7,,15.1,,,,,3.27534843584
1973-08-14,,0.7,0.0,21.2,,13.9,,,,,2.8785600332
1973-08-15,,7.5,0.0,23.5,,14.8,,,,,3.29732414777
1973-08-16,,7.2,0.0,24.5,,15.7,,,,,3.41455575913
1973-08-17,,9.6,0.0,25.0,,15.7,,,,,3.54697124756
1973-08-18,,8.9,0.0,25.4,,14.8,,,,,3.77644042795
1973-08-19,,8.4,0.0,25.1,,15.8,,,,,3.58370358526
1973-08-20,,6.8,1.6,25.1,,15.9,,,,,3.58277341053
1973-08-21,,0.7,2.6,19.8,,14.1,,,,,2.56852738029
1973-08-22,,1.0,0.3,20.0,,15.5,,,,,2.34368897073
1973-08-23,,7.2,0.0,24.0,,14.9,,,,,3.50557387297
1973-08-24,,9.1,0.0,25.3,,14.0,,,,,3.94235904285
1973-08-25,,9.8,0.0,24.5,,14.6,,,,,3.69419944118
1973-08-26,,3.7,0.0,22.0,,14.2,,,,,3.16369066252
1973-08-27,,3.7,0.0,23.2,,14.6,,,,,3.40878746765
1973-08-28,,9.7,1.2,25.6,,15.6,,,,,3.86046497105
1973-08-29,,8.3,0.2,25.4,,14.1,,,,,4.02783675014
1973-08-30,,7.6,0.0,25.6,,14.9,,,,,3.98633034206
1973-08-31,,9.0,0.0,25.2,,13.4,,,,,4.0967043892
1973-09-01,,2.0,4.2,21.8,,14.4,,,,,3.15072987675
1973-09-02,,1.7,1.3,20.0,,14.2,,,,,2.72150325766
1973-09-03,,1.5,0.8,20.5,,14.5,,,,,2.80979759855
1973-09-04,,5.6,0.6,22.8,,15.3,,,,,3.29104712837
1973-09-05,,5.3,0.0,22.3,,15.0,,,,,3.22293491237
1973-09-06,,6.1,0.0,24.6,,14.6,,,,,3.88396618733
1973-09-07,,7.4,0.0,25.1,,15.8,,,,,3.84389982837
1973-09-08,,6.9,0.0,26.0,,16.2,,,,,4.02661898217
1973-09-09,,7.6,1.5,25.9,,15.0,,,,,4.18971225271
1973-09-10,,0.0,1.1,18.7,,13.8,,,,,2.50898799312
1973-09-11,,1.1,0.2,19.5,,13.6,,,,,2.78651811165
1973-09-12,,6.5,0.0,22.8,,14.0,,,,,3.59804010101
1973-09-13,,3.1,0.7,22.4,,15.6,,,,,3.22556747648
1973-09-14,,6.1,0.3,24.7,,14.8,,,,,3.98381807752
1973-09-15,,5.6,0.0,23.3,,14.9,,,,,3.61731209921
1973-09-16,,2.7,0.0,23.5,,14.8,,,,,3.69761387697
1973-09-17,,7.3,3.2,25.9,,15.8,,,,,4.17988483358
1973-09-18,,5.6,0.7,23.8,,14.9,,,,,3.782625655
1973-09-19,,7.5,0.0,25.0,,13.9,,,,,4.24806505962
1973-09-20,,9.8,0.0,25.9,,15.7,,,,,4.23187437839
1973-09-21,,8.3,0.0,26.8,,16.1,,,,,4.41974041446
1973-09-22,,6.0,0.0,26.3,,16.5,,,,,4.23605654305
1973-09-23,,6.4,0.0,26.5,,17.1,,,,,4.20239188904
1973-09-24,,8.5,0.0,25.9,,16.4,,,,,4.16637779957
1973-09-25,,5.8,0.0,25.0,,15.8,,,,,4.0315827301
1973-09-26,,7.9,0.0,25.6,,16.7,,,,,4.05346556963
1973-09-27,,8.0,0.0,26.8,,16.2,,,,,4.47457611104
1973-09-28,,1.6,0.0,23.5,,17.0,,,,,3.40076564903
1973-09-29,,6.3,0.0,27.3,,17.1,,,,,4.48911629154
1973-09-30,,2.0,0.0,26.1,,18.7,,,,,3.85171814915
1973-10-01,,0.4,10.1,24.1,,16.8,,,,,3.6483257913
1973-10-02,,0.0,6.6,20.5,,15.6,,,,,2.8077111389
1973-10-03,,0.0,1.3,18.9,,14.2,,,,,2.6404728
1973-10-04,,1.4,1.9,19.9,,13.8,,,,,3.04082430279
1973-10-05,,1.0,0.5,19.7,,13.7,,,,,3.00892536448
1973-10-06,,3.4,0.0,21.4,,13.2,,,,,3.58592087971
1973-10-07,,7.7,0.0,24.3,,15.6,,,,,3.98024431171
1973-10-08,,7.8,0.0,25.3,,16.8,,,,,4.05654917892
1973-10-09,,8.2,0.0,29.5,,18.2,,,,,5.02354552899
1973-10-10,,8.8,0.0,29.3,,17.4,,,,,5.10241966264
1973-10-11,,9.0,0.0,29.3,,17.1,,,,,5.15644524445
1973-10-12,,7.1,0.0,28.3,,17.4,,,,,4.84051355258
1973-10-13,,6.0,0.0,28.1,,17.1,,,,,4.84065094693
1973-10-14,,7.0,0.0,27.8,,17.2,,,,,4.74755586606
1973-10-15,,6.5,19.5,29.3,,17.1,,,,,5.18967043514
1973-10-16,,0.0,2.4,20.3,,15.4,,,,,2.86401696251
1973-10-17,,0.0,1.1,20.5,,16.1,,,,,2.75214885678
1973-10-18,,0.0,4.2,19.9,,15.4,,,,,2.73690602556
1973-10-19,,0.1,1.1,20.9,,16.6,,,,,2.76208437319
1973-10-20,,4.4,1.3,24.7,,17.6,,,,,3.78712072668
1973-10-21,,0.1,0.6,23.3,,17.2,,,,,3.43343502758
1973-10-22,,5.7,0.0,26.3,,16.6,,,,,4.47148128492
1973-10-23,,0.0,0.0,21.5,,17.0,,,,,2.87817523346
1973-10-24,,2.4,0.0,25.3,,16.9,,,,,4.13322909326
1973-10-25,,11.2,0.0,28.1,,17.4,,,,,4.86789742687
1973-10-26,,8.7,0.0,28.3,,15.6,,,,,5.20400194315
1973-10-27,,8.4,0.0,26.7,,17.2,,,,,4.50525021808
1973-10-28,,7.3,0.0,27.3,,16.9,,,,,4.73601652968
1973-10-29,,7.9,0.0,27.5,,16.9,,,,,4.797586133
1973-10-30,,5.5,0.0,27.1,,16.2,,,,,4.80218948667
1973-10-31,,7.8,0.0,27.5,,16.2,,,,,4.91828874632
1973-11-01,,3.2,0.0,25.8,,16.1,,,,,4.45682499524
1973-11-02,,9.6,0.0,27.5,,14.7,,,,,5.14331658685
1973-11-03,,11.0,0.0,30.9,,17.8,,,,,5.64192453333
1973-11-04,,7.6,0.0,29.5,,18.6,,,,,5.11320603915
1973-11-05,,3.4,0.6,27.1,,17.3,,,,,4.63696441547
1973-11-06,,0.5,0.1,23.3,,17.9,,,,,3.30636705496
1973-11-07,,4.5,0.0,28.7,,18.0,,,,,4.99037810806
1973-11-08,,3.9,11.2,28.9,,18.4,,,,,4.98226326456
1973-11-09,,2.8,1.4,25.1,,16.6,,,,,4.18205441219
1973-11-10,,0.7,0.3,22.2,,16.1,,,,,3.38860729833
1973-11-11,,3.5,0.0,24.5,,16.4,,,,,4.04403955584
1973-11-12,,7.6,0.0,27.4,,17.2,,,,,4.75964252741
1973-11-13,,10.4,0.0,27.9,,16.0,,,,,5.09821629404
1973-11-14,,10.4,0.0,28.7,,15.0,,,,,5.45856744614
1973-11-15,,11.3,0.0,30.3,,17.0,,,,,5.62449302719
1973-11-16,,6.2,0.0,30.5,,18.6,,,,,5.43761509003
1973-11-17,,7.2,0.0,28.3,,17.2,,,,,5.03006534082
1973-11-18,,10.5,0.0,29.1,,16.2,,,,,5.41085622765
1973-11-19,,9.6,0.0,29.1,,15.6,,,,,5.49576874338
1973-11-20,,7.9,0.0,31.5,,19.4,,,,,5.60622756843
1973-11-21,,2.0,19.0,27.7,,18.2,,,,,4.68155566352
1973-11-22,,3.2,19.7,25.9,,17.4,,,,,4.2880462625
1973-11-23,,0.8,0.4,23.5,,16.6,,,,,3.70757052611
1973-11-24,,2.7,0.0,24.3,,16.7,,,,,3.93817268504
1973-11-25,,8.9,0.0,26.5,,17.6,,,,,4.43503756405
1973-11-26,,8.2,0.0,27.7,,17.8,,,,,4.76060559638
1973-11-27,,5.8,0.0,27.9,,18.9,,,,,4.61261659793
1973-11-28,,5.3,8.2,26.4,,16.4,,,,,4.62685436397
1973-11-29,,1.1,2.6,25.9,,17.4,,,,,4.29361603608
1973-11-30,,0.0,15.4,20.3,,17.6,,,,,2.25459932463
1973-12-01,,3.7,24.4,24.9,,17.4,,,,,3.98316622184
1973-12-02,,2.6,0.2,25.0,,16.7,,,,,4.15849485632
1973-12-03,,1.0,0.0,24.3,,17.6,,,,,3.74637654636
1973-12-04,,7.8,0.0,25.9,,16.6,,,,,4.44853717323
1973-12-05,,7.8,0.0,26.7,,16.4,,,,,4.71811404518
1973-12-06,,9.6,0.0,27.7,,15.8,,,,,5.09769294569
1973-12-07,,11.3,0.0,26.7,,18.1,,,,,4.40530616062
1973-12-08,,6.2,0.0,27.4,,18.4,,,,,4.56312456486
1973-12-09,,9.7,0.0,27.7,,15.4,,,,,5.15808794747
1973-12-10,,12.1,0.0,28.9,,16.8,,,,,5.28553100198
1973-12-11,,8.3,0.0,27.1,,16.4,,,,,4.83634239334
1973-12-12,,9.5,0.0,27.5,,17.0,,,,,4.85197560939
1973-12-13,,4.5,1.3,26.1,,16.6,,,,,4.51187893713
1973-12-14,,10.1,0.0,27.3,,17.7,,,,,4.66924593383
1973-12-15,,9.5,0.0,27.4,,17.6,,,,,4.71809076622
1973-12-16,,7.4,0.0,28.3,,16.6,,,,,5.14931127542
1973-12-17,,9.6,0.0,29.1,,16.0,,,,,5.46275497477
1973-12-18,,8.2,0.0,27.5,,16.8,,,,,4.88858931944
1973-12-19,,8.0,0.0,27.5,,17.4,,,,,4.78568366991
1973-12-20,,6.8,0.0,27.1,,15.0,,,,,5.0564285274
1973-12-21,,0.7,0.0,27.9,,14.8,,,,,5.30237630054
1973-12-22,,10.6,0.0,29.1,,18.3,,,,,5.10394846296
1973-12-23,,8.1,0.0,29.3,,18.6,,,,,5.11137832515
1973-12-24,,6.8,0.0,30.2,,18.4,,,,,5.41322700215
1973-12-25,,9.4,0.0,28.3,,17.6,,,,,4.98994991002
1973-12-26,,8.3,0.0,31.5,,18.8,,,,,5.73040391093
1973-12-27,,9.1,0.5,31.4,,18.5,,,,,5.74903001607
1973-12-28,,7.9,0.0,29.7,,17.9,,,,,5.35107558266
1973-12-29,,4.8,0.0,29.0,,16.4,,,,,5.38381105641
1973-12-30,,8.6,0.0,28.2,,17.7,,,,,4.94554317296
1973-12-31,,11.2,0.0,31.9,,17.4,,,,,6.05473213514
1974-01-01,,11.7,0.0,33.8,,17.9,,,,,6.52013585573
1974-01-02,,4.0,20.4,27.9,,18.7,,,,,4.67034593452
1974-01-03,,0.5,0.4,26.4,,16.4,,,,,4.64448452954
1974-01-04,,1.4,15.5,24.9,,16.6,,,,,4.16151475989
1974-01-05,,5.3,12.0,26.9,,17.3,,,,,4.63266867923
1974-01-06,,8.6,0.0,26.3,,16.2,,,,,4.65090063754
1974-01-07,,10.7,0.0,28.5,,15.8,,,,,5.33585707957
1974-01-08,,10.7,0.0,28.2,,16.1,,,,,5.20861815307
1974-01-09,,10.2,0.0,28.3,,15.8,,,,,5.28105721663
1974-01-10,,11.7,0.0,28.9,,17.8,,,,,5.13913481116
1974-01-11,,9.0,0.0,28.7,,16.4,,,,,5.3048392103
1974-01-12,,8.1,0.0,29.3,,17.4,,,,,5.32148509996
1974-01-13,,2.7,0.0,25.8,,17.0,,,,,4.35939192762
1974-01-14,,9.6,15.6,29.1,,16.0,,,,,5.47497175922
1974-01-15,,4.6,0.0,27.1,,16.7,,,,,4.79964223558
1974-01-16,,10.5,0.0,27.9,,16.7,,,,,5.03093231293
1974-01-17,,4.8,0.0,25.9,,16.4,,,,,4.50040656525
1974-01-18,,8.3,4.6,26.5,,16.0,,,,,4.74328411781
1974-01-19,,6.2,0.0,26.3,,16.0,,,,,4.68558297779
1974-01-20,,6.1,0.0,26.3,,17.2,,,,,4.47168859408
1974-01-21,,2.9,15.4,27.7,,16.6,,,,,4.98817526561
1974-01-22,,4.1,10.2,22.7,,17.2,,,,,3.31751271811
1974-01-23,,4.0,5.2,24.9,,17.0,,,,,4.08076657147
1974-01-24,,0.0,0.7,23.3,,17.0,,,,,3.56838442052
1974-01-25,,2.2,1.8,24.0,,16.8,,,,,3.83921712022
1974-01-26,,9.8,0.0,26.4,,16.0,,,,,4.70985731495
1974-01-27,,7.2,0.0,24.9,,16.6,,,,,4.15807925694
1974-01-28,,8.2,0.0,27.4,,16.1,,,,,4.9763036504
1974-01-29,,6.2,0.0,25.9,,17.9,,,,,4.2018154728
1974-01-30,,5.6,0.0,27.7,,17.1,,,,,4.89608300708
1974-01-31,,5.0,0.0,27.3,,17.1,,,,,4.77733488756
1974-02-01,,9.8,0.0,29.1,,18.1,,,,,5.13292761838
1974-02-02,,3.7,15.9,26.7,,17.4,,,,,4.54116877566
1974-02-03,,4.9,0.0,26.1,,15.5,,,,,4.69411279575
1974-02-04,,9.0,0.0,26.7,,16.8,,,,,4.64599117974
1974-02-05,,6.7,0.0,25.5,,17.0,,,,,4.24845379951
1974-02-06,,5.3,0.0,26.9,,17.0,,,,,4.66472285147
1974-02-07,,3.9,0.2,26.3,,17.0,,,,,4.4845044049
1974-02-08,,3.7,13.8,26.3,,16.8,,,,,4.51825816984
1974-02-09,,3.9,5.4,25.3,,17.4,,,,,4.09667540799
1974-02-10,,1.8,4.0,23.5,,17.6,,,,,3.46562931899
1974-02-11,,7.7,14.2,26.1,,17.8,,,,,4.25749070605
1974-02-12,,2.4,1.3,24.9,,17.0,,,,,4.04605177387
1974-02-13,,7.0,0.0,25.7,,16.8,,,,,4.32426502675
1974-02-14,,10.7,0.0,26.4,,16.3,,,,,4.61444837754
1974-02-15,,5.9,0.0,25.5,,17.2,,,,,4.17936026618
1974-02-16,,6.5,1.8,26.3,,17.0,,,,,4.45368309956
1974-02-17,,4.8,0.9,26.3,,17.0,,,,,4.44929214558
1974-02-18,,9.0,0.0,27.1,,17.1,,,,,4.661507005
1974-02-19,,9.0,0.0,27.3,,17.4,,,,,4.66215401652
1974-02-20,,6.0,0.0,26.5,,17.0,,,,,4.4936624149
1974-02-21,,6.9,0.0,28.3,,17.4,,,,,4.94143338721
1974-02-22,,7.2,0.0,28.5,,16.5,,,,,5.13380993018
1974-02-23,,4.8,0.0,28.5,,18.1,,,,,4.86794019755
1974-02-24,,1.1,10.0,24.7,,17.6,,,,,3.80665357735
1974-02-25,,8.2,0.0,27.5,,15.4,,,,,5.0007610409
1974-02-26,,11.0,0.0,28.5,,17.0,,,,,5.02941366088
1974-02-27,,10.4,0.0,29.9,,17.0,,,,,5.41061628695
1974-02-28,,8.8,0.0,29.7,,18.2,,,,,5.16249877828
1974-03-01,,2.3,0.3,27.1,,16.9,,,,,4.62743593964
1974-03-02,,8.4,11.5,27.7,,17.6,,,,,4.67213109334
1974-03-03,,6.5,0.0,26.5,,17.8,,,,,4.27529840608
1974-03-04,,8.3,0.0,27.2,,17.6,,,,,4.51108909545
1974-03-05,,10.1,0.0,28.3,,16.2,,,,,5.03639748558
1974-03-06,,7.6,0.0,28.1,,16.4,,,,,4.94311275063
1974-03-07,,9.2,0.0,27.1,,17.6,,,,,4.45664246172
1974-03-08,,7.8,0.5,26.1,,16.7,,,,,4.31957306561
1974-03-09,,6.7,0.0,26.2,,17.4,,,,,4.21339994121
1974-03-10,,4.0,0.0,26.3,,17.2,,,,,4.27015434901
1974-03-11,,1.5,0.8,25.4,,17.6,,,,,3.91986702476
1974-03-12,,2.1,0.4,26.9,,17.6,,,,,4.35216580697
1974-03-13,,1.8,31.7,26.7,,17.5,,,,,4.3026208821
1974-03-14,,1.8,7.7,25.5,,18.0,,,,,3.84169729583
1974-03-15,,0.0,34.0,23.1,,16.8,,,,,3.35264819535
1974-03-16,,2.3,15.6,25.3,,18.0,,,,,3.76217494126
1974-03-17,,2.5,0.6,24.4,,17.1,,,,,3.66708798579
1974-03-18,,5.5,0.6,26.7,,17.4,,,,,4.26761853257
1974-03-19,,1.0,0.0,24.9,,17.6,,,,,3.69533654392
1974-03-20,,3.8,1.3,25.1,,17.3,,,,,3.80465090917
1974-03-21,,5.7,0.0,25.9,,17.5,,,,,3.98792396219
1974-03-22,,4.8,0.0,26.9,,17.8,,,,,4.20726313572
1974-03-23,,6.3,2.4,27.5,,18.0,,,,,4.32918074218
1974-03-24,,2.1,12.5,25.3,,17.8,,,,,3.72189964917
1974-03-25,,7.0,49.6,27.7,,16.5,,,,,4.59816278906
1974-03-26,,4.1,48.5,25.9,,18.2,,,,,3.79635229163
1974-03-27,,7.1,0.0,24.5,,17.9,,,,,3.42923595734
1974-03-28,,10.7,0.0,27.9,,18.6,,,,,4.271312791
1974-03-29,,7.8,9.7,28.1,,17.2,,,,,4.54216427454
1974-03-30,,3.9,0.0,27.0,,18.0,,,,,4.09883550491
1974-03-31,,8.2,0.0,25.9,,17.6,,,,,3.85036684287
1974-04-01,,9.6,0.0,25.8,,15.0,,,,,4.22818461455
1974-04-02,,10.6,0.0,26.9,,16.0,,,,,4.34984701341
1974-04-03,,4.6,0.0,27.7,,18.0,,,,,4.23536300123
1974-04-04,,7.6,0.8,27.1,,17.6,,,,,4.12568489669
1974-04-05,,5.1,0.7,25.5,,17.2,,,,,3.74719170146
1974-04-06,,4.2,2.2,25.4,,17.0,,,,,3.74203862643
1974-04-07,,8.4,0.0,26.1,,16.8,,,,,3.94854617265
1974-04-08,,6.4,0.4,25.9,,17.1,,,,,3.83200308436
1974-04-09,,6.6,0.0,25.5,,16.8,,,,,3.76252521638
1974-04-10,,6.1,0.0,24.3,,15.8,,,,,3.60075223998
1974-04-11,,6.2,0.0,26.3,,18.0,,,,,3.74166764332
1974-04-12,,5.0,8.6,26.5,,18.1,,,,,3.76419017309
1974-04-13,,6.6,5.5,25.4,,17.4,,,,,3.57753768598
1974-04-14,,2.0,0.0,23.9,,17.1,,,,,3.21040820226
1974-04-15,,5.9,0.9,24.6,,16.8,,,,,3.4431663234
1974-04-16,,8.2,0.3,25.4,,17.2,,,,,3.57163048336
1974-04-17,,3.7,3.2,25.3,,17.2,,,,,3.53158805804
1974-04-18,,6.8,0.0,25.3,,17.2,,,,,3.51791523892
1974-04-19,,3.8,0.0,24.7,,17.4,,,,,3.3096509649
1974-04-20,,4.9,0.8,24.7,,18.2,,,,,3.14287796465
1974-04-21,,5.5,9.7,25.6,,17.6,,,,,3.48632843651
1974-04-22,,3.2,1.4,24.1,,17.6,,,,,3.07060958933
1974-04-23,,1.1,0.0,22.9,,17.4,,,,,2.76248112554
1974-04-24,,2.0,0.4,24.7,,17.1,,,,,3.29844432947
1974-04-25,,7.6,0.0,25.7,,17.8,,,,,3.42322221647
1974-04-26,,0.7,4.2,23.1,,18.1,,,,,2.63374937564
1974-04-27,,2.7,1.7,26.3,,17.4,,,,,3.61393328706
1974-04-28,,6.7,23.6,28.2,,18.5,,,,,3.90016507527
1974-04-29,,2.9,0.9,24.7,,17.6,,,,,3.14595119108
1974-04-30,,0.0,2.2,21.3,,15.6,,,,,2.6130797237
1974-05-01,,0.0,0.2,19.9,,15.0,,,,,2.34671953347
1974-05-02,,5.7,0.0,23.6,,16.7,,,,,2.9863672265
1974-05-03,,7.5,0.0,26.7,,17.0,,,,,3.68507210269
1974-05-04,,6.9,0.0,25.1,,16.2,,,,,3.40978233134
1974-05-05,,8.4,1.0,23.7,,15.6,,,,,3.15614903368
1974-05-06,,6.3,0.0,24.5,,15.6,,,,,3.33090744857
1974-05-07,,8.6,0.0,25.3,,15.6,,,,,3.50081615576
1974-05-08,,8.5,0.0,23.9,,16.2,,,,,3.07486849843
1974-05-09,,0.3,0.5,21.9,,16.0,,,,,2.60361108641
1974-05-10,,3.9,32.8,23.5,,16.6,,,,,2.88918925971
1974-05-11,,2.0,6.2,21.9,,16.0,,,,,2.58451007049
1974-05-12,,8.1,0.0,23.7,,16.0,,,,,3.01392358312
1974-05-13,,6.7,0.0,23.5,,14.8,,,,,3.13286623948
1974-05-14,,8.8,0.0,23.7,,15.5,,,,,3.06769553401
1974-05-15,,9.8,12.6,24.6,,16.2,,,,,3.1602678857
1974-05-16,,1.7,0.0,22.3,,16.0,,,,,2.63824526193
1974-05-17,,1.0,6.9,21.9,,16.4,,,,,2.45674084077
1974-05-18,,2.3,0.8,22.7,,16.7,,,,,2.59554320827
1974-05-19,,2.3,3.6,22.7,,16.7,,,,,2.58709228366
1974-05-20,,2.3,6.7,23.3,,16.3,,,,,2.79288161466
1974-05-21,,3.6,2.8,21.9,,16.0,,,,,2.49826061517
1974-05-22,,2.1,1.7,20.9,,15.5,,,,,2.33411206222
1974-05-23,,4.5,0.6,22.3,,15.0,,,,,2.73955172231
1974-05-24,,8.5,1.9,22.9,,15.5,,,,,2.79169331011
1974-05-25,,1.4,0.4,21.3,,15.3,,,,,2.44565359926
1974-05-26,,3.3,0.8,21.5,,15.6,,,,,2.43521875873
1974-05-27,,1.1,0.0,21.5,,15.7,,,,,2.4113088623
1974-05-28,,4.4,0.1,22.7,,15.3,,,,,2.7464170797
1974-05-29,,1.0,0.0,22.9,,15.8,,,,,2.7088974775
1974-05-30,,7.2,0.0,26.1,,16.1,,,,,3.35809743042
1974-05-31,,3.9,0.0,25.5,,14.8,,,,,3.38084092725
1974-06-01,,6.1,0.0,25.1,,16.4,,,,,3.08973760228
1974-06-02,,0.9,1.2,21.3,,14.3,,,,,2.55383671229
1974-06-03,,7.7,0.1,21.9,,13.2,,,,,2.82124295762
1974-06-04,,8.0,0.0,23.4,,13.9,,,,,3.0338193718
1974-06-05,,0.2,7.4,22.1,,15.4,,,,,2.54997820344
1974-06-06,,1.2,2.2,21.5,,15.5,,,,,2.39231473308
1974-06-07,,5.6,2.1,22.9,,14.8,,,,,2.80169395383
1974-06-08,,4.1,0.0,20.9,,13.0,,,,,2.61929916515
1974-06-09,,3.2,0.0,21.1,,16.5,,,,,2.10200772923
1974-06-10,,8.0,0.0,22.5,,14.4,,,,,2.7588492098
1974-06-11,,9.4,0.6,22.5,,14.9,,,,,2.68736307376
1974-06-12,,4.1,0.7,22.4,,15.3,,,,,2.60510761939
1974-06-13,,4.6,0.0,22.8,,16.0,,,,,2.58501326174
1974-06-14,,6.7,1.6,24.4,,14.6,,,,,3.10869091839
1974-06-15,,5.7,0.0,23.3,,15.5,,,,,2.76365609861
1974-06-16,,0.0,0.3,19.5,,13.8,,,,,2.18628409896
1974-06-17,,0.0,0.0,18.3,,11.2,,,,,2.3040646442
1974-06-18,,10.3,0.0,22.1,,13.2,,,,,2.80807610789
1974-06-19,,6.4,0.0,22.5,,14.3,,,,,2.75134487818
1974-06-20,,6.2,0.7,22.3,,13.8,,,,,2.77337730461
1974-06-21,,6.8,0.0,21.1,,12.6,,,,,2.68011120514
1974-06-22,,5.2,0.0,21.5,,13.4,,,,,2.66146364957
1974-06-23,,6.0,0.0,23.3,,15.0,,,,,2.8242309076
1974-06-24,,3.7,0.0,22.5,,14.4,,,,,2.73762521157
1974-06-25,,1.7,0.0,20.8,,13.6,,,,,2.4927766991
1974-06-26,,8.9,0.0,22.1,,12.2,,,,,2.92003583344
1974-06-27,,9.2,0.0,25.7,,12.9,,,,,3.52634770626
1974-06-28,,8.2,0.0,24.9,,11.0,,,,,3.5432418451
1974-06-29,,10.0,0.0,25.7,,15.4,,,,,3.27431484807
1974-06-30,,0.4,0.0,17.0,,11.1,,,,,2.05986460235
1974-07-01,,7.9,0.0,19.9,,10.5,,,,,2.6964673858
1974-07-02,,1.4,0.0,18.5,,11.7,,,,,2.28890947457
1974-07-03,,3.5,0.0,17.7,,11.3,,,,,2.18262013751
1974-07-04,,1.3,2.2,18.3,,13.0,,,,,2.0595532373
1974-07-05,,3.9,3.5,19.8,,13.2,,,,,2.35995522693
1974-07-06,,5.7,1.3,21.3,,14.1,,,,,2.55491115581
1974-07-07,,4.1,1.0,22.1,,15.2,,,,,2.57211868184
1974-07-08,,0.8,3.2,19.5,,14.5,,,,,2.09394100172
1974-07-09,,3.8,0.0,20.4,,12.0,,,,,2.65639636896
1974-07-10,,7.9,0.0,20.7,,13.4,,,,,2.54304930913
1974-07-11,,3.0,0.0,19.9,,13.5,,,,,2.3618769557
1974-07-12,,1.8,1.5,19.7,,11.0,,,,,2.65148721939
1974-07-13,,10.6,0.0,20.7,,12.2,,,,,2.7136532887
1974-07-14,,2.9,0.0,19.9,,9.9,,,,,2.81649450318
1974-07-15,,9.3,0.0,20.4,,13.4,,,,,2.50642373473
1974-07-16,,2.0,0.2,20.3,,13.3,,,,,2.50526147621
1974-07-17,,1.2,0.0,20.5,,13.4,,,,,2.5403878431
1974-07-18,,2.3,0.0,20.5,,12.1,,,,,2.71852519251
1974-07-19,,8.9,0.0,21.9,,12.4,,,,,2.97102174401
1974-07-20,,8.6,0.2,22.7,,14.2,,,,,2.92283992553
1974-07-21,,7.2,0.0,22.3,,13.4,,,,,2.94961259047
1974-07-22,,3.2,2.2,21.5,,13.5,,,,,2.77705288145
1974-07-23,,4.3,0.0,21.3,,11.7,,,,,2.9646829744
1974-07-24,,1.8,2.2,19.9,,11.8,,,,,2.67971837243
1974-07-25,,3.9,1.2,20.6,,13.8,,,,,2.56168081577
1974-07-26,,7.6,0.0,21.7,,12.4,,,,,2.99236447084
1974-07-27,,4.9,0.0,21.3,,13.9,,,,,2.72008660302
1974-07-28,,6.3,0.0,21.7,,13.4,,,,,2.88609073192
1974-07-29,,3.9,0.0,20.9,,10.6,,,,,3.0614977927
1974-07-30,,3.1,0.1,19.7,,13.6,,,,,2.4273952742
1974-07-31,,4.5,0.0,21.5,,13.0,,,,,2.92528701851
1974-08-01,,8.7,0.0,22.5,,12.8,,,,,3.17159472274
1974-08-02,,0.9,0.0,21.1,,12.0,,,,,2.98707674873
1974-08-03,,,0.0,22.3,,13.8,,,,,3.02369898118
1974-08-04,,6.5,0.0,22.1,,13.0,,,,,3.0960466448
1974-08-05,,6.4,0.0,21.9,,10.6,,,,,3.33523525684
1974-08-06,,9.9,0.0,22.3,,12.2,,,,,3.25765993076
1974-08-07,,9.0,0.0,23.3,,13.8,,,,,3.28869161304
1974-08-08,,7.2,0.0,23.5,,14.0,,,,,3.31908105701
1974-08-09,,10.5,0.0,23.1,,13.8,,,,,3.26919333455
1974-08-10,,8.7,0.0,22.8,,13.2,,,,,3.29262123653
1974-08-11,,6.3,0.0,22.0,,11.2,,,,,3.36847946331
1974-08-12,,6.0,3.0,22.4,,14.0,,,,,3.12071063026
1974-08-13,,5.4,0.7,22.9,,13.8,,,,,3.27411809387
1974-08-14,,3.9,0.2,21.1,,12.3,,,,,3.08450070737
1974-08-15,,7.4,0.0,25.1,,12.3,,,,,3.95080344117
1974-08-16,,10.5,0.0,26.9,,11.8,,,,,4.38430697835
1974-08-17,,8.0,0.0,25.9,,15.8,,,,,3.74482766584
1974-08-18,,2.4,0.2,22.9,,16.0,,,,,2.99461722348
1974-08-19,,1.9,0.4,23.1,,15.4,,,,,3.15858626344
1974-08-20,,3.4,0.0,23.3,,15.0,,,,,3.2830700082
1974-08-21,,0.1,0.6,19.3,,14.0,,,,,2.45538231736
1974-08-22,,2.3,0.0,22.3,,12.8,,,,,3.38614331393
1974-08-23,,1.9,0.4,21.3,,14.6,,,,,2.8868591668
1974-08-24,,3.8,0.5,21.7,,13.0,,,,,3.24675924751
1974-08-25,,1.0,0.0,20.1,,14.4,,,,,2.63049563194
1974-08-26,,6.7,0.0,22.1,,12.4,,,,,3.44449970762
1974-08-27,,10.0,0.0,23.7,,12.4,,,,,3.81691963841
1974-08-28,,8.8,0.0,23.9,,14.2,,,,,3.64864618417
1974-08-29,,8.7,0.3,24.8,,15.3,,,,,3.72263437654
1974-08-30,,,0.1,25.3,,15.6,,,,,3.81543484774
1974-08-31,,8.3,0.0,24.9,,14.8,,,,,3.84631971829
1974-09-01,,6.6,0.0,24.3,,14.8,,,,,3.7140972533
1974-09-02,,8.3,0.0,27.1,,15.4,,,,,4.3249730325
1974-09-03,,8.3,0.0,26.1,,15.2,,,,,4.12509827515
1974-09-04,,6.2,0.6,25.1,,13.4,,,,,4.13282599794
1974-09-05,,5.6,0.8,23.3,,14.0,,,,,3.63773936046
1974-09-06,,6.4,0.0,24.1,,14.8,,,,,3.73053904294
1974-09-07,,8.0,0.0,24.7,,13.0,,,,,4.13110332594
1974-09-08,,3.0,0.2,22.1,,11.8,,,,,3.68766378798
1974-09-09,,3.6,0.9,22.5,,13.0,,,,,3.6353055218
1974-09-10,,9.4,0.0,23.3,,11.8,,,,,3.99044900328
1974-09-11,,9.0,0.0,27.1,,13.8,,,,,4.65871757401
1974-09-12,,9.5,0.0,27.9,,15.0,,,,,4.72335523138
1974-09-13,,7.7,0.0,26.3,,16.2,,,,,4.17143596817
1974-09-14,,7.0,0.0,26.1,,15.8,,,,,4.19336125867
1974-09-15,,3.0,0.0,23.1,,13.0,,,,,3.853628265
1974-09-16,,4.0,0.0,23.7,,13.8,,,,,3.90168736805
1974-09-17,,5.1,0.0,23.7,,15.2,,,,,3.69564180185
1974-09-18,,2.9,0.8,24.1,,14.6,,,,,3.90805046423
1974-09-19,,2.4,0.0,23.3,,14.0,,,,,3.80489257651
1974-09-20,,8.2,0.0,24.7,,14.6,,,,,4.08561919946
1974-09-21,,4.6,0.0,25.1,,13.8,,,,,4.31053039197
1974-09-22,,7.7,0.1,25.1,,14.0,,,,,4.29551004665
1974-09-23,,5.6,0.2,25.1,,14.2,,,,,4.27959338793
1974-09-24,,4.2,2.1,24.3,,14.2,,,,,4.08637560559
1974-09-25,,4.8,0.2,23.7,,10.2,,,,,4.44262844298
1974-09-26,,5.7,9.2,24.9,,14.0,,,,,4.29006180751
1974-09-27,,4.6,0.0,23.5,,14.8,,,,,3.81136451042
1974-09-28,,6.6,0.0,24.1,,13.0,,,,,4.24552370729
1974-09-29,,6.3,0.0,24.5,,13.4,,,,,4.30248744451
1974-09-30,,6.7,0.0,25.1,,14.2,,,,,4.35489469652
1974-10-01,,6.0,0.0,25.1,,14.2,,,,,4.36481473582
1974-10-02,,7.8,0.1,25.8,,14.8,,,,,4.47081339234
1974-10-03,,4.3,0.1,24.0,,14.0,,,,,4.12623393445
1974-10-04,,9.1,0.0,25.3,,14.8,,,,,4.3579646638
1974-10-05,,8.0,0.0,25.9,,14.8,,,,,4.52556416389
1974-10-06,,7.8,0.0,27.0,,18.2,,,,,4.27572102668
1974-10-07,,10.8,0.0,28.6,,14.0,,,,,5.34055427866
1974-10-08,,7.8,0.0,29.1,,17.2,,,,,5.05922094528
1974-10-09,,1.4,0.0,23.5,,14.8,,,,,3.91048103715
1974-10-10,,3.7,0.0,26.9,,16.2,,,,,4.62668018986
1974-10-11,,1.9,2.7,24.5,,15.8,,,,,4.03049182749
1974-10-12,,0.0,0.3,19.1,,14.8,,,,,2.59900238613
1974-10-13,,2.7,0.3,23.3,,16.0,,,,,3.65543707029
1974-10-14,,1.1,0.7,24.2,,16.0,,,,,3.92697594806
1974-10-15,,4.2,0.1,27.0,,16.0,,,,,4.72351066408
1974-10-16,,6.8,0.0,27.2,,15.8,,,,,4.81573951391
1974-10-17,,3.4,0.0,24.6,,14.7,,,,,4.2826028263
1974-10-18,,3.1,0.0,25.1,,15.4,,,,,4.31298470037
1974-10-19,,5.6,0.0,27.7,,15.4,,,,,5.02935885054
1974-10-20,,6.5,0.0,28.1,,15.8,,,,,5.08700544187
1974-10-21,,5.2,0.0,26.6,,15.3,,,,,4.75904907714
1974-10-22,,3.6,4.6,27.8,,17.0,,,,,4.83241050771
1974-10-23,,0.2,5.0,23.5,,16.6,,,,,3.64093723046
1974-10-24,,2.2,6.8,27.7,,16.6,,,,,4.87953577407
1974-10-25,,1.1,0.7,26.7,,18.0,,,,,4.34614135203
1974-10-26,,5.2,0.0,28.2,,15.4,,,,,5.20473506116
1974-10-27,,10.8,0.0,27.4,,15.6,,,,,4.96424874575
1974-10-28,,8.8,0.0,29.1,,15.8,,,,,5.40275593818
1974-10-29,,7.4,0.0,30.3,,16.8,,,,,5.59696066483
1974-10-30,,8.0,26.7,31.9,,17.0,,,,,6.0131063305
1974-10-31,,5.5,26.6,28.8,,17.0,,,,,5.15901774284
1974-11-01,,7.4,2.8,29.8,,18.0,,,,,5.28987081006
1974-11-02,,4.2,3.1,26.6,,16.2,,,,,4.67187708129
1974-11-03,,0.9,6.7,23.1,,14.3,,,,,4.00431511497
1974-11-04,,1.4,3.9,20.2,,15.0,,,,,2.9873734418
1974-11-05,,1.9,10.7,23.1,,15.2,,,,,3.8458179514
1974-11-06,,6.6,0.8,25.3,,16.8,,,,,4.1968499934
1974-11-07,,3.0,0.1,25.7,,16.0,,,,,4.46279655581
1974-11-08,,5.7,2.5,27.0,,17.0,,,,,4.66864186048
1974-11-09,,2.8,0.0,25.5,,16.7,,,,,4.28273946412
1974-11-10,,3.5,40.2,25.7,,15.8,,,,,4.50384941257
1974-11-11,,0.0,0.3,22.3,,15.1,,,,,3.63831719237
1974-11-12,,0.1,0.5,21.3,,14.4,,,,,3.48027816946
1974-11-13,,5.5,0.0,24.5,,14.8,,,,,4.33655972575
1974-11-14,,3.2,0.0,24.5,,16.1,,,,,4.10714300172
1974-11-15,,1.2,12.0,25.4,,16.4,,,,,4.31981598394
1974-11-16,,4.4,16.6,26.1,,16.8,,,,,4.45515380887
1974-11-17,,1.4,12.1,25.3,,16.4,,,,,4.29304835529
1974-11-18,,1.4,1.0,24.3,,17.2,,,,,3.82565823773
1974-11-19,,4.2,0.0,25.0,,16.2,,,,,4.2437381246
1974-11-20,,9.0,0.0,25.7,,15.0,,,,,4.65027200892
1974-11-21,,9.4,0.0,25.5,,16.0,,,,,4.42880910009
1974-11-22,,5.1,0.0,25.3,,15.0,,,,,4.54081056634
1974-11-23,,10.3,0.0,26.5,,15.3,,,,,4.8296868003
1974-11-24,,8.9,3.8,27.3,,17.2,,,,,4.74736247691
1974-11-25,,1.6,3.6,23.7,,16.4,,,,,3.8150592522
1974-11-26,,5.4,0.0,25.3,,14.8,,,,,4.57629782281
1974-11-27,,7.9,1.7,25.5,,15.2,,,,,4.56921970782
1974-11-28,,3.9,0.4,24.3,,15.3,,,,,4.21025947975
1974-11-29,,5.7,0.0,24.7,,14.2,,,,,4.50596340743
1974-11-30,,10.4,0.0,25.4,,15.8,,,,,4.4421885459
1974-12-01,,6.7,0.6,26.2,,15.0,,,,,4.79877704092
1974-12-02,,8.5,0.0,26.1,,16.4,,,,,4.5420773888
1974-12-03,,6.3,0.0,27.7,,15.4,,,,,5.15465508091
1974-12-04,,5.6,0.0,28.3,,14.2,,,,,5.47753682614
1974-12-05,,5.1,9.4,26.5,,15.8,,,,,4.75997241767
1974-12-06,,7.1,0.0,25.7,,16.6,,,,,4.39017530283
1974-12-07,,3.3,12.7,25.4,,17.0,,,,,4.2238167472
1974-12-08,,1.8,23.4,25.1,,16.8,,,,,4.17212597717
1974-12-09,,2.0,55.4,24.1,,15.4,,,,,4.13962516132
1974-12-10,,0.0,0.0,20.3,,16.6,,,,,2.60641917706
1974-12-11,,4.6,0.7,26.3,,15.0,,,,,4.83185873572
1974-12-12,,10.1,0.0,26.7,,16.0,,,,,4.78790025517
1974-12-13,,8.3,0.0,25.5,,16.0,,,,,4.44273136721
1974-12-14,,7.9,0.0,26.3,,15.7,,,,,4.72379176611
1974-12-15,,10.4,0.0,25.7,,15.6,,,,,4.56988465585
1974-12-16,,7.9,0.0,25.6,,14.8,,,,,4.67074120252
1974-12-17,,5.1,0.0,26.1,,15.4,,,,,4.71681459374
1974-12-18,,9.0,0.0,25.5,,14.8,,,,,4.64385393424
1974-12-19,,9.7,0.0,25.9,,14.8,,,,,4.75525103509
1974-12-20,,6.9,0.0,26.2,,16.1,,,,,4.63157086655
1974-12-21,,7.9,0.0,25.8,,15.5,,,,,4.61761890957
1974-12-22,,9.8,0.0,26.3,,13.4,,,,,5.06064813105
1974-12-23,,9.0,0.0,28.0,,16.8,,,,,5.03529272009
1974-12-24,,8.5,0.0,27.7,,14.6,,,,,5.27686823488
1974-12-25,,9.8,0.0,28.4,,16.8,,,,,5.1509465569
1974-12-26,,6.1,13.8,27.6,,16.8,,,,,4.92143864274
1974-12-27,,0.4,0.0,24.0,,16.6,,,,,3.88064966438
1974-12-28,,7.7,0.0,26.5,,16.9,,,,,4.58289031548
1974-12-29,,4.8,0.0,25.7,,16.0,,,,,4.50801009212
1974-12-30,,3.6,0.0,25.1,,16.8,,,,,4.18121488578
1974-12-31,,3.2,0.0,26.1,,16.8,,,,,4.48347109421
1975-01-01,,9.8,,26.7,,18.6,,,,,4.31255721681
1975-01-02,,,,,,,,,,,
1975-01-03,,,,,,,,,,,
1975-01-04,,,,,,,,,,,
1975-01-05,,,,,,,,,,,
1975-01-06,,,,,,,,,,,
1975-01-07,,,,,,,,,,,
1975-01-08,,,,,,,,,,,
1975-01-09,,,,,,,,,,,
1975-01-10,,,,,,,,,,,
1975-01-11,,,,,,,,,,,
1975-01-12,,,,,,,,,,,
1975-01-13,,,,,,,,,,,
1975-01-14,,,,,,,,,,,
1975-01-15,,,,,,,,,,,
1975-01-16,,,,,,,,,,,
1975-01-17,,,,,,,,,,,
1975-01-18,,,,,,,,,,,
1975-01-19,,,,,,,,,,,
1975-01-20,,,,,,,,,,,
1975-01-21,,,,,,,,,,,
1975-01-22,,,,,,,,,,,
1975-01-23,,,,,,,,,,,
1975-01-24,,,,,,,,,,,
1975-01-25,,,,,,,,,,,
1975-01-26,,,,,,,,,,,
1975-01-27,,,,,,,,,,,
1975-01-28,,,,,,,,,,,
1975-01-29,,,,,,,,,,,
1975-01-30,,,,,,,,,,,
1975-01-31,,,,,,,,,,,
1975-02-01,,,,,,,,,,,
1975-02-02,,,,,,,,,,,
1975-02-03,,,,,,,,,,,
1975-02-04,,,,,,,,,,,
1975-02-05,,,,,,,,,,,
1975-02-06,,,,,,,,,,,
1975-02-07,,,,,,,,,,,
1975-02-08,,,,,,,,,,,
1975-02-09,,,,,,,,,,,
1975-02-10,,,,,,,,,,,
1975-02-11,,,,,,,,,,,
1975-02-12,,,,,,,,,,,
1975-02-13,,,,,,,,,,,
1975-02-14,,,,,,,,,,,
1975-02-15,,,,,,,,,,,
1975-02-16,,,,,,,,,,,
1975-02-17,,,,,,,,,,,
1975-02-18,,,,,,,,,,,
1975-02-19,,,,,,,,,,,
1975-02-20,,,,,,,,,,,
1975-02-21,,,,,,,,,,,
1975-02-22,,,,,,,,,,,
1975-02-23,,,,,,,,,,,
1975-02-24,,,,,,,,,,,
1975-02-25,,,,,,,,,,,
1975-02-26,,,,,,,,,,,
1975-02-27,,,,,,,,,,,
1975-02-28,,,,,,,,,,,
1975-03-01,,,,,,,,,,,
1975-03-02,,,,,,,,,,,
1975-03-03,,,,,,,,,,,
1975-03-04,,,,,,,,,,,
1975-03-05,,,,,,,,,,,
1975-03-06,,,,,,,,,,,
1975-03-07,,,,,,,,,,,
1975-03-08,,,,,,,,,,,
1975-03-09,,,,,,,,,,,
1975-03-10,,,,,,,,,,,
1975-03-11,,,,,,,,,,,
1975-03-12,,,,,,,,,,,
1975-03-13,,,,,,,,,,,
1975-03-14,,,,,,,,,,,
1975-03-15,,,,,,,,,,,
1975-03-16,,,,,,,,,,,
1975-03-17,,,,,,,,,,,
1975-03-18,,,,,,,,,,,
1975-03-19,,,,,,,,,,,
1975-03-20,,,,,,,,,,,
1975-03-21,,,,,,,,,,,
1975-03-22,,,,,,,,,,,
1975-03-23,,,,,,,,,,,
1975-03-24,,,,,,,,,,,
1975-03-25,,,,,,,,,,,
1975-03-26,,,,,,,,,,,
1975-03-27,,,,,,,,,,,
1975-03-28,,,,,,,,,,,
1975-03-29,,,,,,,,,,,
1975-03-30,,,,,,,,,,,
1975-03-31,,,,,,,,,,,
1975-04-01,,,,,,,,,,,
1975-04-02,,,,,,,,,,,
1975-04-03,,,,,,,,,,,
1975-04-04,,,,,,,,,,,
1975-04-05,,,,,,,,,,,
1975-04-06,,,,,,,,,,,
1975-04-07,,,,,,,,,,,
1975-04-08,,,,,,,,,,,
1975-04-09,,,,,,,,,,,
1975-04-10,,,,,,,,,,,
1975-04-11,,,,,,,,,,,
1975-04-12,,,,,,,,,,,
1975-04-13,,,,,,,,,,,
1975-04-14,,,,,,,,,,,
1975-04-15,,,,,,,,,,,
1975-04-16,,,,,,,,,,,
1975-04-17,,,,,,,,,,,
1975-04-18,,,,,,,,,,,
1975-04-19,,,,,,,,,,,
1975-04-20,,,,,,,,,,,
1975-04-21,,,,,,,,,,,
1975-04-22,,,,,,,,,,,
1975-04-23,,,,,,,,,,,
1975-04-24,,,,,,,,,,,
1975-04-25,,,,,,,,,,,
1975-04-26,,,,,,,,,,,
1975-04-27,,,,,,,,,,,
1975-04-28,,,,,,,,,,,
1975-04-29,,,,,,,,,,,
1975-04-30,,,,,,,,,,,
1975-05-01,,,,,,,,,,,
1975-05-02,,,,,,,,,,,
1975-05-03,,,,,,,,,,,
1975-05-04,,,,,,,,,,,
1975-05-05,,,,,,,,,,,
1975-05-06,,,,,,,,,,,
1975-05-07,,,,,,,,,,,
1975-05-08,,,,,,,,,,,
1975-05-09,,,,,,,,,,,
1975-05-10,,,,,,,,,,,
1975-05-11,,,,,,,,,,,
1975-05-12,,,,,,,,,,,
1975-05-13,,,,,,,,,,,
1975-05-14,,,,,,,,,,,
1975-05-15,,,,,,,,,,,
1975-05-16,,,,,,,,,,,
1975-05-17,,,,,,,,,,,
1975-05-18,,,,,,,,,,,
1975-05-19,,,,,,,,,,,
1975-05-20,,,,,,,,,,,
1975-05-21,,,,,,,,,,,
1975-05-22,,,,,,,,,,,
1975-05-23,,,,,,,,,,,
1975-05-24,,,,,,,,,,,
1975-05-25,,,,,,,,,,,
1975-05-26,,,,,,,,,,,
1975-05-27,,,,,,,,,,,
1975-05-28,,,,,,,,,,,
1975-05-29,,,,,,,,,,,
1975-05-30,,,,,,,,,,,
1975-05-31,,,,,,,,,,,
1975-06-01,,,,,,,,,,,
1975-06-02,,,,,,,,,,,
1975-06-03,,,,,,,,,,,
1975-06-04,,,,,,,,,,,
1975-06-05,,,,,,,,,,,
1975-06-06,,,,,,,,,,,
1975-06-07,,,,,,,,,,,
1975-06-08,,,,,,,,,,,
1975-06-09,,,,,,,,,,,
1975-06-10,,,,,,,,,,,
1975-06-11,,,,,,,,,,,
1975-06-12,,,,,,,,,,,
1975-06-13,,,,,,,,,,,
1975-06-14,,,,,,,,,,,
1975-06-15,,,,,,,,,,,
1975-06-16,,,,,,,,,,,
1975-06-17,,,,,,,,,,,
1975-06-18,,,,,,,,,,,
1975-06-19,,,,,,,,,,,
1975-06-20,,,,,,,,,,,
1975-06-21,,,,,,,,,,,
1975-06-22,,,,,,,,,,,
1975-06-23,,,,,,,,,,,
1975-06-24,,,,,,,,,,,
1975-06-25,,,,,,,,,,,
1975-06-26,,,,,,,,,,,
1975-06-27,,,,,,,,,,,
1975-06-28,,,,,,,,,,,
1975-06-29,,,,,,,,,,,
1975-06-30,,,,,,,,,,,
1975-07-01,,,,,,,,,,,
1975-07-02,,,,,,,,,,,
1975-07-03,,,,,,,,,,,
1975-07-04,,,,,,,,,,,
1975-07-05,,,,,,,,,,,
1975-07-06,,,,,,,,,,,
1975-07-07,,,,,,,,,,,
1975-07-08,,,,,,,,,,,
1975-07-09,,,,,,,,,,,
1975-07-10,,,,,,,,,,,
1975-07-11,,,,,,,,,,,
1975-07-12,,,,,,,,,,,
1975-07-13,,,,,,,,,,,
1975-07-14,,,,,,,,,,,
1975-07-15,,,,,,,,,,,
1975-07-16,,,,,,,,,,,
1975-07-17,,,,,,,,,,,
1975-07-18,,,,,,,,,,,
1975-07-19,,,,,,,,,,,
1975-07-20,,,,,,,,,,,
1975-07-21,,,,,,,,,,,
1975-07-22,,,,,,,,,,,
1975-07-23,,,,,,,,,,,
1975-07-24,,,,,,,,,,,
1975-07-25,,,,,,,,,,,
1975-07-26,,,,,,,,,,,
1975-07-27,,,,,,,,,,,
1975-07-28,,,,,,,,,,,
1975-07-29,,,,,,,,,,,
1975-07-30,,,,,,,,,,,
1975-07-31,,,,,,,,,,,
1975-08-01,,,,,,,,,,,
1975-08-02,,,,,,,,,,,
1975-08-03,,,,,,,,,,,
1975-08-04,,,,,,,,,,,
1975-08-05,,,,,,,,,,,
1975-08-06,,,,,,,,,,,
1975-08-07,,,,,,,,,,,
1975-08-08,,,,,,,,,,,
1975-08-09,,,,,,,,,,,
1975-08-10,,,,,,,,,,,
1975-08-11,,,,,,,,,,,
1975-08-12,,,,,,,,,,,
1975-08-13,,,,,,,,,,,
1975-08-14,,,,,,,,,,,
1975-08-15,,,,,,,,,,,
1975-08-16,,,,,,,,,,,
1975-08-17,,,,,,,,,,,
1975-08-18,,,,,,,,,,,
1975-08-19,,,,,,,,,,,
1975-08-20,,,,,,,,,,,
1975-08-21,,,,,,,,,,,
1975-08-22,,,,,,,,,,,
1975-08-23,,,,,,,,,,,
1975-08-24,,,,,,,,,,,
1975-08-25,,,,,,,,,,,
1975-08-26,,,,,,,,,,,
1975-08-27,,,,,,,,,,,
1975-08-28,,,,,,,,,,,
1975-08-29,,,,,,,,,,,
1975-08-30,,,,,,,,,,,
1975-08-31,,,,,,,,,,,
1975-09-01,,,,,,,,,,,
1975-09-02,,,,,,,,,,,
1975-09-03,,,,,,,,,,,
1975-09-04,,,,,,,,,,,
1975-09-05,,,,,,,,,,,
1975-09-06,,,,,,,,,,,
1975-09-07,,,,,,,,,,,
1975-09-08,,,,,,,,,,,
1975-09-09,,,,,,,,,,,
1975-09-10,,,,,,,,,,,
1975-09-11,,,,,,,,,,,
1975-09-12,,,,,,,,,,,
1975-09-13,,,,,,,,,,,
1975-09-14,,,,,,,,,,,
1975-09-15,,,,,,,,,,,
1975-09-16,,,,,,,,,,,
1975-09-17,,,,,,,,,,,
1975-09-18,,,,,,,,,,,
1975-09-19,,,,,,,,,,,
1975-09-20,,,,,,,,,,,
1975-09-21,,,,,,,,,,,
1975-09-22,,,,,,,,,,,
1975-09-23,,,,,,,,,,,
1975-09-24,,,,,,,,,,,
1975-09-25,,,,,,,,,,,
1975-09-26,,,,,,,,,,,
1975-09-27,,,,,,,,,,,
1975-09-28,,,,,,,,,,,
1975-09-29,,,,,,,,,,,
1975-09-30,,,,,,,,,,,
1975-10-01,,,,,,,,,,,
1975-10-02,,,,,,,,,,,
1975-10-03,,,,,,,,,,,
1975-10-04,,,,,,,,,,,
1975-10-05,,,,,,,,,,,
1975-10-06,,,,,,,,,,,
1975-10-07,,,,,,,,,,,
1975-10-08,,,,,,,,,,,
1975-10-09,,,,,,,,,,,
1975-10-10,,,,,,,,,,,
1975-10-11,,,,,,,,,,,
1975-10-12,,,,,,,,,,,
1975-10-13,,,,,,,,,,,
1975-10-14,,,,,,,,,,,
1975-10-15,,,,,,,,,,,
1975-10-16,,,,,,,,,,,
1975-10-17,,,,,,,,,,,
1975-10-18,,,,,,,,,,,
1975-10-19,,,,,,,,,,,
1975-10-20,,,,,,,,,,,
1975-10-21,,,,,,,,,,,
1975-10-22,,,,,,,,,,,
1975-10-23,,,,,,,,,,,
1975-10-24,,,,,,,,,,,
1975-10-25,,,,,,,,,,,
1975-10-26,,,,,,,,,,,
1975-10-27,,,,,,,,,,,
1975-10-28,,,,,,,,,,,
1975-10-29,,,,,,,,,,,
1975-10-30,,,,,,,,,,,
1975-10-31,,,,,,,,,,,
1975-11-01,,,,,,,,,,,
1975-11-02,,,,,,,,,,,
1975-11-03,,,,,,,,,,,
1975-11-04,,,,,,,,,,,
1975-11-05,,,,,,,,,,,
1975-11-06,,,,,,,,,,,
1975-11-07,,,,,,,,,,,
1975-11-08,,,,,,,,,,,
1975-11-09,,,,,,,,,,,
1975-11-10,,,,,,,,,,,
1975-11-11,,,,,,,,,,,
1975-11-12,,,,,,,,,,,
1975-11-13,,,,,,,,,,,
1975-11-14,,,,,,,,,,,
1975-11-15,,,,,,,,,,,
1975-11-16,,,,,,,,,,,
1975-11-17,,,,,,,,,,,
1975-11-18,,,,,,,,,,,
1975-11-19,,,,,,,,,,,
1975-11-20,,,,,,,,,,,
1975-11-21,,,,,,,,,,,
1975-11-22,,,,,,,,,,,
1975-11-23,,,,,,,,,,,
1975-11-24,,,,,,,,,,,
1975-11-25,,,,,,,,,,,
1975-11-26,,,,,,,,,,,
1975-11-27,,,,,,,,,,,
1975-11-28,,,,,,,,,,,
1975-11-29,,,,,,,,,,,
1975-11-30,,,,,,,,,,,
1975-12-01,,,,,,,,,,,
1975-12-02,,,,,,,,,,,
1975-12-03,,,,,,,,,,,
1975-12-04,,,,,,,,,,,
1975-12-05,,,,,,,,,,,
1975-12-06,,,,,,,,,,,
1975-12-07,,,,,,,,,,,
1975-12-08,,,,,,,,,,,
1975-12-09,,,,,,,,,,,
1975-12-10,,,,,,,,,,,
1975-12-11,,,,,,,,,,,
1975-12-12,,,,,,,,,,,
1975-12-13,,,,,,,,,,,
1975-12-14,,,,,,,,,,,
1975-12-15,,,,,,,,,,,
1975-12-16,,,,,,,,,,,
1975-12-17,,,,,,,,,,,
1975-12-18,,,,,,,,,,,
1975-12-19,,,,,,,,,,,
1975-12-20,,,,,,,,,,,
1975-12-21,,,,,,,,,,,
1975-12-22,,,,,,,,,,,
1975-12-23,,,,,,,,,,,
1975-12-24,,,,,,,,,,,
1975-12-25,,,,,,,,,,,
1975-12-26,,,,,,,,,,,
1975-12-27,,,,,,,,,,,
1975-12-28,,,,,,,,,,,
1975-12-29,,,,,,,,,,,
1975-12-30,,,,,,,,,,,
1975-12-31,,,,,,,,,,,
1976-01-01,,,,,,,,,,,
1976-01-02,,,,,,,,,,,
1976-01-03,,,,,,,,,,,
1976-01-04,,,,,,,,,,,
1976-01-05,,,,,,,,,,,
1976-01-06,,,,,,,,,,,
1976-01-07,,,,,,,,,,,
1976-01-08,,,,,,,,,,,
1976-01-09,,,,,,,,,,,
1976-01-10,,,,,,,,,,,
1976-01-11,,,,,,,,,,,
1976-01-12,,,,,,,,,,,
1976-01-13,,,,,,,,,,,
1976-01-14,,,,,,,,,,,
1976-01-15,,,,,,,,,,,
1976-01-16,,,,,,,,,,,
1976-01-17,,,,,,,,,,,
1976-01-18,,,,,,,,,,,
1976-01-19,,,,,,,,,,,
1976-01-20,,,,,,,,,,,
1976-01-21,,,,,,,,,,,
1976-01-22,,,,,,,,,,,
1976-01-23,,,,,,,,,,,
1976-01-24,,,,,,,,,,,
1976-01-25,,,,,,,,,,,
1976-01-26,,,,,,,,,,,
1976-01-27,,,,,,,,,,,
1976-01-28,,,,,,,,,,,
1976-01-29,,,,,,,,,,,
1976-01-30,,,,,,,,,,,
1976-01-31,,,,,,,,,,,
1976-02-01,,,,,,,,,,,
1976-02-02,,,,,,,,,,,
1976-02-03,,,,,,,,,,,
1976-02-04,,,,,,,,,,,
1976-02-05,,,,,,,,,,,
1976-02-06,,,,,,,,,,,
1976-02-07,,,,,,,,,,,
1976-02-08,,,,,,,,,,,
1976-02-09,,,,,,,,,,,
1976-02-10,,,,,,,,,,,
1976-02-11,,,,,,,,,,,
1976-02-12,,,,,,,,,,,
1976-02-13,,,,,,,,,,,
1976-02-14,,,,,,,,,,,
1976-02-15,,,,,,,,,,,
1976-02-16,,,,,,,,,,,
1976-02-17,,,,,,,,,,,
1976-02-18,,,,,,,,,,,
1976-02-19,,,,,,,,,,,
1976-02-20,,,,,,,,,,,
1976-02-21,,,,,,,,,,,
1976-02-22,,,,,,,,,,,
1976-02-23,,,,,,,,,,,
1976-02-24,,,,,,,,,,,
1976-02-25,,,,,,,,,,,
1976-02-26,,,,,,,,,,,
1976-02-27,,,,,,,,,,,
1976-02-28,,,,,,,,,,,
1976-02-29,,,,,,,,,,,
1976-03-01,,,,,,,,,,,
1976-03-02,,,,,,,,,,,
1976-03-03,,,,,,,,,,,
1976-03-04,,,,,,,,,,,
1976-03-05,,,,,,,,,,,
1976-03-06,,,,,,,,,,,
1976-03-07,,,,,,,,,,,
1976-03-08,,,,,,,,,,,
1976-03-09,,,,,,,,,,,
1976-03-10,,,,,,,,,,,
1976-03-11,,,,,,,,,,,
1976-03-12,,,,,,,,,,,
1976-03-13,,,,,,,,,,,
1976-03-14,,,,,,,,,,,
1976-03-15,,,,,,,,,,,
1976-03-16,,,,,,,,,,,
1976-03-17,,,,,,,,,,,
1976-03-18,,,,,,,,,,,
1976-03-19,,,,,,,,,,,
1976-03-20,,,,,,,,,,,
1976-03-21,,,,,,,,,,,
1976-03-22,,,,,,,,,,,
1976-03-23,,,,,,,,,,,
1976-03-24,,,,,,,,,,,
1976-03-25,,,,,,,,,,,
1976-03-26,,,,,,,,,,,
1976-03-27,,,,,,,,,,,
1976-03-28,,,,,,,,,,,
1976-03-29,,,,,,,,,,,
1976-03-30,,,,,,,,,,,
1976-03-31,,,,,,,,,,,
1976-04-01,,,,,,,,,,,
1976-04-02,,,,,,,,,,,
1976-04-03,,,,,,,,,,,
1976-04-04,,,,,,,,,,,
1976-04-05,,,,,,,,,,,
1976-04-06,,,,,,,,,,,
1976-04-07,,,,,,,,,,,
1976-04-08,,,,,,,,,,,
1976-04-09,,,,,,,,,,,
1976-04-10,,,,,,,,,,,
1976-04-11,,,,,,,,,,,
1976-04-12,,,,,,,,,,,
1976-04-13,,,,,,,,,,,
1976-04-14,,,,,,,,,,,
1976-04-15,,,,,,,,,,,
1976-04-16,,,,,,,,,,,
1976-04-17,,,,,,,,,,,
1976-04-18,,,,,,,,,,,
1976-04-19,,,,,,,,,,,
1976-04-20,,,,,,,,,,,
1976-04-21,,,,,,,,,,,
1976-04-22,,,,,,,,,,,
1976-04-23,,,,,,,,,,,
1976-04-24,,,,,,,,,,,
1976-04-25,,,,,,,,,,,
1976-04-26,,,,,,,,,,,
1976-04-27,,,,,,,,,,,
1976-04-28,,,,,,,,,,,
1976-04-29,,,,,,,,,,,
1976-04-30,,,,,,,,,,,
1976-05-01,,,,,,,,,,,
1976-05-02,,,,,,,,,,,
1976-05-03,,,,,,,,,,,
1976-05-04,,,,,,,,,,,
1976-05-05,,,,,,,,,,,
1976-05-06,,,,,,,,,,,
1976-05-07,,,,,,,,,,,
1976-05-08,,,,,,,,,,,
1976-05-09,,,,,,,,,,,
1976-05-10,,,,,,,,,,,
1976-05-11,,,,,,,,,,,
1976-05-12,,,,,,,,,,,
1976-05-13,,,,,,,,,,,
1976-05-14,,,,,,,,,,,
1976-05-15,,,,,,,,,,,
1976-05-16,,,,,,,,,,,
1976-05-17,,,,,,,,,,,
1976-05-18,,,,,,,,,,,
1976-05-19,,,,,,,,,,,
1976-05-20,,,,,,,,,,,
1976-05-21,,,,,,,,,,,
1976-05-22,,,,,,,,,,,
1976-05-23,,,,,,,,,,,
1976-05-24,,,,,,,,,,,
1976-05-25,,,,,,,,,,,
1976-05-26,,,,,,,,,,,
1976-05-27,,,,,,,,,,,
1976-05-28,,,,,,,,,,,
1976-05-29,,,,,,,,,,,
1976-05-30,,,,,,,,,,,
1976-05-31,,,,,,,,,,,
1976-06-01,,,,,,,,,,,
1976-06-02,,,,,,,,,,,
1976-06-03,,,,,,,,,,,
1976-06-04,,,,,,,,,,,
1976-06-05,,,,,,,,,,,
1976-06-06,,,,,,,,,,,
1976-06-07,,,,,,,,,,,
1976-06-08,,,,,,,,,,,
1976-06-09,,,,,,,,,,,
1976-06-10,,,,,,,,,,,
1976-06-11,,,,,,,,,,,
1976-06-12,,,,,,,,,,,
1976-06-13,,,,,,,,,,,
1976-06-14,,,,,,,,,,,
1976-06-15,,,,,,,,,,,
1976-06-16,,,,,,,,,,,
1976-06-17,,,,,,,,,,,
1976-06-18,,,,,,,,,,,
1976-06-19,,,,,,,,,,,
1976-06-20,,,,,,,,,,,
1976-06-21,,,,,,,,,,,
1976-06-22,,,,,,,,,,,
1976-06-23,,,,,,,,,,,
1976-06-24,,,,,,,,,,,
1976-06-25,,,,,,,,,,,
1976-06-26,,,,,,,,,,,
1976-06-27,,,,,,,,,,,
1976-06-28,,,,,,,,,,,
1976-06-29,,,,,,,,,,,
1976-06-30,,,,,,,,,,,
1976-07-01,,,,,,,,,,,
1976-07-02,,,,,,,,,,,
1976-07-03,,,,,,,,,,,
1976-07-04,,,,,,,,,,,
1976-07-05,,,,,,,,,,,
1976-07-06,,,,,,,,,,,
1976-07-07,,,,,,,,,,,
1976-07-08,,,,,,,,,,,
1976-07-09,,,,,,,,,,,
1976-07-10,,,,,,,,,,,
1976-07-11,,,,,,,,,,,
1976-07-12,,,,,,,,,,,
1976-07-13,,,,,,,,,,,
1976-07-14,,,,,,,,,,,
1976-07-15,,,,,,,,,,,
1976-07-16,,,,,,,,,,,
1976-07-17,,,,,,,,,,,
1976-07-18,,,,,,,,,,,
1976-07-19,,,,,,,,,,,
1976-07-20,,,,,,,,,,,
1976-07-21,,,,,,,,,,,
1976-07-22,,,,,,,,,,,
1976-07-23,,,,,,,,,,,
1976-07-24,,,,,,,,,,,
1976-07-25,,,,,,,,,,,
1976-07-26,,,,,,,,,,,
1976-07-27,,,,,,,,,,,
1976-07-28,,,,,,,,,,,
1976-07-29,,,,,,,,,,,
1976-07-30,,,,,,,,,,,
1976-07-31,,,,,,,,,,,
1976-08-01,,,,,,,,,,,
1976-08-02,,,,,,,,,,,
1976-08-03,,,,,,,,,,,
1976-08-04,,,,,,,,,,,
1976-08-05,,,,,,,,,,,
1976-08-06,,,,,,,,,,,
1976-08-07,,,,,,,,,,,
1976-08-08,,,,,,,,,,,
1976-08-09,,,,,,,,,,,
1976-08-10,,,,,,,,,,,
1976-08-11,,,,,,,,,,,
1976-08-12,,,,,,,,,,,
1976-08-13,,,,,,,,,,,
1976-08-14,,,,,,,,,,,
1976-08-15,,,,,,,,,,,
1976-08-16,,,,,,,,,,,
1976-08-17,,,,,,,,,,,
1976-08-18,,,,,,,,,,,
1976-08-19,,,,,,,,,,,
1976-08-20,,,,,,,,,,,
1976-08-21,,,,,,,,,,,
1976-08-22,,,,,,,,,,,
1976-08-23,,,,,,,,,,,
1976-08-24,,,,,,,,,,,
1976-08-25,,,,,,,,,,,
1976-08-26,,,,,,,,,,,
1976-08-27,,,,,,,,,,,
1976-08-28,,,,,,,,,,,
1976-08-29,,,,,,,,,,,
1976-08-30,,,,,,,,,,,
1976-08-31,,,,,,,,,,,
1976-09-01,,,,,,,,,,,
1976-09-02,,,,,,,,,,,
1976-09-03,,,,,,,,,,,
1976-09-04,,,,,,,,,,,
1976-09-05,,,,,,,,,,,
1976-09-06,,,,,,,,,,,
1976-09-07,,,,,,,,,,,
1976-09-08,,,,,,,,,,,
1976-09-09,,,,,,,,,,,
1976-09-10,,,,,,,,,,,
1976-09-11,,,,,,,,,,,
1976-09-12,,,,,,,,,,,
1976-09-13,,,,,,,,,,,
1976-09-14,,,,,,,,,,,
1976-09-15,,,,,,,,,,,
1976-09-16,,,,,,,,,,,
1976-09-17,,,,,,,,,,,
1976-09-18,,,,,,,,,,,
1976-09-19,,,,,,,,,,,
1976-09-20,,,,,,,,,,,
1976-09-21,,,,,,,,,,,
1976-09-22,,,,,,,,,,,
1976-09-23,,,,,,,,,,,
1976-09-24,,,,,,,,,,,
1976-09-25,,,,,,,,,,,
1976-09-26,,,,,,,,,,,
1976-09-27,,,,,,,,,,,
1976-09-28,,,,,,,,,,,
1976-09-29,,,,,,,,,,,
1976-09-30,,,,,,,,,,,
1976-10-01,,,,,,,,,,,
1976-10-02,,,,,,,,,,,
1976-10-03,,,,,,,,,,,
1976-10-04,,,,,,,,,,,
1976-10-05,,,,,,,,,,,
1976-10-06,,,,,,,,,,,
1976-10-07,,,,,,,,,,,
1976-10-08,,,,,,,,,,,
1976-10-09,,,,,,,,,,,
1976-10-10,,,,,,,,,,,
1976-10-11,,,,,,,,,,,
1976-10-12,,,,,,,,,,,
1976-10-13,,,,,,,,,,,
1976-10-14,,,,,,,,,,,
1976-10-15,,,,,,,,,,,
1976-10-16,,,,,,,,,,,
1976-10-17,,,,,,,,,,,
1976-10-18,,,,,,,,,,,
1976-10-19,,,,,,,,,,,
1976-10-20,,,,,,,,,,,
1976-10-21,,,,,,,,,,,
1976-10-22,,,,,,,,,,,
1976-10-23,,,,,,,,,,,
1976-10-24,,,,,,,,,,,
1976-10-25,,,,,,,,,,,
1976-10-26,,,,,,,,,,,
1976-10-27,,,,,,,,,,,
1976-10-28,,,,,,,,,,,
1976-10-29,,,,,,,,,,,
1976-10-30,,,,,,,,,,,
1976-10-31,,,,,,,,,,,
1976-11-01,,,,,,,,,,,
1976-11-02,,,,,,,,,,,
1976-11-03,,,,,,,,,,,
1976-11-04,,,,,,,,,,,
1976-11-05,,,,,,,,,,,
1976-11-06,,,,,,,,,,,
1976-11-07,,,,,,,,,,,
1976-11-08,,,,,,,,,,,
1976-11-09,,,,,,,,,,,
1976-11-10,,,,,,,,,,,
1976-11-11,,,,,,,,,,,
1976-11-12,,,,,,,,,,,
1976-11-13,,,,,,,,,,,
1976-11-14,,,,,,,,,,,
1976-11-15,,,,,,,,,,,
1976-11-16,,,,,,,,,,,
1976-11-17,,,,,,,,,,,
1976-11-18,,,,,,,,,,,
1976-11-19,,,,,,,,,,,
1976-11-20,,,,,,,,,,,
1976-11-21,,,,,,,,,,,
1976-11-22,,,,,,,,,,,
1976-11-23,,,,,,,,,,,
1976-11-24,,,,,,,,,,,
1976-11-25,,,,,,,,,,,
1976-11-26,,,,,,,,,,,
1976-11-27,,,,,,,,,,,
1976-11-28,,,,,,,,,,,
1976-11-29,,,,,,,,,,,
1976-11-30,,,,,,,,,,,
1976-12-01,,,,,,,,,,,
1976-12-02,,,,,,,,,,,
1976-12-03,,,,,,,,,,,
1976-12-04,,,,,,,,,,,
1976-12-05,,,,,,,,,,,
1976-12-06,,,,,,,,,,,
1976-12-07,,,,,,,,,,,
1976-12-08,,,,,,,,,,,
1976-12-09,,,,,,,,,,,
1976-12-10,,,,,,,,,,,
1976-12-11,,,,,,,,,,,
1976-12-12,,,,,,,,,,,
1976-12-13,,,,,,,,,,,
1976-12-14,,,,,,,,,,,
1976-12-15,,,,,,,,,,,
1976-12-16,,,,,,,,,,,
1976-12-17,,,,,,,,,,,
1976-12-18,,,,,,,,,,,
1976-12-19,,,,,,,,,,,
1976-12-20,,,,,,,,,,,
1976-12-21,,,,,,,,,,,
1976-12-22,,,,,,,,,,,
1976-12-23,,,,,,,,,,,
1976-12-24,,,,,,,,,,,
1976-12-25,,,,,,,,,,,
1976-12-26,,,,,,,,,,,
1976-12-27,,,,,,,,,,,
1976-12-28,,,,,,,,,,,
1976-12-29,,,,,,,,,,,
1976-12-30,,,,,,,,,,,
1976-12-31,,,,,,,,,,,
1977-01-01,9.7,2.1,,25.0,20.0,15.4,73.25,52.0,3.333333,,3.25019846751
1977-01-02,7.1,6.2,0.0,26.6,21.2,15.6,60.75,48.0,5.0,,5.05889706287
1977-01-03,7.7,5.2,0.0,27.2,21.28,15.0,65.5,51.0,4.333333,,4.51164661764
1977-01-04,6.8,2.3,0.0,25.2,20.58,15.4,70.5,55.0,4.333333,,3.59179871959
1977-01-05,5.2,3.0,0.0,26.4,20.58,15.4,73.75,58.0,4.666667,,3.67645846727
1977-01-06,5.2,4.7,0.2,27.4,21.42,15.5,72.75,50.0,5.333333,,4.21189138425
1977-01-07,6.8,4.9,0.2,27.5,20.5,16.4,81.5,69.0,7.0,,3.81799713714
1977-01-08,5.9,6.8,0.0,26.7,20.1,14.4,67.0,45.0,8.0,,5.1651998901
1977-01-09,9.2,9.2,0.0,27.7,20.36,14.9,74.5,50.0,6.666667,,5.00779305464
1977-01-10,8.0,0.8,0.4,22.4,18.16,15.4,94.5,86.0,3.0,,2.0409787147
1977-01-11,1.6,7.7,5.9,25.6,19.84,15.4,78.5,59.0,5.333333,,4.25887453903
1977-01-12,5.5,7.9,0.2,26.6,20.28,14.8,74.25,49.0,6.0,,4.64444922524
1977-01-13,7.9,7.7,0.0,26.2,20.46,15.8,75.5,62.0,6.0,,4.54745218737
1977-01-14,7.7,0.0,0.2,22.7,18.94,14.2,90.75,84.0,5.666667,,1.97663827963
1977-01-15,2.8,1.4,0.2,25.1,19.5,12.8,78.5,66.0,5.666667,,3.04296117042
1977-01-16,5.2,7.5,0.0,28.5,21.64,14.8,69.5,50.0,5.333333,,4.99576984187
1977-01-17,7.0,5.8,0.3,29.8,22.24,16.2,74.0,58.0,2.0,,4.10805799879
1977-01-18,4.1,0.8,6.3,25.7,20.94,17.0,85.25,76.0,2.666667,,2.52754691555
1977-01-19,2.0,1.9,5.0,26.0,20.08,16.2,87.75,79.0,3.0,,2.67420281649
1977-01-20,2.3,3.7,10.1,25.4,21.06,16.2,81.25,74.0,6.333333,,3.44363977972
1977-01-21,3.8,2.1,2.2,24.4,20.26,17.2,88.0,80.0,5.666667,,2.67946608258
1977-01-22,2.6,4.9,14.9,26.6,21.5,16.0,76.75,58.0,2.333333,,3.68013220471
1977-01-23,3.4,2.1,0.6,24.6,20.96,17.0,87.0,73.0,1.666667,,2.69355924959
1977-01-24,1.7,3.4,19.2,26.1,20.7,16.2,85.0,75.0,2.333333,,3.08991089018
1977-01-25,1.6,0.0,16.2,22.2,19.14,17.0,93.5,88.0,2.666667,,1.95952957164
1977-01-26,1.2,1.3,7.0,24.5,19.26,15.4,91.0,85.0,2.333333,,2.35781124287
1977-01-27,1.7,2.7,0.0,24.7,19.58,15.8,87.0,71.0,3.666667,,2.80797610539
1977-01-28,2.3,6.6,5.2,26.0,20.98,17.0,74.5,57.0,3.0,,4.19227608618
1977-01-29,2.8,0.5,0.0,23.6,20.3,16.9,89.75,82.0,2.666667,,2.23001147543
1977-01-30,1.3,0.2,3.1,24.2,20.46,17.2,92.25,89.0,2.666667,,2.10149235207
1977-01-31,1.5,0.7,50.8,21.6,18.4,15.2,92.0,86.0,2.333333,,2.10331360909
1977-02-01,1.0,1.5,0.8,22.9,19.04,15.0,87.5,73.0,3.333333,,2.44387110867
1977-02-02,2.1,1.4,10.8,24.3,19.16,10.7,83.75,73.0,2.333333,,2.46353945787
1977-02-03,1.5,6.3,4.8,26.1,19.84,13.8,79.5,58.0,4.666667,,3.88969287083
1977-02-04,4.7,8.2,0.0,26.2,20.44,16.0,81.0,62.0,5.0,,4.28806027527
1977-02-05,5.2,9.6,7.4,25.2,19.98,15.6,81.5,62.0,6.666667,,4.39511119888
1977-02-06,5.0,3.8,2.5,23.3,19.14,15.0,87.5,83.0,5.0,,2.87923285575
1977-02-07,2.2,9.6,3.0,26.0,19.96,15.2,75.75,57.0,3.666667,,4.70734036039
1977-02-08,5.5,7.7,9.6,26.0,20.7,16.2,75.0,59.0,4.0,,4.44043808673
1977-02-09,5.5,11.1,0.0,25.6,19.84,15.0,79.0,55.0,4.666667,,4.81971718938
1977-02-10,6.9,7.7,0.0,25.7,19.9,15.6,82.0,57.0,4.666667,,4.07057452354
1977-02-11,5.3,7.0,4.6,25.2,19.88,15.6,88.0,82.0,6.666667,,3.5012573248
1977-02-12,3.4,8.1,0.8,25.2,19.96,15.4,78.0,53.0,8.333333,,4.40108079416
1977-02-13,7.8,6.3,0.0,25.9,20.26,15.8,78.5,62.0,8.0,,4.15499951598
1977-02-14,5.7,5.0,0.0,25.0,20.22,16.1,80.75,68.0,6.333333,,3.6552653411
1977-02-15,5.2,7.1,0.1,26.8,20.82,16.2,79.5,55.0,5.666667,,4.22963757441
1977-02-16,5.6,4.0,0.0,26.4,20.18,16.0,80.75,57.0,5.333333,,3.52150225636
1977-02-17,4.1,5.2,3.8,25.7,19.96,15.8,84.75,66.0,5.666667,,3.44709302519
1977-02-18,3.4,8.8,4.5,25.4,20.18,15.2,75.75,59.0,5.333333,,4.56268829115
1977-02-19,6.4,4.6,0.0,25.3,20.4,15.3,77.0,56.0,5.333333,,3.7435281404
1977-02-20,5.6,8.9,1.2,26.0,20.22,15.4,80.0,52.0,4.333333,,4.38604804571
1977-02-21,6.8,7.5,1.2,25.9,19.98,15.4,81.25,58.0,4.333333,,4.04598013562
1977-02-22,1.0,4.5,11.7,25.2,19.72,16.0,87.0,74.0,5.0,,3.15143230202
1977-02-23,6.1,6.0,2.0,25.5,20.3,15.8,82.0,64.0,5.0,,3.71935501843
1977-02-24,4.6,7.2,0.7,25.8,19.92,15.6,82.5,58.0,4.666667,,3.92098946455
1977-02-25,4.4,6.5,18.8,25.7,20.32,15.8,80.5,59.0,6.333333,,3.94070889146
1977-02-26,4.6,1.3,1.0,23.5,19.2,15.9,94.75,90.0,5.0,,2.02440159595
1977-02-27,1.9,4.9,1.4,25.7,20.14,15.8,82.0,56.0,4.333333,,3.49281825204
1977-02-28,4.4,8.2,0.5,26.0,20.48,15.4,76.0,56.0,4.333333,,4.41191169527
1977-03-01,5.3,8.7,0.0,26.4,20.76,15.8,72.25,51.0,3.666667,,4.66737447857
1977-03-02,7.0,9.6,0.0,26.8,21.08,15.8,70.5,55.0,4.666667,,5.05392750626
1977-03-03,6.2,8.4,0.0,26.7,20.96,15.7,67.25,46.0,4.333333,,4.93059937388
1977-03-04,6.0,8.1,0.0,27.1,21.72,16.1,73.25,52.0,5.0,,4.69936806721
1977-03-05,3.9,8.0,0.4,26.2,20.88,15.8,72.5,60.0,5.0,,4.61986548309
1977-03-06,6.3,11.7,0.0,27.3,21.34,14.8,69.75,49.0,4.333333,,5.40777923655
1977-03-07,6.8,8.9,0.1,26.5,20.98,16.0,75.75,46.0,5.0,,4.63031204855
1977-03-08,7.5,9.0,0.0,26.8,20.74,16.7,74.75,54.0,5.666667,,4.80932626595
1977-03-09,6.0,6.0,3.8,25.7,20.1,15.8,74.0,56.0,4.333333,,4.04989624658
1977-03-10,6.0,7.3,0.0,26.7,20.74,16.4,76.0,51.0,4.0,,4.26492549579
1977-03-11,6.5,7.2,0.0,27.6,21.18,15.9,68.5,49.0,4.666667,,4.74455366502
1977-03-12,5.9,7.2,0.0,28.5,21.2,16.4,69.5,44.0,2.666667,,4.43774502324
1977-03-13,5.7,10.1,0.0,27.5,20.94,15.4,67.5,46.0,4.0,,5.17014343933
1977-03-14,6.8,7.3,0.0,27.4,21.48,15.9,69.0,46.0,4.333333,,4.64482929949
1977-03-15,6.9,9.1,0.0,27.0,21.38,16.5,66.75,46.0,5.666667,,5.27144331383
1977-03-16,7.5,1.6,0.0,25.7,20.42,15.6,72.25,54.0,4.0,,3.24360219082
1977-03-17,4.5,10.0,0.0,30.5,22.52,15.0,62.5,42.0,2.333333,,5.19289300524
1977-03-18,6.9,6.2,0.0,29.5,22.6,17.4,70.25,46.0,1.333333,,3.95888806319
1977-03-19,6.2,8.8,0.0,28.7,21.26,17.0,67.75,42.0,2.0,,4.65611123082
1977-03-20,6.9,8.3,0.0,28.4,21.62,16.9,59.0,41.0,3.333333,,5.12614096656
1977-03-21,6.7,8.2,0.0,28.8,20.96,15.0,63.25,37.0,2.333333,,4.6225797793
1977-03-22,7.1,9.1,0.0,28.1,21.66,16.4,64.25,38.0,5.0,,5.35462569645
1977-03-23,7.9,6.0,0.0,27.4,21.18,15.8,71.0,50.0,4.0,,4.1803011098
1977-03-24,6.2,8.0,0.0,28.7,22.2,16.4,65.5,38.0,5.666667,,5.26074407805
1977-03-25,7.1,9.1,0.0,28.4,22.14,16.1,67.25,43.0,4.666667,,5.11763790856
1977-03-26,9.6,4.4,0.5,27.3,21.1,17.2,81.5,64.0,5.666667,,3.49960537076
1977-03-27,5.7,7.3,0.5,26.9,20.5,15.6,66.0,46.0,4.666667,,4.68422399635
1977-03-28,7.7,8.3,0.0,29.6,20.6,15.5,60.25,32.0,2.333333,,4.72314416251
1977-03-29,7.7,10.4,0.0,31.0,23.02,16.0,55.25,28.0,1.333333,,4.94839237791
1977-03-30,8.2,9.3,0.0,28.8,22.06,16.4,64.0,46.0,3.333333,,5.02591962847
1977-03-31,6.3,4.7,0.0,27.9,21.22,17.0,70.25,48.0,2.0,,3.56687975343
1977-04-01,4.0,6.6,0.0,29.9,22.46,17.3,71.75,45.0,4.0,,4.43308428326
1977-04-02,3.7,6.0,31.9,27.5,21.62,16.6,83.75,79.0,2.666667,,3.48066190369
1977-04-03,2.4,8.5,14.0,27.1,20.78,15.8,78.0,49.0,5.0,,4.23554749903
1977-04-04,6.0,3.0,0.0,24.8,20.56,16.6,76.0,61.0,3.333333,,3.08554271483
1977-04-05,3.8,3.8,0.0,26.5,21.06,17.2,82.25,66.0,3.0,,3.05131730393
1977-04-06,3.8,7.2,0.0,27.6,21.24,15.0,69.75,55.0,2.666667,,4.0533675263
1977-04-07,5.6,7.6,0.0,27.2,21.28,15.2,72.75,53.0,5.0,,4.31331545715
1977-04-08,5.3,4.5,2.8,25.3,19.9,15.2,86.75,69.0,5.666667,,2.87729544355
1977-04-09,2.2,2.8,2.2,24.9,19.26,16.4,83.75,62.0,3.333333,,2.69216979623
1977-04-10,2.8,7.2,0.0,26.3,20.04,15.0,73.75,53.0,2.666667,,3.79302611224
1977-04-11,4.2,6.0,0.0,25.9,19.44,15.7,76.75,52.0,3.0,,3.51248160443
1977-04-12,5.0,8.9,0.0,26.3,20.38,14.2,70.5,52.0,4.666667,,4.41165482861
1977-04-13,6.5,5.7,0.0,26.0,21.34,16.3,72.5,58.0,5.0,,3.91395571897
1977-04-14,5.2,2.8,0.2,25.1,20.4,16.6,87.75,71.0,5.666667,,2.53730283183
1977-04-15,2.5,4.3,1.4,25.6,20.2,16.2,78.5,56.0,5.666667,,3.36083629133
1977-04-16,5.1,6.9,2.1,26.7,20.82,16.0,79.5,53.0,4.666667,,3.69793383998
1977-04-17,4.3,5.0,0.8,26.2,20.28,17.0,84.75,63.0,4.0,,3.07927394263
1977-04-18,4.0,9.7,0.0,27.7,20.82,15.0,69.25,47.0,2.333333,,4.29521261201
1977-04-19,6.0,4.7,0.0,26.6,21.0,16.7,80.5,58.0,4.0,,3.22220703458
1977-04-20,4.1,4.7,0.0,26.8,20.58,15.0,75.75,59.0,2.0,,3.09976746532
1977-04-21,4.1,3.8,0.1,27.9,21.46,17.2,74.5,55.0,3.666667,,3.38410166576
1977-04-22,4.0,5.0,0.0,27.6,21.84,17.8,76.5,59.0,3.0,,3.3992526986
1977-04-23,4.1,3.3,0.0,26.2,21.04,17.8,79.5,62.0,2.666667,,2.86001908013
1977-04-24,3.8,5.2,0.0,28.3,21.34,16.2,80.25,49.0,2.666667,,3.22481539167
1977-04-25,3.3,0.0,17.4,22.0,19.8,16.9,92.0,91.0,2.0,,1.67911362056
1977-04-26,0.6,3.3,5.6,26.8,21.02,16.8,86.25,81.0,2.333333,,2.58398712026
1977-04-27,3.2,0.1,0.6,23.5,19.98,17.2,85.5,73.0,2.666667,,1.95055856116
1977-04-28,2.1,6.0,0.3,25.6,20.38,15.7,73.5,54.0,4.333333,,3.60907534204
1977-04-29,5.1,7.1,0.0,24.4,19.2,14.4,73.5,54.0,6.0,,3.79180685291
1977-04-30,6.7,7.4,0.0,25.0,19.36,13.2,73.25,58.0,6.333333,,3.86229374266
1977-05-01,6.3,10.0,0.0,26.0,19.88,14.6,69.0,46.0,4.0,,4.2924081223
1977-05-02,5.9,1.8,0.5,23.7,19.42,15.4,81.25,69.0,5.333333,,2.5437910378
1977-05-03,3.5,4.0,0.0,24.6,19.7,14.9,70.75,55.0,3.333333,,3.13534435436
1977-05-04,4.7,6.5,0.0,25.7,20.3,15.2,71.0,53.0,5.333333,,3.87685688371
1977-05-05,6.0,6.2,0.0,25.2,19.44,15.4,77.5,60.0,4.0,,3.30052835777
1977-05-06,4.6,2.7,0.0,23.5,19.06,14.6,79.5,63.0,5.666667,,2.72992438488
1977-05-07,4.1,3.2,0.3,24.3,19.5,16.4,78.25,68.0,6.666667,,3.06392943936
1977-05-08,5.1,0.6,0.0,22.5,18.46,14.8,86.75,71.0,5.333333,,1.96276645769
1977-05-09,3.0,4.0,0.6,24.2,19.5,15.4,82.25,68.0,6.0,,2.79400135161
1977-05-10,4.2,6.6,0.0,25.1,19.34,15.6,75.25,52.0,5.0,,3.523904417
1977-05-11,5.7,1.4,0.1,24.0,18.44,14.0,91.5,76.0,4.666667,,1.80954047657
1977-05-12,2.3,4.6,2.9,24.1,19.42,15.6,87.25,69.0,4.0,,2.50945377205
1977-05-13,2.7,2.1,0.0,24.2,19.22,15.9,86.25,65.0,3.333333,,2.17128188752
1977-05-14,2.7,3.7,0.0,25.1,,,82.25,64.0,3.666667,,
1977-05-15,3.2,3.5,0.0,25.1,,,83.0,63.0,4.666667,,
1977-05-16,3.7,4.3,2.5,25.9,,,84.75,62.0,2.666667,,
1977-05-17,2.2,3.7,0.0,27.5,,,80.25,54.0,2.333333,,
1977-05-18,2.6,2.5,0.0,25.3,,,90.0,82.0,0.666667,,
1977-05-19,1.3,0.1,38.4,20.1,,,93.75,92.0,2.666667,,
1977-05-20,0.7,0.5,0.5,20.5,,,87.0,75.0,3.0,,
1977-05-21,1.9,4.6,0.0,22.7,,,81.25,59.0,3.333333,,
1977-05-22,2.1,4.2,0.0,22.3,,,85.25,68.0,3.0,,
1977-05-23,2.6,6.0,0.0,23.5,,,82.0,60.0,3.0,,
1977-05-24,3.4,4.5,0.0,22.7,,,82.5,65.0,3.666667,,
1977-05-25,3.5,3.9,0.0,22.7,,,73.5,65.0,5.666667,,
1977-05-26,5.1,3.8,0.0,22.8,,,78.0,66.0,6.333333,,
1977-05-27,3.9,0.0,0.3,19.9,,,95.0,85.0,4.666667,,
1977-05-28,0.7,5.2,1.0,23.3,,,88.5,68.0,5.0,,
1977-05-29,3.0,6.7,3.2,23.7,,,85.5,68.0,4.0,,
1977-05-30,3.8,2.3,0.0,21.6,,,86.25,77.0,4.0,,
1977-05-31,2.2,7.0,0.0,24.8,,,77.25,56.0,3.0,,
1977-06-01,3.4,0.7,0.5,23.6,,,85.5,69.0,3.666667,,
1977-06-02,3.2,5.4,0.0,23.7,,,79.25,59.0,6.666667,,
1977-06-03,4.1,2.0,2.4,22.2,,,93.5,86.0,5.666667,,
1977-06-04,1.5,1.1,3.6,21.7,,,91.5,82.0,6.333333,,
1977-06-05,1.9,4.1,1.7,22.6,,,85.25,76.0,2.666667,,
1977-06-06,3.3,3.8,0.0,23.9,,,82.0,69.0,3.333333,,
1977-06-07,2.6,9.4,0.0,26.4,,,75.25,49.0,2.333333,,
1977-06-08,4.5,9.4,0.0,26.7,,,72.25,48.0,2.0,,
1977-06-09,5.5,5.6,0.0,24.4,,,76.5,58.0,5.333333,,
1977-06-10,4.1,3.8,0.4,22.9,,,83.75,65.0,5.0,,
1977-06-11,2.8,5.7,0.0,23.9,,,75.75,57.0,2.333333,,
1977-06-12,3.5,9.2,0.0,23.5,,,73.25,55.0,7.666667,,
1977-06-13,6.3,1.0,0.0,21.6,,,83.75,75.0,5.666667,,
1977-06-14,2.5,0.4,0.3,20.2,,,93.5,86.0,3.666667,,
1977-06-15,0.9,2.8,2.0,21.8,,,88.75,74.0,2.333333,,
1977-06-16,1.4,2.8,0.1,21.5,,,86.5,74.0,4.333333,,
1977-06-17,2.3,1.7,0.5,22.5,,,92.75,76.0,5.333333,,
1977-06-18,1.3,0.0,3.4,23.1,,,94.0,95.0,6.333333,,
1977-06-19,1.1,3.0,1.0,23.2,,,87.75,74.0,5.333333,,
1977-06-20,2.7,4.3,1.1,22.6,,,86.0,64.0,6.333333,,
1977-06-21,2.5,5.3,0.8,23.2,,,85.75,66.0,3.333333,,
1977-06-22,3.0,1.6,0.5,22.9,,,92.25,83.0,3.333333,,
1977-06-23,1.8,5.5,9.8,22.9,,,86.5,74.0,4.666667,,
1977-06-24,2.9,2.8,0.1,21.3,,,89.0,88.0,4.333333,,
1977-06-25,2.4,3.6,0.1,21.8,,,83.25,68.0,3.666667,,
1977-06-26,2.9,2.5,1.1,20.7,,,84.75,72.0,4.333333,,
1977-06-27,3.9,2.6,0.0,20.5,,,85.25,76.0,6.0,,
1977-06-28,3.2,3.0,0.8,21.3,,,89.5,83.0,6.333333,,
1977-06-29,1.7,6.4,4.4,21.4,,,82.0,63.0,5.666667,,
1977-06-30,3.6,4.4,0.3,21.3,,,88.0,73.0,9.333333,,
1977-07-01,2.8,5.1,0.4,21.6,,,85.25,64.0,6.666667,,
1977-07-02,4.1,4.1,0.3,20.9,,,82.25,65.0,4.666667,,
1977-07-03,5.5,1.4,2.6,20.3,,,92.5,89.0,6.333333,,
1977-07-04,2.6,4.1,1.5,21.7,,,81.5,63.0,6.666667,,
1977-07-05,4.6,3.6,0.0,20.9,,,86.75,74.0,7.333333,,
1977-07-06,4.1,7.1,2.6,21.6,,,84.25,50.0,8.666667,,
1977-07-07,6.6,9.6,0.0,22.0,,,75.75,50.0,5.333333,,
1977-07-08,5.9,1.7,0.0,20.1,,,86.5,78.0,4.666667,,
1977-07-09,3.7,0.9,0.0,21.6,,,84.75,74.0,5.333333,,
1977-07-10,2.6,1.6,1.6,20.6,,,91.0,89.0,6.0,,
1977-07-11,0.9,1.0,2.7,20.4,,,95.25,90.0,3.666667,,
1977-07-12,1.3,3.4,0.1,21.3,,,90.5,71.0,5.333333,,
1977-07-13,2.0,0.0,3.2,20.0,,,95.25,93.0,4.333333,,
1977-07-14,0.6,4.4,3.2,21.3,,,90.5,75.0,3.666667,,
1977-07-15,2.2,9.7,0.1,22.6,,,74.0,54.0,3.666667,,
1977-07-16,4.2,2.6,0.0,20.9,,,89.0,74.0,4.0,,
1977-07-17,2.9,7.2,0.0,23.0,,,78.75,56.0,4.333333,,
1977-07-18,3.7,2.7,0.2,22.4,,,86.75,71.0,4.0,,
1977-07-19,2.5,5.3,0.0,23.8,,,79.75,62.0,3.333333,,
1977-07-20,3.5,2.3,0.4,21.5,,,84.25,73.0,5.666667,,
1977-07-21,3.8,6.4,0.0,22.1,,,82.75,63.0,5.333333,,
1977-07-22,4.5,9.6,0.0,22.4,,,68.5,49.0,5.666667,,
1977-07-23,6.3,9.9,0.0,22.6,,,68.5,50.0,4.666667,,
1977-07-24,5.7,9.6,0.0,25.4,,,68.0,36.0,1.333333,,
1977-07-25,5.1,5.6,0.0,22.7,,,78.25,56.0,3.666667,,
1977-07-26,4.3,8.0,0.0,22.9,,,79.25,52.0,5.0,,
1977-07-27,5.4,4.7,0.7,22.6,,,80.25,58.0,4.666667,,
1977-07-28,4.3,6.5,0.2,23.3,,,74.5,60.0,3.666667,,
1977-07-29,3.6,2.5,0.8,22.0,,,91.0,82.0,4.0,,
1977-07-30,2.1,6.4,1.1,22.6,,,79.0,57.0,3.0,,
1977-07-31,4.9,5.5,0.0,23.0,,,75.75,54.0,3.333333,,
1977-08-01,3.9,6.7,0.0,23.9,,,74.5,52.0,3.333333,,
1977-08-02,5.4,7.4,0.0,24.8,,,73.75,48.0,2.666667,,
1977-08-03,5.6,7.7,0.0,21.9,,,74.0,53.0,5.666667,,
1977-08-04,5.9,3.2,0.0,21.7,,,89.0,79.0,6.0,,
1977-08-05,3.1,3.1,0.1,23.0,,,80.25,73.0,4.333333,,
1977-08-06,4.4,9.2,0.0,24.5,,,74.75,52.0,4.333333,,
1977-08-07,6.0,9.0,0.0,23.5,,,68.75,52.0,4.0,,
1977-08-08,5.8,10.4,0.0,26.3,,,57.0,28.0,2.0,,
1977-08-09,6.6,10.4,0.0,27.9,,,48.25,29.0,2.666667,,
1977-08-10,7.6,9.3,0.0,24.9,,,69.0,48.0,4.666667,,
1977-08-11,6.3,0.1,0.0,18.9,,,90.0,77.0,5.333333,,
1977-08-12,2.4,9.7,0.0,24.4,,,65.5,46.0,3.0,,
1977-08-13,5.8,8.1,0.0,25.7,,,63.75,40.0,2.333333,,
1977-08-14,5.5,9.5,0.0,25.1,,,62.75,38.0,5.0,,
1977-08-15,8.4,1.2,0.3,22.2,,,79.75,65.0,6.0,,
1977-08-16,4.9,0.9,0.0,21.9,18.04,14.3,72.0,61.0,5.333333,,2.85106429182
1977-08-17,4.9,4.8,0.0,25.0,17.58,15.3,75.25,48.0,2.333333,,3.01866410786
1977-08-18,3.8,8.1,0.0,25.6,18.2,14.8,67.0,42.0,3.0,,3.93982255931
1977-08-19,5.1,9.0,0.0,28.9,19.98,14.7,53.5,34.0,2.333333,,4.51822670471
1977-08-20,8.7,8.0,0.0,25.5,19.18,15.5,69.5,46.0,5.0,,4.2131580731
1977-08-21,7.2,6.4,0.0,24.0,18.32,14.8,74.0,56.0,3.666667,,3.46040751053
1977-08-22,6.0,5.1,0.0,23.7,18.04,13.1,77.25,52.0,8.333333,,3.40103146543
1977-08-23,5.2,4.8,0.2,22.6,17.16,15.3,81.25,63.0,3.333333,,2.86377790656
1977-08-24,3.4,4.5,0.9,23.0,17.02,14.3,79.75,58.0,2.666667,,2.81510765045
1977-08-25,3.3,6.6,0.0,26.3,18.52,14.7,73.25,42.0,2.0,,3.46031471577
1977-08-26,4.5,7.0,0.0,27.0,19.46,14.3,72.25,46.0,3.0,,3.76668315558
1977-08-27,5.6,8.7,0.0,27.0,20.06,16.0,60.5,41.0,3.666667,,4.70900281562
1977-08-28,8.9,8.6,0.0,24.7,19.12,14.7,70.25,45.0,9.0,,4.6349418996
1977-08-29,7.0,6.6,2.6,24.0,18.56,15.1,77.5,50.0,6.666667,,3.64902744731
1977-08-30,7.2,5.1,0.0,23.4,18.02,14.1,66.75,52.0,5.333333,,3.87585840286
1977-08-31,6.1,8.1,0.0,25.3,18.28,14.8,64.25,48.0,3.0,,4.17060012688
1977-09-01,6.0,8.2,0.0,25.5,18.76,14.4,60.75,40.0,4.333333,,4.6393266936
1977-09-02,7.4,9.1,0.0,26.6,20.42,15.8,60.25,37.0,5.333333,,5.21127735242
1977-09-03,8.6,8.6,0.0,25.9,19.52,15.9,63.75,42.0,3.333333,,4.47814308271
1977-09-04,8.4,8.2,0.0,25.1,18.64,15.0,72.25,42.0,5.0,,4.20464226531
1977-09-05,9.1,6.4,0.0,24.9,18.92,15.2,68.75,46.0,5.666667,,4.22074735578
1977-09-06,8.3,10.0,0.0,25.3,19.26,14.7,59.75,45.0,8.333333,,5.72092886471
1977-09-07,11.3,2.5,0.0,22.8,18.48,15.6,76.5,62.0,6.333333,,3.13420337973
1977-09-08,4.7,1.4,8.3,21.6,16.98,15.2,92.5,78.0,6.666667,,1.87172824055
1977-09-09,2.8,9.7,0.9,22.5,16.72,13.5,81.25,65.0,6.0,,3.7302917837
1977-09-10,5.4,10.1,0.0,24.8,17.7,11.9,71.5,53.0,3.0,,4.22052059429
1977-09-11,6.0,4.7,0.0,23.8,18.18,14.8,76.5,61.0,3.0,,3.20954238508
1977-09-12,4.8,7.2,0.0,25.7,19.68,16.1,78.0,56.0,5.666667,,3.95937702552
1977-09-13,6.7,1.1,0.0,23.2,18.36,15.8,78.75,62.0,5.0,,2.73132048663
1977-09-14,5.4,9.4,0.0,25.0,18.7,14.3,77.75,56.0,8.333333,,4.26556581974
1977-09-15,6.0,6.1,0.4,25.3,18.78,14.8,75.25,62.0,5.0,,3.82632307199
1977-09-16,7.9,8.5,0.0,26.0,19.48,15.4,62.5,48.0,4.0,,4.79255665679
1977-09-17,8.1,9.5,0.0,27.9,20.68,14.1,71.5,49.0,7.0,,5.00269459097
1977-09-18,9.3,5.9,1.2,26.7,19.52,15.9,73.0,55.0,5.0,,4.10206054379
1977-09-19,5.7,6.1,0.0,27.5,20.64,16.9,75.5,56.0,4.333333,,4.03832911339
1977-09-20,7.3,5.7,0.1,26.5,19.28,15.7,74.5,59.0,4.666667,,3.93727373954
1977-09-21,8.7,5.8,0.0,26.1,19.8,15.9,81.0,62.0,7.0,,3.68884857723
1977-09-22,7.4,5.6,0.3,25.3,19.4,15.7,72.75,56.0,6.333333,,4.12203975011
1977-09-23,7.2,9.6,0.0,26.5,19.24,14.1,69.75,56.0,6.666667,,5.00447509268
1977-09-24,7.7,8.1,0.0,26.0,20.9,16.6,69.0,57.0,2.666667,,4.35849650277
1977-09-25,5.7,1.7,0.4,28.6,21.32,18.1,79.5,54.0,3.333333,,3.01086746185
1977-09-26,2.9,0.3,61.7,22.4,19.16,17.5,90.75,78.0,3.0,,2.00305319236
1977-09-27,1.9,0.4,1.6,23.2,19.16,17.2,94.5,89.0,3.333333,,1.88522055662
1977-09-28,1.4,0.0,9.7,22.0,19.1,16.5,90.0,78.0,2.333333,,1.9427638936
1977-09-29,1.7,2.5,7.1,24.4,19.62,16.7,82.75,66.0,5.0,,2.91062050332
1977-09-30,4.6,1.7,0.0,24.7,19.54,16.3,78.75,61.0,6.666667,,3.15042092522
1977-10-01,6.5,6.4,0.0,24.2,18.96,16.0,74.5,53.0,5.666667,,4.05987622831
1977-10-02,6.9,4.8,0.0,24.7,19.02,15.2,72.5,58.0,3.333333,,3.63695972395
1977-10-03,4.4,5.2,0.0,25.5,19.74,16.5,80.25,59.0,3.333333,,3.51607316369
1977-10-04,4.0,2.9,0.1,25.1,20.1,17.2,82.5,71.0,3.0,,2.95986311735
1977-10-05,3.9,6.6,0.1,25.7,20.7,17.2,77.75,62.0,5.0,,4.0594119916
1977-10-06,5.4,4.5,1.2,25.2,19.86,17.1,84.5,63.0,4.333333,,3.25129277434
1977-10-07,3.5,2.0,0.7,24.6,19.62,17.2,88.25,75.0,4.666667,,2.56236512374
1977-10-08,2.2,0.0,4.1,18.8,16.42,15.4,97.75,92.0,3.666667,,1.54693561374
1977-10-09,0.2,0.8,15.4,22.6,18.08,15.4,92.25,78.0,4.333333,,2.01352712572
1977-10-10,1.9,6.1,1.8,28.1,21.14,16.4,68.25,59.0,2.333333,,4.16680001057
1977-10-11,3.3,4.3,0.1,25.5,20.12,16.9,82.75,56.0,4.666667,,3.345640005
1977-10-12,4.4,9.3,0.7,25.8,20.1,16.3,70.0,53.0,5.0,,4.9601369644
1977-10-13,6.3,6.1,0.0,25.0,19.46,15.4,77.75,51.0,4.333333,,3.82917809933
1977-10-14,5.8,4.1,0.4,25.0,19.14,15.8,76.0,51.0,5.333333,,3.66770831341
1977-10-15,5.6,4.6,0.0,24.3,18.94,15.7,75.25,56.0,5.0,,3.71679338047
1977-10-16,7.3,4.0,0.0,25.0,19.68,16.2,75.0,54.0,4.333333,,3.62822992858
1977-10-17,6.7,6.9,0.0,26.0,19.82,15.8,69.0,50.0,4.0,,4.46307427769
1977-10-18,6.4,5.5,0.4,26.5,20.36,17.0,79.75,48.0,4.666667,,3.83110241181
1977-10-19,6.7,4.1,0.6,26.4,20.48,16.9,74.25,53.0,3.0,,3.6320715731
1977-10-20,4.5,6.9,0.0,27.0,20.86,17.4,70.5,51.0,3.0,,4.4066433719
1977-10-21,5.7,3.9,0.0,25.7,20.06,16.9,73.75,54.0,4.333333,,3.76316396009
1977-10-22,5.5,2.6,0.0,25.2,20.1,16.6,75.0,54.0,4.333333,,3.41505683075
1977-10-23,5.4,0.2,0.1,22.0,18.92,16.9,83.0,72.0,5.333333,,2.48232830616
1977-10-24,2.9,0.1,0.1,23.5,19.56,16.9,81.75,69.0,4.333333,,2.53000421614
1977-10-25,2.9,0.0,1.7,23.3,19.48,17.3,85.5,71.0,3.666667,,2.28979831826
1977-10-26,2.5,3.6,0.0,25.7,20.58,16.7,75.0,55.0,4.666667,,3.68572207325
1977-10-27,4.8,4.8,0.0,26.5,21.28,17.3,78.0,56.0,5.666667,,3.90640821857
1977-10-28,5.0,5.4,1.2,26.7,21.4,17.7,78.0,54.0,5.333333,,4.02969525593
1977-10-29,5.3,4.1,0.1,25.4,20.9,17.4,77.75,59.0,6.0,,3.75064955668
1977-10-30,5.0,5.6,0.0,26.5,20.34,16.4,75.75,52.0,6.666667,,4.23697011786
1977-10-31,6.8,4.6,0.0,25.4,20.02,16.8,68.0,53.0,5.0,,4.29510243474
1977-11-01,5.7,6.3,0.0,27.0,20.4,16.7,67.75,44.0,2.333333,,4.24239581971
1977-11-02,6.1,8.0,0.0,29.3,21.84,17.3,61.5,36.0,3.666667,,5.34732247731
1977-11-03,7.9,7.6,0.0,29.6,22.58,18.5,61.75,39.0,4.333333,,5.52062647744
1977-11-04,7.8,8.5,0.0,29.9,22.76,18.7,59.0,37.0,3.666667,,5.68507672385
1977-11-05,8.0,5.6,0.0,29.5,22.12,17.9,67.0,41.0,2.666667,,4.41825441666
1977-11-06,5.9,2.9,0.0,25.9,20.08,17.9,75.5,53.0,3.333333,,3.43101160492
1977-11-07,5.0,3.5,0.0,28.0,21.68,17.6,66.75,45.0,4.666667,,4.35051255542
1977-11-08,7.0,0.3,0.0,25.1,20.6,17.7,75.5,57.0,4.666667,,3.06196299767
1977-11-09,6.1,0.2,0.0,25.8,20.92,17.3,74.25,54.0,6.0,,3.3357244123
1977-11-10,7.1,4.1,0.0,27.0,21.24,17.9,72.25,52.0,5.666667,,4.23613395218
1977-11-11,7.0,9.6,0.0,27.9,21.68,16.3,64.25,48.0,7.666667,,6.02833364943
1977-11-12,8.9,9.7,0.0,28.6,21.52,17.4,58.0,39.0,4.333333,,5.9614256204
1977-11-13,9.9,8.1,0.0,28.9,21.3,17.3,60.75,38.0,5.666667,,5.86329722669
1977-11-14,10.6,6.7,0.0,28.0,20.7,16.9,72.0,39.0,6.666667,,4.88124785326
1977-11-15,8.2,2.0,1.4,25.3,19.38,16.9,91.5,87.0,4.333333,,2.48726714667
1977-11-16,2.5,6.6,3.2,27.1,21.4,17.3,65.0,50.0,3.666667,,4.74257851549
1977-11-17,5.3,5.1,0.0,30.6,22.4,16.2,65.75,33.0,3.0,,4.47289939644
1977-11-18,6.5,7.0,0.9,30.4,22.8,18.8,73.5,42.0,5.0,,4.97145590835
1977-11-19,4.6,2.2,14.3,26.7,21.8,18.5,78.75,66.0,2.333333,,3.09321447643
1977-11-20,2.4,5.4,0.5,26.2,20.96,18.2,78.5,62.0,2.666667,,3.81267070698
1977-11-21,4.0,6.4,0.0,28.8,22.8,18.6,66.5,46.0,2.333333,,4.51773857504
1977-11-22,5.3,6.8,0.0,28.5,21.94,18.4,66.5,47.0,3.333333,,4.81353779299
1977-11-23,5.5,11.2,0.0,30.7,22.7,16.2,46.5,33.0,2.0,,5.91157186401
1977-11-24,9.0,10.7,0.0,31.5,23.0,16.9,49.0,28.0,2.0,,5.86975259933
1977-11-25,9.3,8.7,0.0,29.6,22.62,17.5,56.75,38.0,2.333333,,5.28701161473
1977-11-26,6.9,10.0,0.0,31.5,24.02,16.8,51.5,34.0,0.666667,,4.98811792321
1977-11-27,7.1,8.2,0.0,30.3,23.98,19.3,60.5,43.0,4.666667,,5.92382260445
1977-11-28,8.7,0.0,2.1,23.5,19.82,17.4,89.0,64.0,3.333333,,2.16371035435
1977-11-29,1.4,1.1,6.7,22.9,19.76,18.5,93.25,85.0,1.666667,,2.30203615399
1977-11-30,1.6,0.5,12.2,22.8,18.62,17.2,88.25,77.0,3.666667,,2.27434249868
1977-12-01,3.3,11.5,0.0,26.1,19.88,14.9,66.0,51.0,4.333333,,5.50798701118
1977-12-02,7.4,10.0,0.0,27.4,21.44,17.1,69.75,41.0,4.333333,,5.31867736093
1977-12-03,8.0,9.9,0.0,27.5,21.18,17.7,62.5,44.0,3.666667,,5.55127811103
1977-12-04,7.7,8.0,0.0,28.4,21.72,18.2,69.5,49.0,1.333333,,4.54680066798
1977-12-05,5.5,10.6,0.0,29.6,22.9,18.8,59.75,38.0,2.333333,,5.68750807691
1977-12-06,7.1,9.1,0.0,29.1,22.3,17.9,58.75,41.0,4.333333,,5.89799457123
1977-12-07,8.3,9.4,0.0,29.7,22.4,18.3,54.75,34.0,2.666667,,5.65794550622
1977-12-08,8.6,7.9,0.0,29.6,22.58,18.7,60.75,40.0,3.333333,,5.37833409397
1977-12-09,8.0,9.9,0.0,29.6,22.66,18.3,57.25,37.0,2.666667,,5.68366393365
1977-12-10,7.0,6.1,0.0,28.1,21.36,17.9,66.25,49.0,2.666667,,4.46879219363
1977-12-11,4.6,6.1,0.0,29.4,22.74,17.0,57.75,42.0,2.666667,,4.80202351678
1977-12-12,6.2,2.0,0.0,27.7,21.5,18.8,78.75,57.0,2.666667,,3.15106056188
1977-12-13,3.3,1.4,11.8,25.1,20.96,18.1,85.0,71.0,2.666667,,2.66885235136
1977-12-14,1.9,3.5,23.2,26.5,21.14,17.9,80.25,58.0,1.666667,,3.25306155025
1977-12-15,2.9,0.0,4.9,22.9,19.0,16.9,89.75,74.0,3.666667,,2.10681100753
1977-12-16,1.2,0.2,10.0,32.1,21.04,17.3,93.0,83.0,4.0,,2.28493634162
1977-12-17,1.8,3.8,5.0,24.8,19.66,16.9,87.0,66.0,6.0,,3.05169618772
1977-12-18,4.4,8.0,0.0,25.8,20.24,17.2,81.25,54.0,6.333333,,4.26487610053
1977-12-19,6.3,3.7,0.0,25.3,20.84,17.9,79.5,64.0,6.333333,,3.62438744062
1977-12-20,4.9,6.9,0.0,27.1,21.3,17.6,75.75,54.0,4.0,,4.39136414952
1977-12-21,5.6,7.4,0.2,27.2,21.72,18.1,73.5,56.0,3.666667,,4.59287745258
1977-12-22,5.6,6.5,0.2,27.7,21.96,18.9,72.25,54.0,3.0,,4.43724366674
1977-12-23,4.5,5.1,0.0,28.2,22.66,18.1,77.0,57.0,1.666667,,3.78801429157
1977-12-24,3.1,0.5,0.0,26.6,21.2,17.9,89.75,82.0,3.333333,,2.35280341419
1977-12-25,0.9,0.4,66.8,23.5,20.12,17.7,91.75,81.0,2.333333,,2.16224694664
1977-12-26,0.9,0.6,9.8,25.3,21.06,18.5,91.0,84.0,3.333333,,2.29326592666
1977-12-27,1.2,0.1,124.8,23.3,19.38,17.9,92.5,76.0,4.0,,2.03391347043
1977-12-28,1.3,0.0,47.6,21.5,18.94,17.4,91.0,88.0,2.333333,,2.0390982861
1977-12-29,1.2,0.0,4.8,24.2,19.9,17.6,87.5,73.0,3.333333,,2.26034243382
1977-12-30,1.9,3.3,13.4,25.7,21.1,18.0,85.25,81.0,1.666667,,3.07595176126
1977-12-31,1.6,5.2,10.8,25.5,20.36,17.9,85.0,63.0,4.0,,3.52265451323
1978-01-01,3.2,3.3,0.0,25.1,20.0,17.7,92.5,90.0,3.0,,2.80299278355
1978-01-02,1.8,5.9,13.3,25.8,20.48,17.1,82.5,64.0,3.666667,,3.7581772447
1978-01-03,3.1,7.4,0.0,26.0,21.18,18.4,78.5,61.0,2.666667,,4.25874562351
1978-01-04,3.7,7.3,0.0,26.7,21.16,18.1,80.5,62.0,4.666667,,4.27617019623
1978-01-05,3.9,8.9,0.0,26.9,21.48,18.5,78.75,60.0,3.333333,,4.67852962239
1978-01-06,4.6,8.0,0.0,26.3,21.28,17.7,77.0,62.0,3.666667,,4.48843055142
1978-01-07,4.4,9.3,0.0,26.3,20.74,17.9,73.75,56.0,3.0,,4.84020302935
1978-01-08,4.2,7.7,0.0,26.7,21.1,17.6,80.0,54.0,4.0,,4.33736545589
1978-01-09,2.9,4.6,0.7,27.0,20.8,18.3,81.0,58.0,3.666667,,3.68226364072
1978-01-10,2.2,0.7,0.4,24.1,21.04,19.1,89.0,83.0,2.333333,,2.3700672658
1978-01-11,1.0,1.1,5.6,23.3,20.6,18.5,90.5,82.0,3.666667,,2.35570946756
1978-01-12,0.9,0.8,20.3,24.0,20.26,17.1,88.5,70.0,3.666667,,2.36945519648
1978-01-13,1.1,0.0,2.3,21.8,19.84,18.4,93.75,88.0,2.666667,,1.97484548798
1978-01-14,0.6,1.0,30.9,23.7,20.14,18.2,93.25,87.0,2.0,,2.28721634617
1978-01-15,0.6,0.9,1.8,23.4,19.88,17.6,89.25,76.0,3.0,,2.3482987775
1978-01-16,1.6,8.0,0.0,25.9,19.8,15.9,71.5,51.0,3.666667,,4.59829043632
1978-01-17,1.4,8.7,0.0,25.7,20.16,16.7,71.5,48.0,2.666667,,4.64726422464
1978-01-18,1.6,4.4,0.0,25.2,20.62,17.5,79.0,62.0,3.333333,,3.56899235128
1978-01-19,1.2,7.4,0.3,26.4,20.8,17.8,74.25,51.0,3.666667,,4.50276965378
1978-01-20,4.0,9.6,0.0,26.7,21.24,17.5,77.0,56.0,3.333333,,4.83331013611
1978-01-21,2.6,8.3,0.0,26.4,20.66,18.1,76.75,55.0,3.0,,4.55647017775
1978-01-22,1.6,11.5,0.0,25.7,20.24,16.4,78.0,57.0,3.0,,5.04153856882
1978-01-23,4.3,8.6,0.0,26.7,20.84,16.9,81.75,54.0,5.333333,,4.41628130851
1978-01-24,2.5,8.6,0.0,26.3,20.66,17.0,78.5,53.0,6.666667,,4.61631491323
1978-01-25,1.5,10.3,0.9,26.0,20.76,17.4,75.25,49.0,4.666667,,5.04905407918
1978-01-26,1.9,10.2,0.0,26.7,21.08,16.9,74.25,47.0,4.666667,,5.11454487257
1978-01-27,1.4,11.1,0.0,26.2,20.42,16.7,75.5,49.0,5.666667,,5.19816933954
1978-01-28,1.5,11.0,0.2,26.4,20.26,16.1,73.5,55.0,5.333333,,5.26220614314
1978-01-29,1.6,8.6,0.0,26.7,20.64,17.3,70.5,49.0,5.0,,5.0620100779
1978-01-30,1.3,7.9,0.1,26.8,20.62,16.9,73.25,48.0,4.0,,4.66742051699
1978-01-31,1.3,7.4,0.0,25.8,20.62,17.3,71.0,56.0,4.0,,4.61058978595
1978-02-01,5.6,7.5,0.0,27.1,20.8,16.5,73.25,46.0,5.666667,,4.75475513
1978-02-02,6.2,10.0,0.0,26.8,20.98,16.8,73.0,50.0,4.666667,,5.14179562527
1978-02-03,6.5,7.3,0.0,27.3,20.82,17.0,73.75,49.0,3.333333,,4.49420960504
1978-02-04,5.6,2.5,0.0,25.7,21.24,17.7,73.0,56.0,2.0,,3.2111119021
1978-02-05,3.8,2.8,0.0,27.0,20.4,17.6,81.5,57.0,3.666667,,3.24780290823
1978-02-06,2.9,6.1,8.4,26.8,21.14,16.9,83.25,75.0,4.0,,3.83199544001
1978-02-07,2.1,1.7,19.8,25.1,21.24,18.5,88.25,79.0,2.0,,2.62525375773
1978-02-08,1.6,0.6,7.8,25.4,21.18,19.0,93.25,86.0,1.666667,,2.26002992212
1978-02-09,1.2,0.0,8.4,23.0,20.18,18.8,90.0,78.0,1.666667,,2.12572117439
1978-02-10,1.3,0.9,6.1,24.1,20.6,18.3,88.75,81.0,4.333333,,2.4101805866
1978-02-11,1.7,0.5,10.1,24.0,20.02,18.0,91.5,79.0,4.0,,2.17635234026
1978-02-12,1.0,0.0,29.6,21.6,19.38,18.0,92.75,82.0,5.333333,,1.91285689485
1978-02-13,0.9,0.0,22.4,21.3,19.02,17.1,95.0,88.0,4.333333,,1.78987681799
1978-02-14,0.7,1.3,5.8,23.9,20.38,18.6,92.75,89.0,4.0,,2.28878591753
1978-02-15,1.2,0.7,1.2,24.1,20.08,17.9,81.25,62.0,5.0,,2.79842948664
1978-02-16,3.7,2.1,0.0,24.8,19.86,16.5,80.25,62.0,3.333333,,2.96875364242
1978-02-17,3.3,5.9,1.9,25.7,21.04,18.3,81.0,62.0,3.333333,,3.8429928533
1978-02-18,3.6,2.3,0.0,26.0,21.02,18.5,91.5,80.0,4.666667,,2.60996348567
1978-02-19,1.4,1.6,8.5,25.1,20.24,18.5,91.25,75.0,4.333333,,2.44880331928
1978-02-20,2.0,7.7,1.6,25.7,21.22,18.8,80.0,60.0,4.666667,,4.32300318072
1978-02-21,5.3,7.9,0.0,25.8,20.94,17.6,78.0,62.0,3.0,,4.32033043414
1978-02-22,4.4,6.9,0.0,27.1,21.0,18.5,80.5,55.0,2.333333,,4.11384576731
1978-02-23,3.5,6.3,0.0,27.2,21.08,17.2,82.5,61.0,1.333333,,3.83529282449
1978-02-24,2.7,1.4,0.0,25.8,21.18,18.4,84.25,67.0,2.333333,,2.67210792899
1978-02-25,3.2,3.9,0.0,25.7,21.12,18.7,83.25,63.0,8.666667,,3.49681843832
1978-02-26,4.7,2.5,0.0,25.4,20.26,17.7,82.0,62.0,7.333333,,3.24995476335
1978-02-27,4.4,0.0,0.9,22.0,19.3,17.2,89.75,77.0,5.333333,,2.05465522238
1978-02-28,1.8,0.0,1.0,21.0,18.42,17.1,94.75,90.0,4.0,,1.77968017389
1978-03-01,0.8,0.0,13.7,21.1,18.3,17.1,93.75,87.0,3.0,,1.86178851768
1978-03-02,1.4,0.0,1.0,22.7,19.5,16.5,84.25,73.0,2.333333,,2.20075765269
1978-03-03,3.0,0.8,5.7,23.2,19.72,17.1,87.5,76.0,2.333333,,2.29612584637
1978-03-04,2.2,0.7,0.1,24.7,20.16,18.1,94.5,85.0,1.666667,,2.1574051852
1978-03-05,0.8,0.6,1.9,23.9,20.24,17.9,89.75,79.0,3.666667,,2.22496994419
1978-03-06,1.0,0.0,3.2,22.3,19.32,17.9,93.25,92.0,2.333333,,1.93352148179
1978-03-07,0.6,0.6,7.7,24.0,19.66,17.4,93.0,87.0,2.333333,,2.10001332169
1978-03-08,1.1,4.6,20.0,24.5,19.42,16.2,83.5,68.0,3.0,,3.23436411754
1978-03-09,1.8,4.3,0.0,24.9,20.24,17.3,83.5,66.0,3.666667,,3.25219018861
1978-03-10,1.7,8.4,0.0,25.4,19.98,16.9,78.0,56.0,2.333333,,4.22982119161
1978-03-11,2.2,6.1,0.0,25.8,20.48,16.7,74.0,49.0,1.333333,,3.71644992972
1978-03-12,1.5,2.3,14.5,22.9,19.96,17.5,88.25,80.0,2.666667,,2.55289811647
1978-03-13,1.0,6.3,0.0,25.7,20.76,17.7,80.5,58.0,4.0,,3.83404432589
1978-03-14,2.5,5.0,0.0,25.5,20.54,18.1,87.0,66.0,4.333333,,3.26924236484
1978-03-15,3.5,2.7,1.8,23.8,19.7,16.3,86.5,76.0,6.333333,,2.72017672764
1978-03-16,3.1,2.8,1.5,24.3,19.28,16.7,88.25,75.0,5.0,,2.65670920064
1978-03-17,2.2,6.1,12.9,23.9,19.6,15.7,84.25,67.0,6.0,,3.39142541227
1978-03-18,4.6,10.1,0.0,24.4,19.38,15.8,76.25,57.0,4.0,,4.49334127622
1978-03-19,5.5,6.6,0.0,24.9,20.12,16.0,82.75,66.0,3.666667,,3.60792656011
1978-03-20,3.4,3.8,4.9,24.5,20.0,16.9,88.25,71.0,6.0,,2.82194060858
1978-03-21,3.1,6.8,1.3,24.7,20.36,17.5,82.75,66.0,7.333333,,3.73453936159
1978-03-22,4.0,2.3,0.0,24.4,19.86,17.3,91.25,89.0,4.0,,2.40890946026
1978-03-23,3.2,4.1,0.4,24.3,20.04,16.9,83.75,68.0,4.333333,,3.08811905721
1978-03-24,3.5,1.7,1.4,24.0,19.26,16.9,87.5,70.0,3.333333,,2.42393294973
1978-03-25,2.7,1.1,2.1,23.7,19.48,17.3,88.5,77.0,2.666667,,2.25022322497
1978-03-26,2.9,5.8,0.0,25.2,20.26,17.0,78.75,62.0,2.0,,3.49581147218
1978-03-27,3.5,5.5,0.0,26.5,21.04,18.1,84.5,64.0,2.666667,,3.41638349927
1978-03-28,3.1,6.4,0.6,26.8,21.24,18.4,81.0,63.0,2.333333,,3.71492193882
1978-03-29,3.8,7.6,0.0,26.3,21.1,18.4,79.75,63.0,2.333333,,3.95940944465
1978-03-30,3.5,1.8,0.0,25.6,20.46,16.6,87.5,67.0,2.0,,2.41997832357
1978-03-31,1.8,0.8,27.3,25.6,20.9,18.9,88.0,71.0,1.0,,2.19686987198
1978-04-01,1.3,3.3,26.6,26.1,21.68,18.1,85.0,74.0,2.0,,2.84719267476
1978-04-02,1.9,2.7,0.0,27.3,21.02,18.4,91.0,74.0,2.666667,,2.59498008352
1978-04-03,1.2,3.8,21.0,23.8,20.76,18.8,90.75,77.0,3.333333,,2.67809176325
1978-04-04,1.7,2.1,0.3,23.7,20.36,17.5,91.25,86.0,2.666667,,2.29374283783
1978-04-05,1.1,0.0,9.4,20.7,19.52,18.7,94.75,92.0,1.666667,,1.75279656816
1978-04-06,0.5,6.7,10.6,25.5,20.7,17.4,86.25,72.0,3.0,,3.41317549746
1978-04-07,2.4,1.9,0.0,24.4,20.82,18.9,87.25,74.0,4.0,,2.4719456241
1978-04-08,1.9,5.0,31.2,25.1,20.6,18.0,85.75,65.0,4.666667,,3.10949416893
1978-04-09,2.4,1.8,2.4,21.6,19.54,18.1,91.25,88.0,5.666667,,2.10072812645
1978-04-10,2.0,1.2,7.0,22.5,18.82,16.4,89.25,77.0,3.0,,2.08393946773
1978-04-11,1.2,5.8,0.8,27.4,21.14,17.0,76.75,50.0,2.0,,3.4858153359
1978-04-12,3.0,5.9,0.0,25.5,20.26,17.1,82.5,62.0,2.0,,3.26410354286
1978-04-13,3.1,8.0,0.0,25.5,20.72,18.1,83.0,58.0,6.0,,3.76978928577
1978-04-14,4.0,6.1,0.4,24.9,20.36,17.3,85.25,62.0,6.0,,3.23554989808
1978-04-15,4.4,7.7,0.0,24.4,19.58,16.1,78.5,62.0,6.0,,3.79666821236
1978-04-16,5.7,8.6,0.0,24.0,19.4,16.2,79.0,57.0,5.333333,,3.83380266981
1978-04-17,5.3,3.9,0.0,23.5,19.38,16.3,87.25,78.0,6.0,,2.62821150376
1978-04-18,3.1,8.7,0.7,23.9,18.68,16.1,77.0,62.0,5.666667,,3.94006462046
1978-04-19,5.6,7.3,0.0,24.0,18.9,13.8,79.75,57.0,4.666667,,3.42566353803
1978-04-20,3.9,5.9,0.6,24.8,19.42,17.1,81.5,60.0,1.666667,,3.1327445704
1978-04-21,3.0,7.7,0.0,26.3,20.08,15.7,77.5,49.0,2.666667,,3.65643439355
1978-04-22,4.3,7.3,0.0,24.5,18.98,16.4,81.5,65.0,2.333333,,3.35893046898
1978-04-23,3.7,4.6,0.0,25.6,20.38,16.7,80.5,66.0,2.666667,,2.99453843841
1978-04-24,3.0,1.7,0.0,24.9,21.14,18.7,91.75,89.0,1.333333,,2.12595206715
1978-04-25,1.4,1.6,8.5,23.9,20.62,18.8,91.0,78.0,2.0,,2.08621393241
1978-04-26,1.2,0.0,14.5,21.7,19.08,17.7,92.75,86.0,4.0,,1.6448478855
1978-04-27,1.3,0.0,0.5,20.1,17.92,16.1,95.5,90.0,5.0,,1.40820776774
1978-04-28,1.3,0.2,0.2,21.0,18.38,16.4,92.75,83.0,5.666667,,1.60245330555
1978-04-29,1.3,1.2,1.8,23.4,19.66,17.4,90.75,73.0,4.0,,1.95253143267
1978-04-30,2.0,3.0,0.6,25.9,20.36,18.1,83.25,65.0,3.0,,2.63928050761
1978-05-01,2.5,5.4,1.0,26.7,21.28,16.9,82.75,66.0,3.333333,,3.08261895106
1978-05-02,3.1,4.0,14.2,25.5,21.08,17.9,87.25,79.0,1.333333,,2.57659893539
1978-05-03,1.2,1.1,28.5,24.1,20.28,18.3,91.75,78.0,1.333333,,1.90729168061
1978-05-04,1.4,1.1,7.7,22.2,19.06,17.7,96.25,92.0,4.0,,1.61688411042
1978-05-05,0.8,0.5,5.3,22.4,19.08,16.7,90.5,81.0,3.333333,,1.76625308164
1978-05-06,2.1,2.0,0.0,22.5,19.1,16.4,85.25,74.0,3.333333,,2.1952511092
1978-05-07,2.2,1.6,0.0,23.6,19.82,17.3,89.0,76.0,2.333333,,2.01201152412
1978-05-08,1.9,3.9,0.7,23.5,20.44,17.1,87.5,79.0,2.333333,,2.42108271398
1978-05-09,1.3,1.1,7.1,23.9,20.08,18.5,90.75,81.0,4.0,,1.91651660156
1978-05-10,2.6,2.0,0.1,22.8,18.8,17.0,87.75,71.0,4.333333,,2.12404861901
1978-05-11,2.9,0.9,0.0,20.7,17.44,14.9,87.5,75.0,4.666667,,1.86329651949
1978-05-12,3.0,4.1,0.0,22.3,17.96,15.3,86.0,81.0,8.333333,,2.48798181614
1978-05-13,2.8,0.5,0.2,20.7,17.56,15.5,97.0,89.0,4.666667,,1.3340582425
1978-05-14,0.7,1.0,1.5,21.7,18.68,16.7,89.5,79.0,4.666667,,1.83653972638
1978-05-15,2.8,3.3,0.9,22.8,18.54,16.1,87.75,68.0,5.333333,,2.26299321997
1978-05-16,3.0,4.6,0.8,22.2,18.3,15.5,90.75,85.0,4.666667,,2.22100476051
1978-05-17,1.9,3.8,1.8,23.5,19.08,16.9,92.75,78.0,3.666667,,2.13050276534
1978-05-18,1.5,1.6,2.1,23.0,18.1,16.0,87.0,69.0,2.0,,1.93582173862
1978-05-19,2.4,8.1,0.2,26.0,19.08,14.9,82.5,58.0,1.333333,,3.10685562805
1978-05-20,2.7,7.4,0.0,24.5,18.68,14.9,82.25,59.0,3.0,,3.002928304
1978-05-21,3.5,8.3,0.0,24.5,18.52,15.9,82.5,60.0,2.0,,3.10887633144
1978-05-22,3.4,4.4,0.0,23.6,19.14,14.9,85.25,66.0,2.333333,,2.38636059856
1978-05-23,3.2,2.3,0.0,23.5,19.28,17.5,84.5,74.0,2.333333,,2.15492751542
1978-05-24,1.8,9.9,0.0,24.7,19.24,14.0,84.0,65.0,2.666667,,3.2341388463
1978-05-25,3.4,0.1,0.7,20.9,18.36,17.1,94.25,86.0,4.0,,1.42191129995
1978-05-26,0.9,0.2,0.8,21.4,18.7,16.9,94.75,88.0,3.666667,,1.42244998108
1978-05-27,1.0,0.4,5.5,21.0,17.98,16.7,93.25,84.0,2.0,,1.51582571836
1978-05-28,1.0,3.2,0.0,23.1,19.56,17.1,92.0,80.0,3.666667,,2.00146728905
1978-05-29,1.3,3.6,1.9,23.5,19.84,18.1,92.5,81.0,3.0,,2.09006684513
1978-05-30,1.6,2.6,2.3,23.3,18.88,17.0,89.5,72.0,2.333333,,1.99941370949
1978-05-31,1.7,8.2,0.1,26.8,20.46,14.5,76.0,59.0,2.0,,3.21817533003
1978-06-01,3.0,8.5,0.0,28.2,22.02,16.5,80.75,62.0,2.0,,3.31382013843
1978-06-02,2.8,3.7,30.6,25.1,20.48,18.3,93.0,82.0,3.333333,,2.11989104513
1978-06-03,1.8,2.5,0.0,23.9,19.76,18.1,90.5,78.0,2.333333,,1.98315590173
1978-06-04,1.6,4.9,0.0,23.7,19.48,17.3,91.5,79.0,1.333333,,2.31488587846
1978-06-05,1.5,7.6,0.0,23.7,18.44,14.9,85.75,67.0,2.666667,,2.75006303537
1978-06-06,3.5,2.1,0.0,21.5,18.2,15.3,88.0,75.0,3.0,,1.8706382151
1978-06-07,2.6,0.1,0.5,20.1,17.56,16.3,95.25,90.0,4.0,,1.30853100847
1978-06-08,0.5,2.2,5.1,21.7,17.92,15.7,93.25,82.0,4.0,,1.68614398242
1978-06-09,1.3,7.2,1.3,23.7,17.6,13.7,86.25,68.0,1.333333,,2.60295247239
1978-06-10,3.0,8.0,0.0,22.9,17.8,13.7,86.5,72.0,3.333333,,2.67403736421
1978-06-11,4.3,6.2,0.0,21.6,17.74,14.7,85.5,70.0,8.666667,,2.54253114169
1978-06-12,4.7,0.0,1.3,18.5,16.16,15.1,95.5,91.0,8.0,,1.1370366482
1978-06-13,1.5,0.7,1.5,19.1,15.9,13.6,86.5,76.0,6.0,,1.74718391118
1978-06-14,1.8,1.1,0.8,19.1,15.68,14.3,92.25,83.0,2.333333,,1.49995291729
1978-06-15,1.7,0.4,0.1,19.7,16.56,14.3,95.75,92.0,4.0,,1.26587918401
1978-06-16,1.0,0.0,1.9,22.1,17.3,15.2,88.75,64.0,3.0,,1.56892402057
1978-06-17,2.7,1.3,0.0,20.5,17.2,14.5,92.0,85.0,5.333333,,1.55160252542
1978-06-18,1.6,6.7,2.6,24.1,16.92,14.3,86.0,53.0,5.333333,,2.63033723301
1978-06-19,3.9,0.3,1.2,18.3,15.92,14.7,97.0,93.0,3.333333,,1.205940961
1978-06-20,0.5,2.8,4.5,19.5,16.08,14.1,91.25,82.0,3.0,,1.73238119923
1978-06-21,2.2,8.6,0.0,21.5,16.4,13.9,85.0,64.0,1.0,,2.68688656325
1978-06-22,3.0,9.4,0.0,21.5,16.44,13.7,78.75,58.0,4.0,,3.04424143197
1978-06-23,4.5,5.9,0.0,20.3,16.56,13.7,85.5,77.0,6.666667,,2.36485739795
1978-06-24,2.3,5.0,0.8,20.7,16.48,13.7,94.25,86.0,4.333333,,1.85887077526
1978-06-25,2.7,6.1,1.5,21.3,17.64,14.9,90.75,86.0,4.666667,,2.19814877979
1978-06-26,2.2,0.6,0.0,20.1,17.28,14.7,92.25,86.0,4.0,,1.45821890551
1978-06-27,2.1,0.9,0.3,21.1,17.5,15.2,92.25,78.0,3.333333,,1.53146790493
1978-06-28,1.6,1.8,1.0,20.5,17.18,15.4,94.5,91.0,4.333333,,1.51744809991
1978-06-29,1.5,5.4,0.5,22.1,16.72,14.7,86.25,68.0,3.333333,,2.34261531858
1978-06-30,1.8,7.8,0.0,22.5,17.08,14.9,78.5,59.0,2.0,,2.81859309971
1978-07-01,1.4,5.5,0.0,22.7,17.08,14.1,88.0,67.0,3.666667,,2.30360014996
1978-07-02,1.4,0.9,0.0,19.9,17.0,15.1,94.0,88.0,4.333333,,1.41884174775
1978-07-03,0.9,0.3,2.4,20.4,17.64,15.8,95.25,90.0,3.666667,,1.33205157581
1978-07-04,0.7,2.4,7.9,21.7,17.62,16.0,89.0,74.0,2.666667,,1.88079917545
1978-07-05,0.9,2.7,0.3,21.7,17.52,15.5,88.75,76.0,4.666667,,1.95395437966
1978-07-06,2.4,4.5,0.5,20.9,16.9,13.9,87.5,72.0,5.0,,2.14745131403
1978-07-07,3.3,3.0,0.4,20.8,16.62,14.9,91.25,78.0,2.666667,,1.84301470492
1978-07-08,2.3,6.4,0.0,23.0,17.72,14.9,81.75,57.0,2.333333,,2.64187308586
1978-07-09,3.1,5.6,0.3,22.7,17.48,15.0,84.25,61.0,1.666667,,2.43064181209
1978-07-10,2.9,3.0,0.0,22.9,17.88,15.9,88.0,69.0,2.333333,,2.03891773631
1978-07-11,2.9,0.9,0.2,21.2,17.42,15.3,88.75,73.0,2.666667,,1.67790870156
1978-07-12,2.3,4.7,0.0,23.3,18.22,16.0,83.0,61.0,3.0,,2.4907630093
1978-07-13,2.9,5.2,0.3,23.5,18.24,16.3,85.75,62.0,2.0,,2.4506768357
1978-07-14,2.9,3.7,0.5,22.2,17.92,16.3,85.5,67.0,2.333333,,2.21140225272
1978-07-15,2.8,1.4,0.4,20.9,16.22,14.0,89.5,75.0,2.0,,1.68575750113
1978-07-16,2.0,6.2,0.0,22.9,17.04,14.0,81.75,60.0,2.333333,,2.62500475649
1978-07-17,3.2,8.4,0.0,23.7,17.14,12.8,82.5,58.0,1.333333,,2.86909404919
1978-07-18,3.2,7.0,0.0,25.2,18.9,14.0,82.25,58.0,2.333333,,2.85352972799
1978-07-19,2.9,4.2,0.0,26.1,19.42,15.6,83.0,57.0,1.666667,,2.45527112138
1978-07-20,3.1,7.2,0.0,25.0,19.74,17.1,83.0,63.0,2.333333,,2.97953379553
1978-07-21,2.9,1.9,0.3,23.0,18.9,16.9,87.0,68.0,2.0,,1.96793828956
1978-07-22,2.7,2.4,0.0,23.0,18.9,15.9,83.0,63.0,2.0,,2.12494890492
1978-07-23,3.0,2.5,0.0,21.8,18.32,16.4,87.5,76.0,4.0,,2.07202956086
1978-07-24,2.1,8.3,3.2,23.1,18.12,15.9,82.0,62.0,3.666667,,3.11407820763
1978-07-25,3.8,1.3,1.0,22.3,17.8,16.0,93.25,91.0,5.666667,,1.63701080482
1978-07-26,1.6,0.0,0.7,18.6,15.66,13.7,92.5,91.0,4.666667,,1.38617344559
1978-07-27,1.6,3.4,1.6,20.6,17.02,14.0,89.75,79.0,5.333333,,1.98919156974
1978-07-28,1.8,4.6,1.4,21.4,16.92,14.7,86.0,70.0,5.333333,,2.39587175766
1978-07-29,3.0,2.0,0.0,21.9,17.08,14.1,89.0,82.0,5.333333,,1.92765425464
1978-07-30,2.3,0.7,0.6,18.9,16.04,14.9,89.75,79.0,5.666667,,1.66126475156
1978-07-31,1.4,2.0,0.9,19.9,15.88,13.5,94.75,87.0,6.333333,,1.50803705617
1978-08-01,1.6,1.3,2.3,18.5,15.28,14.1,95.75,90.0,5.333333,,1.38803006107
1978-08-02,1.2,3.2,2.0,19.7,16.0,13.3,90.25,77.0,7.0,,1.89869806972
1978-08-03,1.9,4.1,0.6,20.7,16.32,14.3,90.5,71.0,9.333333,,2.02762751535
1978-08-04,1.8,4.9,2.6,19.1,16.32,13.5,83.5,77.0,8.333333,,2.50984024912
1978-08-05,1.9,1.9,1.2,18.7,16.04,13.7,91.0,87.0,7.666667,,1.69842379518
1978-08-06,1.7,3.2,0.0,20.7,16.4,13.5,88.25,73.0,7.333333,,2.09813436136
1978-08-07,1.5,2.3,0.5,20.3,16.38,14.4,95.75,92.0,4.666667,,1.62870688521
1978-08-08,0.9,2.5,3.0,21.3,16.4,13.9,87.5,72.0,4.0,,2.0775452189
1978-08-09,1.5,6.6,0.0,22.6,17.72,14.2,83.5,62.0,4.0,,2.88638747092
1978-08-10,2.6,5.8,0.0,23.3,18.4,14.9,83.75,63.0,4.333333,,2.84871601049
1978-08-11,1.1,4.1,1.8,21.9,17.72,15.3,90.0,80.0,4.0,,2.27751937502
1978-08-12,0.9,7.0,0.2,22.3,17.34,15.2,81.0,62.0,3.333333,,3.07242803027
1978-08-13,1.0,9.0,0.0,23.4,17.32,14.7,78.75,55.0,3.0,,3.48228099342
1978-08-14,1.1,9.3,0.0,22.3,17.36,13.9,76.25,59.0,3.333333,,3.53173601504
1978-08-15,1.0,7.4,0.0,23.3,16.82,13.6,81.0,59.0,2.333333,,3.11278635023
1978-08-16,0.8,7.6,0.0,23.1,16.64,13.1,78.0,54.0,1.666667,,3.1460196672
1978-08-17,1.0,9.0,0.0,23.3,17.6,13.3,79.25,65.0,9.0,,3.64048072754
1978-08-18,0.8,4.9,1.5,22.5,17.36,13.9,85.25,68.0,8.666667,,2.69482025618
1978-08-19,1.0,3.3,0.0,20.9,16.54,13.7,79.5,64.0,6.333333,,2.73707773314
1978-08-20,0.9,6.9,0.5,21.6,16.48,13.8,72.25,59.0,6.0,,3.62962117513
1978-08-21,1.3,3.3,0.0,20.8,16.36,13.1,84.5,68.0,4.333333,,2.3721717947
1978-08-22,0.6,9.2,1.9,22.4,16.52,13.3,76.75,53.0,3.333333,,3.58047233878
1978-08-23,1.0,6.7,0.0,22.0,16.3,14.0,75.25,54.0,3.0,,3.25214593763
1978-08-24,0.9,4.4,0.0,21.9,15.82,13.4,81.5,62.0,3.333333,,2.70039407794
1978-08-25,0.7,9.8,0.0,23.0,16.34,11.9,69.75,44.0,3.666667,,3.95942498421
1978-08-26,1.0,7.3,0.0,22.4,16.46,12.8,79.75,57.0,3.0,,3.20733245771
1978-08-27,0.9,9.2,0.0,24.0,17.88,14.4,73.25,47.0,1.666667,,3.74054333397
1978-08-28,1.6,8.1,0.0,25.6,18.16,14.8,74.25,46.0,1.333333,,3.6108887485
1978-08-29,0.9,7.2,0.0,23.3,17.4,14.3,78.75,58.0,2.0,,3.30948155612
1978-08-30,0.7,9.1,0.0,25.9,18.58,14.2,71.5,49.0,2.0,,3.95872668718
1978-08-31,1.0,7.6,0.0,25.3,18.68,14.9,76.75,53.0,1.333333,,3.51513052682
1978-09-01,0.9,7.6,0.0,24.1,18.68,15.9,70.5,51.0,6.666667,,4.32665321142
1978-09-02,1.2,8.8,0.0,23.3,17.96,14.7,78.0,59.0,7.0,,3.88435333619
1978-09-03,1.0,5.8,1.3,22.7,17.84,14.3,79.0,58.0,7.0,,3.36504869122
1978-09-04,1.0,8.6,0.4,23.2,17.5,13.9,81.0,56.0,3.333333,,3.58260219857
1978-09-05,4.4,3.6,0.3,22.6,17.84,14.9,81.75,66.0,2.666667,,2.71189704735
1978-09-06,3.1,9.6,0.0,23.8,17.78,13.3,76.25,58.0,2.0,,3.86890275338
1978-09-07,3.9,7.6,0.0,24.7,18.48,15.1,71.75,51.0,3.0,,3.89641772979
1978-09-08,5.0,7.4,0.0,24.9,18.22,15.3,74.5,51.0,2.333333,,3.72784765656
1978-09-09,4.5,8.6,0.0,26.1,19.64,15.1,72.75,52.0,2.0,,4.02819644539
1978-09-10,4.3,8.1,0.0,25.2,19.98,17.3,71.0,52.0,3.333333,,4.22826498624
1978-09-11,5.6,7.8,0.0,25.1,19.2,15.9,70.5,51.0,2.333333,,3.97409108305
1978-09-12,5.9,9.4,0.0,25.1,19.0,15.1,64.5,46.0,3.333333,,4.58846632742
1978-09-13,6.7,8.3,0.0,24.7,19.2,15.7,70.25,49.0,5.666667,,4.49566607456
1978-09-14,6.9,4.0,1.8,22.9,17.88,15.1,84.5,61.0,4.666667,,2.83270310819
1978-09-15,3.6,0.5,1.6,19.1,16.56,15.1,95.75,91.0,5.666667,,1.52847341993
1978-09-16,0.6,3.6,6.1,21.7,16.76,14.7,86.5,61.0,3.333333,,2.60540451286
1978-09-17,2.7,3.2,0.2,20.9,16.12,13.9,89.5,71.0,3.666667,,2.36221256891
1978-09-18,3.2,8.3,0.0,24.1,17.62,13.4,76.75,58.0,3.666667,,3.89156828194
1978-09-19,4.2,2.1,2.3,22.2,17.32,14.9,84.5,66.0,2.666667,,2.44256293262
1978-09-20,2.6,2.8,0.0,21.6,17.3,14.5,85.25,71.0,3.0,,2.52318882686
1978-09-21,3.1,5.4,0.0,23.6,18.06,14.7,77.5,52.0,4.666667,,3.48865896011
1978-09-22,5.2,5.6,1.5,23.0,17.76,15.5,89.25,66.0,4.333333,,2.94903562481
1978-09-23,2.4,0.6,10.8,20.2,16.74,14.7,90.25,85.0,4.0,,1.92412559203
1978-09-24,1.8,2.0,0.0,21.7,16.92,14.5,91.0,75.0,5.0,,2.15148720819
1978-09-25,1.9,1.1,0.9,21.1,17.04,14.1,83.25,66.0,4.333333,,2.35833572462
1978-09-26,3.2,3.3,1.7,21.9,17.2,14.1,81.75,58.0,7.666667,,2.94177723108
1978-09-27,4.0,3.3,0.8,21.0,16.68,14.5,89.75,79.0,4.0,,2.44111045788
1978-09-28,2.1,5.2,0.1,21.3,16.8,14.0,84.25,69.0,5.0,,2.99575829025
1978-09-29,4.6,5.9,0.0,22.9,17.6,13.3,81.0,62.0,3.666667,,3.3156392055
1978-09-30,3.8,4.2,1.0,22.5,18.58,15.5,77.25,67.0,4.666667,,3.32480098202
1978-10-01,4.0,5.8,0.0,24.1,18.16,14.3,85.5,60.0,6.0,,3.21615909476
1978-10-02,3.7,3.8,3.5,23.2,18.28,15.0,79.0,60.0,4.333333,,3.17870706155
1978-10-03,3.9,6.4,0.0,23.8,18.6,15.2,73.75,55.0,5.666667,,4.04191407926
1978-10-04,5.9,7.8,1.7,24.4,18.7,15.3,76.75,49.0,7.0,,4.20946613937
1978-10-05,6.2,7.3,0.9,24.2,18.38,14.7,75.0,47.0,4.0,,4.01528609634
1978-10-06,5.9,7.8,0.0,23.6,18.22,14.7,75.75,57.0,2.0,,3.89782863469
1978-10-07,3.6,5.1,0.0,26.2,19.06,14.9,78.5,48.0,1.666667,,3.41867719137
1978-10-08,3.7,5.3,0.0,24.5,19.18,16.4,70.75,51.0,4.333333,,4.01418106199
1978-10-09,6.0,3.0,0.0,23.5,18.2,15.7,81.5,62.0,2.333333,,2.87200855601
1978-10-10,2.7,4.7,0.4,24.9,18.72,15.3,77.75,60.0,2.333333,,3.37982940595
1978-10-11,3.8,7.0,0.0,26.1,21.36,16.3,71.0,58.0,3.333333,,4.30280600921
1978-10-12,3.8,6.1,5.0,26.7,21.2,17.5,71.5,52.0,2.333333,,4.0423069712
1978-10-13,4.9,4.4,0.2,26.1,19.92,16.9,76.5,56.0,2.0,,3.44527400053
1978-10-14,4.0,6.4,0.2,25.9,19.96,16.9,78.75,59.0,2.666667,,3.86976731099
1978-10-15,3.8,2.9,0.0,25.1,19.64,17.3,83.75,61.0,2.333333,,2.9294892211
1978-10-16,2.4,8.8,0.0,27.7,21.16,17.5,62.75,44.0,3.333333,,5.17946652586
1978-10-17,7.7,8.7,0.0,26.8,20.92,16.3,64.0,45.0,2.0,,4.67402303027
1978-10-18,5.8,5.9,0.0,26.2,20.34,17.1,76.75,59.0,2.333333,,3.83706697535
1978-10-19,4.0,4.9,0.0,24.9,20.02,17.2,77.75,62.0,2.0,,3.49810407877
1978-10-20,3.3,4.1,0.0,27.3,21.66,17.0,66.75,49.0,1.0,,3.42004224573
1978-10-21,3.7,7.7,0.0,29.9,22.88,17.7,70.75,45.0,2.333333,,4.68217239443
1978-10-22,4.4,1.1,16.8,24.7,20.2,17.7,85.5,66.0,2.666667,,2.51840139861
1978-10-23,2.3,0.5,0.2,21.3,18.1,17.0,92.75,80.0,5.666667,,1.9343853216
1978-10-24,1.1,0.0,1.3,22.3,18.36,16.1,84.25,73.0,2.333333,,2.19508974451
1978-10-25,3.0,7.8,0.0,25.5,19.6,16.3,67.75,53.0,3.0,,4.5349856647
1978-10-26,5.6,5.7,0.0,25.1,19.56,16.3,69.0,48.0,3.333333,,4.11441653514
1978-10-27,5.8,7.4,0.0,26.5,19.58,15.4,69.75,47.0,2.0,,4.26024563391
1978-10-28,5.0,8.6,0.0,26.9,19.76,16.3,75.0,44.0,1.666667,,4.44501538743
1978-10-29,5.1,6.7,0.0,26.7,19.8,15.9,68.0,46.0,2.666667,,4.32669601853
1978-10-30,5.7,7.4,0.0,26.2,19.06,14.7,66.0,44.0,4.333333,,4.75020387358
1978-10-31,6.3,4.4,0.0,25.8,19.0,15.3,66.0,46.0,2.666667,,3.84897499325
1978-11-01,5.9,7.9,0.0,26.3,19.12,15.7,65.5,44.0,4.0,,4.8697780583
1978-11-02,5.4,8.0,0.0,26.2,20.12,16.6,68.75,44.0,3.666667,,4.73389374663
1978-11-03,6.6,7.9,0.0,26.4,19.58,15.9,66.25,41.0,2.0,,4.471276252
1978-11-04,6.4,6.7,0.0,25.4,20.04,16.3,71.25,58.0,3.333333,,4.26120508383
1978-11-05,5.0,10.4,0.0,29.5,21.7,15.4,58.0,37.0,2.666667,,5.60239723358
1978-11-06,6.3,7.6,0.0,30.1,22.48,15.7,64.5,41.0,2.0,,4.70872809131
1978-11-07,4.5,8.9,2.3,26.7,21.04,18.3,72.5,50.0,3.333333,,4.86247318869
1978-11-08,6.3,4.8,0.0,25.9,20.08,16.5,75.5,52.0,3.333333,,3.76592191631
1978-11-09,5.8,5.3,0.2,25.3,19.68,16.9,80.0,62.0,3.333333,,3.66924279035
1978-11-10,5.1,8.5,0.0,26.1,20.28,16.7,67.75,48.0,2.666667,,4.71423538856
1978-11-11,5.8,3.2,0.0,24.7,19.0,15.9,78.75,60.0,1.666667,,3.06378291305
1978-11-12,3.7,6.4,0.0,29.1,22.12,16.9,70.75,45.0,1.333333,,4.13684801109
1978-11-13,3.8,0.0,7.4,21.9,19.94,19.2,89.75,85.0,1.333333,,2.10835885073
1978-11-14,0.7,3.7,3.4,26.2,21.1,17.5,83.75,70.0,4.0,,3.28698868959
1978-11-15,3.8,0.3,0.7,22.7,18.64,17.3,96.75,89.0,2.333333,,1.94503355047
1978-11-16,1.2,1.1,23.2,21.2,18.12,16.2,88.0,75.0,4.333333,,2.31347419841
1978-11-17,1.8,4.7,0.1,24.0,19.04,15.7,81.75,64.0,3.0,,3.34930662601
1978-11-18,3.1,4.7,0.4,25.3,20.02,17.7,84.0,59.0,3.333333,,3.42555230419
1978-11-19,5.0,5.2,0.0,25.4,19.56,16.2,80.5,63.0,8.333333,,3.80471414138
1978-11-20,5.9,6.4,0.0,25.3,19.88,16.5,74.25,49.0,4.333333,,4.20240764854
1978-11-21,5.7,5.0,0.0,24.3,19.64,15.7,78.0,64.0,3.333333,,3.58399915784
1978-11-22,4.5,7.3,0.6,25.7,19.64,15.5,74.5,54.0,3.666667,,4.28299829501
1978-11-23,5.8,10.2,0.0,27.3,19.68,14.3,61.0,38.0,2.333333,,5.15109436364
1978-11-24,6.2,7.1,0.0,27.7,20.96,15.9,67.75,41.0,2.333333,,4.44738704132
1978-11-25,5.3,9.3,0.0,27.9,21.88,15.5,57.5,40.0,5.333333,,5.9799102552
1978-11-26,8.2,7.8,0.0,27.3,21.32,18.1,68.0,46.0,5.333333,,5.18053191184
1978-11-27,8.0,3.9,0.1,25.8,20.42,17.4,75.75,70.0,3.333333,,3.61326138412
1978-11-28,4.9,6.2,0.0,27.5,21.98,18.0,63.0,44.0,3.333333,,4.73403138148
1978-11-29,5.9,0.4,1.2,23.5,19.04,17.4,83.0,64.0,4.0,,2.54472768102
1978-11-30,3.2,0.0,2.4,21.0,17.94,16.5,87.25,68.0,4.333333,,2.15901557584
1978-12-01,2.7,0.0,17.5,18.9,17.12,15.3,96.25,94.0,3.666667,,1.67469951935
1978-12-02,0.4,0.0,10.5,20.8,18.38,16.9,96.0,95.0,4.666667,,1.71455422266
1978-12-03,1.2,1.5,2.6,23.6,19.36,16.6,86.0,73.0,4.666667,,2.60840167624
1978-12-04,3.0,4.0,1.7,24.5,19.08,16.3,86.0,70.0,5.0,,3.10804775341
1978-12-05,2.6,1.4,1.4,23.7,18.6,16.7,90.75,72.0,3.666667,,2.35901142833
1978-12-06,2.0,1.1,12.3,23.7,19.16,16.3,93.25,85.0,3.333333,,2.19024770564
1978-12-07,1.2,6.2,11.1,25.7,20.24,17.1,82.25,61.0,2.333333,,3.78468642867
1978-12-08,2.9,5.4,0.0,25.3,19.76,17.5,84.75,68.0,1.666667,,3.53213161409
1978-12-09,2.1,6.0,0.0,25.5,19.88,16.7,80.75,62.0,2.0,,3.73873435333
1978-12-10,2.7,7.8,0.0,27.3,20.24,16.1,77.0,54.0,1.333333,,4.25073647168
1978-12-11,3.7,9.2,0.0,29.5,22.04,16.1,70.25,38.0,2.666667,,5.04025701208
1978-12-12,5.9,5.3,0.0,27.2,21.26,17.8,71.0,49.0,2.0,,3.95198733492
1978-12-13,5.0,3.9,0.0,26.4,21.12,16.8,76.5,56.0,3.333333,,3.59656144149
1978-12-14,4.1,1.2,0.0,25.1,20.22,17.3,87.5,67.0,3.0,,2.52291971138
1978-12-15,2.8,2.2,1.5,25.7,20.76,17.9,87.25,69.0,2.0,,2.77229245401
1978-12-16,2.8,3.2,0.0,25.8,20.56,18.0,83.0,64.0,1.333333,,3.07799830667
1978-12-17,3.1,1.7,0.0,26.6,22.2,18.4,75.25,62.0,1.666667,,2.96429759595
1978-12-18,3.1,2.3,0.0,27.4,21.52,18.7,81.0,59.0,3.333333,,3.18834538175
1978-12-19,3.0,1.4,5.8,26.3,20.98,18.6,83.25,61.0,2.333333,,2.76461213465
1978-12-20,2.2,0.7,6.8,23.5,19.86,18.4,91.5,78.0,3.0,,2.23933370372
1978-12-21,1.5,6.7,27.4,24.3,19.6,17.1,82.5,64.0,3.333333,,3.81619001705
1978-12-22,4.7,9.5,0.0,25.9,20.36,16.3,74.0,54.0,2.0,,4.65895852531
1978-12-23,4.8,11.3,0.0,25.7,19.56,14.3,74.25,54.0,2.666667,,4.95111370082
1978-12-24,4.5,8.5,0.0,25.3,18.96,14.7,71.5,56.0,4.333333,,4.6321509683
1978-12-25,6.2,7.1,0.0,26.2,20.24,15.9,78.25,52.0,4.0,,4.16641405129
1978-12-26,5.0,4.8,0.0,25.9,20.24,17.0,74.75,56.0,2.333333,,3.70169180108
1978-12-27,4.2,7.0,0.0,24.3,19.46,17.2,80.75,64.0,2.666667,,3.93482612892
1978-12-28,4.2,9.1,0.0,25.3,19.94,16.5,72.5,57.0,3.0,,4.67760848689
1978-12-29,5.3,7.7,0.0,26.2,19.8,16.0,70.5,48.0,3.0,,4.50726781341
1978-12-30,6.3,8.1,0.0,25.3,19.12,14.2,72.5,56.0,2.0,,4.25675826584
1978-12-31,4.5,6.4,0.0,26.3,20.26,17.1,73.0,52.0,2.333333,,4.12388896731
1979-01-01,5.4,5.8,0.0,26.4,20.22,17.1,71.5,48.0,2.666667,,4.09877656495
1979-01-02,5.4,6.2,0.0,26.0,20.54,17.7,73.0,54.0,2.666667,,4.13691122228
1979-01-03,4.9,7.3,0.0,26.6,20.34,16.1,98.25,77.0,2.333333,,3.61445205603
1979-01-04,5.5,9.7,0.0,29.2,22.18,17.3,56.25,33.0,1.666667,,5.23338220016
1979-01-05,5.5,11.2,0.0,30.2,22.54,16.7,53.75,31.0,1.333333,,5.50561611095
1979-01-06,7.7,9.8,0.0,28.0,21.82,17.5,62.75,45.0,2.0,,5.17407381619
1979-01-07,5.0,6.7,0.0,30.0,22.08,16.2,74.0,47.0,4.666667,,4.69436232212
1979-01-08,2.8,1.9,68.1,25.8,21.02,18.1,90.0,86.0,2.666667,,2.63692802244
1979-01-09,1.2,0.0,35.8,23.3,18.82,16.8,91.75,89.0,2.333333,,2.05113259217
1979-01-10,1.3,0.6,28.9,24.0,18.8,16.1,88.25,71.0,3.666667,,2.31295361257
1979-01-11,1.5,0.6,23.2,24.5,20.02,17.1,83.75,67.0,2.666667,,2.49755409773
1979-01-12,2.8,7.0,0.3,25.1,19.86,17.4,76.75,53.0,2.333333,,4.09993492403
1979-01-13,3.6,1.3,0.0,24.8,20.44,17.2,78.75,60.0,1.666667,,2.70471390666
1979-01-14,3.1,0.6,0.0,24.3,20.36,18.1,89.75,76.0,1.666667,,2.30282836064
1979-01-15,1.4,0.0,39.4,21.4,18.36,16.6,94.5,90.0,1.666667,,1.95208184947
1979-01-16,0.6,0.8,16.2,24.6,19.98,17.3,85.0,65.0,3.666667,,2.55782726577
1979-01-17,1.0,0.3,48.2,22.6,19.3,17.5,92.0,82.0,2.0,,2.1152063739
1979-01-18,0.4,0.0,41.6,21.8,19.3,17.9,94.25,94.0,2.0,,1.97784995129
1979-01-19,0.7,5.6,15.6,25.8,20.66,17.9,82.75,65.0,2.0,,3.68678799235
1979-01-20,3.5,6.3,0.0,26.4,21.14,18.7,80.75,60.0,3.333333,,4.02601046672
1979-01-21,2.7,7.2,0.0,25.8,20.3,18.1,77.0,53.0,2.666667,,4.24509783296
1979-01-22,4.1,8.6,0.0,28.5,21.5,16.6,69.75,38.0,1.666667,,4.71485620576
1979-01-23,4.4,7.1,0.0,27.6,21.22,18.3,74.0,44.0,1.666667,,4.30959874852
1979-01-24,4.0,3.6,0.0,26.7,21.64,18.9,80.5,62.0,3.333333,,3.47593674999
1979-01-25,3.4,3.4,1.1,25.6,20.54,18.3,80.25,63.0,3.0,,3.33606339423
1979-01-26,4.0,4.2,0.0,24.8,19.94,17.0,76.0,58.0,2.333333,,3.49036037091
1979-01-27,4.3,6.9,0.0,26.3,21.0,17.3,78.25,58.0,2.0,,4.09132815778
1979-01-28,3.7,4.0,0.1,26.3,21.2,18.3,81.25,61.0,2.666667,,3.44166662532
1979-01-29,3.5,5.6,0.0,26.8,21.58,18.7,78.5,57.0,3.0,,3.96305451254
1979-01-30,3.6,4.9,0.0,26.8,21.7,18.3,79.0,62.0,2.666667,,3.74416883856
1979-01-31,2.8,1.9,41.0,24.6,20.6,18.3,93.75,85.0,1.0,,2.5798245654
1979-02-01,0.8,4.3,34.3,26.2,20.52,16.9,83.75,56.0,2.333333,,3.35531870459
1979-02-02,2.3,0.5,8.6,25.2,20.5,17.7,87.0,76.0,2.333333,,2.38096128965
1979-02-03,1.5,1.3,0.3,24.8,21.26,18.3,85.25,73.0,2.0,,2.60099679691
1979-02-04,1.7,0.0,0.4,21.8,19.54,17.5,86.75,86.0,2.0,,2.15963416303
1979-02-05,0.8,4.9,6.6,26.8,21.6,18.4,79.75,57.0,2.333333,,3.69220541078
1979-02-06,3.0,0.7,0.8,23.6,19.94,18.1,86.5,70.0,3.0,,2.42319976594
1979-02-07,2.0,4.0,0.3,25.8,20.66,17.7,78.5,58.0,2.0,,3.40927539699
1979-02-08,2.8,3.3,0.0,25.8,20.9,17.7,76.25,54.0,2.333333,,3.354094266
1979-02-09,3.3,1.8,0.8,24.8,20.24,18.2,82.25,64.0,3.666667,,2.91391157484
1979-02-10,2.7,7.1,2.4,26.0,20.64,17.8,82.25,61.0,5.0,,4.08084813084
1979-02-11,5.1,11.1,0.0,26.4,20.98,16.9,72.0,51.0,4.333333,,5.33307435146
1979-02-12,6.5,8.3,0.0,25.8,20.78,18.1,80.75,64.0,4.0,,4.38136775867
1979-02-13,4.4,7.1,0.0,28.0,21.26,17.7,72.5,45.0,3.0,,4.52583227549
1979-02-14,3.9,6.1,0.0,27.0,21.3,17.7,73.5,51.0,2.333333,,4.10691241186
1979-02-15,3.0,2.9,0.0,26.6,21.5,19.1,86.25,78.0,3.0,,3.050328156
1979-02-16,1.8,2.8,42.9,26.6,20.5,17.3,82.5,56.0,2.666667,,3.0882643587
1979-02-17,2.6,6.0,12.4,26.6,21.82,18.3,80.75,73.0,3.333333,,3.93033080715
1979-02-18,2.7,2.7,0.0,26.0,20.84,18.4,88.5,82.0,2.333333,,2.86365440707
1979-02-19,1.5,3.0,17.1,24.0,20.62,18.5,85.5,76.0,2.333333,,2.94183553258
1979-02-20,1.5,6.0,0.0,26.4,20.94,17.7,77.0,58.0,2.666667,,3.96818031669
1979-02-21,3.4,10.8,0.0,26.0,20.08,16.4,73.75,47.0,3.0,,5.01183378304
1979-02-22,3.8,5.2,0.1,25.8,19.74,16.3,75.75,44.0,2.666667,,3.73584798021
1979-02-23,4.5,9.0,0.0,26.0,20.54,17.1,75.5,47.0,4.0,,4.68211892632
1979-02-24,4.7,3.6,1.6,24.8,19.66,17.7,87.25,70.0,3.666667,,3.01099046382
1979-02-25,2.3,1.1,1.2,23.0,19.0,17.2,92.0,82.0,3.333333,,2.2095957941
1979-02-26,1.5,0.5,5.8,22.2,18.84,16.5,92.5,86.0,3.333333,,2.02264573145
1979-02-27,1.2,1.7,16.0,24.4,19.58,16.9,85.5,71.0,3.333333,,2.63676460031
1979-02-28,2.8,7.3,3.4,24.6,19.86,16.7,83.0,63.0,4.666667,,3.86721459252
1979-03-01,3.8,6.7,0.0,24.4,20.02,16.3,75.75,66.0,5.666667,,4.15349287682
1979-03-02,3.8,7.7,4.0,25.8,20.22,17.7,73.25,58.0,1.333333,,4.18741423884
1979-03-03,3.9,6.6,0.2,25.7,20.08,17.3,73.5,52.0,2.0,,4.00452218715
1979-03-04,4.1,8.5,0.0,25.6,20.54,16.3,77.75,56.0,4.0,,4.36445758865
1979-03-05,3.9,6.4,4.5,25.8,20.68,17.9,84.75,62.0,4.333333,,3.72162105982
1979-03-06,3.2,2.5,0.4,24.4,20.2,17.7,81.25,64.0,3.333333,,2.97460589691
1979-03-07,2.9,2.1,0.0,25.3,20.5,17.7,79.75,66.0,2.333333,,2.88554115097
1979-03-08,2.2,3.6,0.4,25.1,20.88,18.1,81.25,63.0,2.666667,,3.18928818157
1979-03-09,2.0,0.2,0.4,24.3,20.2,17.9,88.0,68.0,5.0,,2.26041376779
1979-03-10,2.6,6.1,1.2,26.5,21.0,18.2,80.75,49.0,4.0,,3.8786767125
1979-03-11,4.5,9.3,0.3,25.7,20.46,16.8,71.25,54.0,2.333333,,4.58899584653
1979-03-12,4.6,7.7,0.0,26.2,20.82,17.9,70.75,53.0,2.666667,,4.40491786028
1979-03-13,4.3,6.7,0.0,26.6,20.98,17.7,73.75,52.0,1.666667,,3.97230895167
1979-03-14,3.5,8.3,0.0,27.6,21.62,18.3,78.5,61.0,1.333333,,4.30686226412
1979-03-15,3.0,4.8,0.0,28.2,22.42,17.5,73.75,51.0,1.333333,,3.54687894008
1979-03-16,3.2,7.1,0.0,29.0,23.1,19.1,72.5,52.0,3.0,,4.49864122757
1979-03-17,4.0,4.8,0.0,26.4,21.04,18.8,78.75,56.0,3.0,,3.59522773464
1979-03-18,3.8,8.8,0.0,26.8,21.42,18.1,70.0,54.0,5.0,,4.98996029263
1979-03-19,6.7,8.5,0.0,26.1,20.98,16.8,66.25,49.0,3.666667,,4.76521729307
1979-03-20,5.5,6.9,0.0,26.6,21.14,18.1,83.5,54.0,2.333333,,3.81088101443
1979-03-21,5.1,2.3,0.0,25.7,20.6,17.4,82.0,62.0,5.333333,,3.01720480971
1979-03-22,3.9,2.9,0.6,24.4,20.22,17.5,87.5,72.0,4.333333,,2.71240696369
1979-03-23,2.6,3.6,0.0,25.1,20.18,17.6,88.0,68.0,3.333333,,2.85045629391
1979-03-24,2.6,9.3,0.2,28.1,21.5,17.5,70.25,34.0,2.0,,4.63315019075
1979-03-25,5.1,8.9,0.0,30.3,22.32,15.0,59.0,34.0,0.666667,,4.29378100391
1979-03-26,5.3,7.9,0.0,30.3,24.12,17.9,65.25,37.0,1.333333,,4.38533343896
1979-03-27,4.3,3.0,1.8,26.6,20.74,18.5,84.5,64.0,2.333333,,2.88921235467
1979-03-28,1.9,0.0,58.5,20.6,18.58,16.7,97.0,94.0,2.333333,,1.65904044511
1979-03-29,0.3,3.2,2.8,23.6,19.86,17.5,91.5,75.0,3.0,,2.53234367335
1979-03-30,1.1,4.2,0.0,25.8,20.54,17.9,86.25,65.0,3.333333,,3.03017247946
1979-03-31,2.1,4.6,0.0,26.0,21.3,18.7,83.75,62.0,1.666667,,3.16395803495
1979-04-01,2.6,1.5,0.7,25.0,20.82,18.7,88.0,71.0,2.666667,,2.38243897015
1979-04-02,0.0,7.4,0.2,27.0,21.68,18.9,78.0,56.0,2.333333,,3.98163646039
1979-04-03,4.4,6.3,0.0,26.3,21.72,18.4,76.25,61.0,4.333333,,3.95519243966
1979-04-04,4.7,8.3,0.0,26.5,21.64,17.9,73.75,53.0,5.666667,,4.54979246809
1979-04-05,5.5,9.2,0.0,26.2,20.9,17.9,74.75,46.0,1.666667,,4.20971031039
1979-04-06,4.3,6.6,0.0,26.7,20.5,17.8,80.25,57.0,1.0,,3.53708195233
1979-04-07,2.5,8.8,0.0,28.4,21.5,17.7,76.25,47.0,1.333333,,4.16820213424
1979-04-08,4.0,7.5,0.0,27.2,21.54,18.3,77.0,56.0,2.333333,,3.93816866109
1979-04-09,3.3,4.6,0.0,25.8,20.74,17.7,79.5,62.0,4.0,,3.34076450227
1979-04-10,3.5,2.7,0.1,24.8,20.14,17.5,82.5,62.0,3.0,,2.72227905263
1979-04-11,2.6,8.6,0.0,25.8,20.7,18.1,75.0,58.0,2.666667,,4.10216295723
1979-04-12,4.4,2.3,0.0,24.0,20.58,17.3,80.5,74.0,3.333333,,2.70153036248
1979-04-13,2.0,9.2,2.2,26.2,20.66,17.5,71.0,52.0,6.333333,,4.77886945068
1979-04-14,5.5,8.5,0.0,25.6,20.64,18.8,73.5,50.0,8.333333,,4.69072246323
1979-04-15,5.5,5.9,1.0,23.4,19.02,16.7,87.75,76.0,6.0,,2.92106652654
1979-04-16,2.0,3.8,2.6,23.8,19.5,15.9,82.0,71.0,5.666667,,2.93880721347
1979-04-17,3.2,9.1,0.3,23.5,19.0,16.1,78.75,68.0,2.333333,,3.73675094004
1979-04-18,2.7,7.6,0.0,26.3,20.88,16.7,70.25,51.0,1.666667,,3.73536739333
1979-04-19,4.1,7.1,0.0,25.8,21.52,18.4,67.75,51.0,2.0,,3.79145895392
1979-04-20,3.0,5.2,0.0,24.6,19.78,16.5,77.0,63.0,2.333333,,3.14233909746
1979-04-21,2.7,5.7,0.0,26.3,20.22,16.4,75.75,53.0,1.333333,,3.18297319161
1979-04-22,2.7,3.4,0.0,27.2,21.12,17.8,83.5,76.0,1.333333,,2.6824373369
1979-04-23,2.1,3.2,0.2,28.1,21.86,19.0,85.5,70.0,3.0,,2.77324853343
1979-04-24,2.3,0.0,33.9,22.7,20.16,18.3,89.25,73.0,0.333333,,1.73477010857
1979-04-25,1.6,0.2,9.0,19.9,17.78,16.7,92.5,80.0,1.666667,,1.65705423062
1979-04-26,1.3,0.2,2.5,20.6,17.94,16.1,92.5,86.0,1.333333,,1.65863831398
1979-04-27,0.9,0.0,1.6,20.6,17.66,14.5,95.5,91.0,2.666667,,1.47341552501
1979-04-28,0.5,0.0,3.2,18.2,18.94,15.7,79.75,33.0,3.333333,,2.00876406533
1979-04-29,0.2,0.0,1.0,20.2,17.78,15.5,93.5,85.0,2.0,,1.55233530529
1979-04-30,1.1,0.3,1.0,22.1,18.38,16.4,84.75,66.0,2.666667,,1.93486690328
1979-05-01,1.9,8.7,0.0,25.7,19.9,16.5,78.75,57.0,1.333333,,3.53646145123
1979-05-02,2.6,2.0,0.4,23.7,19.52,17.9,87.5,72.0,2.333333,,2.17978147288
1979-05-03,2.5,8.9,0.0,25.3,20.24,17.3,79.5,60.0,5.0,,3.78421524921
1979-05-04,3.8,0.5,3.2,23.0,19.28,17.7,92.75,87.0,2.0,,1.72761966935
1979-05-05,1.2,7.0,0.7,24.5,19.02,16.6,80.5,58.0,2.333333,,3.17775287947
1979-05-06,3.0,0.9,1.5,22.5,18.82,16.9,96.0,89.0,3.666667,,1.59031417448
1979-05-07,1.1,3.2,5.7,23.6,18.86,16.8,87.5,72.0,4.333333,,2.35553331279
1979-05-08,1.8,7.9,1.0,23.5,18.42,15.3,83.75,71.0,4.333333,,3.13428377853
1979-05-09,2.9,2.0,2.1,22.3,18.56,16.6,92.5,83.0,2.666667,,1.89962678888
1979-05-10,0.6,4.9,7.1,23.4,19.16,17.1,88.0,65.0,3.0,,2.55150999417
1979-05-11,2.2,7.7,0.6,24.5,18.46,16.0,79.0,48.0,3.0,,3.28930460602
1979-05-12,3.8,5.9,0.0,23.4,18.42,16.1,84.5,61.0,4.333333,,2.81057689667
1979-05-13,3.1,4.0,0.1,22.7,17.28,14.8,87.0,74.0,3.666667,,2.33442484109
1979-05-14,1.9,9.6,0.6,23.7,17.92,13.8,76.75,54.0,2.0,,3.36749301359
1979-05-15,3.7,5.4,0.1,24.2,19.54,16.2,75.25,59.0,2.333333,,2.9287939354
1979-05-16,3.2,5.3,0.0,24.5,19.52,17.3,82.0,58.0,5.333333,,2.97987404594
1979-05-17,3.5,3.5,1.2,22.0,18.14,16.5,91.25,87.0,5.333333,,2.05749753137
1979-05-18,1.4,1.7,3.5,21.5,18.06,15.9,94.25,90.0,5.333333,,1.61924571144
1979-05-19,2.4,7.6,0.1,23.1,18.4,15.9,78.25,48.0,4.666667,,3.26377560763
1979-05-20,5.0,6.7,0.0,22.3,18.02,14.4,76.5,58.0,4.666667,,3.1149498309
1979-05-21,4.4,7.3,0.0,23.4,18.76,15.6,82.0,65.0,4.333333,,3.01717497008
1979-05-22,3.7,7.8,0.3,24.9,19.02,15.8,77.25,65.0,2.666667,,3.22731372885
1979-05-23,2.1,6.8,0.0,25.7,19.28,16.7,80.5,54.0,1.666667,,2.95810703383
1979-05-24,2.7,8.1,0.0,28.1,20.52,13.9,73.5,47.0,1.666667,,3.31142692219
1979-05-25,3.2,8.3,0.0,27.0,21.3,15.9,71.0,53.0,2.666667,,3.58880463927
1979-05-26,4.5,1.7,1.9,22.7,19.28,17.7,95.0,85.0,2.666667,,1.7064709876
1979-05-27,1.2,2.6,1.2,23.5,18.68,16.7,86.75,68.0,3.0,,2.12404814747
1979-05-28,2.1,6.2,0.0,23.9,18.8,17.0,78.75,55.0,2.666667,,2.89697413399
1979-05-29,3.2,7.5,0.0,24.5,18.56,15.6,76.0,53.0,2.666667,,3.13191437926
1979-05-30,3.7,6.7,0.0,25.5,18.94,15.7,77.25,50.0,1.666667,,2.8984087955
1979-05-31,2.7,9.2,0.0,26.9,20.26,16.1,74.5,48.0,1.333333,,3.34540353054
1979-06-01,3.5,1.9,0.0,24.1,18.86,16.2,87.0,80.0,4.666667,,2.07822282991
1979-06-02,2.2,0.0,1.2,17.5,15.88,14.1,95.75,93.0,5.0,,1.16445546376
1979-06-03,0.5,2.0,2.4,19.8,16.84,14.6,93.5,91.0,5.333333,,1.55286142878
1979-06-04,1.3,5.4,1.1,22.4,17.8,15.8,85.0,74.0,2.333333,,2.4346290665
1979-06-05,2.3,7.1,1.2,22.6,17.5,14.1,80.25,54.0,5.666667,,2.94421184507
1979-06-06,2.3,3.1,0.0,21.4,17.66,14.9,88.0,80.0,5.666667,,2.03403977772
1979-06-07,1.9,8.0,0.6,22.2,17.28,14.4,79.5,53.0,4.0,,2.9634098657
1979-06-08,3.6,1.5,2.0,20.2,16.86,15.1,93.25,89.0,1.333333,,1.60104115601
1979-06-09,0.9,1.0,0.2,21.6,18.1,15.1,85.5,71.0,4.0,,1.87134370086
1979-06-10,2.0,5.2,0.0,22.4,17.74,14.5,83.25,66.0,4.333333,,2.49810160067
1979-06-11,3.3,5.8,0.0,21.2,16.64,14.2,77.75,63.0,3.0,,2.61272724366
1979-06-12,2.9,2.4,0.3,22.3,17.16,14.4,83.25,67.0,3.0,,2.0663099423
1979-06-13,2.2,8.3,0.0,23.7,18.4,14.8,75.75,44.0,4.0,,3.24313787082
1979-06-14,3.9,6.8,0.0,23.5,17.5,14.7,72.0,43.0,2.333333,,2.92901622643
1979-06-15,4.1,8.8,0.0,22.9,16.88,13.3,73.0,49.0,6.333333,,3.54135419084
1979-06-16,5.8,0.6,1.0,19.5,16.64,15.1,94.25,83.0,4.0,,1.36514304652
1979-06-17,0.8,0.0,10.7,18.8,15.6,13.0,90.5,78.0,5.0,,1.41388378154
1979-06-18,1.3,0.0,3.1,18.4,16.18,13.9,97.5,96.0,3.333333,,1.14075658874
1979-06-19,0.4,4.2,1.8,21.0,16.3,14.1,85.25,65.0,3.666667,,2.17708871659
1979-06-20,2.9,6.2,0.0,21.8,17.3,13.7,81.0,66.0,6.0,,2.72589434778
1979-06-21,3.1,1.8,0.0,20.8,16.98,13.3,83.5,74.0,4.333333,,1.98723110332
1979-06-22,2.5,3.6,2.1,20.8,16.76,13.8,83.5,70.0,8.0,,2.34832863966
1979-06-23,3.3,4.0,1.0,21.1,15.72,13.9,83.25,58.0,7.666667,,2.40993558749
1979-06-24,3.2,8.5,0.0,21.8,17.38,13.1,79.25,62.0,6.333333,,3.04288911817
1979-06-25,3.5,2.0,4.0,20.3,16.82,14.7,90.25,72.0,4.0,,1.71322343887
1979-06-26,1.6,4.5,1.3,21.8,16.82,14.7,82.0,60.0,3.666667,,2.39557657279
1979-06-27,2.9,4.0,0.0,21.4,16.6,14.1,85.25,66.0,2.333333,,2.11574000889
1979-06-28,2.4,3.4,1.7,20.3,16.68,15.1,90.5,82.0,4.333333,,1.87586817359
1979-06-29,1.5,2.2,1.1,20.2,16.36,14.4,89.5,72.0,5.666667,,1.77634916328
1979-06-30,1.7,4.3,0.2,21.3,16.56,14.6,87.5,60.0,3.666667,,2.132603193
1979-07-01,2.1,4.3,0.1,21.5,16.9,15.0,82.5,60.0,2.333333,,2.26268202115
1979-07-02,2.2,3.0,0.8,20.6,16.66,14.5,86.0,69.0,4.333333,,2.03716786521
1979-07-03,2.5,1.7,0.8,20.0,16.12,14.2,88.5,68.0,4.0,,1.74271500277
1979-07-04,1.2,1.2,0.0,20.4,16.1,13.5,80.25,60.0,3.666667,,2.01176220907
1979-07-05,2.7,4.6,0.0,21.6,16.86,14.3,85.75,67.0,4.333333,,2.27210209856
1979-07-06,2.8,2.5,0.8,21.1,17.16,15.1,87.75,75.0,7.0,,1.9981906542
1979-07-07,1.4,0.0,2.3,18.2,16.22,13.7,96.0,89.0,5.333333,,1.13962604704
1979-07-08,0.7,5.7,10.9,22.3,17.02,13.0,80.0,51.0,4.0,,2.63632491573
1979-07-09,2.4,0.0,0.8,18.5,16.36,14.6,97.0,90.0,2.333333,,1.23779551253
1979-07-10,0.3,0.4,1.8,19.3,15.9,14.3,92.0,87.0,2.333333,,1.44212444674
1979-07-11,1.2,7.8,0.0,22.2,16.72,14.3,75.0,52.0,2.666667,,2.98726596103
1979-07-12,3.5,5.9,0.0,21.3,15.7,13.5,80.0,51.0,3.666667,,2.61758341536
1979-07-13,3.3,8.8,0.0,20.9,14.72,10.6,71.5,45.0,2.333333,,2.95118980877
1979-07-14,3.7,5.9,0.0,21.1,15.26,11.7,78.25,49.0,2.666667,,2.53578621598
1979-07-15,3.3,4.6,0.0,21.6,15.98,13.2,81.25,60.0,2.666667,,2.36477266988
1979-07-16,2.6,5.2,0.0,22.4,16.26,12.5,80.5,56.0,1.333333,,2.36353803805
1979-07-17,2.2,6.7,0.0,24.8,17.46,13.6,74.5,40.0,2.0,,2.91553723882
1979-07-18,2.7,3.0,0.0,22.0,16.58,13.5,81.0,54.0,2.8,,2.22132338981
1979-07-19,3.2,4.0,0.0,21.5,16.3,14.4,83.5,60.0,3.333333,,2.3108118047
1979-07-20,3.0,6.9,0.0,22.8,16.0,13.4,77.25,51.0,3.666667,,2.96936496757
1979-07-21,3.6,8.3,0.0,23.1,16.64,12.3,74.5,51.0,2.333333,,3.07175316137
1979-07-22,3.5,7.3,0.0,24.8,17.94,14.1,76.0,44.0,2.0,,3.02462485684
1979-07-23,3.7,8.4,0.0,23.3,17.12,14.4,72.5,49.0,3.666667,,3.4316835164
1979-07-24,4.9,5.0,0.0,22.5,16.88,14.3,80.0,56.0,4.666667,,2.74265921941
1979-07-25,4.4,2.9,0.1,21.7,16.72,14.7,82.75,57.0,3.333333,,2.24878754553
1979-07-26,3.0,3.1,0.1,22.1,15.84,13.2,79.5,62.0,2.0,,2.2350271077
1979-07-27,2.3,5.2,0.0,22.5,17.06,12.9,82.5,57.0,3.333333,,2.55070380916
1979-07-28,3.9,6.6,0.0,23.0,18.12,15.3,74.0,48.0,3.666667,,3.20791106155
1979-07-29,4.3,6.4,0.5,22.3,16.9,14.8,80.75,50.0,4.333333,,2.90219101161
1979-07-30,3.6,5.3,1.4,22.6,17.22,14.3,83.25,62.0,5.666667,,2.70188530631
1979-07-31,3.0,8.7,2.2,22.4,17.5,13.7,80.25,62.0,8.0,,3.306779509
1979-08-01,4.6,0.0,1.0,21.8,16.12,14.2,94.75,93.0,5.666667,,1.36208268792
1979-08-02,0.5,4.1,12.2,20.7,16.32,13.3,88.25,78.0,6.0,,2.16713169067
1979-08-03,2.8,1.8,0.9,20.6,16.58,14.5,90.5,70.0,5.333333,,1.81036096598
1979-08-04,2.0,4.8,0.9,21.8,16.66,14.7,82.0,59.0,2.666667,,2.56577859582
1979-08-05,3.9,5.9,0.0,21.6,16.08,13.8,73.0,48.0,6.666667,,3.40527967642
1979-08-06,5.4,4.4,0.8,22.5,16.66,13.7,77.75,49.0,4.666667,,2.85034939889
1979-08-07,4.9,8.3,0.0,22.3,16.48,13.6,70.5,46.0,4.0,,3.58470585545
1979-08-08,6.0,8.1,0.0,22.9,16.82,13.7,76.5,53.0,4.666667,,3.41949878255
1979-08-09,6.7,9.1,0.0,22.9,16.9,13.6,67.5,43.0,3.0,,3.70976706097
1979-08-10,5.1,7.6,0.0,22.5,16.8,12.7,72.75,53.0,4.333333,,3.44701655953
1979-08-11,4.9,5.2,0.0,23.9,18.3,14.8,84.25,56.0,5.333333,,2.80741098324
1979-08-12,3.6,5.0,0.4,23.9,17.74,14.7,72.5,47.0,3.333333,,3.16831574982
1979-08-13,3.7,8.0,0.0,23.9,17.64,14.7,71.75,49.0,2.0,,3.4322684339
1979-08-14,3.9,8.9,0.0,24.2,18.06,14.1,77.0,50.0,3.666667,,3.61178573162
1979-08-15,4.4,7.8,0.0,25.0,19.06,15.9,75.25,46.0,3.333333,,3.62927047479
1979-08-16,4.4,8.5,0.0,23.4,17.16,14.1,69.25,42.0,3.0,,3.71641418035
1979-08-17,5.3,7.1,0.0,23.4,17.4,13.6,75.0,54.0,4.666667,,3.48555124529
1979-08-18,5.4,7.4,0.0,25.0,18.18,13.9,64.0,41.0,2.0,,3.59699478496
1979-08-19,4.6,7.9,0.0,26.2,19.1,15.5,66.5,41.0,2.666667,,3.93459393257
1979-08-20,3.7,3.1,0.0,21.7,17.34,15.3,84.5,66.0,2.333333,,2.37006161616
1979-08-21,2.5,7.1,0.0,25.1,19.46,15.3,69.5,48.0,4.0,,3.89965178917
1979-08-22,4.3,2.3,0.0,22.8,18.1,16.1,83.25,62.0,2.666667,,2.37559710896
1979-08-23,2.3,5.6,0.2,24.1,17.66,14.9,73.25,49.0,3.0,,3.30816471009
1979-08-24,3.7,4.7,0.0,23.9,17.32,15.1,71.75,45.0,3.666667,,3.33380035426
1979-08-25,4.3,5.5,0.0,23.6,17.54,14.1,68.75,46.0,3.0,,3.40554394069
1979-08-26,4.3,7.8,0.0,25.3,18.2,14.0,71.75,42.0,4.0,,3.9206500053
1979-08-27,4.9,7.1,0.0,25.4,19.14,16.1,75.0,45.0,3.0,,3.66509170092
1979-08-28,4.3,0.8,0.0,21.6,18.46,16.3,84.5,77.0,4.0,,2.1721846658
1979-08-29,2.0,5.6,1.7,24.1,18.0,14.9,68.0,44.0,3.333333,,3.61404521938
1979-08-30,3.7,9.5,0.0,24.2,18.06,12.9,63.5,38.0,4.333333,,4.48210291782
1979-08-31,6.9,1.4,0.0,22.0,17.42,14.5,82.75,63.0,3.666667,,2.30526873839
1979-09-01,3.5,3.4,0.0,24.7,17.76,14.5,67.75,55.0,4.0,,3.47101458919
1979-09-02,3.7,5.4,0.1,24.4,18.16,14.4,76.0,43.0,2.666667,,3.24375871452
1979-09-03,3.4,3.3,1.9,24.5,18.28,15.1,78.0,52.0,3.666667,,2.96802802157
1979-09-04,2.8,2.8,0.5,23.9,18.48,16.2,78.75,56.0,3.0,,2.79582954658
1979-09-05,3.2,6.5,0.0,25.3,18.9,16.1,72.75,43.0,3.333333,,3.78224808237
1979-09-06,4.0,5.5,3.9,24.2,18.68,16.1,77.0,51.0,5.0,,3.53880590795
1979-09-07,4.7,5.2,1.4,21.4,15.68,13.5,81.0,58.0,4.666667,,2.99080146356
1979-09-08,4.2,7.5,0.0,23.1,16.46,13.3,67.25,45.0,3.0,,3.84591516562
1979-09-09,5.7,9.4,0.0,22.6,16.36,13.4,78.0,45.0,5.333333,,3.86195205596
1979-09-10,5.8,6.3,0.2,22.4,15.9,13.1,72.0,50.0,5.333333,,3.71998502896
1979-09-11,5.4,2.2,0.8,20.8,15.5,12.7,83.25,61.0,4.0,,2.38770553024
1979-09-12,3.5,7.3,0.0,24.4,17.46,12.7,62.75,38.0,2.333333,,3.91153709343
1979-09-13,4.7,4.7,0.2,23.1,17.0,13.7,75.75,51.0,3.0,,3.17269888873
1979-09-14,3.4,7.4,0.0,27.2,18.54,14.1,60.5,31.0,3.0,,4.46083377837
1979-09-15,6.9,6.6,0.0,27.2,19.34,15.9,71.25,41.0,2.0,,3.84532643422
1979-09-16,3.7,5.9,0.0,27.7,20.12,16.7,70.5,41.0,1.666667,,3.71757852877
1979-09-17,4.2,0.8,0.0,23.9,20.46,17.6,79.25,62.0,4.333333,,2.69867875416
1979-09-18,4.0,4.1,1.1,25.7,20.2,17.5,75.25,51.0,3.0,,3.40573468473
1979-09-19,23.4,7.1,0.0,27.5,20.58,17.0,67.75,46.0,3.0,,4.35135982085
1979-09-20,5.3,6.1,0.0,25.0,19.06,16.4,64.25,41.0,4.0,,4.3183754343
1979-09-21,6.5,9.2,0.0,26.2,19.52,14.7,57.0,33.0,5.666667,,5.57919285756
1979-09-22,9.0,8.9,0.0,26.1,19.24,13.6,51.75,36.0,4.333333,,5.40119607613
1979-09-23,16.8,10.4,0.0,26.9,19.8,14.7,53.0,30.0,2.333333,,5.07602920203
1979-09-24,8.3,10.6,0.0,27.2,20.02,14.7,60.75,30.0,4.333333,,5.45429833443
1979-09-25,9.0,7.7,0.0,26.8,20.12,16.1,59.5,33.0,5.666667,,5.38167126277
1979-09-26,13.8,7.6,0.0,26.1,19.72,14.9,64.25,36.0,5.666667,,4.94568731931
1979-09-27,8.7,6.4,0.0,26.0,19.6,16.0,71.0,45.0,6.0,,4.43633351864
1979-09-28,6.1,5.1,1.6,25.2,19.02,15.3,77.25,51.0,5.333333,,3.68243108752
1979-09-29,5.5,7.1,0.0,26.8,19.54,15.9,76.0,42.0,4.666667,,4.20407136571
1979-09-30,21.8,8.0,0.0,26.6,20.26,16.5,57.25,38.0,6.333333,,5.75523650816
1979-10-01,9.0,9.4,0.0,26.2,19.3,15.2,54.0,32.0,4.333333,,5.54770809892
1979-10-02,8.6,9.3,0.0,26.6,18.78,13.4,49.75,22.0,3.333333,,5.34445438481
1979-10-03,8.0,7.8,0.0,27.7,20.94,15.0,52.75,32.0,3.666667,,5.28523240409
1979-10-04,7.1,4.7,0.0,25.9,20.4,16.5,67.5,43.0,5.333333,,4.33525986934
1979-10-05,7.4,8.8,0.0,26.7,20.14,16.2,60.5,35.0,6.0,,5.62722756532
1979-10-06,6.9,8.8,0.0,26.7,19.68,14.9,57.75,36.0,4.333333,,5.34759935551
1979-10-07,8.0,7.8,0.0,28.0,19.8,14.8,59.25,37.0,2.0,,4.55280042795
1979-10-08,7.3,9.7,0.0,29.8,21.28,14.4,47.25,24.0,1.333333,,4.94393565863
1979-10-09,6.2,8.2,0.0,32.2,22.22,14.9,39.0,16.0,2.0,,5.40514622861
1979-10-10,8.0,5.9,0.0,27.4,21.74,18.1,54.75,37.0,3.666667,,5.0183916144
1979-10-11,7.3,5.9,0.0,27.4,20.54,16.9,60.25,33.0,3.333333,,4.6350893204
1979-10-12,6.8,7.4,0.0,26.4,20.66,16.3,63.5,37.0,5.333333,,5.10210273002
1979-10-13,8.0,6.9,0.0,26.7,20.54,16.8,70.75,44.0,4.333333,,4.51742309895
1979-10-14,6.8,7.4,0.0,28.7,20.92,15.9,54.5,27.0,3.0,,5.10538607248
1979-10-15,7.1,6.4,0.0,29.1,21.98,17.2,62.25,39.0,2.333333,,4.52121853938
1979-10-16,5.5,3.7,0.0,26.9,20.98,16.8,69.5,50.0,3.0,,3.74403570149
1979-10-17,3.9,2.1,0.0,27.2,22.0,17.9,64.0,46.0,2.333333,,3.48063827381
1979-10-18,4.2,1.2,0.0,25.5,19.88,17.3,70.5,51.0,2.666667,,3.07548023863
1979-10-19,3.0,1.4,0.6,25.7,20.48,17.0,69.75,56.0,2.666667,,3.14566292366
1979-10-20,5.0,0.1,1.0,24.4,19.44,17.0,84.0,70.0,2.5,,2.31306761835
1979-10-21,2.7,3.8,0.2,24.8,19.12,16.2,87.5,66.0,4.333333,,2.96473906587
1979-10-22,3.3,3.2,1.3,23.6,18.74,15.7,88.0,87.0,3.666667,,2.75932708234
1979-10-23,3.5,6.0,1.0,27.0,19.78,15.9,68.5,48.0,4.0,,4.42404715001
1979-10-24,7.7,8.8,0.0,27.2,20.5,15.7,57.5,34.0,5.0,,5.70625050087
1979-10-25,7.3,8.9,0.0,27.0,20.44,16.3,55.5,34.0,3.666667,,5.47684156887
1979-10-26,7.3,6.2,0.0,28.3,20.68,15.9,56.25,33.0,2.333333,,4.57793072543
1979-10-27,6.0,6.9,0.0,29.8,21.7,17.1,57.25,28.0,2.333333,,4.85693747321
1979-10-28,6.0,7.4,0.0,28.6,21.34,16.5,63.25,38.0,2.333333,,4.69082736415
1979-10-29,5.5,7.1,0.0,29.0,22.32,16.4,57.5,37.0,2.666667,,4.92923494847
1979-10-30,5.3,1.1,0.0,24.4,19.92,17.3,74.0,60.0,2.666667,,2.91130613325
1979-10-31,3.8,4.9,0.0,26.6,20.96,17.5,69.75,52.0,2.0,,3.82308129794
1979-11-01,4.7,5.4,0.1,26.0,20.02,16.8,68.75,48.0,2.333333,,3.96675880552
1979-11-02,5.4,0.5,0.0,24.9,20.18,17.1,69.5,57.0,2.0,,2.79828962507
1979-11-03,5.1,5.9,0.0,26.1,21.06,16.8,62.0,47.0,2.333333,,4.26261865265
1979-11-04,5.8,9.1,0.0,30.5,23.0,16.7,55.0,38.0,2.0,,5.30446165848
1979-11-05,7.2,6.6,0.0,29.5,23.16,18.1,59.25,43.0,2.666667,,4.89373702515
1979-11-06,7.2,5.0,0.0,26.8,21.46,18.1,71.25,52.0,1.666667,,3.78499098451
1979-11-07,4.7,5.3,0.0,28.0,21.68,17.5,65.0,41.0,1.333333,,3.9145049491
1979-11-08,3.7,5.3,0.9,28.4,21.54,18.5,74.5,47.0,2.0,,3.95078485975
1979-11-09,5.4,5.2,0.3,27.0,21.16,18.2,67.5,48.0,2.0,,4.00519216484
1979-11-10,4.2,2.6,0.0,27.9,21.92,17.7,84.0,65.0,3.333333,,3.10216718641
1979-11-11,2.0,0.7,27.0,24.9,21.06,17.8,86.5,75.0,3.666667,,2.4763054207
1979-11-12,1.6,0.0,18.6,22.8,18.44,16.8,87.75,71.0,2.666667,,2.15416364357
1979-11-13,1.0,4.4,15.4,26.1,20.24,16.1,75.0,49.0,3.0,,3.6642868861
1979-11-14,5.9,9.8,0.0,25.9,20.4,17.3,61.5,44.0,5.0,,5.65741330915
1979-11-15,7.7,4.8,0.0,25.7,19.5,16.3,70.75,45.0,4.666667,,4.14411111734
1979-11-16,5.5,3.4,0.5,23.7,18.64,15.5,83.5,62.0,4.0,,3.03259669769
1979-11-17,2.7,7.5,1.5,26.9,19.88,16.3,72.5,40.0,3.0,,4.45465674526
1979-11-18,6.1,6.6,0.0,26.5,20.84,17.0,71.0,46.0,4.0,,4.47264562496
1979-11-19,5.1,7.1,0.0,27.8,20.96,16.8,67.25,46.0,1.333333,,4.26821887793
1979-11-20,4.6,4.4,0.0,27.9,21.84,17.9,67.0,39.0,1.666667,,3.79477930163
1979-11-21,4.6,1.2,0.2,26.8,20.94,18.1,79.25,47.0,4.0,,3.05482070742
1979-11-22,3.3,0.4,11.8,24.5,20.28,18.1,93.5,90.0,2.333333,,2.1362286044
1979-11-23,1.3,3.2,10.0,26.2,20.94,17.7,83.75,67.0,4.333333,,3.20935038716
1979-11-24,3.5,7.1,0.0,27.4,21.1,17.7,72.0,50.0,3.333333,,4.54105673451
1979-11-25,4.9,10.2,0.0,29.8,22.78,17.5,58.5,35.0,2.0,,5.47021566676
1979-11-26,6.0,7.7,0.0,31.3,24.66,16.8,49.5,29.0,2.666667,,5.54390150968
1979-11-27,5.8,2.7,0.0,28.2,22.4,18.8,83.0,59.0,2.666667,,3.1783850761
1979-11-28,1.8,0.0,3.5,19.7,18.2,17.1,95.75,95.0,4.333333,,1.72045118311
1979-11-29,0.7,0.3,0.6,21.9,18.54,16.3,82.75,66.0,5.0,,2.50143626427
1979-11-30,3.7,9.6,0.0,25.5,19.64,14.5,71.75,56.0,3.333333,,4.73429815441
1979-12-01,5.8,5.7,0.0,27.4,20.98,16.6,70.5,47.0,3.333333,,4.26427584467
1979-12-02,4.6,6.7,0.2,26.6,21.2,18.4,73.5,56.0,2.666667,,4.28867219423
1979-12-03,5.1,10.7,0.0,26.6,20.74,17.1,65.25,46.0,2.333333,,5.23916189442
1979-12-04,7.1,10.2,0.0,26.9,20.94,16.4,61.5,40.0,3.333333,,5.44432791909
1979-12-05,6.6,7.5,0.0,28.7,21.34,17.2,60.25,32.0,2.333333,,4.85991494712
1979-12-06,5.3,9.5,0.0,29.8,23.06,17.5,58.5,33.0,2.0,,5.31725091034
1979-12-07,7.0,8.9,0.0,29.2,22.66,17.9,53.5,34.0,2.666667,,5.52713770471
1979-12-08,6.8,5.2,0.0,28.1,21.36,17.3,58.25,39.0,2.0,,4.2675609194
1979-12-09,5.2,6.6,0.0,28.8,22.22,17.7,59.75,41.0,1.333333,,4.34572511324
1979-12-10,6.3,5.6,0.0,26.7,20.72,17.3,68.0,49.0,2.666667,,4.18794615477
1979-12-11,5.6,6.7,0.0,27.6,21.16,17.6,54.25,39.0,3.666667,,5.28294642457
1979-12-12,7.7,8.5,0.0,28.2,21.14,16.3,52.0,37.0,1.666667,,4.90886113138
1979-12-13,6.5,7.3,0.0,28.1,22.32,17.7,58.75,42.0,2.333333,,4.83417034507
1979-12-14,7.2,6.7,0.0,27.3,21.64,18.1,61.75,42.0,3.666667,,4.96162254159
1979-12-15,7.2,10.4,0.0,28.5,21.66,16.4,53.25,35.0,3.666667,,6.04555069465
1979-12-16,7.9,7.6,0.0,29.1,21.4,18.2,73.0,41.0,4.0,,4.85436638884
1979-12-17,5.0,2.4,18.7,27.4,20.8,18.1,88.5,87.0,1.666667,,2.8540488718
1979-12-18,1.3,2.1,11.7,26.2,21.02,17.6,77.5,53.0,2.333333,,3.06788128571
1979-12-19,2.9,3.0,0.0,26.8,21.58,18.7,82.25,78.0,1.0,,3.07421918346
1979-12-20,2.3,0.5,0.0,24.0,20.4,18.8,76.0,59.0,2.0,,2.65848303641
1979-12-21,3.1,1.6,0.0,22.9,20.4,17.1,87.0,73.0,0.333333,,2.49313047345
1979-12-22,1.8,4.8,8.9,25.4,20.72,17.5,82.0,60.0,4.0,,3.55667971561
1979-12-23,2.6,8.1,0.0,27.6,21.98,18.7,66.75,43.0,2.0,,4.7373286108
1979-12-24,4.7,8.7,0.0,28.5,22.66,17.4,63.75,48.0,2.333333,,5.02509983678
1979-12-25,5.4,9.7,2.0,28.4,22.82,17.5,59.0,41.0,2.333333,,5.35034201746
1979-12-26,7.1,9.6,0.0,29.7,22.52,18.7,63.0,34.0,3.0,,5.57945541373
1979-12-27,5.8,8.8,0.0,29.4,22.34,17.7,67.0,41.0,2.666667,,5.12535192573
1979-12-28,5.1,10.0,0.0,28.8,23.0,17.6,59.0,41.0,2.666667,,5.55686684702
1979-12-29,6.8,3.0,0.2,25.9,21.42,19.2,78.5,64.0,2.666667,,3.31840151471
1979-12-30,3.2,2.4,0.3,26.0,20.9,18.3,83.0,58.0,1.666667,,2.93360079865
1979-12-31,2.9,1.7,19.1,25.2,20.5,18.7,84.5,70.0,1.666667,,2.7191629806
1980-01-01,1.9,0.0,0.3,24.8,20.9,18.4,79.5,58.0,1.333333,,2.36927262462
1980-01-02,2.5,1.6,0.0,25.2,21.46,18.5,80.75,66.0,1.333333,,2.73574506957
1980-01-03,2.1,2.3,11.3,26.5,20.84,17.5,81.75,64.0,1.333333,,2.90265030671
1980-01-04,1.4,2.2,30.2,24.6,20.58,18.7,85.5,70.0,4.0,,2.87443988052
1980-01-05,1.5,0.0,31.2,23.1,19.28,17.1,88.5,80.0,2.666667,,2.15937529007
1980-01-06,3.3,5.6,1.0,25.5,20.52,18.7,83.75,57.0,4.0,,3.70316105439
1980-01-07,3.1,6.7,8.1,25.1,19.8,15.8,77.0,57.0,4.666667,,4.10824535409
1980-01-08,4.5,5.2,0.9,25.1,19.78,17.0,79.25,58.0,4.0,,3.73217964829
1980-01-09,4.0,5.9,0.7,25.3,20.04,16.5,84.5,61.0,4.0,,3.61737507109
1980-01-10,2.6,3.5,1.9,26.1,20.62,17.6,79.75,56.0,2.0,,3.28022413603
1980-01-11,2.7,1.3,0.0,25.1,20.34,17.4,82.0,66.0,2.0,,2.67911160783
1980-01-12,2.4,2.8,0.0,25.9,20.6,18.5,81.5,60.0,2.333333,,3.12507886094
1980-01-13,1.8,1.7,9.9,25.8,20.24,18.2,85.5,65.0,1.666667,,2.7071638723
1980-01-14,1.3,2.3,51.1,25.4,20.26,18.1,86.0,56.0,1.666667,,2.82157613201
1980-01-15,1.4,1.3,32.4,25.8,20.08,17.8,87.5,64.0,2.333333,,2.57457681088
1980-01-16,2.0,3.7,3.1,25.5,20.32,17.3,80.25,61.0,2.333333,,3.30485336941
1980-01-17,3.3,7.6,0.6,26.1,20.8,18.1,80.25,54.0,4.0,,4.29345585452
1980-01-18,4.8,8.8,0.3,26.3,21.3,18.2,73.25,53.0,3.333333,,4.81054849876
1980-01-19,6.5,7.8,0.1,26.5,21.18,17.7,73.25,49.0,4.333333,,4.69769496693
1980-01-20,4.2,9.3,0.0,26.8,21.24,18.5,71.75,52.0,2.333333,,4.90552485439
1980-01-21,4.8,11.1,0.0,28.9,22.18,17.2,65.5,42.0,2.0,,5.48295387554
1980-01-22,5.5,10.1,0.0,28.2,21.74,16.5,65.25,46.0,2.333333,,5.24500773801
1980-01-23,5.8,8.3,0.0,27.2,21.44,17.8,72.25,51.0,3.0,,4.75427932338
1980-01-24,4.9,6.2,0.1,26.7,21.46,17.7,72.5,51.0,2.666667,,4.20904210185
1980-01-25,4.7,10.4,0.0,27.6,21.58,17.7,64.0,41.0,2.666667,,5.42508806019
1980-01-26,5.6,7.4,0.0,27.8,21.06,18.3,66.5,43.0,1.666667,,4.52104777477
1980-01-27,4.7,6.4,0.0,27.6,21.64,17.4,70.25,52.0,2.333333,,4.3084398846
1980-01-28,4.0,2.0,0.2,27.9,21.58,19.2,78.75,48.0,1.333333,,2.98198076572
1980-01-29,2.5,2.4,17.0,26.0,20.52,18.4,85.5,64.0,1.666667,,2.88621310993
1980-01-30,1.7,3.1,9.5,26.8,21.18,17.9,79.25,51.0,2.666667,,3.31853061159
1980-01-31,2.9,3.9,1.6,26.4,21.42,18.5,80.75,59.0,4.0,,3.54372074525
1980-02-01,2.9,2.1,0.4,26.2,21.66,18.1,79.0,53.0,3.0,,3.12191414069
1980-02-02,2.4,2.0,4.2,26.2,21.34,19.0,83.5,72.0,1.666667,,2.85601499506
1980-02-03,1.8,0.1,19.2,25.6,21.5,17.7,81.25,58.0,3.666667,,2.63389326964
1980-02-04,2.4,0.0,9.3,22.2,20.24,17.9,90.5,84.0,4.0,,2.07380853795
1980-02-05,0.7,0.2,11.2,24.6,21.02,19.3,85.0,75.0,4.0,,2.50235436725
1980-02-06,1.9,0.4,9.5,25.0,21.16,18.6,86.5,71.0,5.666667,,2.5245393956
1980-02-07,2.2,1.2,7.8,24.6,20.78,19.1,91.5,82.0,3.333333,,2.3907078481
1980-02-08,0.8,2.7,25.2,25.2,20.92,19.0,86.0,67.0,3.0,,2.96237610721
1980-02-09,1.2,0.7,62.4,24.8,20.42,18.7,96.25,94.0,3.0,,2.09156628172
1980-02-10,0.8,2.3,36.7,23.6,19.7,17.7,94.0,88.0,4.0,,2.40182399776
1980-02-11,1.3,3.1,20.6,23.4,20.16,18.2,79.5,63.0,4.333333,,3.2803770566
1980-02-12,3.5,3.2,0.0,24.8,20.38,17.7,89.25,85.0,2.333333,,2.89753885686
1980-02-13,2.0,3.5,0.7,26.4,21.3,18.1,77.75,54.0,2.666667,,3.42966625732
1980-02-14,4.2,1.6,0.0,23.8,20.1,18.1,79.75,52.0,3.666667,,2.93139921941
1980-02-15,3.4,0.0,2.0,20.6,18.6,17.4,97.75,92.0,2.333333,,1.79568231964
1980-02-16,0.6,0.2,18.1,22.8,19.42,17.3,88.25,71.0,3.666667,,2.20369339185
1980-02-17,1.7,0.0,1.0,21.8,18.82,17.3,93.5,87.0,2.666667,,1.93314890817
1980-02-18,0.9,1.5,0.8,25.8,20.38,17.7,88.25,65.0,2.333333,,2.5661991293
1980-02-19,1.5,0.0,47.0,23.4,19.38,17.5,85.25,70.0,4.0,,2.33701209199
1980-02-20,2.0,4.7,0.2,27.0,21.98,17.7,74.0,53.0,2.0,,3.71106133087
1980-02-21,1.9,0.0,32.7,22.8,19.74,18.5,97.0,86.0,2.333333,,1.87964168179
1980-02-22,0.4,7.1,9.8,25.2,20.74,18.5,77.0,56.0,3.0,,4.18628016121
1980-02-23,3.7,3.3,1.6,24.4,19.78,17.7,87.5,69.0,3.0,,2.92502982716
1980-02-24,2.5,7.0,0.0,25.6,20.46,17.3,80.25,54.0,3.666667,,4.03794391715
1980-02-25,4.4,5.1,0.0,25.6,20.38,17.5,81.5,57.0,4.0,,3.61738069968
1980-02-26,4.0,4.7,2.0,26.0,20.86,17.5,79.5,53.0,3.0,,3.57905469771
1980-02-27,3.4,6.0,0.0,26.2,20.58,17.9,81.5,52.0,3.0,,3.80885644106
1980-02-28,3.7,3.8,0.0,26.2,20.52,17.8,80.75,56.0,4.0,,3.42781559292
1980-02-29,2.9,7.8,0.0,26.1,19.82,16.5,78.0,49.0,4.0,,4.28326425916
1980-03-01,3.3,2.9,0.3,24.6,19.86,17.9,82.5,59.0,3.666667,,3.05613400518
1980-03-02,3.6,2.1,4.2,23.4,19.54,17.1,89.25,85.0,4.0,,2.51055542553
1980-03-03,2.0,3.6,2.2,24.1,19.4,16.5,83.75,65.0,3.666667,,3.0552428277
1980-03-04,2.9,5.3,4.3,25.9,20.26,17.5,80.75,57.0,4.0,,3.6765882276
1980-03-05,3.5,1.9,0.2,24.1,19.58,16.5,84.5,67.0,5.0,,2.73547175437
1980-03-06,2.7,2.5,7.7,23.9,19.86,17.3,84.25,68.0,3.333333,,2.81164165326
1980-03-07,3.0,1.7,0.5,24.5,19.92,17.1,88.25,80.0,6.0,,2.52067383597
1980-03-08,2.2,2.5,2.2,23.7,19.56,17.3,92.5,83.0,3.666667,,2.44359524527
1980-03-09,1.7,3.2,2.7,24.5,19.5,16.3,82.75,60.0,3.666667,,3.00636376513
1980-03-10,3.1,6.2,0.0,25.3,20.24,16.3,74.0,58.0,2.666667,,3.87838989247
1980-03-11,4.2,7.9,0.2,26.6,20.84,18.0,77.0,50.0,3.0,,4.32020176322
1980-03-12,5.0,9.0,0.0,26.8,20.68,17.2,74.75,49.0,2.333333,,4.52439062803
1980-03-13,4.4,6.2,0.0,25.9,20.3,17.6,77.25,53.0,1.666667,,3.74812848073
1980-03-14,3.6,8.8,0.0,27.7,20.96,18.0,73.0,47.0,3.0,,4.69879377886
1980-03-15,4.2,7.6,0.0,26.5,21.16,17.5,75.75,46.0,3.333333,,4.26819976659
1980-03-16,5.1,7.1,0.3,25.5,20.84,17.5,74.25,57.0,2.0,,3.98798452511
1980-03-17,3.9,7.5,2.2,25.7,20.66,17.8,77.0,55.0,5.333333,,4.28119052147
1980-03-18,4.6,6.4,0.5,24.4,19.02,16.0,80.75,54.0,4.666667,,3.65539497441
1980-03-19,4.2,5.9,0.1,24.0,19.56,16.5,81.5,70.0,3.333333,,3.47652777078
1980-03-20,2.9,2.5,1.5,24.9,20.06,17.1,81.5,64.0,4.333333,,2.9622473995
1980-03-21,3.0,1.2,0.0,23.7,19.54,16.4,84.25,67.0,4.666667,,2.51934154055
1980-03-22,3.1,3.3,0.3,23.7,19.16,16.3,79.75,59.0,2.666667,,2.95619763471
1980-03-23,3.6,9.3,0.0,25.5,20.44,17.3,79.0,53.0,5.333333,,4.38385133335
1980-03-24,4.6,2.9,4.7,24.5,19.68,17.3,86.5,61.0,4.333333,,2.74201478449
1980-03-25,3.2,7.5,0.0,25.1,20.0,17.1,77.25,54.0,4.333333,,4.05077278809
1980-03-26,4.9,8.6,0.0,25.2,20.5,16.1,74.25,55.0,4.666667,,4.35833015602
1980-03-27,4.9,3.2,0.0,24.9,19.8,16.3,74.0,56.0,3.0,,3.19908359378
1980-03-28,3.9,10.0,0.0,25.5,20.0,15.5,71.0,53.0,2.666667,,4.49900170928
1980-03-29,5.3,5.0,0.0,24.5,19.0,16.5,77.25,55.0,3.0,,3.38400346655
1980-03-30,3.8,9.3,0.0,26.7,19.88,16.3,70.5,38.0,2.333333,,4.43569378731
1980-03-31,4.7,7.9,0.0,26.2,19.88,16.0,71.75,46.0,1.666667,,3.9652657135
1980-04-01,4.0,10.1,0.0,27.8,20.88,16.2,64.5,40.0,2.0,,4.70060949429
1980-04-02,5.5,10.5,0.0,26.1,20.04,15.7,68.75,46.0,2.333333,,4.58775345982
1980-04-03,4.8,7.3,0.5,26.2,21.34,18.1,68.25,51.0,3.333333,,4.30837572673
1980-04-04,5.5,8.9,0.3,25.3,19.82,16.5,65.0,42.0,2.666667,,4.40714286609
1980-04-05,5.5,5.0,0.0,25.4,19.82,16.9,70.5,44.0,2.333333,,3.49156770274
1980-04-06,3.6,7.1,0.0,26.6,20.3,15.5,75.0,56.0,2.333333,,3.77068379003
1980-04-07,3.5,5.2,0.0,27.7,21.02,17.5,76.0,53.0,2.666667,,3.55364690172
1980-04-08,3.6,7.6,0.0,27.4,21.64,18.3,71.25,51.0,2.666667,,4.16816292174
1980-04-09,4.0,6.7,0.0,28.3,21.56,18.8,71.25,41.0,2.666667,,4.06326117794
1980-04-10,4.4,10.6,0.0,28.2,21.74,17.1,69.25,49.0,1.666667,,4.57608729934
1980-04-11,5.1,10.1,0.0,26.9,20.98,17.9,66.5,40.0,2.666667,,4.66966616642
1980-04-12,5.5,7.3,0.0,27.5,22.2,18.9,71.75,48.0,3.0,,4.13702861415
1980-04-13,4.4,7.5,0.0,26.9,20.12,17.7,72.0,40.0,2.333333,,3.94273981663
1980-04-14,4.3,6.9,0.0,27.6,20.66,16.1,72.0,49.0,2.333333,,3.79935613756
1980-04-15,3.8,6.8,0.0,27.8,21.14,17.5,69.25,44.0,2.0,,3.82825498288
1980-04-16,3.5,4.7,0.0,25.0,20.14,17.7,79.25,57.0,3.333333,,3.18631941169
1980-04-17,4.1,9.6,0.0,25.8,20.14,16.7,74.0,46.0,7.333333,,4.57010559416
1980-04-18,6.8,7.9,2.4,25.6,19.9,16.9,76.75,43.0,9.0,,4.21241633874
1980-04-19,5.7,4.0,0.7,24.6,19.5,16.9,82.5,58.0,5.666667,,2.98997207918
1980-04-20,2.4,3.2,0.5,23.6,19.14,16.5,89.5,69.0,4.333333,,2.37258419848
1980-04-21,2.4,6.9,2.8,24.3,19.14,15.8,84.75,66.0,4.666667,,3.19049739477
1980-04-22,3.8,4.6,0.0,25.0,19.6,16.4,81.75,53.0,5.0,,3.06692315341
1980-04-23,4.7,0.8,0.0,22.5,18.94,16.9,89.0,72.0,4.333333,,1.97056770729
1980-04-24,2.3,0.6,0.1,22.7,18.68,16.9,94.25,89.0,4.666667,,1.66517087105
1980-04-25,1.2,4.4,4.4,23.1,19.08,16.1,75.5,61.0,4.666667,,3.19330890981
1980-04-26,3.7,2.0,0.7,22.6,18.74,16.1,83.25,61.0,4.666667,,2.41906267242
1980-04-27,3.6,0.0,0.0,20.6,17.64,16.2,84.75,68.0,3.666667,,1.92160816603
1980-04-28,2.0,0.0,0.0,20.5,18.2,16.1,87.5,72.0,4.0,,1.80576605678
1980-04-29,1.8,0.1,0.0,22.2,18.66,16.5,92.25,78.0,4.333333,,1.64816195734
1980-04-30,1.2,0.3,0.9,22.8,19.36,17.0,88.25,76.0,3.666667,,1.88050684776
1980-05-01,1.8,0.8,1.0,23.2,18.62,16.5,83.0,62.0,2.333333,,2.06378837795
1980-05-02,2.4,8.4,0.0,25.3,19.48,15.5,74.25,50.0,1.666667,,3.49318190855
1980-05-03,1.8,7.6,0.0,26.4,20.16,16.6,72.0,45.0,1.666667,,3.48531357443
1980-05-04,3.3,7.4,0.0,27.4,21.78,17.7,62.75,42.0,3.333333,,4.21487189743
1980-05-05,4.6,2.8,0.2,24.9,20.74,18.2,79.0,61.0,4.0,,2.80078772429
1980-05-06,3.4,0.6,0.0,22.9,19.62,17.8,86.25,70.0,3.666667,,2.00380160957
1980-05-07,2.4,7.9,0.1,24.7,19.38,15.0,74.0,57.0,4.666667,,3.68904185326
1980-05-08,5.4,4.5,0.0,24.3,19.76,16.7,81.75,61.0,4.333333,,2.84234725568
1980-05-09,2.8,6.3,1.0,24.5,19.32,16.5,85.5,60.0,4.0,,2.90723167294
1980-05-10,3.1,5.0,1.6,24.1,19.22,16.4,84.5,59.0,3.333333,,2.70165482706
1980-05-11,2.3,2.6,0.5,23.9,19.54,17.0,83.75,64.0,3.333333,,2.37287348464
1980-05-12,3.6,7.2,0.6,24.8,19.5,16.7,80.5,63.0,5.666667,,3.35678880815
1980-05-13,4.0,4.1,3.8,22.0,17.8,16.0,84.75,62.0,4.333333,,2.46694152044
1980-05-14,2.5,6.1,2.6,19.1,17.9,15.4,83.25,57.0,3.333333,,2.5943995032
1980-05-15,3.9,4.1,2.4,22.8,18.76,16.3,83.75,69.0,3.0,,2.47719327457
1980-05-16,2.2,6.4,0.0,24.4,19.02,15.9,81.25,60.0,5.333333,,3.09559989426
1980-05-17,3.3,2.1,0.2,22.4,19.16,16.9,94.5,93.0,2.333333,,1.81523716547
1980-05-18,1.4,1.0,0.8,22.4,18.5,16.6,85.75,73.0,2.333333,,1.89001865318
1980-05-19,2.0,4.8,0.0,24.3,19.72,16.7,86.25,68.0,3.666667,,2.55948743017
1980-05-20,1.7,6.9,14.7,24.1,18.56,15.7,78.5,61.0,3.0,,3.05520222523
1980-05-21,4.0,7.8,0.0,24.0,19.26,16.3,80.5,64.0,5.666667,,3.28274957377
1980-05-22,4.3,7.1,0.0,24.3,19.36,15.8,76.75,61.0,4.333333,,3.283898978
1980-05-23,4.0,9.8,0.0,23.3,18.32,14.7,73.0,49.0,4.0,,3.62122689259
1980-05-24,4.5,4.9,0.8,22.9,18.58,16.2,89.0,73.0,3.666667,,2.34542100328
1980-05-25,1.9,4.9,1.4,23.3,18.58,16.4,81.5,60.0,3.0,,2.6224945356
1980-05-26,2.8,9.0,0.3,24.0,18.84,16.2,78.75,57.0,7.0,,3.55963881565
1980-05-27,4.8,4.4,0.0,23.2,18.14,15.1,84.25,76.0,4.0,,2.45131245833
1980-05-28,3.5,2.6,0.7,22.6,17.54,15.5,93.0,85.0,5.0,,1.78422545312
1980-05-29,2.4,5.9,0.7,22.4,17.7,15.5,86.75,62.0,3.0,,2.4853305209
1980-05-30,2.9,7.2,0.6,23.5,18.6,15.5,79.0,54.0,3.333333,,2.99189221563
1980-05-31,4.5,4.8,0.0,23.4,18.26,15.9,85.75,61.0,3.666667,,2.43937027637
1980-06-01,3.6,5.9,1.6,23.8,18.48,15.8,81.0,39.0,4.0,,2.81471662495
1980-06-02,4.4,9.3,0.0,24.5,18.46,15.6,70.0,53.0,2.0,,3.37149338688
1980-06-03,3.7,7.7,0.0,26.5,19.02,14.6,73.0,40.0,1.666667,,3.10093934486
1980-06-04,3.3,9.0,0.0,25.9,19.74,16.2,73.5,45.0,3.0,,3.52313226772
1980-06-05,4.8,3.1,0.0,23.2,18.04,15.8,82.0,57.0,4.666667,,2.42592143252
1980-06-06,3.4,0.6,0.0,21.3,17.9,15.4,94.0,88.0,4.333333,,1.43141885382
1980-06-07,1.1,1.9,3.3,21.9,17.84,16.0,93.0,87.0,4.333333,,1.66742497807
1980-06-08,1.6,2.6,2.4,22.5,17.72,15.3,85.25,59.0,5.0,,2.16127953827
1980-06-09,3.4,6.9,0.0,22.4,17.64,14.6,76.75,54.0,4.666667,,3.02331165
1980-06-10,5.7,8.3,0.0,23.0,18.42,15.5,77.5,56.0,8.666667,,3.48200913093
1980-06-11,4.4,4.3,0.4,22.6,17.38,14.9,81.5,53.0,2.0,,2.30041902268
1980-06-12,2.7,4.2,0.7,22.0,17.06,14.5,88.5,63.0,3.333333,,2.10389291759
1980-06-13,2.1,7.3,0.0,23.8,17.32,14.6,78.5,56.0,2.0,,2.8071601422
1980-06-14,2.7,8.7,0.0,27.8,18.9,13.1,64.5,28.0,1.333333,,3.24615162662
1980-06-15,4.6,10.1,0.0,26.0,19.36,13.4,65.5,36.0,1.666667,,3.41948412375
1980-06-16,5.7,0.1,0.2,20.3,17.42,15.9,85.5,72.0,4.333333,,1.75514841061
1980-06-17,2.2,0.2,0.0,20.1,16.44,14.3,84.5,70.0,5.666667,,1.84808061635
1980-06-18,2.1,1.7,0.0,20.0,17.1,14.8,83.0,68.0,4.333333,,2.01104888022
1980-06-19,2.1,0.0,0.0,21.3,17.88,14.8,85.0,72.0,4.0,,1.74942620179
1980-06-20,1.8,4.2,1.4,23.7,18.14,16.2,86.0,65.0,2.666667,,2.27875355873
1980-06-21,2.3,6.2,0.5,24.5,18.28,15.4,77.75,51.0,2.333333,,2.76947387331
1980-06-22,3.8,8.1,0.0,23.9,18.14,15.8,79.25,55.0,2.0,,2.93709735475
1980-06-23,3.2,9.6,0.0,25.6,18.98,15.3,71.5,43.0,2.0,,3.37127955001
1980-06-24,4.4,4.2,0.0,25.5,18.66,15.6,80.0,60.0,2.666667,,2.53005183629
1980-06-25,3.4,7.8,0.0,24.8,18.24,15.6,74.75,50.0,2.333333,,3.08439703457
1980-06-26,4.0,4.2,0.0,23.8,17.94,15.3,80.25,55.0,2.333333,,2.40332559706
1980-06-27,2.4,5.0,0.2,24.0,17.88,14.8,75.25,49.0,2.333333,,2.64007568372
1980-06-28,3.8,2.9,0.0,21.8,18.18,15.7,80.75,58.0,5.666667,,2.45968930796
1980-06-29,2.7,0.2,2.3,19.0,16.98,15.7,94.5,88.0,5.0,,1.29198419566
1980-06-30,1.0,9.0,1.6,22.6,16.98,14.7,78.5,49.0,4.666667,,3.17993209288
1980-07-01,4.4,5.8,0.3,22.5,17.84,15.2,85.5,64.0,4.0,,2.479639493
1980-07-02,3.0,3.5,0.0,22.7,18.1,15.3,81.75,62.0,4.0,,2.38294061014
1980-07-03,2.9,7.5,2.2,23.3,17.52,15.4,78.25,50.0,2.666667,,2.92605272048
1980-07-04,3.5,8.1,0.0,24.1,17.06,14.4,74.25,47.0,3.666667,,3.2649512367
1980-07-05,4.0,7.1,0.0,23.5,17.56,14.2,68.0,45.0,4.0,,3.41266300927
1980-07-06,3.3,1.2,1.4,19.9,16.6,14.5,95.0,75.0,3.666667,,1.42432395151
1980-07-07,1.1,0.0,0.7,18.8,16.26,14.4,96.0,92.0,3.333333,,1.22799623569
1980-07-08,1.0,6.1,10.7,20.6,15.86,13.9,79.0,53.0,3.666667,,2.64370957038
1980-07-09,3.6,6.6,0.0,21.2,17.1,12.1,77.5,63.0,4.0,,2.75484412272
1980-07-10,3.3,0.1,1.7,18.2,16.04,14.4,93.25,89.0,3.0,,1.34182122972
1980-07-11,1.0,3.9,0.0,23.0,17.5,14.1,83.25,55.0,5.666667,,2.4593944046
1980-07-12,3.3,0.2,0.5,19.2,16.8,14.6,95.5,89.0,4.666667,,1.25477397117
1980-07-13,0.7,0.6,1.9,20.8,17.82,15.7,94.5,85.0,3.333333,,1.44159831831
1980-07-14,1.1,1.9,1.6,23.3,18.04,15.7,88.75,65.0,2.0,,1.87659357402
1980-07-15,1.7,8.2,0.0,26.7,18.86,14.8,80.5,43.0,0.333333,,2.97683514844
1980-07-16,3.7,7.6,0.0,23.3,18.4,15.6,77.0,60.0,6.0,,3.36323808034
1980-07-17,2.4,0.0,1.4,18.3,16.34,15.0,94.75,86.0,4.333333,,1.27804797274
1980-07-18,0.6,0.9,1.1,20.9,17.12,15.1,92.5,82.0,3.333333,,1.56698102643
1980-07-19,0.5,3.9,2.1,21.9,17.76,15.6,89.0,70.0,4.0,,2.15168631279
1980-07-20,0.6,7.8,0.1,22.7,17.26,14.9,73.5,51.0,2.333333,,3.10310072922
1980-07-21,4.1,6.1,0.0,23.4,17.46,14.9,74.75,52.0,1.333333,,2.72458798467
1980-07-22,3.9,8.2,0.0,23.7,17.34,14.5,70.75,45.0,1.333333,,3.08751574456
1980-07-23,4.3,7.0,0.0,23.8,17.34,13.8,66.25,40.0,2.333333,,3.22279049214
1980-07-24,4.1,8.6,0.0,22.6,17.1,14.1,72.25,46.0,4.0,,3.46464249238
1980-07-25,5.9,5.0,0.2,21.2,16.78,14.5,82.5,59.0,5.666667,,2.6139341644
1980-07-26,3.7,8.9,0.0,22.8,16.94,13.5,69.5,48.0,5.666667,,3.83564696605
1980-07-27,5.3,6.0,0.0,23.7,17.56,14.5,67.25,38.0,2.333333,,3.11888670381
1980-07-28,4.5,5.1,0.0,22.9,17.56,14.7,73.0,49.0,3.666667,,3.03520335629
1980-07-29,5.2,6.1,0.0,22.7,17.14,14.5,73.0,56.0,3.0,,3.05549969271
1980-07-30,4.5,5.3,0.0,23.6,17.3,14.3,71.75,51.0,2.333333,,2.92111296437
1980-07-31,4.1,9.5,0.0,24.3,17.32,13.3,68.25,43.0,2.666667,,3.67050953324
1980-08-01,4.7,8.8,0.0,23.3,17.46,13.6,64.25,47.0,5.333333,,4.16302444111
1980-08-02,7.6,4.6,0.1,21.9,16.76,14.0,76.5,54.0,4.333333,,2.85831438067
1980-08-03,4.8,5.5,2.6,21.7,16.86,14.2,84.75,59.0,4.333333,,2.59927467002
1980-08-04,2.8,3.7,1.1,21.1,16.54,13.6,88.25,66.0,6.333333,,2.16802200412
1980-08-05,2.8,5.4,2.3,22.0,16.32,13.2,78.5,47.0,4.333333,,2.86592210993
1980-08-06,4.7,7.4,0.0,23.0,17.3,12.9,68.5,49.0,3.666667,,3.52173582968
1980-08-07,5.0,7.0,0.0,25.2,17.42,13.7,81.5,53.0,2.333333,,3.06524168959
1980-08-08,3.8,4.2,0.0,23.6,17.78,14.9,80.0,50.0,3.333333,,2.73059024427
1980-08-09,4.4,6.9,1.1,23.3,16.8,14.5,71.0,45.0,5.0,,3.65956737454
1980-08-10,4.6,8.0,0.0,23.2,17.34,13.3,65.75,41.0,2.666667,,3.57909035359
1980-08-11,5.7,9.2,0.0,24.5,17.44,13.5,59.75,39.0,2.333333,,3.92291100222
1980-08-12,5.2,10.3,0.0,24.5,18.2,13.3,55.25,34.0,2.333333,,4.18062322602
1980-08-13,5.7,5.7,0.0,23.7,17.76,14.7,68.75,40.0,5.0,,3.70181336166
1980-08-14,5.0,6.1,0.0,23.2,17.52,14.1,77.25,54.0,4.0,,3.17518457727
1980-08-15,4.6,0.9,0.0,21.4,16.22,12.9,83.5,63.0,3.0,,1.99994785529
1980-08-16,2.8,9.0,0.0,24.8,18.06,13.9,64.25,42.0,1.333333,,3.63647486585
1980-08-17,4.1,7.0,0.3,25.0,18.5,14.7,73.0,49.0,2.333333,,3.42659355089
1980-08-18,3.8,6.2,0.0,25.2,18.94,16.1,70.25,50.0,2.333333,,3.44271338485
1980-08-19,4.8,7.0,0.0,25.4,19.06,16.1,60.25,36.0,4.0,,4.34004924558
1980-08-20,5.9,7.5,0.0,25.2,18.64,15.0,66.25,38.0,4.0,,4.09494597952
1980-08-21,5.7,5.2,0.0,25.6,18.66,15.3,68.5,38.0,2.333333,,3.35340209524
1980-08-22,4.1,7.0,0.0,25.6,19.1,16.1,57.5,35.0,3.0,,4.19906943677
1980-08-23,4.0,9.0,0.0,26.2,19.12,14.8,56.0,33.0,4.333333,,4.96214036863
1980-08-24,8.8,8.6,0.0,25.0,18.86,15.1,60.75,39.0,5.0,,4.74825605437
1980-08-25,7.7,9.9,0.0,24.6,17.9,14.2,57.25,37.0,2.333333,,4.31587896936
1980-08-26,7.0,9.0,0.0,26.0,18.74,14.9,52.5,32.0,2.333333,,4.43379878565
1980-08-27,6.8,8.8,0.0,26.3,19.72,14.5,60.0,33.0,2.666667,,4.34923784015
1980-08-28,6.9,7.0,0.0,23.9,18.66,15.7,72.5,55.0,5.666667,,3.95969156573
1980-08-29,5.2,0.2,2.7,19.1,15.9,14.4,89.75,76.0,6.0,,1.73643904385
1980-08-30,1.9,0.6,0.2,20.5,16.44,13.2,86.25,69.0,4.0,,1.95875125599
1980-08-31,1.9,1.7,5.1,21.2,16.74,14.8,88.0,69.0,2.333333,,2.10051565847
1980-09-01,2.0,6.1,0.0,23.8,17.9,14.5,72.0,51.0,3.0,,3.50069021881
1980-09-02,4.1,7.3,0.0,23.7,18.24,14.7,69.0,40.0,2.666667,,3.74901874092
1980-09-03,4.4,8.1,0.0,28.2,20.22,15.3,62.0,30.0,1.666667,,4.13508389552
1980-09-04,4.2,7.4,0.0,30.4,21.02,14.1,59.75,22.0,2.333333,,4.4229988566
1980-09-05,4.4,7.7,0.0,26.6,19.48,14.4,75.0,49.0,3.0,,3.89746635283
1980-09-06,5.4,2.6,0.0,23.4,19.1,14.7,70.25,58.0,3.666667,,3.14486985516
1980-09-07,5.3,4.4,0.3,25.0,19.6,16.4,74.25,44.0,5.333333,,3.64058630978
1980-09-08,4.7,2.7,0.0,22.8,19.06,16.5,76.5,60.0,5.666667,,3.15170960718
1980-09-09,3.3,2.8,0.5,23.3,18.38,15.8,87.0,73.0,4.333333,,2.52142879493
1980-09-10,1.4,2.6,3.8,22.1,17.52,14.8,84.0,70.0,3.666667,,2.52976587105
1980-09-11,1.7,4.2,0.0,23.2,17.56,13.1,83.0,61.0,4.0,,2.84786051866
1980-09-12,2.5,6.3,4.8,22.7,17.04,14.5,74.5,50.0,4.666667,,3.64639941648
1980-09-13,4.6,6.5,0.0,23.5,17.36,13.3,76.75,45.0,5.0,,3.59772147115
1980-09-14,6.0,7.0,0.0,24.0,17.54,13.5,75.25,47.0,3.333333,,3.67526661376
1980-09-15,5.0,7.1,0.0,25.8,18.7,15.3,70.0,40.0,3.333333,,4.10293933884
1980-09-16,5.2,7.6,0.0,27.6,20.9,16.7,62.5,38.0,2.0,,4.31010542846
1980-09-17,5.5,6.7,0.0,27.0,20.92,18.1,70.25,43.0,3.666667,,4.31006983993
1980-09-18,6.5,4.5,0.0,27.0,19.62,17.1,72.25,55.0,4.666667,,3.93897807644
1980-09-19,6.3,7.4,0.0,26.2,19.76,16.1,67.25,40.0,2.666667,,4.23048322659
1980-09-20,3.0,9.2,0.0,26.0,19.34,14.9,64.25,39.0,2.666667,,4.5894697273
1980-09-21,1.5,8.3,0.0,27.8,20.54,16.5,61.25,32.0,2.666667,,4.73453104697
1980-09-22,1.1,6.3,0.0,29.7,22.38,16.0,61.0,39.0,2.666667,,4.49628855612
1980-09-23,1.6,3.7,0.0,25.7,20.62,18.2,79.0,57.0,4.333333,,3.3868557496
1980-09-24,3.8,0.2,1.2,22.2,18.64,16.8,92.5,79.0,3.333333,,1.88477211787
1980-09-25,1.0,1.6,1.0,25.7,20.6,17.4,80.75,63.0,2.0,,2.64365815341
1980-09-26,1.3,0.8,0.0,23.9,19.76,16.1,80.25,64.0,2.333333,,2.44077984401
1980-09-27,0.7,0.2,0.2,21.0,17.72,16.3,87.0,71.0,3.666667,,2.08251420888
1980-09-28,1.0,0.1,0.3,20.8,17.38,14.9,89.75,73.0,3.666667,,1.90922070177
1980-09-29,0.2,2.5,0.3,22.4,17.62,15.3,88.5,62.0,2.0,,2.47683484295
1980-09-30,0.4,3.6,0.0,24.8,19.3,16.1,78.75,53.0,4.0,,3.25917381292
1980-10-01,1.8,8.3,0.0,25.4,18.98,16.0,67.0,42.0,6.0,,4.96911012961
1980-10-02,1.3,1.7,0.0,23.2,18.1,14.1,71.25,53.0,6.0,,3.40937600563
1980-10-03,1.1,7.3,0.0,24.8,18.62,14.3,67.75,47.0,5.333333,,4.53910034274
1980-10-04,21.4,4.7,0.0,27.9,18.6,13.5,64.5,47.0,3.666667,,4.19999360209
1980-10-05,5.5,6.1,0.0,26.4,20.12,15.9,68.0,42.0,4.0,,4.34572701052
1980-10-06,7.1,7.5,0.0,27.9,20.54,15.1,60.5,35.0,4.333333,,5.12967149799
1980-10-07,9.4,8.0,0.0,26.5,20.36,16.4,63.25,40.0,6.666667,,5.44186516021
1980-10-08,7.5,5.4,0.0,25.7,19.4,15.9,72.25,50.0,5.333333,,4.15061916957
1980-10-09,6.9,9.1,0.0,27.3,20.22,15.6,60.25,38.0,3.333333,,5.16320125369
1980-10-10,7.2,6.7,0.0,29.1,20.36,16.0,58.25,26.0,2.333333,,4.62573687871
1980-10-11,6.2,8.1,0.0,27.9,20.78,15.0,60.25,38.0,3.0,,4.92342388555
1980-10-12,7.6,8.6,0.0,29.5,21.72,16.3,42.5,20.0,2.0,,5.25450615366
1980-10-13,8.3,5.1,0.0,29.4,23.34,18.7,48.25,31.0,1.666667,,4.33755012903
1980-10-14,6.2,5.0,0.0,28.2,21.46,16.1,63.75,40.0,3.333333,,4.36873096414
1980-10-15,6.2,0.6,4.9,24.4,19.3,17.3,86.25,57.0,4.666667,,2.43195832741
1980-10-16,3.3,0.0,1.6,23.4,18.5,16.1,83.0,54.0,4.666667,,2.42828553921
1980-10-17,4.3,6.8,0.9,25.2,19.58,15.7,71.0,49.0,6.0,,4.51741867444
1980-10-18,6.5,6.2,1.8,25.8,19.34,16.1,82.25,56.0,6.666667,,3.78034502808
1980-10-19,6.0,4.4,0.0,25.0,19.7,16.3,69.0,45.0,5.0,,4.12416620946
1980-10-20,7.6,7.8,0.0,26.8,20.5,15.9,63.75,39.0,4.333333,,5.02241165277
1980-10-21,8.8,9.4,0.0,27.1,20.06,15.0,52.75,30.0,4.666667,,5.9108163604
1980-10-22,10.1,9.2,0.0,28.1,20.2,14.6,50.0,28.0,3.0,,5.51998637984
1980-10-23,8.8,8.6,0.0,27.9,21.06,16.6,52.75,33.0,2.666667,,5.26840087408
1980-10-24,8.2,10.4,0.0,27.8,20.98,16.9,63.0,27.0,3.666667,,5.57223743018
1980-10-25,7.8,6.2,0.0,26.2,19.82,16.3,68.75,40.0,4.333333,,4.46669924778
1980-10-26,6.6,7.0,0.4,26.2,20.08,16.3,68.75,45.0,4.0,,4.56607305021
1980-10-27,6.3,5.5,0.0,25.4,18.42,15.1,68.25,38.0,2.333333,,3.88846640904
1980-10-28,5.1,8.1,0.0,28.8,21.1,15.9,54.25,33.0,2.666667,,5.19045583159
1980-10-29,7.0,7.9,0.0,30.6,21.98,17.3,50.75,27.0,2.333333,,5.31650920502
1980-10-30,7.9,8.2,0.0,30.2,21.16,16.2,48.25,23.0,1.666667,,5.01829317449
1980-10-31,7.4,5.5,0.0,31.4,22.94,17.3,54.75,30.0,1.0,,4.1020098113
1980-11-01,4.6,6.7,0.0,28.0,22.46,16.1,69.0,54.0,3.0,,4.47048939982
1980-11-02,4.8,3.4,0.0,26.4,21.62,18.5,77.0,52.0,3.666667,,3.55766056346
1980-11-03,4.4,0.9,0.0,25.7,20.84,17.5,73.5,53.0,3.333333,,3.08267333238
1980-11-04,3.8,1.8,0.0,25.3,20.16,17.3,78.5,55.0,3.666667,,3.06515555257
1980-11-05,3.0,0.1,0.7,23.5,19.6,16.3,77.25,60.0,2.666667,,2.54202435147
1980-11-06,3.4,0.0,0.2,23.1,18.9,16.8,93.25,82.0,2.666667,,1.96795865453
1980-11-07,1.0,0.0,2.3,20.9,18.68,17.2,89.75,82.0,1.666667,,2.03778740225
1980-11-08,0.8,1.1,3.7,24.5,19.58,17.2,89.75,80.0,1.333333,,2.38327268355
1980-11-09,2.3,1.1,5.8,24.7,19.84,17.1,75.75,52.0,4.333333,,3.11374720753
1980-11-10,5.0,8.4,0.0,26.2,21.04,16.4,63.75,39.0,4.0,,5.08149328047
1980-11-11,7.9,7.9,0.0,27.8,21.02,15.9,64.0,35.0,3.333333,,4.95476848557
1980-11-12,7.7,8.7,0.0,28.4,22.22,17.1,55.5,36.0,3.333333,,5.5455281138
1980-11-13,6.1,2.7,0.3,26.0,20.5,17.7,73.25,49.0,2.333333,,3.31229641229
1980-11-14,3.8,2.7,0.0,26.8,21.52,17.7,66.25,48.0,3.333333,,3.83282635261
1980-11-15,3.9,0.0,0.6,22.2,19.14,17.3,88.0,69.0,2.0,,2.12662686303
1980-11-16,1.6,2.9,8.6,25.0,20.02,17.1,78.0,63.0,2.333333,,3.14929503144
1980-11-17,3.7,7.8,0.2,26.4,21.3,17.1,61.5,46.0,3.0,,4.88895921726
1980-11-18,6.4,10.9,0.0,28.7,22.04,17.1,55.5,34.0,4.666667,,6.3935622605
1980-11-19,10.5,9.8,0.0,27.5,21.4,16.8,65.0,36.0,5.0,,5.610104756
1980-11-20,7.4,5.1,0.0,27.5,21.02,17.2,68.0,46.0,2.666667,,4.12848534646
1980-11-21,4.8,7.7,0.0,27.5,20.92,16.9,67.0,46.0,2.333333,,4.62329893795
1980-11-22,5.9,7.7,0.0,27.6,20.94,17.0,70.75,34.0,4.666667,,4.88034703717
1980-11-23,7.2,5.5,0.3,25.6,20.18,16.3,69.75,55.0,3.333333,,4.11329185492
1980-11-24,5.4,7.4,0.0,27.8,21.42,16.9,58.0,34.0,3.0,,5.03535411088
1980-11-25,6.5,1.0,0.0,25.4,21.38,17.9,74.25,55.0,2.0,,2.83527180395
1980-11-26,3.1,0.5,8.0,24.2,19.96,18.3,94.25,82.0,2.0,,2.15061400799
1980-11-27,1.4,1.8,36.2,23.2,20.22,18.1,89.0,79.0,2.666667,,2.54661573623
1980-11-28,2.0,3.3,7.4,25.8,20.54,17.9,89.25,80.0,3.666667,,2.94137039292
1980-11-29,2.7,3.0,0.6,25.0,20.34,17.3,85.0,68.0,4.0,,3.02063615035
1980-11-30,2.7,5.4,0.3,26.4,20.3,16.9,71.0,34.0,2.333333,,3.95417871155
1980-12-01,4.5,5.8,0.0,26.3,20.14,17.2,75.75,51.0,2.0,,3.87503459986
1980-12-02,4.1,10.1,0.0,28.3,22.58,16.7,60.0,47.0,3.0,,5.54178080064
1980-12-03,6.0,3.2,0.0,27.6,21.78,18.8,82.0,54.0,1.333333,,3.18862557837
1980-12-04,4.1,1.2,18.3,27.0,21.24,18.9,90.5,87.0,1.666667,,2.51801185116
1980-12-05,1.4,5.1,14.4,28.7,21.94,18.2,85.0,75.0,1.333333,,3.64535381877
1980-12-06,2.4,7.6,3.4,26.3,21.2,18.3,77.75,61.0,2.0,,4.28177241261
1980-12-07,4.2,5.5,0.0,27.0,20.56,17.0,71.75,47.0,1.666667,,3.87303060002
1980-12-08,3.5,4.4,0.0,26.2,20.66,17.7,77.5,51.0,1.666667,,3.49575376464
1980-12-09,3.0,4.9,0.0,26.4,20.62,17.5,74.25,48.0,2.333333,,3.7799980232
1980-12-10,3.5,,0.0,26.3,21.72,17.9,68.25,45.0,1.666667,,3.91606687127
1980-12-11,4.6,8.4,0.0,28.6,22.34,17.1,55.5,36.0,2.666667,,5.27994991284
1980-12-12,7.6,3.5,0.0,27.4,21.94,17.3,59.25,39.0,3.0,,4.20697435027
1980-12-13,6.1,8.6,0.0,29.2,21.74,16.3,58.25,33.0,3.0,,5.363759441
1980-12-14,6.4,7.1,0.0,29.4,23.0,18.0,61.0,36.0,1.666667,,4.61393790578
1980-12-15,6.6,0.7,0.0,26.7,21.64,18.1,78.5,70.0,2.0,,2.70748910885
1980-12-16,2.2,0.3,1.5,23.6,19.64,17.4,88.0,77.0,2.333333,,2.25058330763
1980-12-17,1.2,0.1,33.9,23.6,19.86,17.5,84.25,75.0,2.666667,,2.35027546142
1980-12-18,2.9,2.1,16.2,24.7,20.4,16.6,79.75,62.0,3.666667,,3.0323496779
1980-12-19,4.2,3.3,1.7,25.0,19.74,17.3,81.0,61.0,3.666667,,3.25471727002
1980-12-20,3.8,9.7,0.9,26.5,20.38,16.6,75.25,47.0,3.666667,,4.84902179052
1980-12-21,6.0,11.8,7.8,25.9,19.26,14.6,75.5,49.0,5.333333,,5.11982978505
1980-12-22,5.4,3.6,0.6,25.0,19.94,16.3,80.5,55.0,5.0,,3.37844430194
1980-12-23,4.1,2.3,0.0,25.4,20.42,17.9,77.5,55.0,4.666667,,3.36593296013
1980-12-24,4.2,6.7,0.2,26.4,20.06,17.5,78.75,40.0,3.666667,,4.13757496512
1980-12-25,5.4,8.3,1.0,26.6,20.34,17.1,72.0,43.0,3.0,,4.66149771164
1980-12-26,5.0,8.8,0.0,26.2,20.98,17.7,69.75,51.0,1.666667,,4.63186713743
1980-12-27,4.8,4.7,0.0,25.8,20.34,17.7,74.75,53.0,2.666667,,3.74879814305
1980-12-28,4.1,5.6,0.0,27.0,21.42,17.5,74.25,52.0,3.0,,4.06664511917
1980-12-29,4.7,4.1,0.2,26.7,20.7,17.4,74.25,53.0,3.0,,3.72828145
1980-12-30,4.6,4.6,0.0,27.5,20.92,17.7,73.75,51.0,2.666667,,3.86033962232
1980-12-31,3.9,3.1,0.0,25.9,20.46,16.2,77.0,59.0,2.666667,,3.2888624378
1981-01-01,,0.0,24.4,25.8,20.68,18.0,89.25,,,,4.15347540236
1981-01-02,,0.0,9.7,22.4,19.46,17.9,85.5,,,,3.01600010075
1981-01-03,,3.2,16.4,25.0,20.56,17.9,80.25,,,,3.91850395129
1981-01-04,,8.1,0.2,25.7,20.56,17.4,71.5,,,,4.24787563688
1981-01-05,,10.1,0.0,25.8,20.08,15.8,66.25,,,,4.57414611825
1981-01-06,,5.8,0.0,26.2,20.14,15.9,76.75,,,,4.67266850372
1981-01-07,,8.2,28.2,26.8,20.92,16.7,75.5,,,,4.71077887811
1981-01-08,,9.4,0.0,26.7,20.86,17.2,72.75,,,,4.59210687417
1981-01-09,,9.1,0.0,27.2,21.16,17.0,75.25,,,,4.77650813926
1981-01-10,,6.7,0.0,26.9,20.86,17.7,74.5,,,,4.55928738311
1981-01-11,,4.1,0.2,25.6,20.08,17.2,82.0,,,,4.25894312312
1981-01-12,,5.4,0.0,26.4,20.42,17.6,76.0,,,,4.42602577155
1981-01-13,,0.7,0.2,24.6,20.24,17.4,74.5,,,,3.90298144282
1981-01-14,,3.4,0.0,26.4,20.64,17.3,67.75,,,,4.48401012205
1981-01-15,,8.0,0.0,25.6,20.62,17.9,76.25,,,,4.11427711821
1981-01-16,,4.7,0.0,26.2,20.92,17.9,76.0,,,,4.30390287589
1981-01-17,,9.4,0.0,27.2,21.1,16.1,65.25,,,,4.92709551968
1981-01-18,,8.3,0.0,27.6,19.78,16.4,73.75,,,,4.99293066124
1981-01-19,,9.4,0.0,27.0,21.6,16.4,65.5,,,,4.82045005177
1981-01-20,,4.8,0.0,26.6,20.7,18.1,77.25,,,,4.38732069183
1981-01-21,,2.0,0.0,26.3,20.64,16.7,86.25,,,,4.56343215686
1981-01-22,,3.5,0.8,26.9,21.26,17.8,85.75,,,,4.53858571136
1981-01-23,,2.4,9.6,25.4,20.78,17.8,82.25,,,,4.06967303296
1981-01-24,,8.4,0.0,26.3,21.26,17.8,76.75,,,,4.35238563467
1981-01-25,,8.1,1.3,26.4,20.78,17.3,76.75,,,,4.47998902699
1981-01-26,,6.8,0.3,25.8,20.24,16.1,80.5,,,,4.51943399137
1981-01-27,,4.3,0.0,24.6,19.94,16.7,77.5,,,,4.04612433589
1981-01-28,,1.8,0.0,23.4,20.0,17.2,79.75,,,,3.5509289583
1981-01-29,,3.6,0.1,24.8,19.62,17.1,88.5,,,,4.02363470266
1981-01-30,,6.6,1.2,26.0,20.62,17.3,70.75,54.0,,,4.35287724928
1981-01-31,,10.2,0.0,27.6,21.54,17.4,63.0,45.0,,,4.81316489921
1981-02-01,,5.8,0.7,27.4,20.26,16.9,83.0,,,,4.8392704012
1981-02-02,,8.1,0.2,27.3,21.02,17.6,76.25,,,,4.68435278436
1981-02-03,,6.2,0.0,25.7,19.86,16.7,75.5,,,,4.37017819288
1981-02-04,,5.5,2.6,25.9,19.24,13.9,68.5,,,,4.87580433408
1981-02-05,,10.4,0.0,27.7,20.46,15.6,59.25,,,,5.12082685136
1981-02-06,,9.2,0.0,28.5,21.14,16.2,59.5,,,,5.25181260051
1981-02-07,,6.8,0.0,27.9,21.08,16.1,63.0,,,,5.09624207192
1981-02-08,,8.4,0.1,28.5,21.68,16.1,60.75,,,,5.26041149864
1981-02-09,,8.7,0.0,27.2,20.84,16.3,67.75,,,,4.86122787573
1981-02-10,,9.9,0.0,28.0,21.72,17.0,59.75,,,,4.97269844713
1981-02-11,,9.1,0.0,28.4,21.78,16.3,61.0,,,,5.1922520226
1981-02-12,,8.8,0.0,28.2,22.16,16.6,65.25,,,,5.08629131977
1981-02-13,,5.4,0.4,27.7,20.62,17.2,78.25,,,,4.84124204039
1981-02-14,,2.8,3.5,23.5,20.02,17.0,77.75,,,,3.59781375622
1981-02-15,,7.6,0.7,27.1,19.72,14.1,73.75,,,,5.13028979039
1981-02-16,,8.9,0.5,27.3,20.84,15.1,63.5,,,,5.0428418954
1981-02-17,,4.7,0.0,26.7,19.9,14.9,88.25,,,,4.90377741895
1981-02-18,,9.3,4.6,26.9,20.38,16.5,64.0,,,,4.70616566246
1981-02-19,,7.9,0.2,25.9,20.56,16.5,71.0,,,,4.41277722927
1981-02-20,,7.5,0.0,26.1,20.56,16.1,76.25,,,,4.53462892479
1981-02-21,,6.2,0.3,27.5,20.52,15.9,70.5,,,,4.95342094964
1981-02-22,,6.0,1.7,26.5,20.28,16.3,78.0,,,,4.60394651205
1981-02-23,,7.8,0.0,26.6,20.36,16.0,62.25,,,,4.67537481199
1981-02-24,,5.5,0.8,25.7,20.26,17.0,79.0,,,,4.235435888
1981-02-25,,5.4,0.4,26.2,20.46,16.9,76.25,,,,4.39531461551
1981-02-26,,9.9,0.0,27.4,21.08,16.2,67.0,,,,4.84709772235
1981-02-27,,7.0,0.0,27.8,21.56,17.6,67.75,49.0,,,4.72370792451
1981-02-28,,6.0,0.1,27.8,21.72,17.5,66.25,50.0,,,4.73360156869
1981-03-01,,10.7,0.0,30.0,,14.5,,,,,5.7401815285
1981-03-02,,8.0,0.0,29.7,,15.9,,,,,5.48152480726
1981-03-03,,2.9,0.0,25.5,,16.3,,,,,4.2588750795
1981-03-04,,9.6,0.0,29.7,,15.9,,,,,5.46242279547
1981-03-05,,6.1,0.0,28.7,,16.0,,,,,5.17263939335
1981-03-06,,4.0,0.0,26.1,,17.5,,,,,4.19034206782
1981-03-07,,7.0,0.0,28.1,,16.9,,,,,4.85707152616
1981-03-08,,5.9,0.0,29.7,,18.5,,,,,5.03980653086
1981-03-09,,3.4,0.0,28.7,,19.3,,,,,4.59659638778
1981-03-10,,6.3,65.2,29.8,,19.1,,,,,4.94646558078
1981-03-11,,0.7,6.1,25.6,,19.7,,,,,3.50894058474
1981-03-12,,0.9,5.3,23.6,,18.7,,,,,3.07232347974
1981-03-13,,6.6,9.7,28.4,,19.0,,,,,4.5235385402
1981-03-14,,9.7,8.9,27.4,,17.7,,,,,4.45733657008
1981-03-15,,10.3,0.0,29.3,,14.9,,,,,5.35741013434
1981-03-16,,5.9,0.0,26.9,,18.1,,,,,4.2196548699
1981-03-17,,3.1,26.6,26.5,,18.7,,,,,3.97250254655
1981-03-18,,3.6,3.4,26.3,,18.3,,,,,3.98295278812
1981-03-19,,2.8,1.6,25.3,,18.1,,,,,3.71222996842
1981-03-20,,0.3,63.9,23.1,,18.3,,,,,2.94634944887
1981-03-21,,0.7,7.3,22.3,,18.5,,,,,2.59397204596
1981-03-22,,0.0,7.4,23.7,,17.7,,,,,3.27589357279
1981-03-23,,3.9,14.8,26.2,,18.2,,,,,3.91884459493
1981-03-24,,2.8,53.7,25.6,,17.6,,,,,3.84884575068
1981-03-25,,0.7,20.8,23.8,,18.2,,,,,3.16175471325
1981-03-26,,4.6,44.2,24.8,,17.5,,,,,3.61294799853
1981-03-27,,3.6,7.8,25.6,,17.8,,,,,3.77576704017
1981-03-28,,1.7,8.4,24.6,,17.7,,,,,3.49091076841
1981-03-29,,2.7,10.0,25.4,,17.9,,,,,3.67458841457
1981-03-30,,5.5,6.8,26.3,,18.9,,61.0,,,3.72590187875
1981-03-31,,7.3,0.1,27.5,21.2,17.9,77.75,49.0,,,4.2404037949
1981-04-01,,5.2,0.0,27.5,21.44,17.7,83.5,,,,4.25964203297
1981-04-02,,4.5,0.8,26.5,21.24,18.5,77.75,,,,3.82623035157
1981-04-03,,5.9,0.2,25.1,20.32,17.9,83.25,,,,3.52779239742
1981-04-04,,4.9,0.0,24.3,20.34,17.1,84.5,,,,3.44409942837
1981-04-05,,3.3,0.5,22.7,19.2,16.9,87.75,,,,3.00840942589
1981-04-06,,7.1,1.0,24.6,19.52,15.6,82.25,,,,3.7641288446
1981-04-07,,6.2,0.1,23.2,19.24,16.2,86.25,,,,3.27292740987
1981-04-08,,7.4,0.0,25.2,19.54,16.7,80.0,,,,3.71341197181
1981-04-09,,6.7,0.0,25.4,19.5,16.6,79.75,,,,3.76951427752
1981-04-10,,9.3,0.0,25.7,19.88,16.7,77.5,,,,3.81771719994
1981-04-11,,6.6,0.6,25.0,19.84,16.6,83.0,,,,3.63694158937
1981-04-12,,6.8,0.2,25.5,20.02,16.7,78.5,,,,3.73747656617
1981-04-13,,6.3,0.0,25.3,19.8,16.7,75.5,,,,3.67142032664
1981-04-14,,5.8,0.0,25.7,19.64,16.5,76.5,,,,3.79271789678
1981-04-15,,6.2,0.0,25.5,19.76,16.3,78.25,,,,3.75884874173
1981-04-16,,7.8,0.0,25.9,20.18,16.2,77.5,,,,3.85975490365
1981-04-17,,5.0,0.0,27.5,21.06,15.5,80.75,,,,4.3260313796
1981-04-18,,0.0,4.8,22.9,19.2,17.1,88.0,,,,2.8815596905
1981-04-19,,0.0,7.1,19.5,17.16,16.1,94.75,,,,2.06975623182
1981-04-20,,1.7,0.3,21.6,18.14,15.9,89.25,,,,2.74066521556
1981-04-21,,1.9,0.9,22.4,18.88,15.9,86.75,,,,2.94712260798
1981-04-22,,1.8,1.4,22.4,18.92,16.6,93.25,,,,2.79924720906
1981-04-23,,2.3,2.0,22.7,19.66,17.6,93.75,,,,2.66013123537
1981-04-24,,0.9,6.8,21.9,19.12,17.3,92.75,,,,2.47994423614
1981-04-25,,2.5,0.9,23.5,19.16,16.8,93.25,,,,3.02499206748
1981-04-26,,4.7,8.6,23.2,19.4,17.4,92.5,,,,2.81447367963
1981-04-27,,2.2,3.8,21.9,18.08,16.7,96.5,,,,2.58474389195
1981-04-28,,2.8,0.1,22.7,18.64,15.9,88.0,,,,2.94412095435
1981-04-29,,2.9,6.5,24.0,19.7,16.7,85.0,70.0,,,3.12443372069
1981-04-30,,6.7,0.0,26.0,20.74,17.1,73.25,52.0,,,3.54443455028
1981-05-01,,7.6,0.1,25.3,20.0,17.1,79.5,,,,3.35873361006
1981-05-02,,4.7,0.4,23.9,19.68,17.1,83.75,,,,2.99198984765
1981-05-03,,1.4,1.6,21.9,19.32,17.3,94.0,,,,2.39368748414
1981-05-04,,4.2,7.2,23.1,18.92,16.7,85.75,,,,2.83508866585
1981-05-05,,5.6,2.6,23.7,19.12,16.5,87.75,,,,3.01140126958
1981-05-06,,3.7,1.5,22.7,18.72,16.7,91.5,,,,2.70962113704
1981-05-07,,6.1,2.7,23.3,18.36,15.7,84.75,,,,3.0218132827
1981-05-08,,3.2,1.8,21.7,18.04,16.1,90.5,,,,2.54258440295
1981-05-09,,0.9,2.1,19.5,17.4,16.2,94.5,,,,1.88890130663
1981-05-10,,2.0,12.8,20.7,17.02,15.5,88.5,,,,2.37893010857
1981-05-11,,9.1,1.7,22.0,16.82,12.5,81.75,,,,3.12784126155
1981-05-12,,9.7,0.0,22.3,17.32,13.3,81.0,,,,3.08101027252
1981-05-13,,5.3,0.0,21.1,16.72,13.3,86.25,,,,2.80984995494
1981-05-14,,7.5,0.5,23.1,18.26,14.9,79.25,,,,3.01848116716
1981-05-15,,8.0,0.0,25.3,19.54,15.3,67.75,,,,3.4391084217
1981-05-16,,10.1,0.0,26.3,21.2,13.9,74.75,,,,3.79647462914
1981-05-17,,10.4,0.0,23.1,18.52,14.9,76.0,,,,2.98757146665
1981-05-18,,6.8,0.0,23.3,18.44,14.7,78.75,,,,3.04942821557
1981-05-19,,3.7,0.5,22.1,18.36,15.9,89.25,,,,2.58076637204
1981-05-20,,5.1,0.0,22.7,18.48,15.3,85.75,,,,2.81047250365
1981-05-21,,4.4,4.3,22.5,17.48,13.7,89.0,,,,2.98050721055
1981-05-22,,4.5,0.4,21.7,17.92,14.9,85.75,,,,2.62653976666
1981-05-23,,4.0,9.0,21.7,17.2,14.7,89.75,,,,2.64954965083
1981-05-24,,6.7,0.8,21.9,17.28,14.3,84.25,,,,2.74505699873
1981-05-25,,3.9,0.5,22.3,17.24,14.9,87.75,,,,2.73860477021
1981-05-26,,4.7,0.0,20.9,17.58,14.9,88.25,,,,2.41185614517
1981-05-27,,4.1,0.6,22.5,17.74,15.7,86.0,,,,2.64678268213
1981-05-28,,5.2,0.0,22.9,17.96,15.9,81.25,,,,2.7001927858
1981-05-29,,5.5,0.0,23.3,17.92,15.5,81.0,,,,2.84311755909
1981-05-30,,8.4,0.0,23.1,18.92,16.1,76.75,61.0,,,2.70124709789
1981-05-31,,,0.0,22.5,17.44,15.3,80.0,62.0,,,2.68196669575
1981-06-01,,5.9,0.0,22.0,16.9,13.9,74.75,,,,2.76475177252
1981-06-02,,8.2,0.0,22.2,18.24,14.6,78.25,,,,2.7058858682
1981-06-03,,3.0,1.2,21.8,17.4,15.4,86.75,,,,2.49162577128
1981-06-04,,5.1,0.0,25.4,19.04,15.1,85.75,,,,3.2976431576
1981-06-05,,3.4,0.0,23.0,19.46,17.4,85.75,,,,2.42375822402
1981-06-06,,0.5,1.7,21.3,18.34,16.4,90.0,,,,2.18277054
1981-06-07,,8.0,1.8,25.4,18.98,16.7,80.5,,,,3.0779024684
1981-06-08,,10.1,0.0,26.7,20.04,14.7,78.0,,,,3.57658130781
1981-06-09,,7.4,0.0,24.7,19.56,17.1,86.25,,,,2.85688045937
1981-06-10,,0.0,2.5,18.1,16.8,15.3,97.25,,,,1.54374496569
1981-06-11,,3.1,4.5,21.7,17.72,15.5,89.75,,,,2.42060492827
1981-06-12,,8.6,0.5,21.3,17.26,13.7,79.0,,,,2.59599599013
1981-06-13,,1.6,0.0,20.7,16.44,13.4,89.5,,,,2.50916714196
1981-06-14,,0.8,0.5,27.5,18.56,14.3,93.0,,,,3.74329113226
1981-06-15,,2.9,0.3,22.0,17.28,14.3,86.25,,,,2.65361562538
1981-06-16,,1.7,0.2,21.3,17.78,15.5,88.25,,,,2.31740803996
1981-06-17,,4.5,5.0,21.9,17.64,15.2,85.25,,,,2.49951823254
1981-06-18,,8.1,0.0,21.6,16.34,13.0,76.5,,,,2.73309025486
1981-06-19,,8.6,0.0,22.6,16.84,13.2,80.75,,,,2.90510395989
1981-06-20,,6.1,0.0,22.4,17.16,14.8,84.0,,,,2.66267716738
1981-06-21,,5.0,0.0,22.0,16.66,13.6,83.0,,,,2.73734636588
1981-06-22,,3.2,0.0,20.9,16.74,13.4,92.25,,,,2.53919889222
1981-06-23,,0.1,8.2,18.5,15.86,14.5,96.5,,,,1.81999765454
1981-06-24,,0.0,8.0,17.9,15.36,14.5,96.5,,,,1.66357293824
1981-06-25,,2.2,1.5,19.7,15.8,13.5,87.5,,,,2.27354404038
1981-06-26,,1.5,0.2,20.9,16.16,13.5,94.0,,,,2.52817602064
1981-06-27,,0.5,3.0,18.3,15.28,13.3,96.0,,,,1.99604587147
1981-06-28,,7.4,1.7,20.7,16.24,13.5,89.5,,,,2.48948219875
1981-06-29,,5.6,1.2,21.6,17.44,14.3,90.0,78.0,,,2.56964975698
1981-06-30,,3.4,4.2,21.6,17.46,15.0,90.5,74.0,,,2.46934858727
1981-07-01,,5.3,0.1,22.0,16.94,14.9,88.75,,,,2.5742723404
1981-07-02,,6.6,0.0,22.6,17.26,14.3,86.75,,,,2.78628360596
1981-07-03,,7.9,0.0,23.4,16.56,12.2,87.0,,,,3.18232593215
1981-07-04,,4.7,0.1,21.4,16.36,13.0,91.25,,,,2.71298037983
1981-07-05,,6.7,0.7,19.3,15.16,12.6,88.5,,,,2.33963901189
1981-07-06,,2.5,0.0,19.3,14.76,12.5,88.0,,,,2.35703243343
1981-07-07,,0.2,0.0,16.7,14.76,12.7,90.0,,,,1.74615295163
1981-07-08,,0.3,0.0,18.7,15.22,13.3,95.25,,,,2.11355607694
1981-07-09,,2.2,0.7,19.1,15.64,13.5,97.75,,,,2.17531778388
1981-07-10,,3.2,4.3,19.9,16.68,14.3,96.75,,,,2.23053996557
1981-07-11,,2.8,0.6,20.7,16.56,13.5,87.75,,,,2.53419402124
1981-07-12,,4.9,0.6,21.9,17.64,14.9,85.5,,,,2.59719148038
1981-07-13,,2.9,0.0,21.6,17.4,14.8,95.5,,,,2.55118103302
1981-07-14,,8.0,1.8,21.6,16.22,13.3,87.75,,,,2.76604551965
1981-07-15,,7.6,0.1,21.3,16.14,13.4,84.25,,,,2.69721070492
1981-07-16,,5.7,0.5,21.2,16.3,13.8,92.0,,,,2.62795852428
1981-07-17,,5.2,0.1,22.2,16.58,14.1,84.5,,,,2.80709717188
1981-07-18,,2.3,0.1,21.4,15.96,13.5,92.5,,,,2.72528550854
1981-07-19,,5.0,0.2,22.0,16.02,13.2,88.5,,,,2.89628600449
1981-07-20,,8.8,0.0,22.9,16.66,13.4,84.5,,,,3.06441976431
1981-07-21,,7.6,0.0,22.7,16.0,12.9,82.75,,,,3.09081831259
1981-07-22,,9.0,0.0,23.7,17.36,10.5,79.5,,,,3.52676760929
1981-07-23,,2.3,3.8,20.6,16.24,13.9,95.75,,,,2.53089394271
1981-07-24,,5.7,0.8,20.5,16.28,13.7,89.25,,,,2.54648697498
1981-07-25,,8.5,0.0,20.7,15.08,11.3,84.0,,,,2.90859425695
1981-07-26,,8.7,0.0,21.3,15.72,12.5,86.75,,,,2.89828469705
1981-07-27,,3.6,4.2,19.8,16.2,13.7,93.25,,,,2.4103304028
1981-07-28,,5.9,3.6,21.4,16.18,14.0,88.5,,,,2.7366907783
1981-07-29,,4.5,0.0,19.6,15.1,12.0,89.0,,,,2.63371566769
1981-07-30,,5.7,0.0,20.6,16.04,12.8,85.25,70.0,,,2.74886084223
1981-07-31,,1.0,1.0,19.6,15.94,13.5,91.0,81.0,,,2.42863728233
1981-08-01,,7.5,0.0,20.8,16.1,13.2,83.5,,,,2.75588835683
1981-08-02,,3.7,0.0,20.8,15.86,13.2,92.25,,,,2.76557209116
1981-08-03,,2.2,1.0,21.3,16.4,14.1,91.0,,,,2.75571647083
1981-08-04,,3.5,0.7,20.9,16.84,13.1,90.25,,,,2.82178503629
1981-08-05,,0.2,7.0,19.3,16.24,14.5,90.25,,,,2.21523716304
1981-08-06,,6.4,0.0,20.3,15.88,12.9,86.25,,,,2.73672613306
1981-08-07,,1.3,0.0,19.7,16.2,13.3,90.5,,,,2.5470709343
1981-08-08,,6.0,1.0,21.4,16.34,13.7,86.5,,,,2.89003734975
1981-08-09,,5.9,0.0,20.9,16.2,13.9,84.5,,,,2.75411964528
1981-08-10,,4.1,0.0,21.2,15.5,11.2,84.25,,,,3.19155291149
1981-08-11,,3.8,0.0,20.6,15.76,13.0,84.75,,,,2.84214662058
1981-08-12,,5.9,0.0,21.5,15.94,12.0,86.0,,,,3.18508635005
1981-08-13,,8.2,0.0,22.4,16.08,13.1,81.5,,,,3.25496573743
1981-08-14,,10.4,0.0,29.6,19.18,10.7,72.25,,,,4.97241222296
1981-08-15,,10.1,0.0,28.2,20.28,13.9,76.5,,,,4.44474260411
1981-08-16,,8.7,0.0,21.8,18.12,15.4,82.75,,,,2.79669453438
1981-08-17,,2.7,0.1,20.9,18.0,15.5,84.25,,,,2.55047477231
1981-08-18,,4.8,0.0,23.7,17.68,15.3,81.75,,,,3.30855966171
1981-08-19,,2.8,0.0,21.7,17.9,14.1,88.75,,,,3.02366852865
1981-08-20,,0.1,0.1,19.7,16.72,15.5,91.25,,,,2.2374563011
1981-08-21,,2.5,2.0,19.7,16.08,13.1,89.25,,,,2.72013235773
1981-08-22,,4.2,0.0,20.1,15.62,13.1,82.25,,,,2.82853512937
1981-08-23,,0.6,1.4,18.1,14.84,12.7,97.5,,,,2.40683940842
1981-08-24,,1.5,1.7,19.8,15.96,13.2,93.0,,,,2.75950520979
1981-08-25,,0.6,0.4,19.7,15.94,13.9,94.25,,,,2.61940245614
1981-08-26,,6.0,0.4,22.1,16.7,14.0,84.5,,,,3.21946666168
1981-08-27,,8.5,0.0,23.0,16.96,13.2,78.5,,,,3.55952560289
1981-08-28,,9.9,0.0,22.6,16.24,12.1,70.5,,,,3.62099871458
1981-08-29,,6.4,0.0,23.0,16.66,12.3,80.5,,,,3.70024793889
1981-08-30,,5.4,0.0,22.8,17.34,14.3,84.0,70.0,,,3.39422488645
1981-08-31,,8.5,0.0,22.9,17.06,14.2,74.75,40.0,,,3.44654342993
1981-09-01,,2.1,0.0,21.3,17.16,14.5,87.5,,,,3.00347163769
1981-09-02,,8.7,0.5,22.5,16.96,13.1,77.5,,,,3.53413682681
1981-09-03,,9.8,0.0,22.7,16.82,13.1,80.5,,,,3.5944176574
1981-09-04,,8.9,0.0,24.9,17.84,13.1,80.25,,,,4.1224443334
1981-09-05,,10.0,0.0,28.7,19.56,15.1,76.75,,,,4.79129082984
1981-09-06,,9.8,0.0,23.5,17.84,14.7,76.5,,,,3.59477357411
1981-09-07,,9.0,0.0,23.9,18.24,12.9,80.5,,,,3.95643523406
1981-09-08,,5.2,1.8,22.4,16.58,14.1,86.0,,,,3.43417334166
1981-09-09,,5.8,0.7,21.8,15.88,12.8,79.25,,,,3.49355737088
1981-09-10,,7.0,0.0,22.0,15.56,11.5,76.75,,,,3.72671454134
1981-09-11,,9.5,0.0,23.2,16.3,10.6,73.75,,,,4.11361715403
1981-09-12,,8.7,0.0,23.6,17.28,13.6,75.5,,,,3.85671437338
1981-09-13,,9.6,0.0,23.7,17.06,12.0,71.0,,,,4.0987961677
1981-09-14,,9.4,0.0,24.5,17.96,12.1,76.5,,,,4.28637342638
1981-09-15,,5.7,1.4,24.3,18.0,14.9,78.0,,,,3.87842592193
1981-09-16,,7.4,0.0,27.7,19.74,13.9,76.0,,,,4.8649046965
1981-09-17,,7.7,0.1,25.3,19.92,16.3,78.75,,,,3.94060306021
1981-09-18,,8.7,0.0,25.1,18.92,14.9,72.25,,,,4.12032457031
1981-09-19,,5.7,0.0,23.7,18.12,13.7,79.0,,,,3.950902
1981-09-20,,6.3,0.0,23.9,18.8,15.5,77.0,,,,3.73092301316
1981-09-21,,5.6,0.0,23.2,18.04,14.8,80.75,,,,3.67157728527
1981-09-22,,8.2,0.0,25.0,18.82,14.4,74.75,,,,4.21450762535
1981-09-23,,6.5,0.0,23.8,18.42,14.7,79.75,,,,3.86853335116
1981-09-24,,4.8,0.0,24.1,17.9,14.9,80.25,,,,3.92637819541
1981-09-25,,6.0,0.0,25.0,18.32,13.9,79.75,,,,4.31823294125
1981-09-26,,7.5,0.0,26.0,18.46,13.6,73.75,,,,4.61873144063
1981-09-27,,8.1,0.0,25.6,19.46,15.9,72.0,,,,4.19871760608
1981-09-28,,5.8,0.2,25.1,18.92,15.3,72.5,,,,4.17024912806
1981-09-29,,4.5,0.0,24.5,18.64,15.3,76.5,48.0,,,4.01824157418
1981-09-30,,4.1,0.0,24.3,18.52,15.3,77.75,47.0,,,3.97302855707
1981-10-01,,0.0,0.0,19.5,17.76,16.7,94.25,,,,2.12067544651
1981-10-02,,0.0,0.6,19.5,17.64,16.1,93.25,,,,2.32249443174
1981-10-03,,0.0,0.1,20.9,18.08,15.5,80.5,,,,2.96623399855
1981-10-04,,0.8,0.0,23.1,18.84,15.9,87.25,,,,3.55629886477
1981-10-05,,5.5,0.0,26.0,19.42,15.5,77.25,,,,4.44770246649
1981-10-06,,2.9,0.4,24.2,18.16,15.4,83.25,,,,3.97938392582
1981-10-07,,7.8,0.0,26.1,19.46,15.6,75.0,,,,4.4768989915
1981-10-08,,8.9,0.0,28.8,21.3,15.9,74.25,,,,5.16459968261
1981-10-09,,4.5,0.0,25.9,20.82,18.0,77.75,,,,4.00872988583
1981-10-10,,1.7,0.0,23.7,19.22,16.8,87.75,,,,3.59262643965
1981-10-11,,3.6,0.5,23.7,18.52,16.7,89.25,,,,3.62008905967
1981-10-12,,7.0,1.4,27.1,20.6,16.9,68.0,,,,4.58459313195
1981-10-13,,8.1,0.0,28.5,21.64,15.3,70.0,,,,5.21078953221
1981-10-14,,7.9,0.0,29.1,21.42,14.9,72.75,,,,5.42674418325
1981-10-15,,6.4,0.0,27.3,20.92,17.7,69.0,,,,4.52498006132
1981-10-16,,9.1,0.0,28.5,21.28,16.7,65.75,,,,5.03663385496
1981-10-17,,6.8,0.0,30.9,23.6,15.9,63.75,,,,5.79937544648
1981-10-18,,6.0,0.0,26.9,21.2,17.7,69.5,,,,4.42665499899
1981-10-19,,7.3,0.0,,21.2,17.4,74.75,,,,
1981-10-20,,9.5,0.0,28.2,21.24,16.4,68.5,,,,5.02640975752
1981-10-21,,8.1,0.0,31.6,23.54,14.9,62.75,,,,6.12887341921
1981-10-22,,6.7,0.0,29.6,22.88,18.4,70.5,,,,5.11695010569
1981-10-23,,3.6,0.0,23.8,19.48,17.2,78.0,,,,3.60324260772
1981-10-24,,8.6,0.3,27.3,21.02,16.4,60.25,,,,4.79906546133
1981-10-25,,7.0,0.0,26.2,20.36,16.4,69.25,,,,4.49209018079
1981-10-26,,10.4,0.0,27.9,20.68,15.7,64.25,,,,5.08128504057
1981-10-27,,7.6,0.0,29.3,22.08,15.7,67.25,,,,5.46505429566
1981-10-28,,3.9,0.2,27.1,20.68,17.3,79.5,,,,4.60889350586
1981-10-29,,1.3,0.0,25.9,20.48,16.9,78.25,,,,4.33228658911
1981-10-30,,4.2,0.2,26.7,20.9,17.1,75.25,58.0,,,4.53529101313
1981-10-31,,3.9,1.3,24.7,19.76,16.9,77.25,60.0,,,3.97801315193
1981-11-01,,7.8,0.0,27.5,20.6,16.5,79.5,,,,4.8746947065
1981-11-02,,2.7,1.2,25.7,19.88,17.1,84.5,,,,4.24838594893
1981-11-03,,4.1,3.5,26.2,20.32,17.0,84.0,,,,4.41961237994
1981-11-04,,4.7,2.5,24.7,19.94,17.2,87.75,,,,3.92723527882
1981-11-05,,2.0,0.0,26.0,20.7,17.3,80.5,,,,4.30890945109
1981-11-06,,2.2,0.0,27.4,21.62,17.6,81.5,,,,4.67456329506
1981-11-07,,0.0,22.0,23.3,20.24,18.3,90.25,,,,3.19995617654
1981-11-08,,0.3,0.3,26.0,20.94,17.8,85.0,,,,4.21701281334
1981-11-09,,7.1,39.1,26.1,20.64,17.5,76.5,,,,4.30997875589
1981-11-10,,4.8,0.0,26.5,20.62,17.2,73.5,,,,4.4897953682
1981-11-11,,4.0,0.0,25.3,20.48,17.1,81.25,,,,4.14870905443
1981-11-12,,4.0,0.4,25.9,21.38,18.1,76.5,,,,4.13104809506
1981-11-13,,0.8,0.0,25.1,20.0,16.9,78.5,,,,4.13091534213
1981-11-14,,6.4,0.0,27.5,20.56,16.6,68.75,,,,4.89346831128
1981-11-15,,4.2,0.4,27.7,21.54,17.4,78.0,,,,4.81831488815
1981-11-16,,5.5,0.0,28.0,22.06,17.9,76.5,,,,4.82025336786
1981-11-17,,5.7,0.0,26.3,20.4,16.6,75.0,,,,4.55141888184
1981-11-18,,2.9,0.0,24.2,19.42,16.7,81.5,,,,3.90134794085
1981-11-19,,7.4,0.0,27.3,21.22,16.8,73.25,,,,4.81059716663
1981-11-20,,5.1,0.0,26.8,20.24,17.0,81.5,,,,4.63122062146
1981-11-21,,5.6,0.0,27.7,21.36,17.5,79.5,,,,4.80930396369
1981-11-22,,0.5,0.3,22.8,19.12,17.5,91.25,,,,3.25726210566
1981-11-23,,1.7,0.1,23.9,20.04,17.1,81.5,,,,3.72436487521
1981-11-24,,2.9,0.2,25.3,19.88,16.7,79.75,,,,4.24394880867
1981-11-25,,6.4,0.0,25.9,19.92,16.5,75.75,,,,4.46069477389
1981-11-26,,2.4,0.0,25.1,19.44,14.9,82.25,,,,4.50449005773
1981-11-27,,8.0,0.0,27.9,22.04,16.1,75.25,,,,5.10214694489
1981-11-28,,4.4,0.6,25.9,21.2,17.3,82.0,,,,4.31265989516
1981-11-29,,2.5,0.0,24.7,20.12,17.5,85.0,67.0,,,3.89657090544
1981-11-30,,4.4,0.0,26.7,20.54,17.2,79.0,54.0,,,4.57434675306
1981-12-01,,6.2,0.0,27.8,20.8,16.9,82.5,,,,4.94981691276
1981-12-02,,5.2,0.0,26.0,20.06,17.0,82.25,,,,4.40312920244
1981-12-03,,10.2,0.0,26.0,20.28,15.5,71.0,,,,4.66574876389
1981-12-04,,6.5,0.0,28.1,21.14,16.7,73.25,,,,5.07029455718
1981-12-05,,6.8,0.0,27.9,19.7,16.6,75.25,,,,5.0297549586
1981-12-06,,7.0,0.0,27.1,20.44,15.5,73.5,,,,4.97576036226
1981-12-07,,7.8,0.0,27.9,21.32,17.1,75.5,,,,4.94900327993
1981-12-08,,10.2,0.0,28.3,21.22,15.5,74.0,,,,5.30813735178
1981-12-09,,9.6,0.0,28.7,22.96,17.9,66.25,,,,5.04829993725
1981-12-10,,8.6,0.0,28.5,22.36,17.9,75.75,,,,4.98967407828
1981-12-11,,7.5,0.0,27.7,22.24,17.1,66.75,,,,4.89280208271
1981-12-12,,7.3,0.0,27.7,21.44,16.9,82.25,,,,4.92694471873
1981-12-13,,6.6,0.0,28.1,21.48,17.1,82.25,,,,5.01004442415
1981-12-14,,1.1,0.0,27.0,20.32,15.8,75.25,,,,4.90570202004
1981-12-15,,3.2,0.0,28.4,20.86,17.6,78.75,,,,5.01441470519
1981-12-16,,7.9,0.2,27.6,21.32,17.8,68.25,,,,4.7419655132
1981-12-17,,8.8,0.0,28.2,21.68,17.2,65.5,,,,5.02439645025
1981-12-18,,3.2,0.0,27.0,21.18,17.0,67.0,,,,4.70823307803
1981-12-19,,8.1,0.0,28.3,19.88,16.1,78.0,,,,5.22705805602
1981-12-20,,9.0,6.8,26.9,20.38,16.1,69.75,,,,4.83241910553
1981-12-21,,5.4,0.0,26.5,21.28,16.5,76.5,,,,4.65045752159
1981-12-22,,3.6,0.2,26.7,21.08,17.3,78.0,,,,4.56660349672
1981-12-23,,5.1,0.0,24.3,20.04,16.5,68.0,,,,3.99300930826
1981-12-24,,5.8,0.0,27.3,21.08,17.5,69.25,,,,4.71055664856
1981-12-25,,11.4,0.0,28.7,22.0,16.3,58.0,,,,5.31242207803
1981-12-26,,10.9,0.0,28.5,21.04,15.3,65.0,,,,5.40004872206
1981-12-27,,10.3,0.0,29.9,22.48,14.9,57.0,,,,5.8295533952
1981-12-28,,8.5,0.0,30.8,23.68,17.9,66.5,,,,5.66890507893
1981-12-29,,0.1,1.5,25.8,20.52,18.3,83.5,,,,4.0870360803
1981-12-30,,1.0,5.6,25.0,20.4,17.6,95.0,85.0,,,3.98367914559
1981-12-31,,1.0,13.8,25.4,20.86,17.6,90.0,72.0,,,4.11124246464
1982-01-01,,7.7,0.1,26.4,21.56,17.8,71.0,,,,4.38324711911
1982-01-02,,8.8,0.0,26.9,20.94,17.0,71.5,,,,4.68563057457
1982-01-03,,6.2,0.0,27.8,20.98,17.6,80.5,,,,4.84625835437
1982-01-04,,6.8,0.0,27.1,21.0,18.3,78.5,,,,4.50178106374
1982-01-05,,5.6,0.0,27.9,21.12,17.3,73.0,,,,4.92897966951
1982-01-06,,5.4,0.5,27.1,21.44,18.3,74.5,,,,4.5024789955
1982-01-07,,3.4,0.0,25.7,20.8,16.7,70.0,,,,4.38501825959
1982-01-08,,5.1,0.0,26.7,21.12,16.5,62.5,,,,4.7163861907
1982-01-09,,3.6,0.0,25.9,21.4,17.5,75.5,,,,4.29115576411
1982-01-10,,2.5,0.0,26.3,21.08,17.5,80.25,,,,4.41459151537
1982-01-11,,8.6,0.0,27.8,21.4,17.5,74.0,,,,4.86646123777
1982-01-12,,4.2,0.0,30.3,22.08,16.9,68.0,,,,5.68122867666
1982-01-13,,2.6,0.0,29.0,22.5,19.9,89.75,,,,4.77799754226
1982-01-14,,0.4,3.2,23.6,20.8,19.0,93.75,,,,3.14382504727
1982-01-15,,4.3,37.7,26.3,21.36,18.9,86.0,,,,4.12001611676
1982-01-16,,1.2,0.0,26.0,21.08,18.3,87.0,,,,4.15582485888
1982-01-17,,1.8,0.0,25.8,21.44,18.6,83.75,,,,4.02354371729
1982-01-18,,5.8,0.0,25.5,20.64,18.1,80.0,,,,4.03807608173
1982-01-19,,9.6,0.0,27.9,21.56,16.7,65.25,,,,5.03026590452
1982-01-20,,4.0,0.0,25.3,20.16,17.1,79.5,,,,4.18577520568
1982-01-21,,1.5,0.0,25.3,20.32,17.1,72.0,,,,4.18538067489
1982-01-22,,0.9,0.0,23.7,19.24,17.1,78.0,,,,3.67747413138
1982-01-23,,7.8,1.4,26.3,20.24,16.9,80.25,,,,4.52602187931
1982-01-24,,3.4,0.7,26.3,20.84,17.5,77.0,,,,4.41185695025
1982-01-25,,7.6,0.0,27.1,21.12,17.3,67.25,,,,4.6901430788
1982-01-26,,10.9,0.0,28.0,21.2,16.2,61.5,,,,5.13263490451
1982-01-27,,8.2,0.0,26.9,21.16,16.6,64.0,,,,4.7521969884
1982-01-28,,10.3,0.0,28.0,21.3,15.7,61.75,,,,5.204954179
1982-01-29,,6.6,0.0,27.8,21.24,16.9,69.25,,,,4.96021240694
1982-01-30,,8.8,0.0,27.6,21.26,17.1,69.5,50.0,,,4.86687268613
1982-01-31,,8.3,0.0,27.6,21.36,16.4,65.25,49.0,,,4.98101319567
1982-02-01,,6.1,0.0,26.9,21.32,16.7,68.5,,,,4.72785042414
1982-02-02,,2.9,0.7,25.1,20.08,16.9,79.0,,,,4.15180067175
1982-02-03,,7.5,0.1,26.7,21.24,16.9,71.75,,,,4.63043196619
1982-02-04,,6.4,0.2,27.7,21.76,18.3,71.5,,,,4.67023125229
1982-02-05,,10.8,0.0,28.7,21.68,16.5,65.25,,,,5.26576749327
1982-02-06,,6.8,0.0,28.3,21.32,17.1,68.25,,,,5.05516284169
1982-02-07,,7.6,0.0,28.9,22.12,17.1,63.75,,,,5.22428835513
1982-02-08,,10.8,0.0,28.8,21.38,16.3,68.5,,,,5.31450779973
1982-02-09,,6.9,0.7,27.6,23.44,17.0,70.75,,,,4.86052910521
1982-02-10,,2.4,2.3,25.2,20.1,16.7,81.5,,,,4.20312111559
1982-02-11,,3.7,2.4,25.4,19.92,16.7,83.25,,,,4.26018225289
1982-02-12,,2.2,3.0,24.0,19.44,16.8,87.75,,,,3.80781459731
1982-02-13,,6.7,0.0,27.6,21.3,16.7,69.25,,,,4.89582960697
1982-02-14,,1.2,0.0,26.2,21.26,16.3,70.5,,,,4.55686302258
1982-02-15,,1.4,4.0,25.9,21.08,18.1,85.25,,,,4.118787351
1982-02-16,,1.1,0.1,24.7,19.96,16.9,80.5,,,,3.99085028666
1982-02-17,,4.9,0.0,26.7,19.92,15.5,78.75,,,,4.81460933768
1982-02-18,,7.2,0.0,25.9,19.68,16.3,78.75,,,,4.45285612865
1982-02-19,,5.9,0.1,26.3,20.64,16.7,74.25,,,,4.4937782357
1982-02-20,,9.2,0.2,28.1,22.0,17.1,72.0,,,,4.93935067237
1982-02-21,,1.7,0.0,26.9,20.44,17.5,78.75,,,,4.51547107334
1982-02-22,,2.0,0.0,27.2,21.48,17.8,79.75,,,,4.54373599359
1982-02-23,,2.8,0.0,27.2,21.64,18.0,76.0,,,,4.50051301071
1982-02-24,,4.8,0.0,29.0,22.38,18.1,73.25,,,,5.00720626976
1982-02-25,,7.0,0.0,29.0,21.92,18.4,77.25,,,,4.9488556414
1982-02-26,,4.7,0.0,28.7,22.34,18.2,75.0,,,,4.8887314469
1982-02-27,,1.8,12.3,26.2,20.48,18.4,92.0,80.0,,,4.08996509309
1982-02-28,,6.8,3.6,27.8,21.34,18.1,79.25,55.0,,,4.62773031469
1982-03-01,,6.0,0.0,26.7,21.32,17.3,77.0,,,,4.44226288971
1982-03-02,,7.8,0.0,29.1,22.52,17.3,69.0,,,,5.11871167548
1982-03-03,,5.9,0.0,30.5,23.76,18.3,67.25,,,,5.34788905781
1982-03-04,,0.4,4.8,24.1,20.16,18.5,95.0,,,,3.35112406029
1982-03-05,,6.0,30.6,26.9,21.72,18.1,81.75,,,,4.32186478269
1982-03-06,,6.4,0.0,27.3,21.6,17.9,79.25,,,,4.46941165615
1982-03-07,,2.2,0.0,26.9,21.12,17.5,81.25,,,,4.41656228681
1982-03-08,,3.8,0.0,25.6,20.44,17.4,78.75,,,,4.04473718075
1982-03-09,,6.2,0.0,27.2,20.66,17.6,74.0,,,,4.46743078361
1982-03-10,,5.8,0.0,28.6,22.7,17.8,65.0,,,,4.82249875046
1982-03-11,,5.9,0.0,27.9,21.54,17.6,74.25,,,,4.64773067423
1982-03-12,,7.0,0.0,29.0,21.64,16.2,66.75,,,,5.15048098105
1982-03-13,,9.7,0.0,28.3,21.66,16.6,69.5,,,,4.89468882178
1982-03-14,,9.9,0.0,29.4,22.12,15.8,60.25,,,,5.28441408769
1982-03-15,,8.2,0.0,29.3,21.96,16.7,65.75,,,,5.1244373602
1982-03-16,,9.4,0.0,28.9,23.08,16.9,63.25,,,,4.97640343326
1982-03-17,,4.4,0.0,29.5,23.08,18.9,79.75,,,,4.81435089629
1982-03-18,,7.6,0.0,33.0,24.62,19.3,68.75,,,,5.71261499355
1982-03-19,,7.9,2.2,28.5,22.6,19.5,82.25,,,,4.39206809752
1982-03-20,,7.5,0.0,29.9,23.6,19.1,75.0,,,,4.85573694885
1982-03-21,,7.8,0.0,29.5,23.52,18.3,66.75,,,,4.86133104695
1982-03-22,,8.2,0.0,29.2,22.68,18.3,68.5,,,,4.76516240078
1982-03-23,,10.6,0.0,30.2,22.54,16.1,56.25,,,,5.326188335
1982-03-24,,9.2,0.0,32.6,24.14,15.3,55.5,,,,5.99748019332
1982-03-25,,9.7,0.0,32.3,25.74,17.3,72.25,,,,5.68143005229
1982-03-26,,3.7,2.2,29.1,22.82,19.5,75.75,,,,4.47827264927
1982-03-27,,6.0,0.0,28.4,22.48,18.9,70.5,,,,4.37267431638
1982-03-28,,7.0,0.0,29.1,21.58,15.8,70.25,,,,5.00839352853
1982-03-29,,10.1,0.0,28.1,21.44,16.1,70.0,,,,4.70104686705
1982-03-30,,2.9,0.0,25.9,20.44,17.1,78.0,63.0,,,3.95246538444
1982-03-31,,9.3,0.0,29.5,22.88,17.7,65.0,40.0,,,4.80571398067
1982-04-01,,9.2,0.0,29.1,22.6,18.3,71.25,,,,4.59344663623
1982-04-02,,7.8,0.0,29.0,22.3,17.1,75.5,,,,4.73027744707
1982-04-03,,9.5,0.0,28.9,23.0,17.9,68.75,,,,4.57127954194
1982-04-04,,7.3,0.2,28.1,21.44,17.3,70.0,,,,4.43726742893
1982-04-05,,9.2,0.5,29.4,22.68,17.4,65.5,,,,4.74157842454
1982-04-06,,7.4,0.0,29.6,23.56,18.8,66.5,,,,4.56946320089
1982-04-07,,0.3,0.6,23.2,20.02,18.2,91.5,,,,2.83989195322
1982-04-08,,2.7,0.6,26.4,20.48,17.5,83.75,,,,3.89784082363
1982-04-09,,1.4,0.8,26.3,21.16,18.0,80.5,,,,3.76936471462
1982-04-10,,5.1,0.1,26.3,21.22,17.3,75.75,,,,3.8764513107
1982-04-11,,9.8,0.2,27.5,21.2,16.5,65.25,,,,4.29129917486
1982-04-12,,2.4,0.2,24.9,20.68,17.5,85.0,,,,3.43611751157
1982-04-13,,6.1,15.0,25.7,20.16,16.5,84.25,,,,3.80712092813
1982-04-14,,2.7,0.6,25.9,20.6,17.7,85.0,,,,3.64509740491
1982-04-15,,7.3,0.0,28.7,22.32,18.3,77.0,,,,4.26497698971
1982-04-16,,9.7,0.0,28.7,22.7,19.4,74.0,,,,4.07117502795
1982-04-17,,4.3,0.0,27.7,22.52,19.1,75.5,,,,3.83930782114
1982-04-18,,5.3,0.6,27.3,21.24,18.5,86.25,,,,3.82170859405
1982-04-19,,0.9,7.3,24.4,19.58,16.5,87.25,,,,3.38980509038
1982-04-20,,6.9,2.6,25.8,19.58,16.4,76.5,,,,3.74580104758
1982-04-21,,9.5,0.0,24.8,19.1,14.9,75.75,,,,3.70603623127
1982-04-22,,10.9,0.0,27.2,20.3,14.7,70.0,,,,4.26918661009
1982-04-23,,8.0,0.0,26.2,20.14,16.4,77.5,,,,3.79923353209
1982-04-24,,6.9,0.0,28.2,21.18,17.0,75.75,,,,4.18005286023
1982-04-25,,5.7,0.0,26.0,20.32,17.4,79.0,,,,3.56715006428
1982-04-26,,9.0,0.0,26.7,20.56,16.1,72.25,,,,3.91468857875
1982-04-27,,6.2,0.0,27.7,20.76,16.7,76.25,,,,4.05320220447
1982-04-28,,6.3,0.0,24.3,19.68,16.7,77.25,,,,3.21316370348
1982-04-29,,1.0,0.0,22.1,18.8,15.5,80.75,76.0,,,2.85015446342
1982-04-30,,2.5,0.0,22.1,17.8,14.9,86.5,74.0,,,2.94089889743
1982-05-01,,0.7,1.0,21.9,17.96,14.3,84.0,,,,2.97649578357
1982-05-02,,3.8,0.0,23.3,18.96,15.1,86.0,,,,3.17406294847
1982-05-03,,4.2,0.6,25.4,19.16,16.3,85.5,,,,3.47926193255
1982-05-04,,1.8,0.1,25.5,20.3,17.4,83.75,,,,3.32060700004
1982-05-05,,0.2,0.2,20.6,18.08,15.6,83.0,,,,2.37707356152
1982-05-06,,0.4,0.0,20.3,17.2,14.1,79.0,,,,2.57078387778
1982-05-07,,0.9,0.0,22.2,17.06,14.3,85.75,,,,2.9776305569
1982-05-08,,1.4,0.0,22.4,17.72,14.6,88.25,,,,2.96803642977
1982-05-09,,3.0,0.2,22.0,17.68,15.1,90.0,,,,2.78497770924
1982-05-10,,9.2,0.2,25.5,19.2,14.5,78.0,,,,3.64312191543
1982-05-11,,7.5,0.0,25.1,18.96,15.5,78.25,,,,3.41786946122
1982-05-12,,3.7,0.0,24.5,19.32,15.3,87.0,,,,3.29880889931
1982-05-13,,,6.8,22.9,18.28,15.3,86.5,,,,2.92415874701
1982-05-14,,8.9,0.1,24.5,18.68,15.7,82.0,,,,3.22043302593
1982-05-15,,5.1,0.8,24.5,19.32,16.3,84.0,,,,3.12241900076
1982-05-16,,5.7,0.3,24.7,19.52,16.7,86.75,,,,3.09767729411
1982-05-17,,6.7,2.3,23.4,18.02,15.7,82.5,,,,2.93832294746
1982-05-18,,7.8,0.2,23.4,17.94,15.0,79.25,,,,3.03014029825
1982-05-19,,8.6,0.0,26.0,19.3,14.9,77.75,,,,3.58920245876
1982-05-20,,9.4,0.0,28.2,21.34,14.8,71.0,,,,4.03887685466
1982-05-21,,6.5,0.0,26.4,20.8,18.4,81.75,,,,3.18218510623
1982-05-22,,8.3,0.0,26.2,20.34,17.9,76.5,,,,3.20324158715
1982-05-23,,8.1,0.0,25.7,19.68,16.3,78.75,,,,3.30914802089
1982-05-24,,5.5,0.6,24.3,19.04,16.5,89.75,,,,2.959107796
1982-05-25,,8.7,0.1,26.3,19.92,16.3,79.25,,,,3.41970681741
1982-05-26,,7.1,0.0,26.1,19.44,16.1,79.75,,,,3.39279141732
1982-05-27,,9.4,0.0,27.3,20.4,15.9,79.0,,,,3.65919968081
1982-05-28,,8.7,0.0,26.7,20.6,16.1,83.25,,,,3.50140068502
1982-05-29,,3.6,0.0,24.5,19.24,17.1,87.25,,,,2.87347710308
1982-05-30,,0.0,8.0,17.7,16.6,15.5,97.0,97.0,,,1.39287926737
1982-05-31,,0.1,3.7,18.5,16.5,14.0,93.5,96.0,,,1.96718154398
1982-06-01,,2.8,0.1,21.8,17.0,14.2,91.5,,,,2.68180633521
1982-06-02,,0.0,0.0,18.6,16.6,14.9,96.75,,,,1.80195118434
1982-06-03,,0.1,5.1,19.6,16.8,14.8,97.25,,,,2.07481847563
1982-06-04,,5.9,1.9,22.9,18.4,14.9,86.75,,,,2.80311840245
1982-06-05,,2.6,0.5,22.6,18.36,16.3,90.75,,,,2.52004466001
1982-06-06,,8.2,0.1,23.7,18.54,15.9,88.0,,,,2.82534320628
1982-06-07,,9.5,0.0,24.5,19.48,15.7,89.5,,,,3.01984568204
1982-06-08,,1.6,1.2,22.9,18.0,15.5,92.0,,,,2.69919545446
1982-06-09,,4.5,0.0,22.9,18.88,15.5,87.25,,,,2.69520554408
1982-06-10,,0.0,2.0,19.1,16.96,14.9,98.5,,,,1.9071345445
1982-06-11,,5.0,7.9,22.1,17.92,15.3,95.75,,,,2.54199098236
1982-06-12,,4.3,3.6,22.5,18.84,16.3,98.0,,,,2.4709348824
1982-06-13,,2.3,2.7,22.2,18.78,17.1,99.0,,,,2.25373209434
1982-06-14,,6.1,4.6,22.7,17.32,15.1,89.75,,,,2.69357166716
1982-06-15,,3.7,0.8,21.5,16.94,14.5,91.25,,,,2.51956638265
1982-06-16,,8.4,0.0,22.6,17.78,14.3,81.25,,,,2.77604817905
1982-06-17,,6.9,0.1,23.0,18.1,15.1,86.75,,,,2.75147474133
1982-06-18,,1.0,0.8,20.6,17.8,15.8,95.75,,,,2.09421251694
1982-06-19,,0.6,0.8,20.4,17.58,16.0,97.5,,,,2.00427991517
1982-06-20,,7.2,0.1,23.8,17.96,15.0,89.0,,,,2.92815869661
1982-06-21,,8.6,0.0,24.3,18.36,15.1,81.5,,,,3.01762517377
1982-06-22,,8.5,0.0,24.1,19.22,15.2,75.5,,,,2.96391492395
1982-06-23,,5.4,0.0,23.5,18.48,15.9,83.0,,,,2.74274085993
1982-06-24,,,0.0,24.3,18.08,14.7,79.5,,,,3.066676179
1982-06-25,,,0.0,22.3,18.12,13.5,81.5,,,,2.810985699
1982-06-26,,8.1,0.0,24.3,19.28,15.5,78.75,,,,2.96965562787
1982-06-27,,5.6,0.0,24.3,18.2,15.5,81.75,,,,2.97117973564
1982-06-28,,7.2,0.0,23.8,18.22,14.9,77.5,,,,2.94626069074
1982-06-29,,,,,,,,87.0,,,
1982-06-30,,,,,,,,,,,
1982-07-01,,0.2,0.2,20.4,17.32,14.7,94.0,,,,2.24928326002
1982-07-02,,7.0,2.9,22.8,17.52,14.9,87.75,,,,2.74831043714
1982-07-03,,6.4,0.8,22.5,17.04,14.6,85.75,,,,2.72900046288
1982-07-04,,,0.0,22.5,17.04,12.9,81.25,,,,2.94173085128
1982-07-05,,,0.0,20.5,16.8,13.5,90.5,,,,2.4658459417
1982-07-06,,1.3,1.7,20.1,16.6,13.7,96.75,,,,2.35451067136
1982-07-07,,8.2,11.7,22.5,17.3,14.4,84.0,,,,2.77152912061
1982-07-08,,1.0,1.0,20.5,17.16,15.1,94.0,,,,2.22611231772
1982-07-09,,8.3,0.8,23.7,17.6,14.9,76.75,,,,2.9668088343
1982-07-10,,8.6,0.0,25.3,18.12,13.3,75.75,,,,3.47100389703
1982-07-11,,7.7,0.0,23.3,17.68,14.1,81.25,,,,2.99595278608
1982-07-12,,9.5,0.0,23.0,16.62,12.0,77.25,,,,3.17480771503
1982-07-13,,3.6,0.0,22.3,17.16,14.3,55.25,,,,2.77483085944
1982-07-14,,8.8,0.0,26.2,18.38,15.7,73.75,,,,3.42001106921
1982-07-15,,8.1,0.0,24.8,18.6,13.2,71.25,,,,3.42178574687
1982-07-16,,0.0,0.1,18.7,16.24,14.8,97.25,,,,1.86727506005
1982-07-17,,0.2,4.8,19.4,16.4,14.2,97.5,,,,2.16468054075
1982-07-18,,2.0,2.0,19.8,16.38,14.5,96.0,,,,2.2132193309
1982-07-19,,4.8,1.2,21.7,16.92,15.1,83.5,,,,2.56494103632
1982-07-20,,8.4,0.0,22.5,16.72,13.7,77.75,,,,2.94525798433
1982-07-21,,4.7,0.9,22.1,16.72,14.3,85.25,,,,2.78843318748
1982-07-22,,5.6,0.2,22.9,17.4,14.3,85.5,,,,2.96903324262
1982-07-23,,4.8,1.6,22.1,17.48,14.9,85.0,,,,2.71719868661
1982-07-24,,4.1,1.0,21.8,17.18,13.9,86.5,,,,2.8037201035
1982-07-25,,2.7,0.7,20.6,16.46,14.7,90.75,,,,2.41682252823
1982-07-26,,6.6,1.2,22.2,16.98,14.0,86.75,,,,2.89448702867
1982-07-27,,6.0,9.1,21.0,16.28,13.4,86.25,,,,2.72545144977
1982-07-28,,2.7,4.7,20.0,16.02,13.3,84.5,,,,2.52701688297
1982-07-29,,1.8,0.0,21.0,16.62,14.3,84.75,,,,2.6090142711
1982-07-30,,1.4,0.0,24.0,18.72,15.0,84.0,64.0,,,3.19239369846
1982-07-31,,5.7,0.1,24.6,19.82,17.0,83.75,63.0,,,3.04624689523
1982-08-01,,3.4,1.5,21.9,18.16,16.0,85.75,,,,2.56424152691
1982-08-02,,6.4,1.2,22.9,17.68,15.5,86.25,,,,2.90145959929
1982-08-03,,8.7,0.0,24.7,18.08,13.9,80.25,,,,3.52716452686
1982-08-04,,8.0,0.0,24.3,18.0,15.1,80.75,,,,3.30234590976
1982-08-05,,6.6,0.2,22.9,16.76,13.9,77.75,,,,3.16446254986
1982-08-06,,2.3,0.0,22.9,17.52,13.3,77.25,,,,3.25302276071
1982-08-07,,2.3,1.9,20.7,17.04,14.9,90.0,,,,2.51663902987
1982-08-08,,8.4,0.8,23.5,17.16,13.5,74.0,,,,3.3820132113
1982-08-09,,5.0,1.3,23.4,17.28,14.4,80.0,,,,3.25595533451
1982-08-10,,6.2,0.0,23.4,17.88,14.8,83.0,,,,3.21217149304
1982-08-11,,5.8,0.0,23.4,17.44,13.6,76.0,,,,3.3859710961
1982-08-12,,7.3,0.0,21.4,17.04,13.4,76.25,,,,2.97782391546
1982-08-13,,1.1,0.5,20.0,16.08,12.6,98.25,,,,2.78506657388
1982-08-14,,6.6,5.6,22.4,16.76,12.1,84.0,,,,3.39024494966
1982-08-15,,7.3,5.0,21.8,16.1,13.6,87.75,,,,3.07555043541
1982-08-16,,7.9,0.0,22.9,17.28,13.7,77.25,,,,3.32548335651
1982-08-17,,8.8,0.0,23.9,17.84,13.7,67.5,,,,3.56371383214
1982-08-18,,5.0,0.0,22.9,17.52,14.7,79.75,,,,3.2075874621
1982-08-19,,7.9,0.0,26.7,18.88,13.9,75.5,,,,4.18783081208
1982-08-20,,5.3,0.0,24.5,18.4,14.7,82.25,,,,3.61086535886
1982-08-21,,5.0,0.0,23.1,18.24,15.1,78.5,,,,3.2311961487
1982-08-22,,4.2,0.0,23.9,18.64,16.3,76.0,,,,3.24713332202
1982-08-23,,1.3,0.0,22.7,18.56,15.3,78.25,,,,3.1230276458
1982-08-24,,6.6,0.0,24.2,18.36,14.7,77.0,,,,3.59544964078
1982-08-25,,7.8,0.0,24.8,18.54,15.1,66.5,,,,3.69585528749
1982-08-26,,8.8,0.9,24.4,18.34,15.0,71.25,,,,3.62783442293
1982-08-27,,6.1,0.0,24.4,18.48,14.4,75.5,,,,3.72586894262
1982-08-28,,0.6,0.0,21.9,18.04,15.3,85.25,,,,2.97290987219
1982-08-29,,4.9,4.1,21.4,17.32,14.8,88.75,,,,2.94299221566
1982-08-30,,5.1,0.6,23.5,18.16,15.5,78.25,52.0,,,3.37894062693
1982-08-31,,5.4,0.2,24.9,18.92,15.3,78.25,52.0,,,3.77480516311
1982-09-01,,4.1,2.4,23.7,18.4,16.3,84.25,,,,3.31748159724
1982-09-02,,7.8,0.2,24.8,19.26,15.5,73.25,,,,3.74733646583
1982-09-03,,5.2,0.0,24.2,18.6,15.6,79.75,,,,3.59265308086
1982-09-04,,8.0,0.4,24.0,18.18,14.9,75.5,,,,3.66448502152
1982-09-05,,5.2,0.0,24.0,18.72,15.3,76.75,,,,3.61496436548
1982-09-06,,9.4,1.3,25.4,19.26,15.0,65.5,,,,4.02442746745
1982-09-07,,3.5,0.0,23.9,18.46,15.0,72.0,,,,3.66201760746
1982-09-08,,1.4,0.0,21.3,17.1,15.2,86.5,,,,2.94406967524
1982-09-09,,1.9,0.1,21.8,16.4,13.7,86.0,,,,3.35677029173
1982-09-10,,4.7,0.0,23.0,17.12,13.9,78.75,,,,3.64009010243
1982-09-11,,4.9,0.0,23.4,17.84,14.4,73.5,,,,3.67702380894
1982-09-12,,6.1,0.0,24.1,18.06,14.9,73.0,,,,3.79069496338
1982-09-13,,2.7,0.0,25.0,19.28,16.1,76.25,,,,3.84560105287
1982-09-14,,4.5,0.0,25.2,18.88,15.2,75.75,,,,4.05187049392
1982-09-15,,7.1,0.2,24.1,18.56,15.3,67.25,,,,3.76263919882
1982-09-16,,4.6,0.0,24.3,18.74,14.3,72.75,,,,3.98035125085
1982-09-17,,2.7,0.3,24.2,18.18,15.0,77.0,,,,3.86028746643
1982-09-18,,7.3,0.0,28.3,20.86,15.7,63.75,,,,4.82178550388
1982-09-19,,6.2,0.0,29.2,22.24,18.0,67.0,,,,4.7425590319
1982-09-20,,0.0,14.1,23.0,20.22,18.5,89.25,,,,2.80721719939
1982-09-21,,0.4,1.4,22.2,18.76,16.8,90.25,,,,2.98380834603
1982-09-22,,0.0,1.7,19.6,16.46,14.8,95.0,,,,2.64698394185
1982-09-23,,1.8,4.7,20.4,17.02,14.8,92.25,,,,2.89957744191
1982-09-24,,3.0,0.3,22.8,17.44,14.8,82.5,,,,3.59265457348
1982-09-25,,2.8,1.6,22.0,17.12,14.0,83.25,,,,3.52327319494
1982-09-26,,4.7,2.0,23.4,18.12,15.0,84.75,,,,3.74080775847
1982-09-27,,6.2,0.0,24.7,19.16,16.1,77.25,,,,3.91759020544
1982-09-28,,8.0,0.0,32.0,23.22,14.3,55.5,,,,6.03956841239
1982-09-29,,4.5,0.0,30.2,22.52,17.9,76.75,56.0,,,5.15761353462
1982-09-30,,0.0,28.9,,17.12,16.0,96.75,96.0,,,
1982-10-01,,0.0,3.4,18.0,16.14,14.9,96.25,,,,2.12883580772
1982-10-02,,0.7,7.0,20.9,17.04,14.0,86.75,,,,3.27603770558
1982-10-03,,2.7,0.7,22.4,17.96,15.4,87.5,,,,3.44287386538
1982-10-04,,7.1,0.2,26.9,20.36,16.3,76.5,,,,4.55797905928
1982-10-05,,7.2,0.0,28.1,21.52,16.3,70.75,,,,4.8923519266
1982-10-06,,9.0,0.0,27.3,21.28,17.7,68.75,,,,4.45479089138
1982-10-07,,9.4,0.0,26.9,20.36,16.3,65.25,,,,4.58545359308
1982-10-08,,6.3,0.0,26.5,20.72,16.5,65.5,,,,4.45090997073
1982-10-09,,9.1,0.0,26.7,20.36,15.3,73.5,,,,4.70045897375
1982-10-10,,7.3,0.0,26.1,19.36,15.5,67.5,,,,4.51723924494
1982-10-11,,8.6,0.0,28.8,21.18,15.7,63.5,,,,5.21945078114
1982-10-12,,6.4,0.0,27.8,20.98,17.3,68.0,,,,4.7158049079
1982-10-13,,9.6,0.0,29.4,21.22,14.8,58.25,,,,5.50776476315
1982-10-14,,9.7,0.0,30.9,22.9,15.8,57.25,,,,5.78589327284
1982-10-15,,4.0,0.0,26.4,20.7,17.3,71.0,,,,4.33450886029
1982-10-16,,3.3,0.0,25.0,20.36,15.4,70.0,,,,4.27304262179
1982-10-17,,0.0,2.0,,16.92,14.9,94.5,,,,
1982-10-18,,8.5,3.8,24.9,19.12,14.7,75.25,,,,4.37044158765
1982-10-19,,9.8,0.0,28.9,22.28,16.7,58.75,,,,5.16798543055
1982-10-20,,6.3,0.0,25.7,19.96,16.1,64.75,,,,4.37541342542
1982-10-21,,9.8,0.0,26.3,19.92,15.1,68.75,,,,4.7073771585
1982-10-22,,9.1,0.0,28.7,20.76,15.7,58.0,,,,5.2754262577
1982-10-23,,5.5,0.0,26.1,19.32,15.3,69.25,,,,4.63335279619
1982-10-24,,7.8,0.0,26.5,19.68,15.7,69.25,,,,4.68664126819
1982-10-25,,9.8,0.0,28.4,20.74,14.6,54.75,,,,5.35785263851
1982-10-26,,10.6,0.0,28.3,21.1,14.6,56.0,,,,5.33701472751
1982-10-27,,1.8,0.0,25.8,19.4,14.0,67.5,,,,4.76214192659
1982-10-28,,4.9,0.0,27.1,20.54,16.2,65.75,,,,4.793844038
1982-10-29,,7.7,0.0,29.2,22.6,17.3,59.25,,,,5.21670764599
1982-10-30,,2.0,0.0,26.0,22.02,18.0,79.5,65.0,,,4.15056387368
1982-10-31,,0.6,0.3,25.3,21.14,18.8,76.75,65.0,,,3.74901011934
1982-11-01,,3.6,0.0,25.9,20.32,17.3,80.0,,,,4.26690972498
1982-11-02,,7.1,0.0,27.3,20.16,16.1,74.0,,,,4.88533981837
1982-11-03,,6.8,0.0,26.7,20.12,15.7,60.75,,,,4.7836015235
1982-11-04,,9.8,0.0,27.5,20.36,13.5,58.25,,,,5.30331439072
1982-11-05,,6.8,0.0,28.7,21.52,15.5,59.0,,,,5.36809997139
1982-11-06,,7.0,0.0,28.5,22.08,16.7,71.25,,,,5.14215696515
1982-11-07,,6.6,0.0,28.9,21.68,17.3,64.75,,,,5.16444939762
1982-11-08,,6.2,0.0,27.8,20.56,17.1,60.25,,,,4.88388311155
1982-11-09,,9.8,0.0,28.4,20.76,14.0,50.75,,,,5.49258227458
1982-11-10,,5.7,0.0,28.0,21.1,16.6,63.25,,,,5.02734488839
1982-11-11,,4.0,0.0,26.6,20.66,17.1,68.5,,,,4.53990160426
1982-11-12,,9.6,0.0,29.0,21.84,16.8,58.5,,,,5.28328698996
1982-11-13,,8.0,0.0,27.9,20.94,15.6,63.5,,,,5.1571134628
1982-11-14,,7.1,0.0,29.1,22.46,17.5,58.5,,,,5.20650179053
1982-11-15,,7.9,0.0,28.7,21.28,15.3,66.75,,,,5.42086383608
1982-11-16,,10.2,0.0,31.7,22.6,15.9,51.0,,,,6.15465113627
1982-11-17,,9.9,0.0,31.3,23.92,16.3,48.5,,,,5.99874276046
1982-11-18,,10.1,0.0,30.3,22.72,15.9,55.0,,,,5.7803903504
1982-11-19,,8.6,0.0,29.7,22.2,15.5,56.0,,,,5.67154723195
1982-11-20,,9.9,0.0,29.7,22.4,16.5,48.25,,,,5.53735286194
1982-11-21,,10.3,0.0,29.5,22.04,16.7,56.25,,,,5.45417500273
1982-11-22,,8.7,0.0,29.0,21.58,15.3,53.75,,,,5.51289929231
1982-11-23,,9.8,0.0,29.0,21.96,15.8,50.75,,,,5.44643105645
1982-11-24,,9.5,0.0,30.4,22.9,17.3,46.5,,,,5.62263431884
1982-11-25,,8.5,0.0,30.4,21.66,15.4,47.75,,,,5.88049672292
1982-11-26,,9.7,0.0,30.9,22.52,16.3,42.5,,,,5.90242552485
1982-11-27,,8.7,0.0,29.2,21.64,16.2,53.0,,,,5.44948656266
1982-11-28,,8.1,0.0,29.5,21.7,16.1,51.5,,,,5.54725583292
1982-11-29,,8.4,0.0,29.3,22.2,15.5,59.0,38.0,,,5.57483900789
1982-11-30,,6.7,0.0,29.3,21.68,15.5,56.75,34.0,,,5.57565307297
1982-12-01,,11.4,0.0,28.9,21.96,16.3,56.5,,,,5.35496916392
1982-12-02,,,0.0,30.9,22.16,14.7,54.5,,,,6.10282849071
1982-12-03,,5.5,0.0,30.1,22.84,15.1,58.5,,,,5.84425709015
1982-12-04,,0.0,0.0,25.1,20.64,15.3,76.25,,,,4.44376768015
1982-12-05,,9.5,0.0,28.5,21.76,16.3,54.0,,,,5.24579184609
1982-12-06,,9.7,0.0,28.2,21.12,14.8,54.5,,,,5.3752498243
1982-12-07,,10.4,0.0,29.4,22.04,16.6,49.5,,,,5.45463840159
1982-12-08,,7.6,0.0,30.0,22.68,17.1,53.0,,,,5.55030730505
1982-12-09,,10.8,0.0,29.8,21.82,14.9,62.0,,,,5.79255457428
1982-12-10,,6.7,0.0,27.4,21.22,16.9,62.0,,,,4.83890195499
1982-12-11,,9.7,0.0,28.8,22.16,16.1,55.5,,,,5.36224197654
1982-12-12,,8.6,0.0,29.0,21.8,17.3,64.5,,,,5.23682759011
1982-12-13,,1.9,0.0,28.5,22.12,16.5,54.0,,,,5.21986821096
1982-12-14,,6.0,0.0,27.1,20.92,15.7,62.25,,,,4.9493091178
1982-12-15,,5.2,0.0,27.5,21.64,17.7,63.75,,,,4.72979818748
1982-12-16,,,0.0,28.9,22.4,17.3,59.0,,,,5.21005889614
1982-12-17,,,0.0,29.7,22.32,15.9,53.0,,,,5.64154570711
1982-12-18,,8.8,0.0,29.7,22.56,16.7,56.0,,,,5.53006727889
1982-12-19,,3.5,0.0,30.5,22.84,17.1,48.5,,,,5.69722205562
1982-12-20,,9.0,0.0,32.4,23.94,17.5,39.25,,,,6.17432403315
1982-12-21,,8.4,0.0,32.1,24.04,17.2,47.25,,,,6.13160204213
1982-12-22,,7.3,0.0,31.3,24.12,18.1,52.25,,,,5.77859425735
1982-12-23,,4.6,0.0,32.3,24.06,19.0,63.75,,,,5.93069048836
1982-12-24,,0.4,2.0,27.3,21.64,17.9,81.0,,,,4.63637368183
1982-12-25,,0.0,5.8,24.9,21.66,18.2,74.75,,,,3.81292991163
1982-12-26,,0.0,0.0,25.4,20.18,17.6,82.25,,,,4.10922628666
1982-12-27,,2.0,23.6,24.9,20.48,17.7,80.5,,,,3.92831773371
1982-12-28,,4.2,0.4,25.7,20.92,17.3,78.0,,,,4.2651955208
1982-12-29,,8.1,0.0,28.3,22.12,15.9,67.25,,,,5.26178686534
1982-12-30,,5.6,0.0,27.7,21.88,17.9,67.25,44.0,,,4.76026144942
1982-12-31,,2.7,0.0,27.9,22.0,18.1,80.0,62.0,,,4.7841681966
1983-01-01,,0.0,10.6,25.7,21.08,18.5,88.75,,,,4.01063351447
1983-01-02,,4.5,9.2,26.5,21.56,17.1,77.0,,,,4.54854428414
1983-01-03,,3.3,3.7,26.8,21.64,18.5,83.25,,,,4.36625429374
1983-01-04,,6.0,0.2,28.2,23.0,19.9,73.75,,,,4.51775337747
1983-01-05,,5.7,0.0,29.4,23.14,19.5,71.5,,,,4.98157920344
1983-01-06,,8.4,0.0,29.4,23.14,19.1,64.5,,,,5.05754724791
1983-01-07,,8.9,0.0,29.4,23.26,17.5,56.75,,,,5.33313992025
1983-01-08,,6.1,0.0,29.4,22.66,17.5,63.0,,,,5.33347771717
1983-01-09,,10.8,0.0,32.4,24.92,17.7,50.0,,,,6.15810421358
1983-01-10,,9.2,0.0,31.0,24.18,18.7,53.5,,,,5.60699634046
1983-01-11,,10.2,0.0,29.8,22.8,17.3,53.5,,,,5.48032924434
1983-01-12,,10.3,0.0,29.4,23.18,17.3,55.0,,,,5.3660171324
1983-01-13,,8.5,0.0,30.4,23.64,18.4,53.75,,,,5.48026534216
1983-01-14,,9.6,0.0,30.7,22.98,16.6,51.25,,,,5.83494528121
1983-01-15,,2.3,0.0,26.6,21.8,17.8,66.25,,,,4.44839165485
1983-01-16,,10.1,0.0,30.0,23.32,17.6,57.25,,,,5.49160464308
1983-01-17,,6.7,0.0,29.5,22.94,18.6,60.75,,,,5.17954005812
1983-01-18,,6.5,0.0,30.1,23.3,19.5,66.25,,,,5.19907381187
1983-01-19,,5.3,0.0,31.3,24.32,18.1,68.5,,,,5.78779918843
1983-01-20,,0.1,32.4,26.0,21.42,17.6,81.0,,,,4.30169086162
1983-01-21,,2.4,0.3,26.2,22.88,19.3,83.5,,,,3.9918924817
1983-01-22,,0.3,6.1,22.1,19.88,17.9,88.25,,,,2.90289107937
1983-01-23,,1.3,11.6,25.9,22.44,16.9,82.75,,,,4.40619610432
1983-01-24,,2.9,0.1,26.3,22.02,19.0,75.25,,,,4.09420454091
1983-01-25,,0.7,2.0,24.1,20.34,17.7,83.75,,,,3.6670262132
1983-01-26,,1.7,0.1,25.6,21.28,17.7,76.75,,,,4.15228378007
1983-01-27,,0.0,0.2,23.6,20.06,18.2,88.0,,,,3.36695397275
1983-01-28,,0.0,9.1,,17.56,16.5,97.25,,,,
1983-01-29,,2.1,9.4,23.2,18.96,15.8,83.5,,,,3.7968738441
1983-01-30,,3.4,0.0,24.5,19.76,16.5,84.5,61.0,,,4.05241163758
1983-01-31,,6.7,2.0,25.6,20.58,17.4,75.25,55.0,,,4.20847823449
1983-02-01,,6.6,0.0,26.5,,17.9,,,,,4.38508153956
1983-02-02,,1.8,0.9,25.7,,17.7,,,,,4.17484092561
1983-02-03,,2.7,0.0,26.5,,18.3,,,,,4.29978027537
1983-02-04,,1.3,0.0,23.7,,18.7,,,,,3.25584637677
1983-02-05,,5.5,1.2,28.1,,19.1,,,,,4.63470391318
1983-02-06,,0.4,24.2,24.1,,18.1,,,,,3.55382748656
1983-02-07,,0.0,18.1,23.9,,18.3,,,,,3.43138610211
1983-02-08,,0.1,8.6,24.7,,18.3,,,,,3.70379584865
1983-02-09,,1.4,39.4,24.7,,16.7,,,,,4.05407674539
1983-02-10,,0.0,18.4,26.5,,16.7,,,,,4.58880913944
1983-02-11,,4.9,0.2,27.5,,17.3,,,,,4.77313445653
1983-02-12,,9.9,0.0,26.9,,17.1,,,,,4.62852158294
1983-02-13,,4.7,0.0,26.5,,18.9,,,,,4.14436579906
1983-02-14,,9.4,0.0,26.3,,17.7,,,,,4.32872141076
1983-02-15,,5.2,0.5,24.1,,17.3,,,,,3.72009630356
1983-02-16,,9.6,3.5,26.7,,16.9,,,,,4.58922186053
1983-02-17,,7.5,0.0,27.3,,17.9,,,,,4.5808675306
1983-02-18,,3.9,0.0,25.7,,16.9,,,,,4.28520436844
1983-02-19,,4.5,0.0,26.1,,17.7,,,,,4.24632880182
1983-02-20,,8.4,1.2,26.5,,17.7,,,,,4.36321269642
1983-02-21,,6.4,3.4,25.1,,15.9,,,,,4.27732090177
1983-02-22,,6.7,9.5,25.9,,17.5,,,,,4.2099879732
1983-02-23,,6.9,0.9,26.1,,17.7,,,,,4.22587739321
1983-02-24,,9.3,0.0,26.3,,16.5,,,,,4.50096695384
1983-02-25,,8.9,0.0,26.5,,17.9,,,,,4.29648176773
1983-02-26,,8.0,0.0,27.7,,17.7,,,,,4.6841694961
1983-02-27,,5.7,0.0,26.3,,18.3,,61.0,,,4.14206865978
1983-02-28,,8.1,0.0,27.7,21.48,18.3,79.25,58.0,,,4.56119512818
1983-03-01,,10.1,0.0,28.7,22.2,17.5,74.25,,,,4.98298496346
1983-03-02,,8.0,0.0,26.7,20.96,17.3,83.5,,,,4.43488952656
1983-03-03,,0.5,0.0,25.9,21.28,17.7,71.0,,,,4.11426380499
1983-03-04,,5.8,0.0,27.3,22.0,18.7,71.25,,,,4.33340343998
1983-03-05,,8.8,0.0,27.9,22.24,18.1,81.75,,,,4.61740526482
1983-03-06,,7.6,0.0,27.7,21.6,18.3,73.75,,,,4.51366325671
1983-03-07,,6.9,0.7,27.6,21.38,18.0,77.25,,,,4.53024919268
1983-03-08,,8.2,0.0,27.6,21.44,17.8,79.0,,,,4.5567887114
1983-03-09,,4.0,0.3,25.8,21.04,17.9,80.5,,,,3.99717258556
1983-03-10,,6.5,0.8,26.9,21.52,18.3,83.25,,,,4.24040150577
1983-03-11,,7.6,0.1,27.2,21.52,17.6,79.25,,,,4.4482906114
1983-03-12,,8.4,0.0,28.8,22.3,19.2,72.25,,,,4.61501732971
1983-03-13,,9.8,0.0,30.0,23.42,19.5,70.0,,,,4.9018552807
1983-03-14,,8.4,0.0,29.5,22.8,19.3,72.75,,,,4.78033749552
1983-03-15,,8.4,0.0,29.3,22.64,19.1,68.0,,,,4.74624474637
1983-03-16,,8.0,0.0,28.5,22.4,18.9,69.75,,,,4.53852008796
1983-03-17,,9.1,0.0,27.9,21.8,17.7,70.25,,,,4.56521922279
1983-03-18,,7.9,0.1,27.8,21.94,18.7,73.25,,,,4.34860188761
1983-03-19,,8.0,0.0,27.1,21.36,17.7,69.0,,,,4.31679583006
1983-03-20,,9.0,0.0,27.3,21.84,16.7,71.0,,,,4.52625389071
1983-03-21,,5.8,0.0,27.5,21.96,18.1,71.25,,,,4.33610800045
1983-03-22,,5.3,0.0,27.6,21.86,18.5,77.0,,,,4.28061517047
1983-03-23,,7.0,0.0,27.6,22.38,18.1,64.5,,,,4.33985689691
1983-03-24,,0.4,0.0,25.8,21.74,18.1,75.25,,,,3.80953340865
1983-03-25,,0.4,0.0,23.8,20.56,18.0,89.0,,,,3.20942622738
1983-03-26,,1.5,3.5,25.0,20.98,17.7,84.5,,,,3.63149972125
1983-03-27,,0.0,0.2,,19.52,17.6,89.5,,,,
1983-03-28,,5.8,10.8,28.1,21.92,17.5,81.25,,,,4.51009517492
1983-03-29,,4.4,2.9,27.7,21.24,18.5,82.5,,,,4.21937654031
1983-03-30,,2.7,58.0,26.1,21.4,16.7,79.5,71.0,,,4.07459250936
1983-03-31,,7.7,0.0,26.7,21.96,18.9,80.25,59.0,,,3.83168597799
1983-04-01,,8.3,0.0,26.9,21.32,17.9,77.75,,,,4.06186989728
1983-04-02,,7.6,0.6,26.5,21.52,18.3,76.75,,,,3.86415067079
1983-04-03,,2.7,21.9,24.1,19.72,17.7,89.25,,,,3.27525541539
1983-04-04,,5.2,2.7,24.6,19.84,17.2,86.0,,,,3.50974470779
1983-04-05,,3.9,0.8,25.5,20.42,17.5,85.75,,,,3.69294332702
1983-04-06,,6.8,0.0,27.6,21.52,18.2,80.5,,,,4.13106807869
1983-04-07,,7.8,0.0,30.1,23.22,18.0,77.25,,,,4.80224411461
1983-04-08,,2.0,3.4,25.8,20.68,18.0,87.25,,,,3.64443133129
1983-04-09,,7.0,0.4,25.8,21.14,17.9,79.25,,,,3.6498000116
1983-04-10,,8.0,0.0,25.6,20.6,17.4,74.75,,,,3.67212426554
1983-04-11,,6.5,0.0,24.3,19.68,16.5,76.75,,,,3.46832704751
1983-04-12,,6.9,0.0,25.5,19.76,16.3,78.25,,,,3.80182760377
1983-04-13,,5.1,0.0,24.9,19.96,16.7,84.0,,,,3.56654236953
1983-04-14,,7.9,0.3,26.1,20.16,17.3,82.5,,,,3.76656492356
1983-04-15,,7.4,0.0,26.5,20.68,17.3,77.75,,,,3.85597661619
1983-04-16,,4.0,0.0,26.0,20.52,18.2,85.75,,,,3.55470065642
1983-04-17,,6.7,0.2,26.8,20.64,17.6,79.75,,,,3.85531969523
1983-04-18,,7.6,0.0,27.1,21.26,17.4,78.25,,,,3.94830061239
1983-04-19,,3.3,2.8,23.8,20.16,18.4,92.5,,,,2.85020582701
1983-04-20,,8.6,4.9,26.4,20.56,16.9,79.0,,,,3.81891497118
1983-04-21,,8.8,0.0,27.5,21.42,17.8,79.5,,,,3.94122724236
1983-04-22,,6.5,0.0,28.8,21.82,17.5,79.0,,,,4.28954820923
1983-04-23,,8.7,0.0,27.5,21.8,19.3,74.75,,,,3.66193251624
1983-04-24,,8.0,0.0,26.9,21.36,17.3,77.5,,,,3.82208120171
1983-04-25,,9.3,0.0,26.9,21.2,17.7,76.25,,,,3.74553055986
1983-04-26,,8.0,0.0,26.3,20.88,18.5,75.5,,,,3.44374966189
1983-04-27,,8.1,0.0,25.9,19.6,16.1,70.5,,,,3.71096364482
1983-04-28,,2.1,0.5,23.7,19.6,15.5,84.5,,,,3.25916096942
1983-04-29,,1.6,0.5,22.7,19.72,17.3,94.5,87.0,,,2.66258832712
1983-04-30,,3.1,6.3,22.9,19.48,17.1,88.75,76.0,,,2.74860933983
1983-05-01,,7.5,0.0,25.5,20.28,16.5,78.5,,,,3.50071702988
1983-05-02,,5.2,2.7,24.3,18.9,16.6,81.0,,,,3.17968199229
1983-05-03,,7.8,2.6,24.8,19.32,14.2,82.75,,,,3.62392078087
1983-05-04,,1.6,1.8,24.0,19.74,16.8,90.75,,,,3.04694713838
1983-05-05,,7.7,0.1,24.8,19.38,16.9,79.0,,,,3.21681596041
1983-05-06,,8.8,0.0,25.8,19.58,14.6,80.0,,,,3.75140788143
1983-05-07,,5.4,0.0,26.0,20.2,16.9,83.0,,,,3.47946406158
1983-05-08,,6.7,3.4,25.3,20.18,17.6,85.0,,,,3.18860207565
1983-05-09,,5.0,0.0,25.1,20.32,17.5,83.5,,,,3.14395496495
1983-05-10,,5.4,0.0,25.3,20.6,17.5,81.25,,,,3.18140479206
1983-05-11,,6.9,0.0,25.1,20.52,17.3,78.25,,,,3.15360131375
1983-05-12,,6.7,0.0,25.5,20.0,16.5,77.5,,,,3.35795501612
1983-05-13,,8.5,0.0,25.7,19.92,15.9,78.25,,,,3.47350658203
1983-05-14,,7.9,0.0,25.1,20.0,15.5,73.25,,,,3.38138263397
1983-05-15,,6.4,0.4,25.5,20.04,16.1,74.75,,,,3.37809705859
1983-05-16,,5.1,2.1,24.9,19.46,16.7,85.75,,,,3.14430510101
1983-05-17,,8.6,0.0,26.8,19.94,15.3,76.75,,,,3.73511090301
1983-05-18,,,0.0,,18.38,16.9,83.0,,,,
1983-05-19,,6.2,1.7,26.0,20.2,17.4,83.5,,,,3.26250622466
1983-05-20,,7.0,0.2,28.6,21.56,17.2,75.5,,,,3.85800243193
1983-05-21,,7.8,0.0,30.4,22.8,15.8,67.25,,,,4.37375173807
1983-05-22,,8.0,0.6,25.4,20.94,17.7,79.5,,,,3.04657884141
1983-05-23,,6.6,0.0,26.1,20.92,17.5,78.0,,,,3.2304643528
1983-05-24,,8.6,0.0,27.7,21.36,17.7,74.5,,,,3.55226326854
1983-05-25,,8.8,0.0,27.1,20.28,14.7,77.0,,,,3.76906757902
1983-05-26,,8.4,0.0,25.5,19.84,15.5,72.25,,,,3.3404604443
1983-05-27,,8.7,0.0,25.9,19.6,15.1,73.0,,,,3.46216780565
1983-05-28,,4.0,0.3,24.5,19.0,16.5,84.75,,,,2.97198477441
1983-05-29,,10.1,0.0,28.1,20.4,15.9,73.5,,,,3.80423698719
1983-05-30,,7.6,0.0,28.0,20.68,16.5,75.25,52.0,,,3.70761927851
1983-05-31,,9.2,0.0,27.2,20.42,17.3,67.25,46.0,,,3.43195184758
1983-06-01,,6.3,0.0,25.1,18.88,15.3,75.25,,,,3.23246792409
1983-06-02,,8.8,0.0,26.2,18.7,15.1,65.75,,,,3.47337713764
1983-06-03,,7.4,0.0,25.0,20.22,14.7,67.0,,,,3.26945253253
1983-06-04,,8.6,0.0,25.8,18.94,13.5,73.0,,,,3.546784179
1983-06-05,,9.2,0.0,25.5,19.24,14.8,76.75,,,,3.34591847263
1983-06-06,,7.8,0.0,25.7,20.36,15.9,71.0,,,,3.25114550797
1983-06-07,,6.1,0.8,26.9,19.92,17.1,83.25,,,,3.34657308889
1983-06-08,,6.8,0.0,25.1,19.16,15.3,77.0,,,,3.19016675138
1983-06-09,,9.7,0.0,26.3,19.36,14.1,61.75,,,,3.55416691128
1983-06-10,,9.0,0.0,25.5,20.0,16.3,70.5,,,,3.13893499786
1983-06-11,,,0.0,25.3,18.88,14.3,72.75,,,,3.33051099915
1983-06-12,,5.2,0.0,23.7,19.16,14.3,78.25,,,,3.00977659909
1983-06-13,,2.7,0.0,23.0,18.3,14.8,79.5,,,,2.80051800832
1983-06-14,,9.0,0.0,25.2,18.84,15.6,74.0,,,,3.15104535456
1983-06-15,,2.3,0.0,23.1,18.3,16.2,80.75,,,,2.61679755834
1983-06-16,,6.0,0.1,25.6,19.48,15.6,86.25,,,,3.22783381083
1983-06-17,,6.8,0.0,24.9,19.74,16.6,80.75,,,,2.95037976673
1983-06-18,,7.0,0.4,24.1,18.48,15.5,83.75,,,,2.92775480293
1983-06-19,,2.4,3.6,20.7,17.4,15.5,88.25,,,,2.17282953438
1983-06-20,,0.4,1.6,20.1,17.32,15.3,93.5,,,,2.0637605488
1983-06-21,,5.0,1.6,21.3,17.8,15.3,84.0,,,,2.3459726234
1983-06-22,,6.8,1.0,21.5,18.28,16.1,82.0,,,,2.25630015623
1983-06-23,,8.4,0.0,24.9,18.88,15.9,79.25,,,,3.04040424504
1983-06-24,,7.8,0.0,24.0,18.62,15.5,76.75,,,,2.90497818643
1983-06-25,,5.2,0.0,23.9,18.16,14.1,79.75,,,,3.05780608423
1983-06-26,,8.8,0.0,25.5,18.84,14.7,79.5,,,,3.307306857
1983-06-27,,9.1,0.0,26.4,19.14,14.3,71.0,,,,3.52560347491
1983-06-28,,7.9,0.0,24.8,18.64,15.2,73.0,,,,3.11347058022
1983-06-29,,9.2,0.0,25.6,19.16,15.7,70.25,51.0,,,3.21847691406
1983-06-30,,7.2,0.0,25.0,18.14,14.3,69.25,49.0,,,3.26172200023
1983-07-01,,8.4,0.0,25.0,18.2,14.4,74.0,,,,3.25387979732
1983-07-02,,9.2,0.0,27.2,20.0,14.0,58.75,,,,3.7221721259
1983-07-03,,6.1,0.0,27.0,20.12,13.8,63.75,,,,3.70711430291
1983-07-04,,9.9,0.0,25.7,19.8,13.5,77.25,,,,3.49373920327
1983-07-05,,8.8,0.0,24.5,18.52,15.1,77.25,,,,3.08737545773
1983-07-06,,3.6,0.5,23.9,18.48,15.1,84.5,,,,2.96777771394
1983-07-07,,6.1,2.2,23.1,18.68,15.3,80.5,,,,2.77599034424
1983-07-08,,3.6,1.7,23.7,18.66,16.4,88.5,,,,2.75186743392
1983-07-09,,1.1,2.5,22.3,18.16,15.5,89.5,,,,2.57985227461
1983-07-10,,3.4,2.4,22.3,17.92,15.3,86.75,,,,2.61529494295
1983-07-11,,10.0,0.0,24.2,17.68,15.0,74.25,,,,3.0698255945
1983-07-12,,7.5,0.0,25.1,19.66,14.6,72.25,,,,3.3083085636
1983-07-13,,1.8,3.1,21.2,17.7,16.1,91.75,,,,2.23700492905
1983-07-14,,4.9,0.1,23.4,18.12,15.4,80.25,,,,2.86582118441
1983-07-15,,8.9,0.0,24.6,18.56,14.2,76.0,,,,3.27518328738
1983-07-16,,5.4,0.6,22.9,17.66,15.0,83.0,,,,2.82682439476
1983-07-17,,8.0,0.0,24.6,18.26,15.3,67.5,,,,3.15845339318
1983-07-18,,10.1,0.0,26.5,19.12,13.5,61.25,,,,3.74889102195
1983-07-19,,8.7,0.0,25.7,19.36,15.1,70.5,,,,3.43015024489
1983-07-20,,8.1,0.0,25.7,19.24,15.5,69.75,,,,3.39171121616
1983-07-21,,,0.0,25.5,18.88,15.7,77.0,,,,3.33391638212
1983-07-22,,5.8,0.0,24.9,19.18,16.6,77.0,,,,3.08907092269
1983-07-23,,7.1,0.0,24.5,18.68,15.5,76.5,,,,3.16345439019
1983-07-24,,4.5,0.2,23.7,17.68,14.5,85.5,,,,3.13171228296
1983-07-25,,6.8,0.0,22.9,16.88,13.5,86.0,,,,3.0979110429
1983-07-26,,9.3,0.8,25.4,18.12,12.8,62.25,,,,3.68792322718
1983-07-27,,3.1,0.0,20.8,17.44,14.4,85.75,,,,2.52962915823
1983-07-28,,6.6,0.5,23.7,17.76,13.2,77.75,,,,3.3287729701
1983-07-29,,1.4,0.9,22.1,17.24,14.9,96.0,,,,2.76946376328
1983-07-30,,0.1,7.4,19.2,15.98,13.9,94.75,90.0,,,2.25606202076
1983-07-31,,1.5,1.5,20.8,15.96,14.0,89.0,79.0,,,2.6276536385
1983-08-01,,8.8,0.0,24.7,17.76,13.9,78.25,,,,3.50236470181
1983-08-02,,7.7,0.0,27.7,19.36,13.5,69.5,,,,4.17132799701
1983-08-03,,10.4,0.0,31.3,22.2,14.1,59.25,,,,4.85913737514
1983-08-04,,7.5,0.0,25.3,19.24,12.9,81.75,,,,3.77254639581
1983-08-05,,0.2,0.3,20.3,18.16,15.3,82.0,,,,2.31955745953
1983-08-06,,5.9,2.9,22.3,17.88,15.5,89.0,,,,2.79883668365
1983-08-07,,2.7,2.0,21.5,16.76,14.1,85.5,,,,2.84264607332
1983-08-08,,6.3,0.0,25.7,18.1,13.8,73.0,,,,3.81638426666
1983-08-09,,6.8,0.0,25.5,18.62,14.4,74.0,,,,3.71937155159
1983-08-10,,7.8,0.0,22.6,17.64,14.8,72.0,,,,3.02596079967
1983-08-11,,9.0,0.0,22.7,17.18,11.6,69.5,,,,3.46954283037
1983-08-12,,3.9,1.0,23.7,17.58,13.6,76.75,,,,3.46473143255
1983-08-13,,9.1,0.0,24.2,17.58,12.5,64.75,,,,3.71250095976
1983-08-14,,8.1,0.0,25.1,18.36,13.3,71.5,,,,3.83060323193
1983-08-15,,8.1,0.0,25.3,18.92,15.5,64.5,,,,3.6179617814
1983-08-16,,8.9,0.0,25.7,18.6,12.5,72.25,,,,4.07161771069
1983-08-17,,3.4,2.8,22.3,17.4,15.3,89.5,,,,2.9522406569
1983-08-18,,6.5,1.7,23.7,17.2,13.1,77.0,,,,3.60704864094
1983-08-19,,8.3,0.0,25.1,18.16,14.3,69.75,,,,3.78618920473
1983-08-20,,8.9,0.0,24.7,18.96,15.1,75.5,,,,3.6024969478
1983-08-21,,7.9,0.0,26.7,18.84,13.5,72.0,,,,4.26302754151
1983-08-22,,8.4,0.0,24.2,18.5,14.9,74.0,,,,3.53986088469
1983-08-23,,3.2,1.7,21.4,16.66,14.6,88.75,,,,2.91239068401
1983-08-24,,6.3,0.0,23.7,18.8,14.1,73.5,,,,3.5609576712
1983-08-25,,,0.7,22.8,17.38,15.2,82.0,,,,3.18908980841
1983-08-26,,7.1,0.4,24.4,18.94,15.0,71.75,,,,3.62783442293
1983-08-27,,9.3,0.0,24.8,18.48,14.0,61.25,,,,3.87203658657
1983-08-28,,9.0,0.0,25.3,18.74,14.4,66.75,,,,3.95172415185
1983-08-29,,9.7,0.0,24.5,18.38,13.8,57.75,,,,3.8568169631
1983-08-30,,8.3,0.0,26.9,18.8,12.1,58.0,39.0,,,4.5958561288
1983-08-31,,8.8,0.0,29.7,20.88,15.5,58.25,38.0,,,4.89378912146
1983-09-01,,9.3,0.0,31.7,22.44,12.5,46.75,,,,5.64058791719
1983-09-02,,9.8,0.0,30.9,23.24,15.1,58.0,,,,5.25119494535
1983-09-03,,6.4,0.0,25.5,20.52,17.9,75.5,,,,3.53857657479
1983-09-04,,6.7,0.0,26.5,19.56,15.1,66.75,,,,4.25016419158
1983-09-05,,6.3,0.0,25.8,19.44,15.9,58.5,,,,3.97978552226
1983-09-06,,6.9,0.0,27.9,19.36,14.5,62.25,,,,4.68835883876
1983-09-07,,5.7,0.0,25.3,18.68,16.0,71.75,,,,3.863998651
1983-09-08,,8.4,0.0,27.9,20.24,15.7,57.5,,,,4.57354544318
1983-09-09,,10.4,0.0,28.8,20.68,13.4,56.75,,,,5.06465037283
1983-09-10,,9.5,0.0,27.4,20.6,14.8,62.25,,,,4.59640512911
1983-09-11,,7.5,0.0,25.8,20.4,16.6,75.5,,,,3.95064170162
1983-09-12,,3.9,1.9,22.9,19.2,16.3,90.25,,,,3.21928675445
1983-09-13,,4.6,0.7,25.1,19.2,15.7,75.5,,,,3.93668935732
1983-09-14,,7.1,0.0,27.1,19.68,15.7,71.5,,,,4.46283111201
1983-09-15,,6.7,0.0,26.7,19.4,15.9,75.75,,,,4.3461889867
1983-09-16,,7.7,0.0,26.9,20.2,15.7,69.0,,,,4.43949179548
1983-09-17,,9.7,0.0,29.3,21.56,15.7,55.5,,,,5.05741545291
1983-09-18,,9.2,0.0,27.7,20.24,15.5,63.75,,,,4.69694721455
1983-09-19,,7.7,0.0,28.3,20.26,14.6,59.75,,,,4.97282684864
1983-09-20,,7.4,0.0,28.4,20.88,16.1,58.25,,,,4.82170296767
1983-09-21,,9.3,0.0,27.3,20.54,14.7,62.5,,,,4.74113378973
1983-09-22,,7.0,0.0,26.4,19.7,14.7,64.75,,,,4.52815143718
1983-09-23,,8.5,0.0,26.8,20.12,15.4,59.5,,,,4.54610501642
1983-09-24,,9.3,0.0,28.6,20.76,15.9,53.75,,,,4.95329010647
1983-09-25,,10.5,0.0,31.0,22.3,13.2,45.25,,,,5.85735028046
1983-09-26,,7.7,0.0,27.5,21.24,16.5,61.75,,,,4.60472223349
1983-09-27,,0.0,0.0,21.7,18.76,15.9,86.0,,,,3.08248874009
1983-09-28,,4.4,0.0,26.7,21.04,16.9,66.5,,,,4.34583856503
1983-09-29,,3.7,0.2,25.7,20.2,16.5,81.0,57.0,,,4.14614316275
1983-09-30,,7.1,0.2,26.9,20.52,16.5,73.75,51.0,,,4.48669298086
1983-10-01,,5.4,2.9,25.9,,16.5,,,,,4.22113534713
1983-10-02,,3.8,2.0,25.3,,16.3,,,,,4.09707377567
1983-10-03,,4.7,1.6,24.8,,16.0,,,,,4.0180073488
1983-10-04,,4.7,0.5,24.8,,15.5,,,,,4.11222080158
1983-10-05,,5.1,0.7,25.3,,15.6,,,,,4.24164191175
1983-10-06,,3.3,1.1,25.9,,15.7,,,,,4.39819064931
1983-10-07,,4.6,0.0,25.9,,15.4,,,,,4.4537326319
1983-10-08,,8.8,0.0,26.8,,13.5,,,,,4.95671398995
1983-10-09,,6.6,0.0,27.4,,15.3,,,,,4.88630494239
1983-10-10,,3.9,0.0,28.1,,16.5,,,,,4.90914909833
1983-10-11,,3.9,0.0,29.7,,17.9,,,,,5.14542168665
1983-10-12,,2.4,0.0,25.7,,17.1,,,,,4.14622565138
1983-10-13,,4.5,0.0,26.9,,16.5,,,,,4.60192805683
1983-10-14,,7.8,0.0,27.3,,16.5,,,,,4.72078791283
1983-10-15,,7.7,0.0,26.1,,18.3,,,,,4.04839891601
1983-10-16,,8.2,0.0,29.9,,17.9,,,,,5.24257545181
1983-10-17,,8.4,0.0,31.0,,17.9,,,,,5.55777218666
1983-10-18,,9.3,0.0,30.9,,17.4,,,,,5.609656114
1983-10-19,,9.1,0.0,30.6,,15.8,,,,,5.74817585531
1983-10-20,,7.6,0.0,27.7,,16.8,,,,,4.82489962489
1983-10-21,,6.4,0.0,28.2,,16.9,,,,,4.95555174871
1983-10-22,,7.7,0.0,28.7,,16.6,,,,,5.14679772448
1983-10-23,,7.4,0.0,28.8,,17.0,,,,,5.11986105968
1983-10-24,,10.9,0.0,29.9,,15.1,,,,,5.68376531139
1983-10-25,,7.8,0.0,26.5,,15.1,,,,,4.78297820001
1983-10-26,,4.3,6.9,24.5,,13.1,,,,,4.53975031716
1983-10-27,,2.9,3.9,22.1,,13.9,,,,,3.76972728995
1983-10-28,,4.7,0.3,24.7,,15.7,,,,,4.19593252335
1983-10-29,,7.0,0.1,25.5,,14.9,,,,,4.55770682635
1983-10-30,,4.3,0.3,25.5,,15.9,,48.0,,,4.39820413112
1983-10-31,,6.5,0.7,26.4,20.0,13.8,75.25,54.0,,,4.96427796696
1983-11-01,,4.2,0.6,28.4,21.04,16.4,77.75,,,,5.14262294562
1983-11-02,,3.5,0.0,27.1,20.86,17.0,71.0,,,,4.68034302328
1983-11-03,,7.8,0.0,28.4,21.46,16.3,62.5,,,,5.1650232487
1983-11-04,,5.7,0.0,29.0,22.88,17.4,58.75,,,,5.16770166064
1983-11-05,,0.7,4.0,25.8,20.86,18.6,86.25,,,,3.97454092755
1983-11-06,,0.6,0.2,26.2,20.22,17.7,94.25,,,,4.29407431757
1983-11-07,,1.8,61.9,25.5,20.76,16.1,86.75,,,,4.38755885656
1983-11-08,,1.9,6.8,25.1,19.92,17.1,91.25,,,,4.08133348629
1983-11-09,,1.7,17.2,25.3,21.24,17.5,80.75,,,,4.06316151487
1983-11-10,,3.5,0.0,25.7,21.16,17.3,76.75,,,,4.22935436637
1983-11-11,,2.2,0.8,25.9,20.8,15.7,78.75,,,,4.57961360103
1983-11-12,,3.8,0.0,25.3,19.92,14.1,81.0,,,,4.66412473923
1983-11-13,,1.7,0.0,25.7,20.24,15.3,81.0,,,,4.59222423914
1983-11-14,,3.3,7.3,22.9,20.96,15.7,70.75,,,,3.70267303593
1983-11-15,,6.6,0.0,28.7,23.28,19.3,70.0,,,,4.76840611138
1983-11-16,,7.0,0.0,28.0,22.1,18.1,69.0,,,,4.78400059439
1983-11-17,,6.3,0.0,28.2,21.92,17.3,62.75,,,,4.98454345121
1983-11-18,,6.2,0.0,27.4,21.44,17.2,67.75,,,,4.7697659814
1983-11-19,,4.3,0.0,26.1,20.18,16.8,63.5,,,,4.45920205222
1983-11-20,,11.2,0.0,28.2,20.78,14.0,50.0,,,,5.46242766863
1983-11-21,,8.9,0.0,27.9,21.52,16.9,68.5,,,,4.96961988089
1983-11-22,,6.3,0.0,29.3,21.44,14.1,64.75,,,,5.74145389077
1983-11-23,,8.1,0.0,31.5,24.28,16.5,55.25,,,,6.03699620867
1983-11-24,,3.8,0.6,26.9,21.44,17.3,81.25,,,,4.6110273446
1983-11-25,,5.3,0.0,26.7,21.36,18.5,73.5,,,,4.31580948188
1983-11-26,,7.5,0.0,28.7,22.9,18.6,64.0,,,,4.91517481519
1983-11-27,,6.4,0.0,28.9,22.58,18.6,62.25,,,,4.97643719161
1983-11-28,,3.5,0.0,26.4,20.92,17.4,79.25,,,,4.44540695069
1983-11-29,,4.9,0.0,26.4,21.68,17.3,65.75,53.0,,,4.46509415993
1983-11-30,,3.5,0.0,27.2,21.76,17.0,68.25,47.0,,,4.75776655005
1983-12-01,,3.8,0.0,27.5,22.18,18.6,70.25,,,,4.55069156282
1983-12-02,,3.9,0.0,27.5,22.5,19.1,65.25,,,,4.44865871067
1983-12-03,,1.0,0.0,25.6,20.78,18.7,88.75,,,,3.91961712787
1983-12-04,,0.1,27.9,25.1,20.16,17.8,90.0,,,,3.96146481227
1983-12-05,,1.3,5.8,24.7,20.92,18.5,86.5,,,,3.66519556067
1983-12-06,,7.8,8.4,26.9,21.74,17.8,73.0,,,,4.52543102462
1983-12-07,,8.1,0.0,26.3,20.82,17.4,70.5,,,,4.4201704078
1983-12-08,,10.3,0.0,27.4,21.3,16.1,69.25,,,,4.96858095111
1983-12-09,,9.4,0.0,27.9,21.62,17.0,62.75,,,,4.9667303703
1983-12-10,,7.0,0.0,29.1,21.7,17.2,70.25,,,,5.28035080446
1983-12-11,,11.3,0.0,28.9,22.34,17.0,60.5,,,,5.25508514038
1983-12-12,,8.3,0.0,28.3,22.06,17.9,57.5,,,,4.93129991715
1983-12-13,,6.6,0.0,27.4,21.7,18.5,66.75,,,,4.5455504838
1983-12-14,,4.1,0.0,25.5,21.38,18.3,69.5,,,,3.98348183945
1983-12-15,,11.1,0.0,29.5,22.48,17.3,54.75,,,,5.38177254649
1983-12-16,,10.2,0.0,28.5,21.58,15.6,55.25,,,,5.35320051401
1983-12-17,,7.8,0.0,27.8,22.42,18.6,65.0,,,,4.65168507441
1983-12-18,,10.2,0.0,27.9,22.38,17.3,58.0,,,,4.9204993621
1983-12-19,,10.3,0.0,27.9,22.18,16.4,58.25,,,,5.06854283251
1983-12-20,,9.6,0.0,28.7,22.28,17.7,53.5,,,,5.08792105222
1983-12-21,,8.4,0.0,28.5,21.72,16.7,57.5,,,,5.19308582525
1983-12-22,,6.9,0.0,28.7,22.46,19.0,67.0,,,,4.85452988365
1983-12-23,,8.3,0.0,29.9,23.02,17.4,54.0,,,,5.48490613475
1983-12-24,,5.4,0.0,27.1,21.62,17.4,62.75,,,,4.66897477472
1983-12-25,,7.1,0.0,28.1,22.5,17.0,58.25,,,,5.0324760029
1983-12-26,,2.4,0.0,27.3,22.22,18.6,62.0,,,,4.49994748254
1983-12-27,,9.5,0.0,28.1,21.98,17.4,57.25,,,,4.96645322213
1983-12-28,,7.6,0.1,28.1,22.18,17.0,58.5,,,,5.03398340469
1983-12-29,,4.1,0.0,28.4,22.28,17.9,69.5,,,,4.9693326527
1983-12-30,,5.2,0.3,28.8,21.08,18.0,78.75,45.0,,,5.07108428197
1983-12-31,,2.8,1.8,26.2,21.16,18.1,78.25,60.0,,,4.25885184067
1984-01-01,,4.8,1.2,27.8,21.66,17.1,71.25,,,,4.93209698818
1984-01-02,,1.9,2.4,24.3,19.8,17.3,88.25,,,,3.82604117296
1984-01-03,,1.9,2.9,25.1,20.18,16.0,81.25,,,,4.33448513648
1984-01-04,,8.0,0.0,28.1,21.82,17.6,61.0,,,,4.93563698798
1984-01-05,,8.9,0.0,28.6,22.5,18.0,58.5,,,,5.01438278259
1984-01-06,,11.2,0.0,32.2,23.86,17.1,47.25,,,,6.18189329394
1984-01-07,,6.7,0.0,30.2,23.14,18.0,60.75,,,,5.48503600471
1984-01-08,,8.3,0.0,30.4,22.4,17.4,60.0,,,,5.63534854893
1984-01-09,,4.6,1.4,28.2,21.68,18.6,72.25,,,,4.78487253597
1984-01-10,,7.2,14.0,27.3,21.56,17.0,66.25,,,,4.80611410471
1984-01-11,,7.5,0.0,27.8,21.26,17.4,70.75,,,,4.88398324014
1984-01-12,,9.2,0.2,28.4,22.24,18.4,63.75,,,,4.88412472893
1984-01-13,,9.9,0.0,29.1,21.94,15.8,54.75,,,,5.5028822225
1984-01-14,,9.9,0.0,29.1,22.44,18.1,51.75,,,,5.1475358527
1984-01-15,,10.9,0.0,29.6,22.52,17.0,47.75,,,,5.46926270552
1984-01-16,,8.7,0.0,29.9,22.82,18.2,56.75,,,,5.36640546915
1984-01-17,,9.4,0.0,30.1,23.3,18.2,50.25,,,,5.42485245532
1984-01-18,,8.6,0.0,30.0,22.56,17.2,60.75,,,,5.55224699108
1984-01-19,,5.6,0.0,28.8,22.64,19.0,61.5,,,,4.89312884569
1984-01-20,,11.0,0.0,31.2,23.48,17.7,50.5,,,,5.81832485307
1984-01-21,,9.5,0.0,31.2,23.72,18.2,47.5,,,,5.74280457513
1984-01-22,,8.4,0.0,30.4,22.4,17.0,46.5,,,,5.69265404572
1984-01-23,,9.3,0.0,30.4,23.48,17.0,48.5,,,,5.6918965254
1984-01-24,,8.6,0.0,30.7,24.02,19.0,52.0,,,,5.46514319997
1984-01-25,,8.4,0.0,29.8,22.62,17.4,48.25,,,,5.46039733663
1984-01-26,,7.7,0.0,30.0,23.24,18.6,52.5,,,,5.32305551118
1984-01-27,,9.8,0.0,30.7,22.84,16.6,44.0,,,,5.8272469842
1984-01-28,,9.9,0.0,30.3,23.98,18.6,55.5,,,,5.40929675295
1984-01-29,,9.3,0.0,30.2,23.72,18.4,48.25,,,,5.41158613262
1984-01-30,,10.6,0.0,30.1,23.1,17.4,47.0,31.0,,,5.5391442481
1984-01-31,,9.7,0.0,30.6,22.6,16.0,45.25,24.0,,,5.8727817115
1984-02-01,,10.8,0.0,29.7,21.76,16.6,54.25,,,,5.54061547091
1984-02-02,,10.8,0.0,29.9,23.46,18.4,50.5,,,,5.31592357202
1984-02-03,,10.1,0.0,30.3,23.1,18.0,49.75,,,,5.49538096028
1984-02-04,,7.7,1.4,29.5,22.82,18.4,65.5,,,,5.19316671715
1984-02-05,,8.8,0.0,29.1,22.94,17.0,53.5,,,,5.30255454698
1984-02-06,,10.1,0.0,31.5,23.06,18.2,63.5,,,,5.80117506372
1984-02-07,,3.4,0.0,28.9,23.18,18.4,57.75,,,,5.00662608254
1984-02-08,,6.5,0.0,30.3,23.46,18.2,56.25,,,,5.44908005659
1984-02-09,,9.1,0.0,30.3,23.82,18.8,58.75,,,,5.3467339897
1984-02-10,,2.5,0.0,26.1,21.9,17.2,67.0,,,,4.3785745236
1984-02-11,,8.9,2.7,28.7,23.7,17.8,55.0,,,,5.03853105675
1984-02-12,,8.5,0.0,30.5,23.66,18.4,61.25,,,,5.45965979683
1984-02-13,,10.6,0.0,29.5,23.58,17.2,57.0,,,,5.35696312623
1984-02-14,,11.1,0.0,30.5,23.3,17.2,56.75,,,,5.63336854885
1984-02-15,,6.7,0.0,29.7,23.18,18.6,59.75,,,,5.17883949621
1984-02-16,,7.7,0.0,30.3,23.78,18.6,54.75,,,,5.34995924975
1984-02-17,,9.2,0.0,30.1,22.7,16.4,54.0,,,,5.61921806599
1984-02-18,,10.9,0.0,31.1,23.26,16.6,60.0,,,,5.85939063173
1984-02-19,,10.5,0.0,30.7,24.14,19.4,54.25,,,,5.31585979093
1984-02-20,,9.8,0.0,30.3,23.74,18.6,46.75,,,,5.32735694825
1984-02-21,,10.7,0.0,31.5,23.7,17.6,49.5,,,,5.81353057848
1984-02-22,,10.3,0.0,31.3,24.02,18.6,48.75,,,,5.60250297806
1984-02-23,,7.5,0.0,31.1,24.18,19.0,59.0,,,,5.47432093027
1984-02-24,,4.6,0.0,28.9,23.34,18.8,58.0,,,,4.85492373575
1984-02-25,,9.0,0.0,29.3,22.86,17.0,50.5,,,,5.2602964264
1984-02-26,,8.7,0.0,30.1,22.82,17.2,53.75,,,,5.44498851943
1984-02-27,,9.7,0.0,31.1,24.26,18.2,56.5,,,,5.56801603348
1984-02-28,,10.2,0.0,30.5,23.86,18.6,61.0,40.0,,,5.3269847961
1984-02-29,,5.0,0.0,29.9,22.5,18.4,77.0,47.0,,,5.17890736242
1984-03-01,,8.3,8.6,29.3,,18.4,,,,,4.99762956139
1984-03-02,,9.7,0.0,30.5,,17.4,,,,,5.48254431299
1984-03-03,,8.6,0.0,30.3,,19.0,,,,,5.16816834112
1984-03-04,,6.2,0.0,31.1,,18.6,,,,,5.45128433207
1984-03-05,,9.2,0.0,30.2,,18.1,,,,,5.26537995422
1984-03-06,,10.6,0.0,31.2,,17.4,,,,,5.63225203467
1984-03-07,,,0.0,,,18.4,,,,,
1984-03-08,,8.8,0.0,32.4,,20.7,,,,,5.4410500134
1984-03-09,,8.2,0.0,31.7,,18.1,,,,,5.6360354815
1984-03-10,,6.2,9.9,29.2,,19.2,,,,,4.74330196386
1984-03-11,,7.4,0.0,31.8,,17.8,,,,,5.67982630605
1984-03-12,,4.5,0.2,29.9,,20.4,,,,,4.70642608168
1984-03-13,,9.3,7.6,30.3,,19.2,,,,,5.02813669825
1984-03-14,,6.2,0.0,28.7,,19.0,,,,,4.58988311497
1984-03-15,,3.9,0.0,26.5,,19.2,,,,,3.87661372274
1984-03-16,,6.5,2.7,26.5,,16.8,,,,,4.32581948486
1984-03-17,,7.3,1.2,27.7,,16.4,,,,,4.70417359553
1984-03-18,,7.8,0.0,28.7,,18.2,,,,,4.68155501147
1984-03-19,,6.4,1.3,27.8,,18.7,,,,,4.32550445898
1984-03-20,,7.8,0.2,28.6,,18.6,,,,,4.56047911808
1984-03-21,,9.9,0.0,29.6,,18.0,,,,,4.92170698715
1984-03-22,,8.2,0.0,30.8,,17.1,,,,,5.35266199823
1984-03-23,,2.6,0.0,27.7,,19.8,,,,,4.03342387579
1984-03-24,,3.5,0.7,26.5,,18.6,,,,,3.90534603015
1984-03-25,,5.1,0.0,27.7,,18.7,,,,,4.22277488721
1984-03-26,,7.0,0.0,29.3,,19.2,,,,,4.5739085918
1984-03-27,,4.5,0.0,28.1,,19.4,,,,,4.18155097072
1984-03-28,,7.3,0.3,29.1,,18.8,,,,,4.5572846365
1984-03-29,,6.2,0.0,29.9,,18.8,,,,,4.76094601509
1984-03-30,,5.6,0.0,28.9,,19.8,,56.0,,,4.29669819973
1984-03-31,,5.2,0.0,30.7,23.26,19.6,79.0,47.0,,,4.81951524638
1984-04-01,,2.9,26.3,25.9,21.38,18.4,80.25,,,,3.67255651919
1984-04-02,,4.1,0.0,27.7,21.48,18.5,83.25,,,,4.15012753599
1984-04-03,,2.8,3.1,26.5,21.28,18.3,83.0,,,,3.83779420061
1984-04-04,,2.8,0.0,26.6,22.04,19.2,79.5,,,,3.67828493229
1984-04-05,,2.0,0.2,26.5,21.92,19.1,83.75,,,,3.65633440866
1984-04-06,,5.5,17.2,26.4,21.68,19.4,82.0,,,,3.55221721551
1984-04-07,,8.6,0.0,26.8,21.5,19.1,76.5,,,,3.71676359958
1984-04-08,,10.0,1.0,26.9,21.26,17.5,78.0,,,,4.01639343987
1984-04-09,,2.4,0.0,22.1,19.78,17.4,95.5,,,,2.65629780345
1984-04-10,,3.2,3.2,23.9,19.94,18.0,89.75,,,,3.05989899614
1984-04-11,,4.3,10.1,23.7,19.82,17.6,88.75,,,,3.07573420605
1984-04-12,,2.5,1.7,25.1,20.26,18.0,89.5,,,,3.38319529273
1984-04-13,,1.0,1.2,23.1,20.08,18.2,93.0,,,,2.73590750108
1984-04-14,,2.8,8.9,23.4,20.04,18.1,89.25,,,,2.84192287871
1984-04-15,,1.9,6.6,23.3,19.72,17.9,93.5,,,,2.84649838432
1984-04-16,,2.4,4.5,23.1,19.6,17.9,95.0,,,,2.7752808421
1984-04-17,,,12.3,,19.1,17.6,93.5,,,,
1984-04-18,,3.5,1.4,23.6,20.12,17.5,84.5,,,,2.98648287092
1984-04-19,,7.2,4.2,26.5,21.14,18.2,84.0,,,,3.63291949824
1984-04-20,,9.2,0.6,25.5,20.62,17.8,85.0,,,,3.42467570686
1984-04-21,,1.6,0.0,23.7,20.3,18.2,85.0,,,,2.83185802914
1984-04-22,,5.4,2.1,24.7,21.26,19.4,82.75,,,,2.84755718877
1984-04-23,,6.4,2.0,25.1,21.02,18.6,75.5,,,,3.12529680057
1984-04-24,,3.9,2.4,24.5,20.82,18.4,91.25,,,,2.98524264587
1984-04-25,,6.3,13.1,24.5,20.86,18.6,90.25,,,,2.93176368903
1984-04-26,,9.8,0.1,25.3,20.22,17.8,76.75,,,,3.29243571938
1984-04-27,,7.3,0.0,24.9,20.64,18.1,86.5,,,,3.11870494625
1984-04-28,,4.4,1.0,23.9,20.06,18.0,86.75,,,,2.85307413504
1984-04-29,,4.0,0.0,24.5,20.42,17.8,86.75,73.0,,,3.0440521237
1984-04-30,,,0.2,,18.8,17.4,89.0,79.0,,,
1984-05-01,,3.8,0.3,24.2,20.0,17.7,88.5,,,,2.95961534511
1984-05-02,,8.1,2.7,24.8,19.66,16.5,80.0,,,,3.30561538615
1984-05-03,,5.3,0.0,24.4,20.26,17.3,75.25,,,,3.06135702396
1984-05-04,,1.0,1.7,22.6,19.28,17.1,93.0,,,,2.61462552285
1984-05-05,,1.6,1.4,22.8,18.8,16.6,91.0,,,,2.75441129762
1984-05-06,,3.5,5.3,23.0,18.68,16.0,87.75,,,,2.90007914159
1984-05-07,,2.8,1.8,22.7,19.5,17.6,89.0,,,,2.5090664834
1984-05-08,,1.0,0.0,21.3,18.78,15.8,94.0,,,,2.48644308623
1984-05-09,,2.7,5.6,22.7,19.14,16.8,88.5,,,,2.65046155831
1984-05-10,,8.2,0.3,23.7,19.5,17.0,84.0,,,,2.85908339428
1984-05-11,,9.1,0.0,24.3,18.98,16.6,78.5,,,,3.06195423783
1984-05-12,,8.0,0.0,25.9,20.1,16.0,80.25,,,,3.50475035002
1984-05-13,,5.4,0.0,25.5,20.52,17.7,82.0,,,,3.15193497158
1984-05-14,,5.9,2.5,24.9,20.5,18.6,87.0,,,,2.83359419761
1984-05-15,,5.9,0.9,25.4,20.12,18.3,83.75,,,,3.0054036908
1984-05-16,,8.5,0.0,25.7,20.1,16.0,79.5,,,,3.41270637318
1984-05-17,,4.4,15.9,23.4,19.28,16.6,91.5,,,,2.78527208348
1984-05-18,,5.6,1.0,23.2,18.72,16.4,80.75,,,,2.7615145067
1984-05-19,,7.1,0.0,24.1,19.78,17.0,78.0,,,,2.86886561211
1984-05-20,,4.4,0.0,23.9,20.02,17.0,84.5,,,,2.81196801876
1984-05-21,,0.5,4.0,20.7,18.58,17.2,97.75,,,,1.91828746043
1984-05-22,,4.4,5.2,22.7,19.02,17.0,89.25,,,,2.50047749379
1984-05-23,,6.7,0.0,23.1,18.9,16.6,85.75,,,,2.66239065824
1984-05-24,,4.0,0.9,22.7,18.98,16.0,85.0,,,,2.65955108196
1984-05-25,,4.4,0.3,23.3,18.62,17.0,89.0,,,,2.62717870044
1984-05-26,,3.4,1.6,22.7,18.9,17.0,86.25,,,,2.47252032454
1984-05-27,,9.8,0.4,23.9,18.58,15.2,76.25,,,,3.02240768733
1984-05-28,,9.6,0.0,23.8,18.32,15.0,77.25,,,,3.01987420358
1984-05-29,,8.9,0.0,25.4,19.02,14.9,74.75,,,,3.35699056671
1984-05-30,,4.7,0.0,24.2,19.24,15.5,87.5,65.0,,,3.02444488664
1984-05-31,,8.1,,24.2,18.62,16.5,78.25,53.0,,,2.87658687433
1984-06-01,,6.0,0.6,23.5,17.84,13.4,80.5,,,,3.12365316253
1984-06-02,,4.8,3.1,22.0,18.24,16.5,91.25,,,,2.35104531852
1984-06-03,,2.6,0.3,21.0,18.3,15.4,84.75,,,,2.3005246924
1984-06-04,,1.8,0.4,22.1,18.06,16.2,91.0,,,,2.41909060121
1984-06-05,,5.5,0.3,23.9,19.06,15.6,81.25,,,,2.91061693694
1984-06-06,,0.6,0.0,22.7,18.78,16.8,82.0,,,,2.44985370923
1984-06-07,,8.4,0.0,24.5,18.74,15.0,75.75,,,,3.1037625879
1984-06-08,,8.0,0.0,26.3,19.26,14.6,74.5,,,,3.50347221639
1984-06-09,,9.8,0.0,26.1,19.46,13.8,66.25,,,,3.54035616814
1984-06-10,,10.4,0.0,26.5,19.18,13.2,55.25,,,,3.6670555239
1984-06-11,,7.7,0.0,23.3,17.66,12.8,70.0,,,,3.0988911757
1984-06-12,,5.2,1.8,22.7,17.66,15.4,83.5,,,,2.65316525628
1984-06-13,,5.0,0.0,23.2,18.14,16.1,82.25,,,,2.65666424745
1984-06-14,,4.8,0.4,23.8,18.34,16.0,79.25,,,,2.80080201392
1984-06-15,,7.3,0.0,24.4,18.9,15.5,80.25,,,,2.99358711822
1984-06-16,,4.4,0.0,22.7,18.18,16.2,74.75,,,,2.52288496078
1984-06-17,,7.1,0.0,24.5,18.82,13.6,74.75,,,,3.23034102336
1984-06-18,,0.8,0.0,21.9,19.06,16.6,91.25,,,,2.26389188403
1984-06-19,,2.4,2.3,21.2,17.6,16.4,92.0,,,,2.12770805876
1984-06-20,,8.4,1.4,23.1,17.64,14.9,83.75,,,,2.79572762323
1984-06-21,,6.6,0.0,23.2,18.42,15.3,79.5,,,,2.76261691203
1984-06-22,,4.5,0.8,22.8,18.28,15.8,86.5,,,,2.60417186299
1984-06-23,,3.3,0.6,21.9,17.84,15.8,88.25,,,,2.4019411796
1984-06-24,,0.4,2.8,19.3,16.92,15.2,93.25,,,,1.88377502437
1984-06-25,,7.3,2.4,21.2,17.44,15.2,84.0,,,,2.3415397218
1984-06-26,,3.6,0.0,21.9,17.22,14.8,83.25,,,,2.55907912444
1984-06-27,,7.0,0.0,22.2,16.58,14.5,80.5,,,,2.66668067829
1984-06-28,,7.4,0.0,24.5,17.76,13.5,78.25,,,,3.24698751053
1984-06-29,,4.6,0.7,23.7,18.26,15.4,84.75,61.0,,,2.86505447839
1984-06-30,,1.9,0.2,21.0,17.52,15.1,88.25,72.0,,,2.32077197252
1984-07-01,,5.9,1.2,22.9,17.9,14.8,78.25,,,,2.78288173873
1984-07-02,,5.3,0.0,22.2,17.5,15.1,77.25,,,,2.59425316655
1984-07-03,,8.2,0.0,23.1,17.7,14.3,78.0,,,,2.89583068781
1984-07-04,,7.2,0.0,23.4,17.94,15.1,77.5,,,,2.85867599169
1984-07-05,,9.0,0.0,23.8,17.96,15.2,66.75,,,,2.9338591404
1984-07-06,,5.1,0.0,23.7,17.62,14.6,71.5,,,,2.99436035859
1984-07-07,,3.7,0.0,22.4,17.8,15.2,86.0,,,,2.6426979539
1984-07-08,,2.8,9.3,21.2,16.8,14.6,88.25,,,,2.47237590099
1984-07-09,,3.2,7.3,21.4,16.9,14.6,91.5,,,,2.52132048082
1984-07-10,,7.4,6.4,22.0,17.16,14.2,83.25,,,,2.71325078122
1984-07-11,,7.8,0.0,22.5,18.14,15.0,77.25,,,,2.71434090803
1984-07-12,,8.0,0.9,22.6,17.86,15.4,81.0,,,,2.68348015065
1984-07-13,,3.1,1.2,21.7,17.78,16.2,90.0,,,,2.34746887935
1984-07-14,,9.7,2.3,22.9,16.86,13.8,78.0,,,,2.97717934617
1984-07-15,,9.4,0.0,22.7,17.9,14.0,70.25,,,,2.91807109954
1984-07-16,,6.9,0.0,22.2,17.16,15.1,76.0,,,,2.66466580953
1984-07-17,,7.9,0.0,22.3,17.0,14.1,73.75,,,,2.83562480594
1984-07-18,,4.4,0.0,22.0,17.16,14.0,81.0,,,,2.79270374685
1984-07-19,,9.4,0.0,23.5,17.66,14.0,71.5,,,,3.11556446135
1984-07-20,,7.4,0.0,23.0,17.36,14.9,73.0,,,,2.9007499521
1984-07-21,,8.1,0.0,24.4,18.1,14.3,72.25,,,,3.28385487509
1984-07-22,,6.9,0.0,26.2,19.52,15.8,63.5,,,,3.49057455078
1984-07-23,,8.4,0.0,24.6,19.48,16.6,71.0,,,,3.03904963839
1984-07-24,,3.8,0.0,22.7,18.14,16.1,85.25,,,,2.68236221531
1984-07-25,,2.1,2.5,20.8,17.16,15.6,92.5,,,,2.31139625604
1984-07-26,,2.6,1.6,20.4,17.02,14.8,85.75,,,,2.36625140643
1984-07-27,,5.8,0.4,21.8,16.94,14.5,84.5,,,,2.75259198289
1984-07-28,,0.5,0.2,21.5,17.58,13.2,76.75,,,,2.87930180394
1984-07-29,,5.4,0.3,23.1,17.76,14.9,79.25,,,,3.0063608221
1984-07-30,,6.8,0.0,23.0,17.54,14.5,73.75,46.0,,,3.05047761845
1984-07-31,,0.2,0.4,19.0,16.16,14.6,95.25,81.0,,,2.08486537599
1984-08-01,,0.8,5.0,20.4,16.72,14.3,91.0,,,,2.50258703687
1984-08-02,,7.6,2.9,23.8,18.22,15.4,80.25,,,,3.13582036304
1984-08-03,,7.8,0.0,23.7,18.04,15.6,79.0,,,,3.09450873041
1984-08-04,,6.2,0.0,23.1,18.1,15.4,78.5,,,,2.99573718361
1984-08-05,,8.2,0.0,24.1,18.3,15.0,76.25,,,,3.29509802757
1984-08-06,,8.3,0.0,23.8,18.16,14.8,72.0,,,,3.26702228772
1984-08-07,,6.6,0.0,24.6,17.72,14.7,69.25,,,,3.47166726222
1984-08-08,,5.9,1.9,23.5,17.56,14.7,80.25,,,,3.23712017022
1984-08-09,,6.5,0.0,23.8,17.9,14.1,79.5,,,,3.39755379886
1984-08-10,,3.0,0.0,22.0,16.62,14.2,88.5,,,,2.98748224938
1984-08-11,,8.6,0.4,23.6,17.82,12.3,73.5,,,,3.594401811
1984-08-12,,7.9,4.1,23.2,17.8,14.5,80.25,,,,3.24562953962
1984-08-13,,8.6,0.0,25.5,19.14,15.8,66.5,,,,3.60916431164
1984-08-14,,10.2,0.0,25.8,19.62,16.1,66.25,,,,3.65128008219
1984-08-15,,9.3,0.0,26.5,19.04,16.3,62.5,,,,3.80224253515
1984-08-16,,7.5,0.0,26.2,18.4,15.1,64.0,,,,3.90552556495
1984-08-17,,9.8,0.0,27.1,19.22,14.4,65.75,,,,4.20452305772
1984-08-18,,8.2,0.0,24.1,19.18,16.9,68.75,,,,3.15736063194
1984-08-19,,2.2,0.0,21.7,16.62,14.6,89.25,,,,2.95430088033
1984-08-20,,1.8,5.3,19.6,15.52,14.2,93.0,,,,2.49642381859
1984-08-21,,3.9,1.5,21.1,16.14,13.4,81.0,,,,3.02264747442
1984-08-22,,7.9,0.0,25.5,17.9,14.2,79.75,,,,3.94835644483
1984-08-23,,6.4,0.0,24.3,18.48,15.3,77.0,,,,3.53243541462
1984-08-24,,6.7,0.0,23.4,18.06,14.3,72.5,,,,3.47541611037
1984-08-25,,1.8,0.0,23.6,19.04,16.2,81.0,,,,3.23600715252
1984-08-26,,7.0,0.0,25.2,19.62,16.7,75.75,,,,3.57820982901
1984-08-27,,1.4,0.0,22.1,18.42,15.7,83.75,,,,2.95164717579
1984-08-28,,2.3,0.5,23.1,18.8,16.1,83.25,,,,3.15749970922
1984-08-29,,8.3,0.1,25.4,18.66,14.9,73.5,,,,3.93852099681
1984-08-30,,4.7,0.0,22.8,18.1,15.1,83.5,63.0,,,3.27810167658
1984-08-31,,,2.2,22.7,17.06,14.8,84.0,67.0,,,3.31437610808
1984-09-01,,1.4,0.0,21.1,,14.5,,,,,2.96136132673
1984-09-02,,8.9,2.5,23.1,,13.7,,,,,3.60659356725
1984-09-03,,3.1,0.0,23.1,,15.0,,,,,3.42015650187
1984-09-04,,0.8,1.8,22.3,,15.0,,,,,3.22293491237
1984-09-05,,2.2,0.2,21.7,,16.2,,,,,2.83036552932
1984-09-06,,8.1,4.3,24.2,,,,,,,
1984-09-07,,8.1,0.0,23.7,,,,,,,
1984-09-08,,0.1,0.0,21.8,,,,,,,
1984-09-09,,6.5,5.1,27.4,,,,,,,
1984-09-10,,0.9,0.0,24.0,,,,,,,
1984-09-11,,2.0,0.0,24.6,,,,,,,
1984-09-12,,0.3,1.9,22.3,,,,,,,
1984-09-13,,1.7,0.3,22.9,,,,,,,
1984-09-14,,,0.0,26.4,,,,,,,
1984-09-15,,9.5,0.0,28.6,,,,,,,
1984-09-16,,9.7,0.0,31.7,,,,,,,
1984-09-17,,7.7,0.0,29.4,,,,,,,
1984-09-18,,7.0,0.0,25.4,,,,,,,
1984-09-19,,7.5,0.0,26.4,,,,,,,
1984-09-20,,5.5,0.0,26.4,,,,,,,
1984-09-21,,7.4,0.0,26.2,,,,,,,
1984-09-22,,5.1,0.0,26.0,,,,,,,
1984-09-23,,4.2,0.0,24.6,,,,,,,
1984-09-24,,2.8,1.3,22.8,,,,,,,
1984-09-25,,10.1,0.0,25.8,,,,,,,
1984-09-26,,8.5,0.0,29.0,,,,,,,
1984-09-27,,7.5,0.0,32.6,,,,,,,
1984-09-28,,5.7,0.0,31.1,,,,,,,
1984-09-29,,8.0,0.0,31.3,,,,30.0,,,
1984-09-30,,1.5,0.0,23.1,,,80.25,75.0,,,
1984-10-01,,8.2,0.0,27.8,,,60.0,,,,
1984-10-02,,10.8,0.0,27.1,,,56.5,,,,
1984-10-03,,3.5,0.0,22.9,,,86.75,,,,
1984-10-04,,8.1,0.9,27.4,,,65.25,,,,
1984-10-05,,3.2,0.2,24.6,,,78.5,,,,
1984-10-06,,9.2,0.1,27.4,,,67.5,,,,
1984-10-07,,8.6,0.0,27.5,,,51.0,,,,
1984-10-08,,10.1,0.0,28.3,,,61.25,,,,
1984-10-09,,6.9,0.2,27.9,,,58.5,,,,
1984-10-10,,6.7,0.0,28.2,,,61.5,,,,
1984-10-11,,10.4,0.0,29.0,,,55.0,,,,
1984-10-12,,8.8,0.0,28.8,,,63.0,,,,
1984-10-13,,6.8,0.0,27.9,,,65.0,,,,
1984-10-14,,5.3,0.0,28.3,,,76.0,,,,
1984-10-15,,5.2,1.4,26.9,,,75.25,,,,
1984-10-16,,7.6,0.0,28.2,,,67.5,,,,
1984-10-17,,4.9,0.0,27.8,,,66.25,,,,
1984-10-18,,3.2,0.0,26.8,,,58.0,,,,
1984-10-19,,9.6,0.0,29.1,,,50.25,,,,
1984-10-20,,8.1,0.0,28.8,,,53.25,,,,
1984-10-21,,8.6,0.0,29.1,,,52.5,,,,
1984-10-22,,2.1,0.0,28.0,,,58.75,,,,
1984-10-23,,0.7,0.0,26.4,,,70.0,,,,
1984-10-24,,0.5,0.2,26.4,19.86,17.3,87.25,,,,4.38957586073
1984-10-25,,0.0,47.1,24.7,19.8,17.1,87.0,,,,3.91936958178
1984-10-26,,0.0,38.3,19.7,17.72,16.9,96.5,,,,2.22129479165
1984-10-27,,0.1,23.1,21.9,18.68,16.1,82.5,,,,3.26201128842
1984-10-28,,0.5,0.0,22.7,19.12,15.3,70.5,,,,3.6878524364
1984-10-29,,2.3,0.0,24.2,19.88,15.9,77.0,,,,4.02053610159
1984-10-30,,2.3,1.1,26.2,20.32,17.0,79.5,48.0,,,4.40982894889
1984-10-31,,6.4,0.2,26.4,20.64,17.4,70.5,45.0,,,4.39824855437
1984-11-01,,7.0,0.0,26.0,20.14,17.1,64.5,,,,4.33838820973
1984-11-02,,5.2,0.0,26.2,19.6,15.0,80.75,,,,4.75263302638
1984-11-03,,9.5,4.2,27.4,20.32,15.5,60.5,,,,5.01069217951
1984-11-04,,7.8,0.0,27.9,21.42,17.4,66.5,,,,4.85371094887
1984-11-05,,6.7,0.0,26.8,21.34,17.1,66.75,,,,4.58718188735
1984-11-06,,6.0,0.0,26.4,20.42,17.4,73.0,,,,4.41553656326
1984-11-07,,4.2,0.5,25.6,19.76,16.7,74.5,,,,4.31032436125
1984-11-08,,8.8,2.2,25.7,19.9,16.5,78.5,,,,4.37899281852
1984-11-09,,7.7,0.4,26.5,20.5,15.7,64.25,,,,4.74682652721
1984-11-10,,9.3,0.0,29.7,21.78,16.7,59.0,,,,5.49157575331
1984-11-11,,10.3,0.0,29.3,22.48,18.1,60.25,,,,5.16163137809
1984-11-12,,8.4,0.0,30.0,22.06,17.4,56.75,,,,5.47697819908
1984-11-13,,9.0,0.0,30.8,23.6,18.6,58.25,,,,5.5213343996
1984-11-14,,6.0,0.0,28.4,22.84,19.0,71.0,,,,4.73418310101
1984-11-15,,4.1,0.0,26.8,20.86,18.3,81.0,,,,4.37859290181
1984-11-16,,0.9,1.6,22.6,18.46,16.1,89.0,,,,3.52644224162
1984-11-17,,0.4,2.0,22.2,18.82,15.5,83.5,,,,3.53316560227
1984-11-18,,9.0,0.0,27.9,20.7,16.3,59.25,,,,5.06265002525
1984-11-19,,8.5,0.0,28.2,21.82,16.7,57.0,,,,5.0863557299
1984-11-20,,9.8,0.0,29.2,22.08,16.4,54.5,,,,5.41416882912
1984-11-21,,4.1,0.0,29.1,23.08,17.6,52.25,,,,5.20261575182
1984-11-22,,7.3,0.0,28.7,22.58,17.6,55.0,,,,5.08761673609
1984-11-23,,9.7,0.0,29.7,22.88,19.8,51.0,,,,4.99351486697
1984-11-24,,8.9,0.0,28.2,20.96,15.8,68.0,,,,5.22838895082
1984-11-25,,8.9,3.2,28.4,22.0,18.0,57.25,,,,4.93349023964
1984-11-26,,9.1,0.0,29.2,22.14,16.9,55.0,,,,5.34654840737
1984-11-27,,8.3,0.0,32.1,24.1,17.1,47.5,,,,6.12930522666
1984-11-28,,4.6,0.0,28.0,22.38,18.1,78.25,,,,4.79817840818
1984-11-29,,2.7,22.5,25.4,21.46,17.0,71.75,59.0,,,4.22021325431
1984-11-30,,6.6,0.0,26.1,21.04,17.5,68.25,52.0,,,4.33645404338
1984-12-01,,3.6,0.0,25.7,20.04,16.7,71.0,,,,4.36951752914
1984-12-02,,8.1,0.0,27.7,21.2,16.9,67.75,,,,4.92219220276
1984-12-03,,10.8,0.0,,20.08,16.3,58.5,,,,
1984-12-04,,11.0,0.0,29.0,22.08,16.2,56.5,,,,5.39997109619
1984-12-05,,9.0,0.0,28.1,21.76,16.5,64.25,,,,5.10301766053
1984-12-06,,3.0,0.0,26.4,21.18,18.1,67.25,,,,4.31163892826
1984-12-07,,9.4,0.0,29.6,22.18,16.3,55.25,,,,5.55392606435
1984-12-08,,7.6,0.0,29.2,24.32,18.2,56.0,,,,5.14441374164
1984-12-09,,7.4,0.0,30.4,24.26,18.9,59.5,,,,5.38098776
1984-12-10,,5.7,64.0,27.0,21.4,17.5,79.25,,,,4.61469482522
1984-12-11,,6.8,0.0,27.0,21.9,18.3,75.25,,,,4.46066482306
1984-12-12,,7.2,0.0,28.1,22.9,18.2,61.5,,,,4.81765140845
1984-12-13,,5.7,0.0,27.4,21.5,18.3,76.25,,,,4.58550670364
1984-12-14,,4.2,0.0,31.3,23.72,17.3,60.5,,,,5.89107187211
1984-12-15,,0.2,0.0,26.1,22.48,19.3,73.75,,,,3.95002468493
1984-12-16,,7.7,0.0,30.7,24.04,18.3,57.5,,,,5.57164893748
1984-12-17,,9.7,0.6,29.5,23.04,17.9,61.75,,,,5.28751939517
1984-12-18,,11.5,0.0,30.3,22.68,16.3,50.0,,,,5.75338261635
1984-12-19,,11.7,0.0,31.1,23.72,16.7,51.75,,,,5.92076011492
1984-12-20,,5.2,0.0,27.9,21.52,15.3,60.25,,,,5.23340838366
1984-12-21,,9.2,0.0,29.1,21.96,16.1,49.25,,,,5.45129076367
1984-12-22,,8.0,0.0,30.7,24.52,19.3,51.0,,,,5.40861231929
1984-12-23,,10.3,0.0,30.7,24.32,19.3,41.25,,,,5.40915385788
1984-12-24,,7.8,0.0,29.0,22.08,17.9,61.25,,,,5.14472453828
1984-12-25,,2.3,0.2,26.0,21.24,17.6,82.5,,,,4.29689790465
1984-12-26,,8.2,6.3,27.9,22.08,18.0,61.25,,,,4.8007469237
1984-12-27,,9.5,0.0,29.6,23.06,18.6,53.0,,,,5.20375829992
1984-12-28,,9.1,0.0,29.1,22.3,18.8,53.75,,,,5.01793009007
1984-12-29,,10.0,0.0,29.7,22.44,15.9,50.5,,,,5.6488144785
1984-12-30,,7.7,0.0,29.7,22.7,17.2,57.75,40.0,,,5.46276097415
1984-12-31,,5.3,0.0,30.7,23.88,17.1,51.0,39.0,,,5.76075418347
1985-01-01,,1.8,0.0,26.1,22.6,19.3,75.5,,,,3.95624623715
1985-01-02,,1.7,11.2,26.3,21.28,17.9,81.0,,,,4.33237312691
1985-01-03,,1.9,17.4,27.9,21.24,18.5,82.25,,,,4.70976499071
1985-01-04,,0.1,13.2,23.7,20.48,17.5,89.0,,,,3.58273824581
1985-01-05,,2.4,5.6,25.7,21.0,17.7,79.25,,,,4.18663228546
1985-01-06,,9.7,0.4,27.1,21.72,18.1,69.5,,,,4.54211322474
1985-01-07,,7.1,48.8,27.8,21.74,17.1,77.0,,,,4.93450187062
1985-01-08,,7.7,0.0,29.9,23.22,19.4,78.5,,,,5.15567337051
1985-01-09,,0.4,7.9,25.3,21.0,17.3,82.75,,,,4.14533173742
1985-01-10,,3.3,11.7,25.5,21.28,17.2,88.25,,,,4.22794660565
1985-01-11,,1.8,3.9,22.8,19.76,18.4,86.75,,,,3.01949067551
1985-01-12,,0.9,0.3,24.0,20.22,17.7,92.5,,,,3.63671529613
1985-01-13,,3.2,2.2,24.9,20.0,18.1,86.25,,,,3.84189524766
1985-01-14,,8.4,0.0,26.5,21.0,15.3,60.0,,,,4.85537382599
1985-01-15,,4.0,0.0,29.3,23.0,17.9,69.5,,,,5.2402795631
1985-01-16,,6.5,9.4,26.3,20.84,17.1,75.25,,,,4.49144514207
1985-01-17,,2.6,0.0,26.1,21.56,18.1,71.0,,,,4.23058450196
1985-01-18,,0.9,2.6,25.3,20.58,18.2,85.0,,,,3.95038218143
1985-01-19,,3.9,67.6,25.5,20.6,17.7,84.25,,,,4.12459282625
1985-01-20,,0.1,21.0,24.7,21.04,18.5,80.25,,,,3.67702374565
1985-01-21,,4.4,13.5,25.7,21.92,18.5,75.75,,,,4.01238478967
1985-01-22,,3.0,0.0,26.2,21.82,18.7,78.5,,,,4.13057785306
1985-01-23,,1.5,6.2,26.4,21.36,18.9,82.75,,,,4.15055007715
1985-01-24,,1.6,0.0,25.2,20.12,18.1,86.0,,,,3.93790977613
1985-01-25,,4.1,7.9,26.0,21.28,18.1,83.25,,,,4.1952218681
1985-01-26,,4.1,0.2,27.5,21.4,18.9,80.25,,,,4.50256048954
1985-01-27,,3.7,40.8,25.2,21.2,17.6,78.5,,,,4.0459657097
1985-01-28,,2.9,1.5,26.5,21.76,17.7,76.5,,,,4.4303230477
1985-01-29,,0.8,0.0,24.7,20.88,19.3,93.5,,,,3.4608392514
1985-01-30,,7.2,1.7,27.1,21.72,18.7,84.0,55.0,,,4.41269426925
1985-01-31,,6.5,3.0,26.1,20.8,17.9,77.25,53.0,,,4.26202121457
1985-02-01,,7.6,0.0,27.7,21.16,17.3,73.25,,,,4.85836536674
1985-02-02,,9.4,0.0,27.3,22.0,18.7,70.25,,,,4.47102637436
1985-02-03,,11.6,0.0,26.6,20.34,16.5,62.5,,,,4.67109507987
1985-02-04,,6.8,0.0,27.7,21.6,17.3,65.5,,,,4.85217003668
1985-02-05,,7.0,0.0,27.8,22.02,18.5,68.25,,,,4.66010582546
1985-02-06,,7.4,0.0,27.9,22.04,18.5,67.5,,,,4.68833783762
1985-02-07,,11.5,0.0,28.1,22.24,18.1,61.75,,,,4.82113487214
1985-02-08,,9.4,0.0,27.3,21.64,16.9,55.75,,,,4.79351475531
1985-02-09,,7.3,0.0,27.5,21.48,16.7,69.0,,,,4.88169920722
1985-02-10,,,0.2,27.1,21.24,16.7,69.25,,,,4.76319006402
1985-02-11,,6.2,4.4,26.7,20.66,18.0,81.5,,,,4.40273661399
1985-02-12,,8.5,0.0,27.1,21.32,17.5,74.75,,,,4.61557882667
1985-02-13,,8.6,0.0,27.1,21.24,16.9,71.0,,,,4.71823338978
1985-02-14,,8.7,0.0,27.7,21.28,17.3,72.0,,,,4.82002237572
1985-02-15,,7.2,0.0,27.9,21.08,18.1,77.75,,,,4.73273511059
1985-02-16,,5.0,0.0,26.7,20.88,18.5,80.0,,,,4.28271447379
1985-02-17,,1.9,0.5,26.1,20.04,17.9,88.25,,,,4.21495011879
1985-02-18,,10.3,2.3,27.1,20.96,16.7,78.25,,,,4.72999434936
1985-02-19,,5.2,4.2,25.5,20.0,17.5,85.0,,,,4.10223951353
1985-02-20,,5.7,0.0,25.7,20.88,17.3,81.25,,,,4.19879185423
1985-02-21,,7.1,0.0,27.7,21.12,16.5,73.5,,,,4.91655671542
1985-02-22,,5.4,0.0,29.1,22.6,17.9,66.25,,,,5.08280185221
1985-02-23,,5.9,0.0,28.5,22.44,18.9,78.0,,,,4.72248357397
1985-02-24,,6.1,4.1,27.9,22.96,21.5,84.0,,,,3.94353442669
1985-02-25,,,0.9,28.5,22.28,17.5,67.75,,,,4.95633053928
1985-02-26,,4.3,0.0,25.9,21.04,18.5,76.5,,,,3.97972835668
1985-02-27,,,0.0,28.5,21.68,16.9,67.25,43.0,,,5.03746388155
1985-02-28,,6.9,0.0,27.5,21.44,17.7,66.25,47.0,,,4.61157169446
1985-03-01,,10.1,0.0,27.5,21.24,17.1,70.25,,,,4.70780319802
1985-03-02,,3.3,0.2,27.3,21.12,17.7,82.75,,,,4.53812516384
1985-03-03,,7.0,8.2,25.7,20.58,17.8,89.0,,,,4.03320276643
1985-03-04,,4.7,0.0,24.8,20.74,17.0,79.75,,,,3.91451535895
1985-03-05,,3.5,29.2,25.4,20.8,17.7,82.75,,,,3.94743413346
1985-03-06,,6.8,1.8,26.3,20.5,16.9,77.5,,,,4.35878265476
1985-03-07,,7.8,0.0,26.8,21.34,17.5,71.25,,,,4.3875158611
1985-03-08,,5.4,0.0,26.5,21.38,18.2,73.5,,,,4.15733887606
1985-03-09,,9.7,0.0,27.4,21.74,18.3,67.5,,,,4.39822465723
1985-03-10,,7.6,0.0,29.2,22.64,18.2,67.75,,,,4.92629969148
1985-03-11,,6.5,0.0,29.7,23.32,18.7,69.75,,,,4.97481706924
1985-03-12,,3.5,4.7,27.5,22.72,18.9,78.5,,,,4.2844444881
1985-03-13,,,12.6,27.5,21.52,19.3,86.25,,,,4.19440549375
1985-03-14,,6.6,0.0,27.1,21.76,18.9,70.75,,,,4.14393668915
1985-03-15,,3.7,0.0,26.1,21.12,17.7,73.5,,,,4.0712793548
1985-03-16,,5.4,0.0,26.5,21.32,18.1,76.25,,,,4.10217859763
1985-03-17,,2.3,0.0,27.9,22.44,19.1,73.75,,,,4.31347122833
1985-03-18,,5.9,0.0,28.2,22.62,18.1,78.25,,,,4.57014927211
1985-03-19,,5.5,4.1,27.1,23.4,19.3,74.75,,,,4.01053847096
1985-03-20,,3.2,15.6,26.0,21.3,19.3,94.25,,,,3.65728524386
1985-03-21,,5.5,15.6,26.5,20.72,16.9,84.0,,,,4.26327004315
1985-03-22,,3.2,0.0,25.2,20.68,18.2,88.75,,,,3.63027516724
1985-03-23,,1.0,10.2,23.4,19.68,17.6,87.0,,,,3.19496295848
1985-03-24,,7.6,0.4,25.0,20.76,17.5,87.5,,,,3.69352430242
1985-03-25,,9.4,0.2,26.9,21.16,16.7,71.25,,,,4.35509574611
1985-03-26,,7.3,0.0,27.3,21.54,17.8,77.0,,,,4.26970785475
1985-03-27,,9.6,0.0,28.7,22.6,18.5,69.0,,,,4.52544427084
1985-03-28,,7.9,0.0,29.4,22.86,18.1,70.75,,,,4.76559345226
1985-03-29,,,0.0,29.5,22.4,19.5,82.25,,,,4.5495812936
1985-03-30,,7.3,5.6,27.7,22.32,18.1,77.75,52.0,,,4.27527656661
1985-03-31,,5.5,0.0,27.1,21.84,19.5,81.0,55.0,,,3.82882214195
1985-04-01,,5.9,2.8,26.0,21.38,18.9,86.0,,,,3.61221639945
1985-04-02,,8.5,1.9,25.8,21.1,18.1,81.75,,,,3.70257247594
1985-04-03,,5.9,0.1,25.0,20.7,17.9,77.75,,,,3.4987511709
1985-04-04,,3.5,1.4,25.5,20.72,17.5,80.5,,,,3.70583643456
1985-04-05,,0.0,0.0,22.7,19.0,16.7,88.0,,,,3.05170108391
1985-04-06,,4.0,0.0,24.7,19.56,15.9,84.75,,,,3.74171175051
1985-04-07,,3.6,0.0,26.4,19.9,15.3,82.0,,,,4.24782946556
1985-04-08,,3.1,0.2,25.9,20.96,18.3,76.5,,,,3.61552738497
1985-04-09,,4.6,1.6,24.7,20.72,17.9,84.75,,,,3.3392085573
1985-04-10,,0.1,4.2,22.5,18.92,17.5,85.5,,,,2.75800274979
1985-04-11,,4.8,0.0,26.0,20.46,17.1,79.25,,,,3.81635809503
1985-04-12,,6.4,0.0,26.4,20.98,17.3,76.75,,,,3.87392696521
1985-04-13,,0.5,7.9,22.5,19.78,18.5,96.5,,,,2.47162128418
1985-04-14,,7.2,30.5,25.1,20.56,17.8,77.0,,,,3.40885177221
1985-04-15,,6.3,0.0,25.3,19.88,16.5,81.25,,,,3.67622659205
1985-04-16,,6.8,0.0,25.6,20.26,17.7,78.75,,,,3.53706784821
1985-04-17,,6.6,0.0,25.9,20.78,17.8,81.0,,,,3.58585061463
1985-04-18,,9.4,0.0,25.4,20.6,17.6,74.25,,,,3.47425487332
1985-04-19,,7.8,0.0,26.4,21.1,17.3,72.5,,,,3.77132213572
1985-04-20,,6.0,0.0,26.0,20.82,17.7,77.5,,,,3.5876776614
1985-04-21,,,,,,,,,,,
1985-04-22,,0.9,0.0,22.5,18.92,16.1,85.5,,,,2.92470671271
1985-04-23,,1.5,2.3,23.3,19.48,16.1,91.25,,,,3.12322815024
1985-04-24,,1.3,1.2,23.5,19.72,17.5,88.25,,,,2.90045276054
1985-04-25,,0.6,0.0,22.1,19.04,17.3,92.25,,,,2.5300374223
1985-04-26,,3.1,0.0,23.7,19.52,16.5,86.75,,,,3.11934691678
1985-04-27,,3.9,0.0,24.4,19.86,18.0,83.25,,,,3.01436980152
1985-04-28,,1.3,0.2,24.1,20.76,18.7,94.0,,,,2.77210853038
1985-04-29,,2.6,1.5,24.1,20.58,19.0,91.25,75.0,,,2.69367483314
1985-04-30,,4.4,12.4,25.9,20.96,18.3,91.25,82.0,,,3.32113793366
1985-05-01,,7.0,14.8,25.7,20.98,18.9,83.25,,,,3.14487114617
1985-05-02,,5.1,0.0,25.3,20.88,18.7,85.25,,,,3.06310528821
1985-05-03,,3.9,0.1,24.7,19.8,17.8,85.0,,,,3.06099425535
1985-05-04,,3.9,0.1,25.0,20.36,18.2,85.25,,,,3.05411922464
1985-05-05,,4.7,0.7,24.2,20.16,17.8,87.25,,,,2.90659741895
1985-05-06,,0.3,0.0,22.1,19.04,17.3,81.0,,,,2.42355882227
1985-05-07,,,0.0,21.7,19.0,16.3,84.75,,,,2.51302434868
1985-05-08,,3.5,0.0,23.7,20.12,16.9,87.75,,,,2.90867188331
1985-05-09,,1.6,0.6,23.7,20.24,17.7,88.0,,,,2.75061063359
1985-05-10,,5.0,35.4,24.7,20.08,17.5,85.75,,,,3.03320254759
1985-05-11,,2.2,0.0,25.0,20.38,17.5,85.5,,,,3.09632507185
1985-05-12,,4.6,0.0,24.1,19.46,17.3,86.25,,,,2.89625688687
1985-05-13,,6.3,0.0,24.6,19.1,16.5,78.75,,,,3.13744167743
1985-05-14,,7.9,0.0,25.1,19.32,15.5,78.25,,,,3.38138263397
1985-05-15,,8.5,0.0,24.2,18.98,15.0,79.0,,,,3.23807130354
1985-05-16,,6.2,0.0,24.6,19.16,16.0,83.0,,,,3.17837144794
1985-05-17,,2.6,0.0,21.7,18.56,16.8,91.5,,,,2.32514376341
1985-05-18,,0.2,7.4,20.7,18.24,16.2,93.75,,,,2.17287947648
1985-05-19,,0.9,5.0,21.3,18.44,16.7,95.25,,,,2.22296058432
1985-05-20,,3.7,0.9,23.5,18.28,15.5,90.0,,,,2.96189383298
1985-05-21,,8.0,0.3,25.7,19.96,15.9,85.0,,,,3.38185306717
1985-05-22,,9.0,0.0,27.7,20.88,15.5,82.0,,,,3.83971030594
1985-05-23,,5.7,0.0,25.1,20.08,16.3,87.25,,,,3.17703944663
1985-05-24,,0.9,2.7,22.9,18.8,15.7,89.25,,,,2.76115177591
1985-05-25,,5.7,1.9,22.9,19.2,16.9,89.25,,,,2.55404821861
1985-05-26,,1.0,0.0,22.9,18.88,16.9,89.25,,,,2.54697413649
1985-05-27,,2.4,3.9,22.7,19.12,16.5,94.0,,,,2.56156221729
1985-05-28,,6.2,0.1,23.4,18.18,16.3,82.25,,,,2.75230758897
1985-05-29,,0.4,0.0,21.8,18.34,15.7,92.25,,,,2.47034082225
1985-05-30,,6.8,1.0,23.9,19.28,16.7,81.0,54.0,,,2.79083984619
1985-05-31,,1.5,0.0,22.5,18.34,16.4,87.75,71.0,,,2.50560301328
1985-06-01,,5.3,2.7,22.8,18.64,16.1,88.5,,,,2.61999985946
1985-06-02,,3.1,5.2,21.4,18.2,16.4,85.75,,,,2.22507766438
1985-06-03,,7.0,0.0,24.1,18.64,15.3,84.0,,,,3.0099830319
1985-06-04,,8.1,0.0,27.8,21.62,14.9,73.0,,,,3.79714346701
1985-06-05,,7.0,0.7,27.9,20.76,15.3,79.25,,,,3.76958186946
1985-06-06,,0.2,13.3,22.1,18.68,16.5,95.25,,,,2.36213104652
1985-06-07,,5.8,12.2,26.1,20.56,15.1,74.0,,,,3.42083219923
1985-06-08,,5.5,3.2,26.5,21.4,17.7,83.5,,,,3.1741758399
1985-06-09,,0.0,87.2,22.5,19.24,17.5,91.75,,,,2.26334683035
1985-06-10,,3.5,0.0,25.5,21.08,16.3,81.0,,,,3.13893499786
1985-06-11,,0.0,0.0,,17.26,15.8,97.0,,,,
1985-06-12,,3.0,0.2,20.6,15.9,14.0,85.75,,,,2.40547916714
1985-06-13,,10.1,0.1,22.2,16.64,12.6,80.75,,,,2.90632153047
1985-06-14,,0.0,0.0,19.3,16.72,15.1,93.5,,,,1.90962619916
1985-06-15,,5.0,0.2,21.0,16.34,14.7,89.0,,,,2.3802554455
1985-06-16,,9.9,0.0,23.1,17.18,12.8,79.5,,,,3.04982275591
1985-06-17,,6.6,0.0,23.3,17.32,13.7,81.25,,,,2.98783585089
1985-06-18,,3.8,0.2,23.7,18.2,14.7,85.0,,,,2.94727466127
1985-06-19,,6.7,0.0,21.7,17.4,15.3,83.0,,,,2.4373962996
1985-06-20,,0.0,2.2,18.7,16.32,14.5,90.25,,,,1.87065380723
1985-06-21,,0.6,1.0,20.7,17.2,14.3,91.0,,,,2.36921680819
1985-06-22,,,4.9,20.5,18.08,15.9,93.25,,,,2.04833188193
1985-06-23,,10.1,0.0,22.7,17.44,14.7,76.0,,,,2.73895294106
1985-06-24,,3.4,0.0,20.7,17.56,14.9,94.5,,,,2.2750317719
1985-06-25,,3.9,1.6,20.8,17.14,15.1,86.75,,,,2.26549213036
1985-06-26,,7.2,0.0,21.2,16.22,13.0,86.25,,,,2.65372402785
1985-06-27,,5.3,0.0,21.4,16.16,13.0,85.75,,,,2.69496994065
1985-06-28,,5.9,0.0,21.7,16.72,14.6,81.25,,,,2.54651019409
1985-06-29,,7.5,0.0,22.3,16.72,13.8,80.5,64.0,,,2.78057798361
1985-06-30,,6.1,0.0,22.1,16.78,13.8,80.0,62.0,,,2.74232122095
1985-07-01,,5.3,0.0,22.9,,14.1,,,,,2.86989010075
1985-07-02,,9.4,0.0,24.1,,14.1,,,,,3.11318284551
1985-07-03,,8.8,0.0,24.8,,14.9,,,,,3.1642313302
1985-07-04,,3.1,0.0,22.1,,16.1,,,,,2.41735791475
1985-07-05,,8.4,7.9,22.7,,13.5,,,,,2.91625863707
1985-07-06,,3.4,0.0,22.5,,14.6,,,,,2.74030663466
1985-07-07,,4.7,0.0,24.2,,15.1,,,,,3.03487944328
1985-07-08,,5.8,0.2,24.0,,16.9,,,,,2.74258949819
1985-07-09,,4.6,0.2,24.2,,16.1,,,,,2.9115791957
1985-07-10,,6.8,0.0,23.2,,15.5,,,,,2.78416358773
1985-07-11,,9.5,0.0,23.6,,14.5,,,,,3.008197702
1985-07-12,,2.3,0.7,21.0,,14.8,,,,,2.41051833897
1985-07-13,,0.4,2.2,18.9,,14.0,,,,,2.06035917598
1985-07-14,,0.3,5.8,18.1,,13.1,,,,,2.03419519582
1985-07-15,,0.0,5.8,17.7,,11.3,,,,,2.23084044178
1985-07-16,,4.4,2.7,19.9,,13.9,,,,,2.32612496
1985-07-17,,2.5,0.4,19.5,,12.7,,,,,2.4253264162
1985-07-18,,0.4,0.3,18.5,,13.3,,,,,2.11383416344
1985-07-19,,5.7,0.8,18.7,,12.1,,,,,2.35237686204
1985-07-20,,6.3,0.2,21.0,,12.3,,,,,2.81019469693
1985-07-21,,0.1,2.5,17.5,,13.5,,,,,1.84707559476
1985-07-22,,1.6,3.0,20.2,,12.9,,,,,2.58138405047
1985-07-23,,0.6,0.2,19.6,,14.2,,,,,2.24944240259
1985-07-24,,5.8,0.5,21.0,,14.6,,,,,2.52000591867
1985-07-25,,9.6,0.0,20.8,,13.3,,,,,2.6787731011
1985-07-26,,2.5,0.8,18.5,,12.4,,,,,2.31220747064
1985-07-27,,6.2,0.1,20.0,,11.4,,,,,2.77496584596
1985-07-28,,1.7,0.4,20.1,,13.2,,,,,2.56445620941
1985-07-29,,6.7,1.0,22.5,,13.9,,,,,3.00175014429
1985-07-30,,3.7,0.3,21.3,,14.3,,78.0,,,2.68710957416
1985-07-31,,5.2,15.2,22.7,17.4,14.5,78.0,55.0,,,2.98386594999
1985-08-01,,0.6,2.0,19.9,16.2,14.1,94.5,,,,2.40751399637
1985-08-02,,,5.5,18.5,15.56,13.1,90.0,,,,2.25079064322
1985-08-03,,5.5,1.2,20.7,16.96,14.3,84.5,,,,2.58347714048
1985-08-04,,1.2,0.8,19.6,15.88,13.7,87.25,,,,2.42947599838
1985-08-05,,0.5,0.7,19.8,16.36,13.8,89.25,,,,2.46957294736
1985-08-06,,3.1,8.2,20.8,16.44,14.6,89.25,,,,2.58512313713
1985-08-07,,5.6,0.0,20.6,16.4,12.4,86.75,,,,2.88308853552
1985-08-08,,4.2,1.4,20.6,16.84,15.1,87.5,,,,2.46325602466
1985-08-09,,7.0,0.4,22.2,17.62,14.9,84.75,,,,2.90440358969
1985-08-10,,6.1,0.0,22.2,17.06,14.9,81.75,,,,2.91533842665
1985-08-11,,7.5,0.0,23.4,17.74,15.1,76.0,,,,3.1804666217
1985-08-12,,7.2,0.0,23.7,18.0,14.7,77.5,,,,3.3199713452
1985-08-13,,6.9,0.0,24.7,18.36,13.9,78.0,,,,3.66059034122
1985-08-14,,6.3,0.0,23.3,18.6,16.1,80.0,,,,3.03264768141
1985-08-15,,,0.0,21.1,16.8,14.5,80.25,,,,2.76700242549
1985-08-16,,0.5,1.2,19.7,16.04,14.1,95.25,,,,2.49388918187
1985-08-17,,4.2,2.7,22.9,17.76,14.7,77.0,,,,3.19528545895
1985-08-18,,5.4,1.0,23.5,17.92,15.1,85.0,,,,3.29081939543
1985-08-19,,0.0,8.4,18.3,16.48,14.9,98.25,,,,1.94875421931
1985-08-20,,3.7,5.9,21.2,16.32,14.5,86.5,,,,2.84592591488
1985-08-21,,8.6,0.0,23.5,16.96,14.1,77.75,,,,3.4740572822
1985-08-22,,9.3,0.0,24.2,17.24,13.5,71.75,,,,3.72580380702
1985-08-23,,9.1,0.0,27.9,19.18,12.1,81.5,,,,4.68740515712
1985-08-24,,1.9,0.0,23.0,18.64,15.5,82.75,,,,3.17748840559
1985-08-25,,7.3,1.5,23.6,17.98,15.7,80.75,,,,3.30885322099
1985-08-26,,9.7,0.0,24.3,18.2,15.5,69.0,,,,3.52886422587
1985-08-27,,8.2,0.0,24.1,18.4,14.5,74.0,,,,3.64077768621
1985-08-28,,9.0,0.0,24.7,18.28,15.7,70.25,,,,3.62420907157
1985-08-29,,7.7,0.0,23.9,17.64,14.3,66.75,,,,3.64825074395
1985-08-30,,7.5,0.0,24.3,17.6,13.3,73.25,48.0,,,3.88780221898
1985-08-31,,8.5,0.0,25.9,18.72,15.1,67.75,38.0,,,4.04604180401
1985-09-01,,10.6,0.0,25.9,18.6,13.9,67.75,,,,4.21340140702
1985-09-02,,9.3,0.0,24.6,18.38,14.7,73.25,,,,3.81538927084
1985-09-03,,8.9,0.0,24.2,18.36,14.2,69.25,,,,3.8021253475
1985-09-04,,7.5,0.6,23.2,17.48,14.4,81.5,,,,3.54069403312
1985-09-05,,6.8,0.7,24.0,17.3,14.4,76.5,,,,3.75171563206
1985-09-06,,9.6,0.0,24.7,18.4,14.9,59.75,,,,3.86549148546
1985-09-07,,7.1,0.0,24.2,17.58,13.9,73.75,,,,3.89722295802
1985-09-08,,5.3,0.0,23.3,17.56,14.7,73.75,,,,3.56841159331
1985-09-09,,4.9,0.2,23.1,17.08,14.5,83.75,,,,3.56098233626
1985-09-10,,6.8,0.7,23.9,17.88,14.9,82.0,,,,3.71490422286
1985-09-11,,6.6,1.2,24.7,18.24,14.7,74.5,,,,3.96041220944
1985-09-12,,1.0,0.3,21.5,16.4,13.9,89.25,,,,3.27907418336
1985-09-13,,2.4,0.3,22.1,16.78,13.8,86.25,,,,3.46193531309
1985-09-14,,2.0,1.1,21.1,16.56,14.7,87.75,,,,3.0453005607
1985-09-15,,4.3,1.0,23.9,18.16,14.9,83.0,,,,3.77471499555
1985-09-16,,5.5,0.0,24.8,18.38,14.7,75.5,,,,4.04872348848
1985-09-17,,7.9,0.0,24.9,18.28,14.7,70.5,,,,4.08641116042
1985-09-18,,9.1,0.0,25.3,18.16,14.1,60.25,,,,4.28331309953
1985-09-19,,8.2,0.0,25.1,18.56,14.1,65.25,,,,4.24591541088
1985-09-20,,7.5,0.0,26.6,18.62,13.1,66.75,,,,4.74872742071
1985-09-21,,9.9,0.0,31.0,21.66,12.9,50.25,,,,5.82159023036
1985-09-22,,3.4,0.0,23.6,18.38,15.7,77.5,,,,3.63352381715
1985-09-23,,8.3,0.0,26.2,19.66,15.5,65.5,,,,4.37601522119
1985-09-24,,7.6,0.0,27.1,20.28,16.5,78.25,,,,4.4744277763
1985-09-25,,6.6,0.0,26.1,20.12,17.1,82.75,,,,4.1127828144
1985-09-26,,7.7,0.0,26.7,20.48,16.5,74.0,,,,4.38955334067
1985-09-27,,4.5,0.6,25.9,20.92,16.7,68.25,,,,4.14741111983
1985-09-28,,5.3,0.0,27.5,21.64,16.9,65.25,,,,4.56539427338
1985-09-29,,3.3,0.0,26.5,21.6,17.1,74.5,56.0,,,4.26638350481
1985-09-30,,5.4,0.4,26.7,20.84,17.1,70.5,56.0,,,4.33250138575
1985-10-01,,1.8,0.0,26.7,20.02,17.5,82.75,,,,4.27235717534
1985-10-02,,1.0,2.3,24.8,20.04,17.4,92.75,,,,3.74395556879
1985-10-03,,1.9,25.9,23.9,19.92,17.5,86.5,,,,3.45347840166
1985-10-04,,0.3,0.2,23.6,19.92,18.2,88.0,,,,3.19544256583
1985-10-05,,0.1,3.6,21.5,19.14,17.6,84.0,,,,2.62627140288
1985-10-06,,4.5,0.0,25.3,19.74,17.2,77.25,,,,3.9650640579
1985-10-07,,7.8,0.0,28.3,21.1,16.1,66.0,,,,4.99428192858
1985-10-08,,7.9,0.0,29.4,21.76,16.4,69.75,,,,5.25560049454
1985-10-09,,8.6,0.0,30.7,22.38,16.4,71.25,,,,5.61047521056
1985-10-10,,1.3,0.4,24.3,20.0,16.5,88.5,,,,3.83480707111
1985-10-11,,0.3,0.6,22.5,18.8,16.5,86.75,,,,3.28981211309
1985-10-12,,4.6,0.7,24.9,18.96,15.7,79.0,,,,4.16808465336
1985-10-13,,,2.0,26.5,19.68,16.5,74.5,,,,4.48971330965
1985-10-14,,3.8,0.0,25.4,20.58,16.3,68.0,,,,4.21873552021
1985-10-15,,1.2,0.2,23.6,19.86,16.9,80.5,,,,3.56917686836
1985-10-16,,0.0,0.0,,18.82,17.6,87.0,,,,
1985-10-17,,0.8,2.0,25.2,20.46,17.3,70.75,,,,3.98908199994
1985-10-18,,3.8,0.0,25.2,19.66,17.3,81.0,,,,3.99458781745
1985-10-19,,3.3,3.2,24.0,18.96,16.3,90.75,,,,3.83771283439
1985-10-20,,6.2,2.3,25.2,19.66,16.3,76.25,,,,4.19654514261
1985-10-21,,6.8,0.0,30.5,21.76,16.1,57.0,,,,5.6981296004
1985-10-22,,4.5,0.6,27.9,21.44,17.7,73.75,,,,4.74298781172
1985-10-23,,1.0,77.2,25.9,20.64,16.9,71.25,,,,4.30655585538
1985-10-24,,3.4,0.0,26.1,21.04,18.3,66.0,,,,4.09550561777
1985-10-25,,4.2,0.0,26.3,21.28,18.1,62.75,,,,4.20364070345
1985-10-26,,1.3,3.4,25.1,20.4,18.1,89.0,,,,3.82951432495
1985-10-27,,,32.2,25.7,20.44,17.5,71.75,,,,4.14880601184
1985-10-28,,2.5,0.6,25.3,19.92,16.3,69.25,,,,4.26218408951
1985-10-29,,10.2,0.0,25.6,19.54,15.5,68.25,,,,4.48989217742
1985-10-30,,9.4,0.0,26.3,20.2,15.9,60.0,41.0,,,4.6253575161
1985-10-31,,9.4,0.0,27.0,19.46,14.8,65.5,40.0,,,4.98795456632
1985-11-01,,8.8,0.0,27.7,20.88,16.7,62.5,,,,4.8991906598
1985-11-02,,7.2,0.0,27.6,20.42,15.3,68.0,,,,5.08722431739
1985-11-03,,7.9,0.0,28.9,22.04,15.9,62.75,,,,5.36033306113
1985-11-04,,5.1,0.0,28.1,20.96,17.9,80.0,,,,4.82219569349
1985-11-05,,2.3,6.4,26.1,21.8,18.5,86.5,,,,4.09366125642
1985-11-06,,0.1,40.2,23.7,20.04,17.5,85.25,,,,3.54282768507
1985-11-07,,0.1,2.8,23.7,20.08,18.7,91.5,,,,3.23311634417
1985-11-08,,0.7,0.5,21.7,18.84,16.7,91.25,,,,3.06898110009
1985-11-09,,0.1,1.4,21.7,18.0,17.5,92.25,,,,2.84463772561
1985-11-10,,0.8,3.4,22.3,18.16,15.3,90.0,,,,3.59560509411
1985-11-11,,7.9,1.8,24.1,19.16,15.6,70.25,,,,4.07770580414
1985-11-12,,5.5,0.0,25.1,20.02,15.9,75.5,,,,4.31740276606
1985-11-13,,1.6,2.5,22.3,18.04,16.5,88.75,,,,3.33092289482
1985-11-14,,0.0,10.2,19.3,17.2,15.9,97.75,,,,2.42782805776
1985-11-15,,0.0,30.5,19.7,17.58,15.6,96.25,,,,2.67079894014
1985-11-16,,9.4,2.9,25.9,19.6,16.1,71.25,,,,4.52091488019
1985-11-17,,7.1,0.1,25.7,20.1,17.2,81.75,,,,4.26059646401
1985-11-18,,3.9,0.0,25.1,19.68,16.7,83.25,,,,4.17737267261
1985-11-19,,,0.2,26.7,20.68,17.5,79.5,,,,4.50861161212
1985-11-20,,0.2,1.0,22.5,19.2,16.7,89.0,,,,3.35642946311
1985-11-21,,7.2,0.0,25.3,20.64,16.7,72.5,,,,4.24113138909
1985-11-22,,4.7,0.9,25.5,19.44,17.1,79.25,,,,4.22492877811
1985-11-23,,7.8,0.2,25.9,20.6,16.9,72.25,,,,4.38537072952
1985-11-24,,7.3,0.0,27.5,21.08,17.7,73.25,,,,4.71719238146
1985-11-25,,5.3,0.0,25.7,20.48,18.2,73.75,,,,4.06108180844
1985-11-26,,4.6,0.0,25.5,20.26,18.0,83.0,,,,4.04139096763
1985-11-27,,5.1,0.0,28.6,21.9,17.5,77.5,,,,5.07904940039
1985-11-28,,1.6,0.0,25.6,20.9,18.4,87.5,,,,3.98610819899
1985-11-29,,0.0,20.1,22.7,19.76,17.1,92.75,87.0,,,3.33044370892
1985-11-30,,7.5,3.7,27.0,21.54,17.0,80.25,69.0,,,4.69908411558
1985-12-01,,6.0,23.0,26.4,21.32,18.0,75.0,,,,4.32902377556
1985-12-02,,1.1,0.7,26.1,21.36,18.7,87.5,,,,4.08403576951
1985-12-03,,1.4,4.8,23.9,19.92,17.9,92.25,,,,3.54069818184
1985-12-04,,2.3,15.8,23.9,20.14,17.6,92.0,,,,3.61450948411
1985-12-05,,0.7,7.2,24.1,20.52,18.5,94.5,,,,3.45681275836
1985-12-06,,4.8,52.4,23.7,20.16,18.1,92.5,,,,3.42183199404
1985-12-07,,3.4,0.1,,19.8,17.3,91.5,,,,
1985-12-08,,1.4,75.4,23.9,20.24,16.9,90.25,,,,3.77710487274
1985-12-09,,4.5,34.8,24.4,19.3,16.3,87.25,,,,4.05815379754
1985-12-10,,2.2,56.0,24.9,19.04,16.3,89.5,,,,4.20935776685
1985-12-11,,2.2,5.2,23.3,18.88,16.3,87.75,,,,3.71890879717
1985-12-12,,5.6,0.0,24.6,19.42,17.0,81.25,,,,3.97846498273
1985-12-13,,8.2,0.0,25.0,19.54,16.7,78.25,,,,4.16344098916
1985-12-14,,9.6,0.0,25.7,19.96,16.5,77.0,,,,4.41214322221
1985-12-15,,9.5,0.0,27.3,20.72,16.3,71.5,,,,4.9117893834
1985-12-16,,6.1,0.1,28.2,20.62,15.3,81.5,,,,5.31290038467
1985-12-17,,9.2,0.0,28.7,21.72,15.8,70.25,,,,5.38059012066
1985-12-18,,0.0,0.0,21.8,18.72,17.3,89.0,,,,2.9639559515
1985-12-19,,1.8,3.5,24.0,19.52,16.2,84.0,,,,3.96007971681
1985-12-20,,9.4,0.5,25.0,20.14,17.5,75.75,,,,4.00139877165
1985-12-21,,9.8,0.0,26.1,20.26,16.9,72.25,,,,4.46056215598
1985-12-22,,7.3,0.0,26.3,20.64,15.7,73.25,,,,4.72749375944
1985-12-23,,0.1,0.0,23.9,20.32,16.7,81.5,,,,3.82631642669
1985-12-24,,0.1,3.2,22.5,19.6,16.5,85.75,,,,3.41993299321
1985-12-25,,2.5,0.0,24.3,19.82,16.6,79.75,,,,3.97331947816
1985-12-26,,0.1,0.1,23.7,20.4,17.3,81.75,,,,3.62751291116
1985-12-27,,0.3,0.0,24.7,19.68,16.7,85.25,,,,4.0772686218
1985-12-28,,0.0,27.4,24.4,20.14,16.1,87.5,,,,4.10487993047
1985-12-29,,3.7,32.8,24.9,20.16,17.1,81.75,,,,4.058154163
1985-12-30,,3.6,1.6,25.7,20.48,16.7,83.5,61.0,,,4.38205270378
1985-12-31,,2.8,0.0,24.9,20.56,17.7,80.75,62.0,,,3.9298524472
1986-01-01,1.8,8.2,0.0,25.5,20.76,17.7,78.5,61.0,3.666667,,4.40335804676
1986-01-02,2.8,6.0,0.0,28.6,22.02,16.7,72.5,52.0,2.0,,4.12412798059
1986-01-03,3.0,4.2,0.0,27.3,21.66,17.6,74.75,50.0,2.333333,,3.67396766206
1986-01-04,0.8,0.8,0.0,22.9,20.16,18.1,80.0,77.0,3.333333,,2.70791563053
1986-01-05,2.2,5.1,2.7,26.7,20.88,18.5,84.75,63.0,2.0,,3.58553411104
1986-01-06,2.4,5.2,2.4,26.7,21.16,17.1,79.5,61.0,1.333333,,3.62581076831
1986-01-07,2.6,1.4,0.0,24.7,19.92,17.9,87.5,66.0,2.0,,2.55365274716
1986-01-08,2.2,11.1,0.0,26.7,20.52,17.7,72.25,46.0,2.333333,,5.22661871156
1986-01-09,3.8,9.7,0.0,26.9,20.92,15.5,70.5,49.0,2.0,,4.82081240395
1986-01-10,4.9,4.4,0.0,25.3,20.88,16.7,85.5,70.0,2.0,,3.27204703031
1986-01-11,3.0,3.1,0.8,25.9,20.76,18.1,87.75,71.0,3.333333,,2.99064968965
1986-01-12,2.6,7.9,0.6,26.3,20.4,17.1,78.5,54.0,2.333333,,4.31382689431
1986-01-13,4.1,6.7,0.0,25.8,19.74,16.3,69.75,49.0,2.333333,,4.21594183783
1986-01-14,3.7,6.0,0.0,25.9,19.96,15.9,74.25,52.0,2.0,,3.89539065772
1986-01-15,3.4,6.8,0.0,26.1,20.58,17.3,79.25,57.0,3.666667,,4.11912437292
1986-01-16,4.7,3.6,0.0,25.4,20.52,17.6,79.5,63.0,3.666667,,3.42469998581
1986-01-17,3.7,5.6,0.0,25.1,20.24,17.2,77.75,61.0,2.333333,,3.76516612202
1986-01-18,4.3,9.1,0.0,26.2,20.3,16.8,66.5,48.0,4.666667,,5.24341270786
1986-01-19,6.0,8.6,0.0,25.7,19.36,15.1,66.75,45.0,2.333333,,4.62542451389
1986-01-20,6.1,7.9,0.0,27.1,21.06,16.8,71.5,45.0,2.666667,,4.58993923667
1986-01-21,5.1,6.8,0.0,26.7,20.48,17.7,69.0,50.0,3.333333,,4.56590869383
1986-01-22,5.7,,0.3,,19.42,17.5,72.0,50.0,4.333333,,
1986-01-23,7.2,9.8,0.0,25.9,20.28,16.0,67.5,52.0,3.0,,5.0192610505
1986-01-24,6.7,9.9,0.0,26.2,21.12,17.1,69.5,54.0,3.333333,,5.10501664724
1986-01-25,5.9,7.6,0.0,27.3,22.02,17.6,68.0,50.0,3.0,,4.74963395926
1986-01-26,6.1,1.7,0.0,24.8,20.34,16.9,76.75,60.0,3.0,,3.02427079238
1986-01-27,4.9,8.0,0.0,26.7,20.58,15.2,70.5,48.0,3.666667,,4.67418198981
1986-01-28,5.3,8.2,0.0,27.7,21.76,17.5,68.75,49.0,3.333333,,4.93398770479
1986-01-29,5.2,3.5,0.0,26.7,21.2,17.7,77.5,56.0,4.666667,,3.67552967194
1986-01-30,4.0,3.6,0.0,26.5,21.2,17.9,71.25,52.0,4.0,,3.9299710188
1986-01-31,5.9,6.1,0.0,26.5,19.92,16.5,76.0,52.0,2.0,,3.93925648661
1986-02-01,5.0,3.0,0.0,22.7,19.68,17.1,88.75,78.0,3.666667,,2.74613911303
1986-02-02,3.6,0.0,0.0,24.2,20.78,17.7,78.75,58.0,3.333333,,2.63425449943
1986-02-03,3.8,6.0,0.0,26.9,21.08,16.9,85.0,59.0,3.666667,,3.73819288769
1986-02-04,5.7,8.8,0.0,27.3,21.36,16.9,79.25,61.0,2.333333,,4.56014558324
1986-02-05,5.0,5.9,2.4,26.5,21.64,17.7,82.5,63.0,5.0,,3.86761008122
1986-02-06,4.2,6.6,0.6,28.0,21.62,17.7,81.75,51.0,4.666667,,4.14916844398
1986-02-07,5.0,8.5,0.0,27.9,22.16,18.3,68.5,52.0,3.0,,4.99897329621
1986-02-08,5.7,4.0,0.0,27.7,21.48,16.5,74.5,51.0,2.666667,,3.67177655096
1986-02-09,4.8,7.7,0.4,25.9,21.08,18.5,87.5,67.0,2.666667,,4.05471181703
1986-02-10,3.6,5.0,0.3,27.9,21.36,17.1,81.5,53.0,4.0,,3.76234936642
1986-02-11,4.6,6.3,2.4,26.1,20.16,16.7,77.75,60.0,2.666667,,3.97002182322
1986-02-12,4.5,7.0,0.0,27.7,22.4,17.1,75.5,55.0,2.666667,,4.31461712537
1986-02-13,3.8,3.7,0.0,28.5,21.24,15.7,81.25,54.0,1.0,,3.23286441888
1986-02-14,2.8,4.9,0.0,27.9,22.4,18.1,75.0,53.0,1.666667,,3.75874467196
1986-02-15,3.8,7.6,0.0,28.7,21.76,17.1,78.75,50.0,3.333333,,4.45362555693
1986-02-16,3.6,5.4,0.0,28.1,21.36,16.7,83.5,55.0,2.333333,,3.68633492465
1986-02-17,3.1,3.2,5.8,26.1,20.24,16.9,80.5,57.0,2.333333,,3.1766087393
1986-02-18,5.3,2.3,5.0,25.9,20.92,16.5,76.0,62.0,1.0,,2.86609622898
1986-02-19,1.8,7.8,19.6,26.5,21.12,18.7,72.25,56.0,4.0,,4.73297474591
1986-02-20,5.0,8.3,0.0,26.9,20.88,17.5,73.5,48.0,3.333333,,4.67207599247
1986-02-21,6.4,8.3,0.0,27.3,21.76,17.5,65.0,47.0,4.333333,,5.22005011142
1986-02-22,5.5,10.8,10.8,26.9,21.84,17.7,60.5,49.0,3.0,,5.57061109028
1986-02-23,6.4,4.6,0.0,24.3,18.96,14.9,83.0,60.0,4.0,,3.27047392511
1986-02-24,4.2,9.1,2.0,27.5,21.36,16.5,71.75,49.0,3.333333,,4.88349281666
1986-02-25,4.8,10.1,0.0,27.1,21.12,16.5,65.75,44.0,2.333333,,5.07619742125
1986-02-26,5.0,8.5,0.0,27.8,21.54,17.7,69.0,43.0,3.0,,4.88448114249
1986-02-27,6.2,10.0,0.0,28.3,21.4,15.5,71.5,46.0,4.0,,5.15583891507
1986-02-28,5.8,8.5,0.0,28.2,21.54,18.1,80.75,58.0,4.333333,,4.56170060741
1986-03-01,5.5,7.4,1.9,27.9,21.24,17.9,81.75,47.0,2.0,,4.1751696611
1986-03-02,3.8,3.3,0.0,25.9,20.28,17.5,81.75,57.0,4.0,,3.24245719684
1986-03-03,7.4,4.8,7.6,26.7,20.24,16.7,81.75,57.0,2.333333,,3.46702786626
1986-03-04,4.1,4.6,0.0,26.0,20.7,18.1,86.5,67.0,1.666667,,3.29771528708
1986-03-05,2.6,9.6,24.8,27.2,21.52,18.3,79.25,54.0,3.333333,,4.73065091339
1986-03-06,4.4,6.1,1.9,27.0,20.86,17.7,80.25,53.0,1.666667,,3.7925075564
1986-03-07,3.8,3.8,0.0,26.7,21.1,18.2,79.5,60.0,2.0,,3.30820850653
1986-03-08,3.7,2.2,0.0,25.8,20.86,17.5,81.75,61.0,3.0,,2.91400887729
1986-03-09,4.2,5.1,0.0,26.7,21.04,17.9,72.25,49.0,3.0,,3.93037684609
1986-03-10,4.9,1.8,0.0,23.5,19.96,16.5,87.5,75.0,3.666667,,2.48962651707
1986-03-11,1.8,9.3,3.4,27.0,21.02,17.3,76.25,52.0,5.0,,4.76766423068
1986-03-12,5.6,4.1,2.0,24.1,19.72,16.9,90.75,76.0,4.333333,,2.79767032318
1986-03-13,2.6,8.1,0.5,25.7,21.16,16.7,80.75,63.0,5.0,,4.1422223959
1986-03-14,5.2,3.7,0.0,26.7,21.44,17.1,79.0,55.0,3.666667,,3.39635022568
1986-03-15,4.9,5.3,0.0,26.9,21.12,16.1,80.5,64.0,3.0,,3.57161162985
1986-03-16,3.8,6.8,1.0,28.1,21.24,16.5,81.5,53.0,2.666667,,3.91806611036
1986-03-17,4.4,3.1,0.2,26.7,21.24,18.1,83.5,63.0,4.333333,,3.12290620145
1986-03-18,3.2,5.5,0.1,26.1,20.5,17.4,77.0,61.0,3.666667,,3.7878424297
1986-03-19,4.2,9.2,1.1,26.8,20.32,16.4,67.25,51.0,2.666667,,4.71410054931
1986-03-20,5.5,2.8,0.0,25.4,21.02,18.0,79.5,60.0,3.0,,3.05511645308
1986-03-21,4.0,6.9,0.1,27.3,21.38,18.1,72.5,54.0,2.333333,,4.13785998767
1986-03-22,5.1,9.9,0.0,27.5,20.98,16.6,66.25,42.0,3.0,,4.97938981608
1986-03-23,6.1,6.2,0.0,27.6,21.74,18.1,72.5,51.0,4.333333,,4.31163290274
1986-03-24,4.7,3.9,1.8,25.7,20.48,17.5,78.25,58.0,3.666667,,3.36058032011
1986-03-25,4.2,7.8,0.0,26.7,21.0,17.1,69.75,45.0,4.0,,4.55145074536
1986-03-26,6.3,9.6,0.0,27.0,20.7,16.5,61.25,40.0,2.333333,,4.80762342144
1986-03-27,5.7,9.9,0.0,27.7,21.24,16.3,63.75,41.0,3.0,,5.00152222794
1986-03-28,4.9,5.9,0.0,27.5,21.28,16.7,65.25,45.0,2.666667,,4.10728855702
1986-03-29,6.4,8.9,0.0,28.5,21.24,17.3,70.5,42.0,4.666667,,4.93913240989
1986-03-30,5.6,3.1,0.0,26.3,20.88,17.9,80.0,58.0,5.0,,3.25175394775
1986-03-31,3.5,0.3,1.0,22.8,19.86,17.3,91.0,89.0,3.0,,1.94511740989
1986-04-01,1.8,3.3,0.1,27.1,21.62,18.7,78.0,60.0,2.0,,3.08687258722
1986-04-02,4.8,5.5,0.0,28.0,21.68,17.5,77.0,55.0,4.0,,3.82290360804
1986-04-03,6.5,8.6,0.0,27.6,21.74,18.1,72.0,43.0,3.0,,4.47596974646
1986-04-04,7.2,4.5,0.0,27.0,20.62,18.1,82.75,56.0,2.666667,,3.21527122452
1986-04-05,3.4,7.2,0.8,26.7,20.96,17.7,68.75,52.0,2.333333,,4.07311244389
1986-04-06,5.4,10.2,0.0,27.0,20.94,16.3,63.75,43.0,3.0,,4.85954506876
1986-04-07,6.9,10.6,0.0,28.5,21.12,15.7,65.0,43.0,3.0,,4.98097197778
1986-04-08,5.4,8.5,0.0,27.7,21.56,16.7,69.25,48.0,2.333333,,4.29517626388
1986-04-09,6.3,9.4,0.0,27.5,20.92,16.7,76.0,54.0,2.333333,,4.27379665483
1986-04-10,7.0,7.2,0.0,27.7,21.0,17.7,75.25,49.0,2.0,,3.85622850543
1986-04-11,5.8,10.2,0.0,29.7,21.96,16.7,69.5,43.0,2.0,,4.65838880436
1986-04-12,5.1,6.3,0.0,27.9,21.2,18.1,75.75,50.0,2.0,,3.66518661183
1986-04-13,6.4,7.6,0.0,27.7,21.24,17.1,75.75,52.0,2.0,,3.86037923225
1986-04-14,5.3,8.1,0.1,27.7,22.02,16.9,64.75,43.0,4.0,,4.67222452272
1986-04-15,7.1,9.5,0.0,27.0,21.68,17.7,67.25,45.0,2.666667,,4.49329790505
1986-04-16,5.5,7.8,0.0,30.4,23.24,18.1,55.25,33.0,1.666667,,4.34882229947
1986-04-17,7.0,8.1,0.0,27.7,21.96,18.7,74.25,54.0,5.333333,,4.44720924392
1986-04-18,5.2,0.5,0.3,22.9,19.4,17.1,85.75,70.0,5.0,,2.17589282302
1986-04-19,3.3,7.2,0.0,26.7,21.22,16.3,64.75,53.0,4.333333,,4.42789500304
1986-04-20,6.4,4.8,0.0,27.0,20.66,17.1,79.0,55.0,2.333333,,3.15670014236
1986-04-21,5.0,7.4,0.0,27.5,20.96,16.7,77.0,53.0,2.333333,,3.69713680157
1986-04-22,4.2,8.1,0.0,28.5,21.4,17.3,76.75,48.0,2.666667,,3.95141981723
1986-04-23,5.0,5.0,0.0,27.7,21.56,18.3,74.25,47.0,2.666667,,3.43505256756
1986-04-24,4.7,0.1,0.6,23.3,19.48,18.3,77.25,65.0,2.0,,2.15809817334
1986-04-25,2.4,2.6,0.0,25.9,20.08,17.9,74.75,53.0,3.333333,,2.99073242119
1986-04-26,4.2,6.4,0.0,26.9,20.4,16.3,66.25,48.0,2.333333,,3.68711763859
1986-04-27,4.2,9.1,0.0,28.3,20.76,15.7,63.5,43.0,2.666667,,4.36269762999
1986-04-28,4.5,7.9,0.0,30.3,23.88,16.1,55.5,42.0,2.333333,,4.41989884112
1986-04-29,5.2,0.2,13.0,23.9,19.8,18.0,95.0,61.0,2.666667,,1.64812428029
1986-04-30,0.9,0.3,0.2,22.4,18.96,17.1,86.0,76.0,4.0,,1.99577699544
1986-05-01,2.7,9.6,0.0,25.3,19.78,14.2,73.0,54.0,4.0,,3.98864565472
1986-05-02,5.4,1.2,0.0,23.4,19.94,17.2,82.75,68.0,3.333333,,2.25453075077
1986-05-03,2.5,3.8,0.9,24.9,20.1,17.7,87.75,70.0,4.666667,,2.55660832996
1986-05-04,3.2,7.9,0.0,25.3,20.18,16.6,73.0,59.0,5.0,,3.94347553435
1986-05-05,5.8,6.2,0.4,25.9,20.52,16.3,84.0,62.0,5.0,,3.11624913684
1986-05-06,4.4,1.6,3.4,23.7,20.04,17.1,80.25,69.0,2.666667,,2.32110543831
1986-05-07,2.4,5.2,0.0,25.9,20.48,17.5,67.25,46.0,4.0,,3.73504318189
1986-05-08,4.1,5.6,0.0,25.5,20.08,16.5,72.25,52.0,4.333333,,3.53903934979
1986-05-09,4.2,7.9,0.0,25.3,20.44,16.3,68.5,52.0,2.666667,,3.6786432053
1986-05-10,4.4,8.6,0.0,26.5,21.2,17.7,74.5,53.0,3.0,,3.78736295686
1986-05-11,4.2,,0.0,27.5,21.08,17.9,67.75,46.0,2.333333,,3.44094939192
1986-05-12,4.0,7.1,0.0,26.7,20.6,17.7,71.5,51.0,2.333333,,3.50908467454
1986-05-13,4.1,7.2,0.0,28.1,21.4,17.7,70.0,47.0,2.333333,,3.63781029703
1986-05-14,3.8,8.6,0.0,27.7,21.04,17.5,72.75,49.0,2.333333,,3.75053024042
1986-05-15,5.2,7.8,0.0,26.7,21.1,17.8,70.5,49.0,4.0,,3.94623081694
1986-05-16,6.0,9.6,0.0,25.5,19.84,17.3,64.75,47.0,4.666667,,4.45557682629
1986-05-17,4.9,7.8,0.0,24.9,19.72,16.1,78.25,68.0,4.0,,3.38208613577
1986-05-18,6.0,5.2,0.6,25.5,20.04,15.9,84.25,53.0,4.333333,,2.78095262891
1986-05-19,3.7,9.1,0.3,25.8,20.02,17.3,67.0,51.0,4.666667,,4.27507257847
1986-05-20,5.9,,0.0,25.6,19.68,17.0,69.5,44.0,2.333333,,3.07901721482
1986-05-21,5.4,8.8,0.0,27.0,19.74,15.9,61.25,35.0,2.333333,,3.86747482561
1986-05-22,5.8,9.5,0.0,26.1,20.0,17.1,74.5,46.0,3.0,,3.72959394569
1986-05-23,5.4,6.2,0.0,24.8,19.3,14.5,76.0,59.0,4.333333,,3.1867853212
1986-05-24,4.4,2.8,2.9,22.9,18.82,16.5,87.25,76.0,4.666667,,2.17677810842
1986-05-25,2.5,0.6,0.1,21.2,18.24,15.5,92.25,86.0,4.0,,1.55450132582
1986-05-26,1.5,6.1,1.8,23.8,18.58,16.5,83.0,57.0,3.0,,2.7661344531
1986-05-27,4.2,2.1,0.1,22.4,18.4,16.4,85.75,66.0,3.0,,2.04503133135
1986-05-28,2.0,4.4,0.2,22.8,18.46,15.3,81.0,57.0,4.0,,2.58361562943
1986-05-29,3.0,6.8,3.6,23.4,18.46,16.6,81.5,50.0,4.333333,,2.95935043991
1986-05-30,4.8,4.1,0.0,20.9,17.12,14.3,89.0,84.0,2.333333,,2.07510839616
1986-05-31,1.1,7.3,0.0,26.6,19.36,14.9,67.0,43.0,1.333333,,3.08561739675
1986-06-01,,7.3,0.0,25.6,19.54,15.7,74.25,,,,3.28739228066
1986-06-02,,6.9,0.0,24.4,18.48,14.6,76.75,,,,3.16603693826
1986-06-03,,0.9,0.0,22.6,18.12,15.7,89.0,,,,2.62621593199
1986-06-04,,,3.2,21.9,17.02,14.6,81.75,,,,2.63025033095
1986-06-05,,7.7,0.0,23.0,16.78,13.7,76.5,,,,2.97140234305
1986-06-06,,4.7,0.0,21.8,15.48,12.3,75.5,,,,2.89001867902
1986-06-07,,8.1,0.0,23.2,17.6,12.4,67.75,,,,3.14243338609
1986-06-08,,8.7,0.1,24.2,17.98,15.7,69.25,,,,2.95150259074
1986-06-09,,3.4,0.3,21.5,17.08,13.4,86.75,,,,2.68643253286
1986-06-10,,8.5,3.8,22.8,17.76,15.1,83.25,,,,2.72696867757
1986-06-11,,3.9,0.0,22.5,17.66,14.2,84.25,,,,2.78146777399
1986-06-12,,0.2,0.0,21.5,17.38,15.9,87.75,,,,2.30414281383
1986-06-13,,2.0,1.5,22.9,17.96,14.7,91.5,,,,2.79288716906
1986-06-14,,8.1,0.7,23.3,17.26,14.4,76.0,,,,2.91088237895
1986-06-15,,1.0,3.8,20.0,16.56,14.5,92.75,,,,2.18656869246
1986-06-16,,5.3,4.7,21.4,17.08,14.6,89.25,,,,2.4815179731
1986-06-17,,5.1,0.2,21.8,17.5,14.9,86.0,,,,2.52259388996
1986-06-18,,5.3,0.2,22.4,17.5,14.3,83.75,,,,2.73179711865
1986-06-19,,6.8,0.4,22.8,18.26,15.6,81.75,,,,2.63510246776
1986-06-20,,1.2,4.5,21.3,17.26,14.9,88.75,,,,2.40987640739
1986-06-21,,2.1,0.9,21.0,17.08,15.1,89.5,,,,2.31023031548
1986-06-22,,9.5,0.7,21.2,17.02,15.3,90.5,,,,2.32300520577
1986-06-23,,1.0,2.0,20.8,16.26,14.4,96.25,,,,2.37596457758
1986-06-24,,0.2,4.3,18.4,16.26,14.3,88.0,,,,1.83487341269
1986-06-25,,2.4,1.5,20.1,15.78,13.9,91.0,,,,2.29998059899
1986-06-26,,7.6,0.2,22.7,16.96,13.9,79.75,,,,2.84362249777
1986-06-27,,7.2,0.0,24.4,17.7,13.9,78.5,,,,3.1809389233
1986-06-28,,5.9,0.0,23.9,18.28,15.2,78.5,,,,2.92865074017
1986-06-29,,4.8,0.0,23.7,17.52,15.1,76.25,50.0,,,2.90220858445
1986-06-30,,8.8,0.0,22.9,17.0,13.9,72.25,50.0,,,2.89156565235
1986-07-01,3.7,9.3,0.0,24.9,17.68,13.9,65.75,45.0,1.666667,,3.27100705793
1986-07-02,4.2,7.1,0.0,24.8,18.3,15.3,76.0,56.0,2.0,,2.91300056067
1986-07-03,4.2,6.9,0.0,24.7,19.36,16.2,79.5,54.0,3.666667,,3.00653409146
1986-07-04,4.7,0.9,0.0,21.6,17.58,15.7,88.0,75.0,2.666667,,1.70384617434
1986-07-05,2.3,5.8,1.7,23.1,17.14,15.1,79.75,54.0,2.333333,,2.6120941795
1986-07-06,3.8,8.4,0.0,23.8,17.92,14.7,75.25,54.0,2.333333,,3.09211229539
1986-07-07,4.3,3.5,0.0,22.9,18.04,13.9,85.75,66.0,4.333333,,2.19448928922
1986-07-08,2.4,0.5,2.1,19.7,16.64,14.9,87.75,74.0,5.333333,,1.69963323996
1986-07-09,2.0,3.6,0.0,19.5,15.88,13.1,77.75,68.0,5.333333,,2.48407053792
1986-07-10,3.6,0.1,0.4,17.5,15.16,13.7,87.75,73.0,4.666667,,1.54873232509
1986-07-11,2.4,0.1,0.0,18.3,15.0,13.1,90.5,77.0,5.333333,,1.43500845097
1986-07-12,1.9,0.2,0.0,19.1,15.28,12.5,90.5,76.0,5.0,,1.45348589379
1986-07-13,2.6,8.5,0.2,22.3,16.92,13.7,77.5,51.0,4.0,,3.11119504424
1986-07-14,6.6,3.4,0.0,21.9,16.96,15.3,85.0,69.0,5.0,,2.26956201461
1986-07-15,3.0,1.5,1.8,19.9,16.08,14.5,90.5,69.0,5.0,,1.67127810286
1986-07-16,1.8,1.6,0.3,20.7,16.28,13.1,78.75,64.0,2.666667,,2.0365536651
1986-07-17,3.0,2.1,0.0,22.5,17.32,15.3,87.5,67.0,3.0,,1.95303854855
1986-07-18,5.3,8.3,0.2,24.3,18.04,15.7,69.25,45.0,3.0,,3.50321156255
1986-07-19,4.4,9.0,0.0,23.7,17.64,13.5,64.5,43.0,2.666667,,3.5388586181
1986-07-20,4.8,7.8,0.0,25.5,18.48,14.1,68.75,41.0,3.333333,,3.55739128121
1986-07-21,5.0,10.1,0.0,27.5,19.56,15.1,62.5,38.0,2.333333,,3.9916270671
1986-07-22,4.9,7.4,0.0,23.5,17.04,14.5,81.5,56.0,3.0,,2.92836797186
1986-07-23,4.8,7.0,0.0,23.1,17.04,13.7,74.5,54.0,3.333333,,3.10015975878
1986-07-24,4.4,6.7,0.0,24.5,17.36,13.5,79.5,51.0,2.0,,2.84476909893
1986-07-25,3.4,8.2,0.0,25.3,17.88,13.7,74.5,49.0,2.0,,3.22889225849
1986-07-26,3.4,5.5,0.0,24.1,17.68,14.7,77.0,52.0,2.333333,,2.8059752253
1986-07-27,3.5,7.2,0.0,26.5,20.28,14.1,54.25,40.0,2.0,,3.61257882562
1986-07-28,4.6,5.4,0.0,27.4,20.9,13.9,68.0,47.0,1.333333,,2.91972429328
1986-07-29,4.5,6.0,3.3,23.0,18.9,15.5,68.0,56.0,5.0,,3.62499523357
1986-07-30,6.2,2.3,0.1,20.8,17.78,15.5,78.5,68.0,4.0,,2.42069053137
1986-07-31,3.6,10.4,0.0,24.5,18.12,15.4,71.75,53.0,3.0,,3.84151015779
1986-08-01,4.7,5.5,0.6,25.1,18.54,14.5,79.25,51.0,2.333333,,2.84177280927
1986-08-02,3.5,10.0,0.0,25.5,19.24,16.1,70.5,48.0,3.0,,3.9531948653
1986-08-03,6.6,5.7,0.0,23.2,18.4,16.9,68.25,52.0,4.333333,,3.57786235412
1986-08-04,6.1,4.2,1.6,22.6,16.92,13.9,75.0,58.0,3.666667,,2.83988181132
1986-08-05,3.9,1.7,1.0,19.6,16.22,13.2,93.25,72.0,5.0,,1.60333065721
1986-08-06,1.6,3.1,0.8,22.7,17.14,12.8,80.75,62.0,3.333333,,2.41716936548
1986-08-07,3.7,1.0,0.0,22.4,18.1,14.5,75.0,60.0,4.666667,,2.59222242288
1986-08-08,4.3,2.4,0.1,21.5,17.08,15.3,92.0,76.0,4.0,,1.90997983646
1986-08-09,2.7,7.5,0.0,23.3,17.0,13.2,77.0,53.0,4.333333,,3.31127113301
1986-08-10,4.8,6.6,0.0,23.8,17.2,14.7,68.75,47.0,3.0,,3.44340199404
1986-08-11,4.3,4.5,0.0,24.6,18.14,14.0,78.75,51.0,3.333333,,2.86220994105
1986-08-12,3.7,3.7,0.4,23.7,18.08,15.9,80.0,56.0,2.333333,,2.61934106764
1986-08-13,3.2,8.2,0.0,25.2,18.24,14.4,66.5,46.0,2.666667,,3.79039304521
1986-08-14,5.8,8.9,0.0,25.6,18.38,14.3,64.75,38.0,3.0,,4.05897373846
1986-08-15,5.7,7.4,0.0,24.9,18.56,14.9,70.75,48.0,2.666667,,3.57203341151
1986-08-16,5.7,7.4,0.0,25.1,18.76,15.5,68.5,48.0,3.0,,3.75324951779
1986-08-17,4.8,6.9,0.0,26.0,19.38,15.8,69.0,48.0,2.333333,,3.60240959609
1986-08-18,5.0,7.8,0.0,26.9,19.28,15.5,62.25,36.0,2.333333,,3.97929939029
1986-08-19,5.2,10.6,0.0,27.3,19.96,15.7,57.5,36.0,2.333333,,4.58658097343
1986-08-20,7.5,8.2,0.0,25.9,19.24,15.5,67.0,45.0,2.0,,3.80698354427
1986-08-21,6.4,5.9,0.0,26.7,20.2,16.9,73.0,48.0,3.0,,3.57597676778
1986-08-22,3.6,5.6,0.0,24.3,20.0,15.9,73.75,60.0,2.0,,3.17425420346
1986-08-23,3.3,5.7,0.6,29.1,20.96,17.3,73.25,41.0,3.333333,,3.78362660752
1986-08-24,3.0,5.4,24.6,28.5,20.68,15.9,75.0,45.0,3.333333,,3.57980435295
1986-08-25,3.2,6.9,0.9,26.7,20.16,17.7,68.75,47.0,2.333333,,3.8243822585
1986-08-26,5.6,8.7,0.0,25.5,19.32,16.3,59.0,40.0,2.666667,,4.34909872864
1986-08-27,5.4,9.4,0.0,25.9,18.96,15.5,61.25,41.0,2.0,,4.2183077672
1986-08-28,5.9,10.6,0.0,24.9,18.76,13.3,69.5,47.0,5.0,,4.50702426671
1986-08-29,6.6,4.1,0.0,23.9,18.56,15.3,82.75,59.0,3.333333,,2.81300637964
1986-08-30,4.4,5.3,1.4,23.5,17.52,15.3,85.75,56.0,3.0,,2.88504657687
1986-08-31,3.4,3.7,0.0,23.1,17.64,15.5,84.5,61.0,2.666667,,2.64141189953
1986-09-01,,8.5,0.2,24.1,17.98,14.4,69.5,,,,3.72284489154
1986-09-02,,0.9,0.0,20.1,15.92,13.5,87.25,,,,2.8781770198
1986-09-03,,4.4,0.3,21.8,15.8,12.3,77.0,,,,3.49051325448
1986-09-04,,1.8,1.2,20.8,15.94,12.2,80.25,,,,3.28026796969
1986-09-05,,4.3,2.9,22.0,16.44,13.7,80.5,,,,3.36117521646
1986-09-06,,7.4,0.3,23.8,17.8,14.0,76.0,,,,3.77296642331
1986-09-07,,1.8,5.2,21.2,16.56,15.0,83.25,,,,2.94570628277
1986-09-08,,1.1,2.0,20.0,16.08,12.2,92.25,,,,3.13058065261
1986-09-09,,1.0,1.8,20.9,16.56,13.5,84.0,,,,3.15880933385
1986-09-10,,3.2,0.2,21.5,16.8,14.1,80.75,,,,3.22366040177
1986-09-11,,8.9,0.0,24.3,17.56,13.8,67.0,,,,3.98787250083
1986-09-12,,8.5,0.0,25.6,18.5,12.2,70.25,,,,4.50126473627
1986-09-13,,0.8,0.5,23.0,18.04,15.7,89.5,,,,3.37383706105
1986-09-14,,4.6,0.7,24.5,18.74,16.3,69.5,,,,3.68843596831
1986-09-15,,9.6,0.0,25.9,18.88,13.9,63.25,,,,4.41724965046
1986-09-16,,,0.4,25.9,18.76,15.9,74.5,,,,4.15201060398
1986-09-17,,9.9,0.0,26.5,19.48,13.5,55.0,,,,4.63785970238
1986-09-18,,6.7,0.0,26.9,19.84,16.7,67.0,,,,4.31653050223
1986-09-19,,5.9,0.0,25.9,19.12,15.7,71.25,,,,4.21978946421
1986-09-20,,9.7,0.0,25.1,19.2,15.1,65.75,,,,4.11419229742
1986-09-21,,4.8,1.0,24.1,17.84,14.5,70.75,,,,3.95707916488
1986-09-22,,5.1,1.2,25.3,19.64,15.7,73.75,,,,4.09634978843
1986-09-23,,4.9,0.0,25.5,19.4,15.9,71.75,,,,4.1288944695
1986-09-24,,9.3,0.0,26.9,19.36,14.9,60.25,,,,4.65254917211
1986-09-25,,8.7,0.0,26.7,19.96,16.3,61.0,,,,4.40988759364
1986-09-26,,7.1,0.0,26.9,19.36,16.5,61.0,,,,4.44362895901
1986-09-27,,9.5,0.0,28.1,20.92,14.7,52.0,,,,5.01816437404
1986-09-28,,2.7,0.3,23.4,17.26,14.7,89.75,,,,3.81032907145
1986-09-29,,0.1,2.3,20.9,17.38,14.5,88.25,75.0,,,3.15587010101
1986-09-30,,10.0,0.2,26.0,19.18,14.9,70.0,49.0,,,4.48854430056
1986-10-01,5.5,3.6,0.0,24.9,18.8,15.4,77.25,54.0,3.666667,,3.27575552188
1986-10-02,3.7,3.6,0.3,23.0,18.38,16.1,79.25,63.0,3.666667,,3.11773987089
1986-10-03,3.8,2.1,0.0,24.7,19.52,15.5,71.25,57.0,3.0,,3.14554052997
1986-10-04,5.0,3.8,0.0,25.7,19.62,15.0,78.75,60.0,4.0,,3.32274634615
1986-10-05,4.9,2.8,0.1,25.8,20.84,17.0,74.5,54.0,4.333333,,3.47171097066
1986-10-06,5.3,4.0,0.2,26.5,19.36,16.5,76.75,46.0,3.333333,,3.4952963297
1986-10-07,6.1,9.7,0.0,26.3,19.62,14.8,59.75,40.0,3.333333,,5.13762663959
1986-10-08,8.6,7.5,0.0,27.4,19.72,15.5,56.5,35.0,2.0,,4.54083741312
1986-10-09,7.0,10.5,0.0,27.6,20.62,16.1,68.5,36.0,4.333333,,5.31947247629
1986-10-10,8.8,8.2,0.0,27.2,20.42,16.6,64.25,45.0,3.0,,4.81046184122
1986-10-11,6.5,7.5,0.0,29.8,22.06,15.5,59.5,39.0,1.666667,,4.55022002539
1986-10-12,7.5,6.8,0.0,28.8,22.78,19.4,61.5,38.0,1.666667,,4.4501358685
1986-10-13,6.4,1.0,2.2,27.5,21.6,18.1,72.5,49.0,1.666667,,2.81758579394
1986-10-14,4.6,0.2,0.0,24.3,20.88,18.1,73.5,61.0,3.333333,,2.85668255338
1986-10-15,3.1,0.2,0.6,24.7,19.92,17.3,82.75,61.0,4.333333,,2.53723486946
1986-10-16,3.6,3.2,0.8,23.7,18.32,17.7,87.75,64.0,5.0,,2.82210560806
1986-10-17,4.2,6.9,0.2,26.7,20.12,15.5,59.0,40.0,2.666667,,4.58325517514
1986-10-18,7.5,7.5,0.2,27.7,20.12,15.3,62.25,41.0,2.666667,,4.67659804026
1986-10-19,5.9,6.7,0.0,27.9,20.88,17.3,61.0,40.0,3.666667,,4.94689861002
1986-10-20,7.8,8.5,0.0,28.5,21.08,16.3,54.25,36.0,5.0,,6.00266033498
1986-10-21,6.4,10.2,0.0,27.5,20.4,15.1,51.25,34.0,5.0,,6.26698717901
1986-10-22,4.9,9.4,0.0,27.5,20.32,14.9,53.5,37.0,2.0,,5.03394489056
1986-10-23,3.4,5.9,0.0,28.1,20.52,15.3,59.25,36.0,3.0,,4.61068465918
1986-10-24,5.8,4.7,0.0,29.7,22.2,17.3,84.25,57.0,4.0,,3.63969681483
1986-10-25,4.4,0.1,7.8,23.1,18.28,16.5,91.5,75.0,4.333333,,2.00374110943
1986-10-26,2.4,0.0,0.6,20.5,16.56,15.1,92.0,77.0,4.666667,,1.84190968451
1986-10-27,1.5,0.3,3.5,20.4,16.86,14.7,90.25,82.0,3.666667,,1.97957722892
1986-10-28,1.6,3.3,0.3,25.0,19.32,15.2,74.75,53.0,3.0,,3.33557827211
1986-10-29,5.2,5.0,0.1,25.6,19.36,15.3,73.25,56.0,2.666667,,3.71999195272
1986-10-30,4.6,2.9,1.0,26.7,20.28,17.3,70.5,51.0,2.666667,,3.5148798613
1986-10-31,6.0,7.9,0.0,28.5,21.36,16.5,67.75,38.0,6.333333,,5.37113394555
1986-11-01,,6.2,2.3,27.4,20.06,15.8,74.0,,,,4.9555655319
1986-11-02,,5.1,0.3,25.5,19.46,14.6,72.5,,,,4.61814754387
1986-11-03,,4.2,0.0,26.2,20.06,15.4,61.5,,,,4.6913002395
1986-11-04,,9.2,0.0,27.9,20.98,16.7,57.75,,,,4.96635735244
1986-11-05,,7.2,0.0,27.2,20.42,15.6,59.5,,,,4.94396964435
1986-11-06,,6.7,0.0,28.3,21.28,16.2,61.5,,,,5.16200197335
1986-11-07,,6.5,0.0,27.0,20.86,16.1,63.0,,,,4.81647942617
1986-11-08,,8.0,0.0,28.0,21.3,16.6,60.25,,,,5.02231890565
1986-11-09,,3.1,0.0,27.4,19.46,16.3,78.75,,,,4.90270090041
1986-11-10,,2.6,29.6,25.1,19.62,15.6,79.75,,,,4.36614572401
1986-11-11,,2.8,0.2,25.9,20.64,16.9,70.5,,,,4.36866524632
1986-11-12,,8.5,0.0,28.1,21.56,17.5,63.0,,,,4.91257104339
1986-11-13,,7.7,0.0,26.7,20.52,16.7,76.25,,,,4.64413396135
1986-11-14,,2.0,0.8,24.9,19.24,16.3,80.75,,,,4.1884723767
1986-11-15,,0.6,0.7,24.3,19.24,16.3,78.5,,,,4.00961797743
1986-11-16,,0.0,1.3,21.9,18.8,17.1,94.0,,,,3.04166245647
1986-11-17,,5.1,1.4,25.9,19.96,16.5,81.75,,,,4.45194522687
1986-11-18,,7.4,0.2,26.7,20.92,17.1,69.75,,,,4.58119456269
1986-11-19,,7.2,0.0,25.9,19.36,16.7,72.75,,,,4.4182133843
1986-11-20,,5.7,0.0,26.5,20.48,17.1,71.25,,,,4.52429628922
1986-11-21,,8.4,0.4,23.5,19.44,16.3,71.25,,,,3.77058186314
1986-11-22,,0.0,0.0,25.1,18.96,15.9,77.75,,,,4.33107475146
1986-11-23,,1.4,6.0,26.9,19.72,16.1,69.5,,,,4.81618787414
1986-11-24,,9.8,0.0,28.0,21.46,16.2,62.5,,,,5.11214407316
1986-11-25,,8.6,0.0,28.0,20.98,16.6,61.25,,,,5.05092327871
1986-11-26,,10.8,0.0,27.5,21.76,17.6,70.25,,,,4.73712542081
1986-11-27,,9.2,0.0,27.8,21.8,18.2,62.75,,,,4.71763857904
1986-11-28,,6.1,0.0,28.4,21.82,17.4,59.75,,,,5.03837530363
1986-11-29,,5.8,0.0,26.8,21.26,16.9,69.75,48.0,,,4.65722824686
1986-11-30,,0.0,1.5,22.0,19.1,17.7,96.25,82.0,,,2.91493822512
1986-12-01,0.8,2.4,23.4,24.1,20.02,17.4,92.0,83.0,4.0,,2.52746355982
1986-12-02,3.0,1.1,0.7,25.1,19.2,17.3,87.0,57.0,4.0,,2.54655637908
1986-12-03,5.0,7.9,0.8,26.6,20.38,17.7,78.5,54.0,4.0,,4.43023942714
1986-12-04,5.0,7.0,0.0,27.5,20.92,17.3,70.25,47.0,2.666667,,4.46559019838
1986-12-05,6.8,5.1,0.0,27.2,21.26,17.9,67.5,48.0,3.0,,4.23179777306
1986-12-06,7.1,9.1,0.0,28.0,21.04,17.1,62.5,42.0,2.333333,,5.08200099213
1986-12-07,7.6,7.1,0.0,28.0,20.38,16.7,67.5,39.0,2.333333,,4.51027198578
1986-12-08,5.6,8.3,0.0,32.6,24.74,17.3,50.5,30.0,1.333333,,5.07099126302
1986-12-09,6.7,6.5,0.3,31.3,23.32,18.7,68.0,43.0,2.333333,,4.67943851494
1986-12-10,4.3,3.3,7.6,27.9,22.24,18.7,83.0,58.0,2.333333,,3.27966532409
1986-12-11,1.7,10.1,1.0,28.9,22.52,19.7,60.75,42.0,2.0,,5.44184106752
1986-12-12,10.0,10.5,0.0,29.5,21.68,16.7,42.25,25.0,1.666667,,5.55921593646
1986-12-13,6.1,11.3,0.0,27.1,20.04,15.9,53.0,35.0,2.666667,,5.72384182297
1986-12-14,6.0,8.0,0.0,25.9,19.68,16.7,54.5,39.0,3.333333,,5.20839534981
1986-12-15,6.9,8.2,0.0,28.1,21.48,16.1,59.25,40.0,3.666667,,5.3305290676
1986-12-16,7.6,7.2,0.0,28.9,22.48,18.3,64.25,48.0,5.666667,,5.53546848577
1986-12-17,8.4,9.0,0.0,27.7,21.28,16.9,67.0,46.0,5.0,,5.38231233828
1986-12-18,9.7,7.9,0.0,28.9,22.2,17.9,65.25,41.0,4.0,,5.25162236431
1986-12-19,9.6,10.9,0.0,27.9,22.12,20.1,65.75,65.0,3.0,,5.68386428543
1986-12-20,9.3,8.9,0.0,26.5,21.32,16.1,56.5,40.0,3.5,,5.37463322731
1986-12-21,10.4,7.8,0.0,28.7,20.88,16.1,55.25,39.0,3.666667,,5.48385666233
1986-12-22,7.7,6.6,0.0,30.2,22.82,17.7,66.0,59.0,1.666667,,4.45440886267
1986-12-23,5.8,1.4,0.0,28.5,21.32,17.3,76.5,54.0,3.666667,,3.25890981474
1986-12-24,3.8,6.6,42.0,22.9,18.08,15.7,97.0,88.0,4.0,,3.00998018784
1986-12-25,1.6,0.0,2.2,26.3,20.12,16.9,82.25,56.0,3.666667,,2.57606313199
1986-12-26,3.8,2.5,7.4,24.9,20.12,16.7,84.25,71.0,4.0,,2.93657637184
1986-12-27,2.9,1.2,6.8,25.3,19.8,16.3,89.75,68.0,3.333333,,2.41647327589
1986-12-28,2.6,0.3,1.1,25.1,21.28,18.1,89.0,71.0,3.666667,,2.30527299399
1986-12-29,3.6,1.4,0.0,26.7,21.16,18.3,81.0,62.0,3.333333,,2.95164344658
1986-12-30,2.8,3.1,0.0,27.5,21.6,17.7,80.0,57.0,3.666667,,3.41125234406
1986-12-31,4.2,0.0,0.0,24.2,20.38,18.5,84.5,67.0,2.333333,,2.34166471865
1987-01-01,3.1,6.1,0.0,26.6,21.62,18.3,71.0,56.0,3.666667,,4.406352948
1987-01-02,5.6,5.6,0.2,27.0,21.42,17.0,81.25,57.0,4.666667,,3.86488528084
1987-01-03,4.9,7.3,2.1,27.1,21.44,19.1,81.25,55.0,3.666667,,4.28949648205
1987-01-04,5.6,10.2,0.0,27.2,21.0,16.7,66.75,45.0,2.333333,,5.1422193668
1987-01-05,6.5,8.0,0.0,27.5,21.54,17.3,62.0,40.0,4.0,,5.2712112992
1987-01-06,7.5,9.3,0.0,27.4,21.92,18.0,62.75,43.0,5.333333,,5.78180511632
1987-01-07,7.7,3.9,0.0,26.9,21.88,17.5,70.75,59.0,2.666667,,3.77117133134
1987-01-08,4.8,3.3,0.5,25.3,20.7,18.4,82.5,68.0,2.0,,3.1557867562
1987-01-09,3.0,6.2,0.0,25.5,19.76,16.1,78.75,61.0,2.333333,,3.83949628565
1987-01-10,3.9,9.3,0.0,28.6,22.44,17.5,64.0,46.0,2.0,,5.09080154499
1987-01-11,6.3,11.7,0.0,28.5,22.26,17.6,60.5,45.0,2.333333,,5.77035998561
1987-01-12,7.1,7.9,0.0,27.4,21.94,17.3,64.75,53.0,1.666667,,4.58663805569
1987-01-13,6.3,7.7,0.0,28.6,21.74,17.4,58.75,38.0,3.0,,5.17965660283
1987-01-14,7.7,10.2,0.0,28.0,21.18,16.6,58.5,39.0,1.666667,,5.1964539772
1987-01-15,8.0,10.3,0.0,27.7,21.78,15.5,63.0,52.0,3.333333,,5.46158649206
1987-01-16,5.8,11.0,0.0,29.6,22.26,16.5,64.75,49.0,2.666667,,5.64459060926
1987-01-17,6.0,6.9,0.0,32.6,23.48,18.7,68.5,48.0,2.0,,4.7893982938
1987-01-18,4.7,7.1,5.6,31.4,22.96,19.5,63.25,34.0,2.333333,,5.0143370825
1987-01-19,5.8,1.9,1.4,29.0,21.56,17.9,74.0,66.0,1.666667,,3.13004027609
1987-01-20,3.7,0.3,3.3,22.5,20.0,18.9,87.25,76.0,2.0,,2.2725427382
1987-01-21,1.5,5.9,0.2,27.5,21.54,18.4,70.5,50.0,2.0,,4.15893856523
1987-01-22,5.3,10.9,0.0,28.2,21.64,16.4,60.75,40.0,2.0,,5.42456848129
1987-01-23,6.9,10.5,0.0,28.8,21.48,16.6,57.0,37.0,2.333333,,5.57927134338
1987-01-24,7.2,6.2,0.0,29.8,23.24,18.2,62.0,46.0,2.0,,4.56306267947
1987-01-25,6.2,10.1,0.0,30.3,23.8,18.6,55.0,42.0,1.666667,,5.50008903383
1987-01-26,7.5,7.9,0.0,30.3,22.8,18.1,62.0,45.0,2.333333,,5.08984164909
1987-01-27,6.1,9.1,0.0,31.5,23.8,18.5,52.25,36.0,2.0,,5.56264600409
1987-01-28,7.4,9.5,0.0,31.7,23.96,19.3,52.0,37.0,2.0,,5.70726827359
1987-01-29,8.2,10.5,0.0,30.9,22.24,17.1,50.0,27.0,3.666667,,6.5292795331
1987-01-30,10.9,9.2,0.0,28.7,21.64,17.3,51.5,36.0,2.666667,,5.59871229407
1987-01-31,10.2,7.9,0.0,27.9,21.44,16.9,64.5,40.0,2.666667,,4.86719034385
1987-02-01,6.9,6.6,0.2,28.7,21.84,17.3,65.75,45.0,2.666667,,4.62938148338
1987-02-02,8.6,10.7,0.0,29.9,22.16,16.3,53.0,35.0,2.666667,,5.92714154505
1987-02-03,6.8,9.9,0.0,29.9,22.36,17.3,52.75,36.0,3.333333,,6.07264510297
1987-02-04,10.1,10.9,0.0,30.7,22.88,17.7,50.25,35.0,2.666667,,6.18626957056
1987-02-05,12.0,9.9,0.0,31.3,22.92,18.3,53.75,32.0,3.0,,6.10114340667
1987-02-06,10.5,9.9,0.0,31.1,23.16,17.3,60.75,37.0,3.333333,,5.89748421557
1987-02-07,9.8,6.8,0.0,30.7,23.12,18.5,55.5,38.0,3.666667,,5.59056026736
1987-02-08,10.5,10.7,0.0,29.5,22.08,16.9,52.0,40.0,3.0,,6.0643410293
1987-02-09,9.6,7.6,0.0,30.3,22.64,17.3,52.25,38.0,3.0,,5.52613923016
1987-02-10,9.9,7.2,0.0,30.9,23.28,18.7,62.25,39.0,3.333333,,5.29729292931
1987-02-11,10.0,5.8,0.0,29.3,22.36,18.1,60.25,41.0,3.0,,4.80977957161
1987-02-12,8.1,7.2,0.0,29.1,22.0,18.1,58.0,44.0,2.333333,,4.93013531796
1987-02-13,8.2,3.7,0.0,27.5,21.72,17.3,61.5,45.0,2.0,,3.83019385988
1987-02-14,5.2,3.5,0.0,26.5,20.52,17.1,64.0,56.0,2.333333,,3.76319467157
1987-02-15,6.3,5.2,0.0,28.2,21.14,16.9,75.5,43.0,3.0,,3.97862759599
1987-02-16,7.6,6.6,0.0,29.5,22.42,17.4,60.0,43.0,3.0,,4.96276647371
1987-02-17,8.8,4.7,0.0,29.3,22.04,16.7,56.5,41.0,2.666667,,4.52477559019
1987-02-18,6.5,1.3,0.0,27.7,22.72,17.9,65.75,47.0,3.0,,3.52327191342
1987-02-19,5.4,5.6,0.0,30.3,21.24,17.7,73.5,37.0,4.666667,,4.56705600696
1987-02-20,4.0,9.5,0.0,28.6,21.9,18.5,59.75,40.0,4.333333,,5.89520036285
1987-02-21,5.6,9.1,0.0,25.8,20.48,16.4,65.5,58.0,2.333333,,4.78635292451
1987-02-22,5.2,0.0,0.0,24.0,19.5,16.5,79.5,60.0,4.666667,,2.67682658965
1987-02-23,3.3,6.5,2.2,28.3,21.64,16.7,73.75,47.0,4.666667,,4.50885414105
1987-02-24,6.0,4.4,0.0,28.6,21.34,17.9,79.0,47.0,3.666667,,3.77161522353
1987-02-25,6.6,8.6,1.4,28.0,21.8,17.6,72.5,47.0,3.666667,,4.88639846362
1987-02-26,7.5,7.4,1.6,28.6,21.58,18.1,67.0,40.0,3.0,,4.80344091806
1987-02-27,7.0,9.2,0.0,28.4,21.9,17.7,65.5,40.0,3.0,,5.19298393862
1987-02-28,6.0,0.0,0.0,28.7,22.16,18.1,56.75,39.0,4.666667,,4.32704596348
1987-03-01,6.7,9.1,0.0,29.1,22.08,18.1,58.5,38.0,3.0,,5.4731856153
1987-03-02,3.2,0.0,0.0,28.7,21.72,16.9,58.0,42.0,2.333333,,3.28930020454
1987-03-03,2.0,9.3,0.0,30.5,23.0,16.7,49.5,37.0,2.666667,,5.71226101648
1987-03-04,1.6,3.4,0.0,28.8,22.58,18.3,57.25,41.0,3.0,,4.32723130684
1987-03-05,1.6,5.8,0.0,30.5,24.08,18.9,55.0,37.0,0.666667,,3.92845426184
1987-03-06,1.9,8.6,0.0,30.8,23.72,18.3,55.0,36.0,2.0,,5.20480604176
1987-03-07,8.3,5.0,0.0,30.4,24.66,20.2,57.0,41.0,1.666667,,4.25165796078
1987-03-08,7.1,4.0,0.0,29.4,22.74,18.9,73.25,44.0,2.0,,3.66475321322
1987-03-09,4.4,0.1,104.5,23.8,20.1,18.9,93.5,88.0,2.666667,,1.98467446039
1987-03-10,1.0,0.5,4.2,27.6,21.54,18.0,77.75,54.0,1.333333,,2.4951626587
1987-03-11,2.1,2.1,17.3,27.3,20.86,17.3,82.5,54.0,1.666667,,2.78831595764
1987-03-12,2.6,0.1,39.7,23.6,20.24,17.7,87.25,79.0,0.666667,,2.06691329701
1987-03-13,1.8,5.8,2.1,27.4,21.34,19.1,73.75,45.0,3.333333,,4.14020279836
1987-03-14,5.0,8.9,0.0,26.9,21.66,18.2,71.5,48.0,4.333333,,4.89775659674
1987-03-15,6.8,8.0,0.0,27.0,21.18,17.3,80.75,59.0,4.0,,4.21421577536
1987-03-16,4.9,,16.4,26.5,20.84,18.1,82.25,58.0,4.333333,,3.58819328446
1987-03-17,2.8,7.6,0.6,27.9,21.96,17.7,79.0,52.0,5.333333,,4.36217896576
1987-03-18,6.0,4.5,0.0,26.5,21.2,18.1,80.25,64.0,4.666667,,3.57327823105
1987-03-19,2.8,7.1,3.0,26.1,20.44,16.3,81.75,61.0,4.666667,,3.86254221577
1987-03-20,4.4,7.8,0.0,27.6,21.94,17.9,72.75,46.0,4.333333,,4.61848412154
1987-03-21,4.9,3.7,0.0,27.2,21.54,18.3,79.25,63.0,4.333333,,3.47700421039
1987-03-22,4.0,2.3,0.0,25.7,21.24,19.3,77.0,58.0,3.666667,,3.18776067764
1987-03-23,3.6,6.3,0.0,28.5,22.6,18.9,72.25,51.0,4.333333,,4.45095395131
1987-03-24,4.4,4.4,0.0,28.7,22.96,19.9,72.75,51.0,4.666667,,4.1593221524
1987-03-25,4.2,1.8,0.4,25.7,21.12,18.1,83.0,64.0,4.0,,2.77830305734
1987-03-26,3.4,6.5,0.0,27.5,21.82,18.2,71.25,51.0,1.666667,,3.92012551435
1987-03-27,4.2,4.7,7.4,26.9,22.18,18.9,81.5,58.0,2.0,,3.34528717354
1987-03-28,3.1,5.5,0.2,27.9,22.52,18.9,74.0,55.0,3.0,,3.91369558821
1987-03-29,2.8,0.6,8.6,25.3,20.4,18.5,86.25,68.0,3.0,,2.30288797612
1987-03-30,1.7,1.7,2.0,25.3,20.06,18.3,87.25,70.0,2.666667,,2.46302083369
1987-03-31,1.3,2.6,73.0,24.1,20.54,18.0,88.5,79.0,2.0,,2.54049867252
1987-04-01,1.9,2.5,0.0,25.4,20.92,18.5,87.75,74.0,2.666667,,2.60493667674
1987-04-02,1.8,5.1,6.1,25.3,21.16,18.8,87.0,68.0,4.0,,3.15971190141
1987-04-03,2.5,5.1,1.6,25.2,21.1,18.3,84.5,70.0,2.333333,,3.19684815142
1987-04-04,2.8,8.1,0.0,25.9,20.92,18.1,82.75,61.0,3.0,,3.88555503282
1987-04-05,4.8,6.2,0.0,25.8,20.92,17.9,76.5,59.0,1.666667,,3.54508059622
1987-04-06,3.8,5.1,0.2,26.7,21.44,18.3,80.75,56.0,2.0,,3.31608648204
1987-04-07,4.0,4.6,0.0,26.5,22.06,19.2,72.75,58.0,4.0,,3.7863806645
1987-04-08,3.6,10.0,0.0,26.9,21.32,18.3,66.0,47.0,2.666667,,4.74631869894
1987-04-09,6.3,9.8,0.0,26.9,21.0,17.3,65.5,45.0,2.666667,,4.65843070004
1987-04-10,5.6,7.8,0.0,27.5,21.32,17.5,71.0,50.0,3.333333,,4.28973013608
1987-04-11,5.2,0.0,0.0,25.1,21.08,18.1,77.0,62.0,4.0,,2.62400399167
1987-04-12,4.0,8.9,0.0,26.7,21.2,16.9,71.5,49.0,3.666667,,4.39896768755
1987-04-13,6.3,8.6,0.0,26.4,21.24,16.9,73.5,52.0,5.0,,4.37838202761
1987-04-14,6.1,6.2,0.0,26.2,20.88,16.7,75.5,61.0,6.0,,3.94574029065
1987-04-15,3.8,4.8,0.2,25.4,20.68,17.4,81.5,60.0,4.333333,,3.20991081013
1987-04-16,3.9,7.7,0.0,26.5,20.56,17.7,76.75,52.0,4.333333,,4.00899085382
1987-04-17,6.0,2.1,0.6,23.8,20.32,17.8,80.25,64.0,5.333333,,2.83217551291
1987-04-18,3.2,8.5,0.1,26.0,20.76,16.9,69.75,46.0,5.0,,4.4695086378
1987-04-19,5.6,6.1,0.0,25.8,20.32,17.3,79.75,54.0,2.666667,,3.36262600767
1987-04-20,3.9,4.6,0.0,25.1,19.72,15.9,74.5,58.0,3.0,,3.21643150985
1987-04-21,3.6,9.1,0.0,27.3,20.56,15.5,61.0,41.0,3.0,,4.53131678941
1987-04-22,5.4,5.2,0.0,27.1,21.4,18.5,77.75,53.0,3.333333,,3.4284567919
1987-04-23,3.6,6.4,0.0,27.5,21.24,17.3,73.5,50.0,3.0,,3.72022574446
1987-04-24,3.8,7.0,0.0,26.7,21.16,18.1,76.25,55.0,2.333333,,3.61029861049
1987-04-25,3.3,,0.0,29.7,22.4,16.1,69.5,56.0,4.0,,4.41999234605
1987-04-26,2.6,2.1,10.6,25.7,20.56,18.5,88.75,66.0,2.333333,,2.28809683384
1987-04-27,1.3,2.8,5.8,27.0,20.92,18.4,92.75,86.0,2.0,,2.34222542747
1987-04-28,1.1,0.0,22.2,23.4,20.52,19.1,90.75,80.0,2.333333,,1.77216587781
1987-04-29,1.6,0.6,0.5,24.0,20.46,18.1,86.0,75.0,3.666667,,2.10463670767
1987-04-30,2.3,4.8,0.0,24.8,20.92,17.7,81.5,68.0,3.0,,2.94651052899
1987-05-01,2.5,3.3,0.0,25.8,21.52,19.3,87.75,79.0,2.0,,2.51478942244
1987-05-02,1.6,6.0,22.3,27.6,21.14,17.7,80.5,59.0,1.333333,,3.14203352005
1987-05-03,2.3,5.1,0.0,25.4,21.68,18.3,81.25,66.0,1.333333,,2.87025941444
1987-05-04,1.3,5.0,34.9,26.0,20.94,18.7,87.25,66.0,2.333333,,2.81250775269
1987-05-05,2.5,2.6,2.7,24.6,20.54,18.5,87.5,72.0,2.333333,,2.30540418567
1987-05-06,2.6,9.2,0.0,24.7,20.6,19.1,76.75,56.0,3.0,,3.80954727839
1987-05-07,3.8,3.8,0.1,24.4,19.72,18.0,82.0,60.0,2.333333,,2.63153918552
1987-05-08,2.6,9.5,0.0,25.6,19.98,17.5,73.5,51.0,2.0,,3.76905548611
1987-05-09,3.6,8.5,0.1,26.6,19.2,13.8,81.25,57.0,2.333333,,3.3680957366
1987-05-10,2.9,9.0,0.1,25.4,20.48,15.6,78.0,56.0,4.0,,3.649061912
1987-05-11,5.2,3.9,0.0,23.8,18.66,11.9,88.75,75.0,4.333333,,2.22411423708
1987-05-12,3.2,5.5,0.5,24.0,19.36,16.3,83.75,61.0,5.0,,2.85627351863
1987-05-13,2.9,8.5,0.1,24.3,19.26,15.5,84.0,63.0,4.0,,3.20711111575
1987-05-14,4.2,2.6,0.0,23.7,20.18,17.7,90.0,88.0,2.666667,,2.11373321891
1987-05-15,2.0,8.9,1.2,24.2,19.8,16.6,80.0,63.0,2.0,,3.33133491008
1987-05-16,3.6,1.3,0.0,22.9,19.68,17.6,92.5,85.0,3.666667,,1.77487598383
1987-05-17,1.6,7.7,4.5,24.9,20.54,18.2,87.25,72.0,5.333333,,3.05767654785
1987-05-18,3.6,1.1,2.0,21.8,19.26,17.3,91.75,86.0,2.0,,1.73337218456
1987-05-19,0.8,2.9,1.8,23.2,19.1,16.7,84.25,64.0,2.333333,,2.24683932916
1987-05-20,1.9,8.2,0.0,26.5,20.9,17.2,81.75,62.0,0.666667,,3.17923862793
1987-05-21,2.3,9.4,0.1,27.2,21.2,16.4,82.25,65.0,1.0,,3.41065093564
1987-05-22,2.8,8.5,0.0,27.4,21.66,18.0,81.5,68.0,1.666667,,3.37329102733
1987-05-23,3.0,8.2,0.0,25.4,20.4,18.2,78.5,59.0,2.666667,,3.36740330255
1987-05-24,4.0,8.4,0.0,25.2,20.16,17.3,79.25,58.0,3.333333,,3.37488893966
1987-05-25,3.8,8.1,0.0,25.2,19.8,17.6,78.25,59.0,2.0,,3.23005702427
1987-05-26,3.4,1.1,1.3,26.9,20.14,17.4,94.0,84.0,3.666667,,1.73146870236
1987-05-27,1.2,1.8,3.5,21.8,18.64,16.6,85.75,77.0,4.333333,,2.05987535021
1987-05-28,2.9,5.9,0.0,22.6,17.6,14.9,84.5,64.0,3.333333,,2.57247253087
1987-05-29,3.1,9.6,0.0,24.3,18.42,15.4,75.25,53.0,2.333333,,3.37704824752
1987-05-30,3.9,10.6,0.0,27.1,19.24,12.6,69.0,41.0,1.666667,,3.58410076645
1987-05-31,5.6,8.1,0.0,24.3,18.72,14.5,79.5,63.0,2.333333,,3.01801763888
1987-06-01,3.9,7.4,0.0,24.4,18.88,16.7,78.5,65.0,2.0,,2.98678058934
1987-06-02,1.7,6.3,0.1,23.7,17.52,13.3,83.0,61.0,2.333333,,2.59834225674
1987-06-03,4.7,7.0,0.0,23.3,17.9,15.0,78.5,57.0,2.666667,,2.87232205032
1987-06-04,3.7,5.1,0.0,23.4,18.38,15.5,81.5,62.0,3.0,,2.57500698081
1987-06-05,3.4,2.6,0.0,22.9,18.8,15.7,85.5,74.0,2.666667,,2.06525408257
1987-06-06,2.4,5.8,0.0,25.3,20.2,17.1,73.75,66.0,2.333333,,2.95310907096
1987-06-07,4.2,5.8,0.0,24.3,18.48,16.1,79.0,71.0,2.0,,2.68756377161
1987-06-08,3.7,9.2,0.0,25.1,19.86,15.2,75.25,54.0,3.666667,,3.46533232092
1987-06-09,4.3,9.1,0.0,25.3,19.2,16.1,78.25,56.0,4.0,,3.41185111079
1987-06-10,3.7,0.0,0.0,25.5,19.16,16.5,91.75,81.0,4.666667,,1.59429061966
1987-06-11,1.8,2.0,5.4,21.9,18.56,17.3,96.5,95.0,4.0,,1.54829770165
1987-06-12,1.4,3.3,1.1,23.7,18.6,16.5,86.75,70.0,2.333333,,2.13480179519
1987-06-13,2.4,3.8,0.0,24.0,19.42,16.5,84.0,62.0,3.0,,2.3411477687
1987-06-14,3.2,1.9,0.7,22.2,18.68,16.4,95.0,88.0,4.0,,1.5868906418
1987-06-15,2.0,3.5,2.7,22.5,18.52,16.7,87.75,75.0,4.333333,,2.14694974009
1987-06-16,2.4,4.5,0.2,23.5,19.72,16.5,86.25,68.0,4.333333,,2.37808561873
1987-06-17,2.8,1.0,1.6,23.1,18.52,16.5,94.0,85.0,3.333333,,1.54930445589
1987-06-18,0.7,0.6,3.6,21.5,17.96,15.9,95.25,90.0,4.0,,1.37868537345
1987-06-19,1.4,5.9,1.4,23.7,17.44,15.1,87.75,60.0,2.666667,,2.42435737374
1987-06-20,3.0,7.2,0.0,23.9,17.2,14.3,85.0,59.0,2.0,,2.64195029993
1987-06-21,3.4,9.5,0.0,25.2,18.38,13.7,81.5,53.0,2.333333,,3.09988128558
1987-06-22,4.2,2.8,0.0,23.5,19.0,15.4,84.0,64.0,3.0,,2.15000274595
1987-06-23,2.5,4.5,0.0,24.4,19.38,17.5,83.75,62.0,2.666667,,2.45861106527
1987-06-24,2.1,7.3,0.0,23.6,19.12,15.7,81.5,68.0,3.0,,2.83449993367
1987-06-25,3.6,6.5,0.0,23.6,18.5,15.6,82.0,62.0,4.333333,,2.79529601626
1987-06-26,2.8,0.0,0.5,19.0,16.9,15.8,93.25,90.0,4.0,,1.34091140132
1987-06-27,1.2,1.9,0.1,20.1,17.28,14.3,79.0,75.0,3.666667,,2.14009196459
1987-06-28,3.5,3.0,0.0,20.6,16.54,14.0,81.5,57.0,4.333333,,2.22304573482
1987-06-29,2.8,3.9,0.0,20.8,16.44,13.0,89.25,78.0,3.333333,,1.94907247148
1987-06-30,1.7,1.3,0.8,20.7,17.38,15.4,95.0,92.0,3.333333,,1.47258937793
1987-07-01,1.0,5.6,5.2,22.7,18.06,15.0,83.75,61.0,4.0,,2.53175259795
1987-07-02,3.1,0.0,1.6,20.7,17.56,15.7,96.0,91.0,4.666667,,1.23638843593
1987-07-03,0.2,1.2,10.4,21.1,17.4,15.9,91.25,90.0,4.0,,1.63414600574
1987-07-04,0.6,1.7,2.5,21.5,17.76,15.7,88.5,79.0,3.666667,,1.81986204655
1987-07-05,2.2,8.8,0.2,22.9,17.24,14.3,77.0,55.0,3.0,,3.09873582259
1987-07-06,3.9,,0.8,21.9,17.08,15.1,89.25,69.0,4.0,,2.05362959107
1987-07-07,2.0,5.6,0.5,22.1,17.36,15.1,86.75,66.0,3.666667,,2.38974398589
1987-07-08,3.6,1.5,0.0,21.7,17.28,13.9,88.5,75.0,2.333333,,1.72990367703
1987-07-09,1.8,4.9,0.3,23.4,18.06,15.5,80.5,59.0,2.666667,,2.54665697396
1987-07-10,3.3,9.8,0.0,23.6,17.76,15.1,74.25,53.0,2.666667,,3.36861112588
1987-07-11,3.3,6.9,0.0,24.2,18.72,15.0,79.25,57.0,4.0,,3.00461308457
1987-07-12,3.9,6.8,2.2,23.8,18.58,16.7,78.0,57.0,2.666667,,2.95372108312
1987-07-13,5.0,3.2,0.1,23.7,18.84,16.7,84.25,64.0,2.0,,2.20905876202
1987-07-14,2.4,,0.0,24.1,18.56,15.9,77.75,55.0,2.333333,,2.63274359305
1987-07-15,3.8,7.5,0.0,24.7,18.6,15.7,74.5,48.0,2.666667,,3.18267999545
1987-07-16,5.4,8.6,0.3,24.8,18.5,16.1,70.75,46.0,2.333333,,3.40244451781
1987-07-17,5.1,8.8,0.0,24.7,18.64,15.3,68.5,46.0,3.0,,3.59340041607
1987-07-18,4.8,8.2,0.0,24.3,17.64,13.5,71.0,41.0,2.666667,,3.29185705193
1987-07-19,5.6,8.3,0.0,23.9,17.72,13.1,74.5,48.0,4.333333,,3.37129418507
1987-07-20,5.3,8.7,3.3,23.1,17.28,14.4,75.25,48.0,2.666667,,3.21610276213
1987-07-21,5.2,6.6,0.3,23.3,17.92,15.3,80.0,50.0,3.666667,,2.93112735169
1987-07-22,4.2,6.2,0.0,25.3,18.8,15.7,82.25,64.0,2.0,,2.80380874444
1987-07-23,5.2,3.4,0.0,22.7,17.08,13.6,83.0,62.0,4.666667,,2.38261839143
1987-07-24,3.4,5.9,1.2,22.4,16.72,13.6,80.5,56.0,4.333333,,2.7738960643
1987-07-25,4.3,5.7,0.0,22.8,17.24,14.6,77.0,57.0,2.666667,,2.79980436193
1987-07-26,4.1,8.6,0.0,24.2,18.1,15.0,74.75,56.0,2.333333,,3.32122803896
1987-07-27,5.0,6.1,0.2,24.1,17.56,15.1,75.75,48.0,2.333333,,2.9465242387
1987-07-28,4.2,8.0,0.0,25.1,18.4,14.7,67.0,45.0,2.666667,,3.56639753376
1987-07-29,5.6,6.9,0.0,24.9,18.76,15.7,69.75,49.0,2.666667,,3.36923245403
1987-07-30,3.9,7.2,0.0,25.5,18.36,13.9,74.5,49.0,1.666667,,3.09707878656
1987-07-31,3.6,7.9,0.0,29.5,22.68,14.1,49.75,34.0,1.666667,,3.86602095928
1987-08-01,5.4,3.4,0.2,23.7,18.88,16.9,84.25,57.0,4.0,,2.48988396927
1987-08-02,3.6,1.1,0.0,22.9,17.6,14.7,94.25,86.0,4.0,,1.61550690327
1987-08-03,2.2,0.0,0.7,20.6,17.12,14.0,88.5,75.0,3.333333,,1.63656266657
1987-08-04,2.2,6.1,0.5,23.4,18.44,15.3,80.25,66.0,4.666667,,3.04173541399
1987-08-05,5.1,3.5,0.0,22.6,18.18,14.3,73.75,62.0,3.666667,,2.82073050804
1987-08-06,5.3,7.4,0.0,26.2,18.94,13.7,66.25,45.0,0.666667,,3.08113904523
1987-08-07,4.0,10.3,0.0,29.7,20.24,12.6,58.25,36.0,0.666667,,3.73065718605
1987-08-08,6.9,10.4,0.0,29.7,21.74,13.4,47.75,39.0,1.333333,,4.16385293799
1987-08-09,6.9,8.2,0.0,28.6,20.2,14.5,59.25,39.0,1.666667,,3.83080081648
1987-08-10,7.0,8.5,0.0,26.9,19.72,16.7,63.25,39.0,2.333333,,4.00444642314
1987-08-11,6.6,,0.0,25.9,19.08,14.5,63.5,41.0,2.0,,3.49303596749
1987-08-12,7.7,8.9,0.0,25.5,18.72,15.7,62.25,41.0,3.0,,4.16323011852
1987-08-13,8.0,,0.0,23.5,18.6,14.1,74.0,59.0,2.333333,,3.01739858913
1987-08-14,4.8,,2.0,26.1,19.48,15.9,76.25,51.0,3.666667,,3.42047922414
1987-08-15,5.5,,0.1,26.2,18.66,14.1,58.25,40.0,3.333333,,4.17197324064
1987-08-16,7.8,9.5,0.0,25.3,18.56,13.7,59.5,41.0,2.666667,,4.19174482875
1987-08-17,6.8,9.5,0.0,27.8,19.82,12.7,57.75,38.0,1.666667,,4.0603226933
1987-08-18,5.2,7.9,0.0,28.7,21.12,16.6,61.75,38.0,2.0,,4.0616948133
1987-08-19,6.5,8.9,0.0,26.2,19.6,15.4,65.25,44.0,3.666667,,4.34937444808
1987-08-20,7.3,10.1,0.0,26.2,19.26,14.7,56.75,42.0,3.0,,4.63129071173
1987-08-21,6.8,9.9,0.0,26.8,19.58,14.7,55.5,35.0,2.333333,,4.47154804211
1987-08-22,7.7,8.8,0.0,27.2,19.66,15.6,58.5,36.0,2.666667,,4.42421558742
1987-08-23,7.5,6.9,0.1,24.8,18.98,15.1,78.25,56.0,5.333333,,3.56678833984
1987-08-24,6.1,8.9,0.0,25.7,18.24,13.5,62.0,41.0,4.0,,4.489996196
1987-08-25,7.8,1.7,0.0,20.9,15.96,12.7,82.0,63.0,3.0,,2.20344341876
1987-08-26,5.0,9.2,0.0,26.1,18.44,13.9,53.25,39.0,2.333333,,4.4018600071
1987-08-27,6.9,6.5,0.0,26.3,18.96,14.1,67.5,44.0,3.0,,3.8038050037
1987-08-28,6.2,8.5,0.0,26.7,19.16,14.9,61.25,39.0,2.333333,,4.21541858186
1987-08-29,6.4,4.3,0.0,23.9,18.4,14.1,82.25,60.0,3.666667,,2.84162361726
1987-08-30,4.5,6.6,1.0,24.1,17.88,14.3,75.75,56.0,3.333333,,3.46909362628
1987-08-31,5.1,1.4,0.0,21.0,17.28,13.6,89.75,88.0,2.666667,,1.95571310379
1987-09-01,1.6,8.0,7.2,24.3,18.38,14.0,69.75,38.0,5.0,,4.15609564244
1987-09-02,7.5,7.3,0.0,24.9,18.3,15.0,68.5,45.0,3.0,,3.90571370473
1987-09-03,7.0,10.2,0.0,26.6,19.3,13.7,68.25,37.0,3.0,,4.48122628397
1987-09-04,5.6,9.1,0.0,27.9,20.12,15.0,59.75,36.0,2.666667,,4.65117125866
1987-09-05,7.5,9.4,0.0,27.1,19.7,14.6,58.5,40.0,2.0,,4.45066618214
1987-09-06,7.8,8.1,0.0,29.3,20.88,15.7,54.75,33.0,1.666667,,4.36473678443
1987-09-07,6.3,8.8,0.0,29.1,19.64,14.7,71.0,43.0,2.0,,4.27192996771
1987-09-08,8.4,9.7,0.0,25.5,18.12,14.1,82.25,61.0,4.333333,,3.94265372617
1987-09-09,5.8,,0.2,24.7,18.16,15.1,90.0,69.0,5.0,,2.89763755908
1987-09-10,5.9,1.7,0.2,23.1,17.72,15.7,96.75,96.0,5.333333,,1.77685210279
1987-09-11,3.8,7.5,1.4,23.7,18.2,14.9,89.0,67.0,4.0,,3.2246007824
1987-09-12,6.0,0.0,0.0,25.9,19.72,16.3,84.75,60.0,4.666667,,2.30953024462
1987-09-13,5.6,4.1,0.2,24.9,19.64,15.9,90.0,71.0,4.666667,,2.68590083502
1987-09-14,5.5,8.1,3.7,25.5,19.32,15.7,74.5,44.0,3.666667,,4.12148405144
1987-09-15,9.5,10.0,0.0,26.2,19.18,13.7,58.5,38.0,5.0,,5.35533710337
1987-09-16,10.2,10.1,0.0,27.1,19.92,14.9,58.5,38.0,2.333333,,4.84225473783
1987-09-17,7.5,7.8,0.0,27.2,20.26,15.9,53.5,36.0,2.666667,,4.74157609975
1987-09-18,7.1,8.1,0.0,27.4,20.5,16.0,67.0,43.0,2.333333,,4.35994600205
1987-09-19,6.9,6.4,0.0,27.6,20.7,17.2,67.75,47.0,2.0,,3.99810767693
1987-09-20,5.8,8.3,0.0,28.4,21.84,16.6,62.25,43.0,3.666667,,5.00758685936
1987-09-21,8.5,4.9,0.0,26.7,20.4,16.1,77.75,51.0,4.0,,3.59832088081
1987-09-22,6.2,5.9,0.0,28.7,20.84,15.7,62.75,42.0,2.333333,,4.16372687787
1987-09-23,5.9,7.3,0.0,28.9,21.0,16.9,66.0,41.0,2.0,,4.33445266504
1987-09-24,6.4,3.6,0.0,25.7,20.88,15.5,65.5,54.0,2.666667,,3.55550068464
1987-09-25,4.0,0.1,2.8,22.5,19.32,17.9,91.75,75.0,3.0,,1.93336613498
1987-09-26,1.0,0.2,3.3,21.9,18.56,17.5,90.0,79.0,3.666667,,2.00181438407
1987-09-27,3.2,3.0,1.0,25.3,20.0,16.9,81.75,61.0,3.666667,,3.01712477586
1987-09-28,5.1,7.8,0.0,26.7,20.28,15.7,60.5,41.0,3.0,,4.69040630178
1987-09-29,6.8,9.0,0.0,27.6,20.96,16.2,65.5,43.0,3.666667,,4.99324277963
1987-09-30,7.6,7.5,0.0,26.9,20.72,16.6,65.75,44.0,3.333333,,4.60252190953
1987-10-01,7.5,9.0,0.0,27.6,20.76,16.6,54.75,36.0,3.0,,5.24197123983
1987-10-02,7.9,2.5,0.0,26.7,20.28,16.4,69.25,50.0,2.0,,3.18359649148
1987-10-03,4.2,8.0,0.0,25.2,20.68,16.8,69.25,59.0,4.666667,,4.65308487389
1987-10-04,5.4,2.8,0.6,24.5,18.76,15.9,73.75,51.0,3.666667,,3.29264188219
1987-10-05,4.9,9.4,1.6,26.7,19.48,15.1,60.25,39.0,3.0,,5.02022466256
1987-10-06,7.6,7.7,0.0,28.0,20.74,15.9,58.25,41.0,3.0,,4.9255144807
1987-10-07,4.4,8.5,0.0,30.5,22.48,15.7,54.5,39.0,2.0,,5.02224133106
1987-10-08,6.5,4.2,0.0,30.3,22.4,15.5,73.5,56.0,1.666667,,3.56102736301
1987-10-09,3.4,5.1,2.8,30.2,22.02,17.3,66.25,41.0,1.666667,,3.97178340488
1987-10-10,7.6,3.2,0.0,27.7,22.36,18.1,65.25,52.0,2.333333,,3.67848164454
1987-10-11,4.4,10.0,0.0,31.7,23.78,18.4,52.5,34.0,2.0,,5.61356344402
1987-10-12,9.9,7.7,0.0,31.2,22.7,18.1,56.25,36.0,2.333333,,5.13812901682
1987-10-13,10.3,9.2,0.0,29.2,21.64,16.4,51.5,31.0,2.0,,5.18533374688
1987-10-14,9.0,10.7,0.0,28.6,22.04,16.0,61.75,39.0,3.666667,,5.6608666937
1987-10-15,9.2,9.2,0.0,27.7,21.36,15.6,63.0,43.0,5.0,,5.48972403454
1987-10-16,10.0,7.2,0.0,27.6,20.92,16.0,67.75,45.0,4.666667,,4.83039229205
1987-10-17,8.1,10.7,0.0,30.6,22.52,14.6,50.75,32.0,2.0,,5.57601230306
1987-10-18,8.3,1.1,0.0,30.3,22.86,15.7,56.25,41.0,2.666667,,3.79506589964
1987-10-19,8.2,9.3,0.0,30.8,22.96,16.7,53.0,37.0,2.0,,5.3571684289
1987-10-20,6.9,9.3,0.0,33.5,24.12,16.1,48.5,34.0,2.333333,,5.85238014689
1987-10-21,7.4,8.0,0.0,29.3,21.84,16.5,55.5,37.0,2.666667,,5.17539678514
1987-10-22,10.7,3.2,0.0,27.5,20.48,16.7,65.25,51.0,3.0,,3.85773205326
1987-10-23,6.2,8.1,0.0,29.7,21.6,15.1,53.0,33.0,2.333333,,5.11771918208
1987-10-24,7.0,9.6,0.0,28.9,21.76,17.3,54.75,38.0,2.666667,,5.53116166606
1987-10-25,8.1,9.2,0.0,28.9,21.92,15.9,54.5,33.0,3.333333,,5.63375352604
1987-10-26,9.4,10.3,0.0,30.0,21.94,14.0,46.5,32.0,3.0,,6.01910115703
1987-10-27,10.1,9.9,0.0,30.2,22.42,17.4,50.25,32.0,3.666667,,6.27150544989
1987-10-28,10.7,11.3,0.0,29.2,21.46,14.4,49.0,33.0,3.666667,,6.31970637397
1987-10-29,9.4,10.9,0.0,31.0,22.66,14.3,45.75,29.0,2.333333,,5.95815868089
1987-10-30,9.6,8.6,0.0,33.2,25.04,15.6,47.5,29.0,4.0,,6.58247611203
1987-10-31,8.2,0.8,0.0,29.1,22.64,20.3,83.75,60.0,2.666667,,2.75572312301
1987-11-01,2.2,3.7,5.1,23.5,21.78,19.3,83.25,82.0,4.0,,3.22902580506
1987-11-02,2.5,0.2,20.4,24.9,20.52,18.7,87.5,70.0,4.0,,2.35192194622
1987-11-03,2.4,2.4,0.2,23.7,19.72,16.9,84.25,68.0,4.333333,,2.85799417926
1987-11-04,3.2,5.9,0.0,29.1,21.8,15.7,59.5,42.0,3.0,,4.72591805513
1987-11-05,4.2,7.2,0.0,30.6,23.14,17.7,64.0,39.0,3.666667,,5.21804426894
1987-11-06,6.3,10.1,0.0,31.7,23.96,17.9,46.0,32.0,2.333333,,6.02307080126
1987-11-07,5.2,8.6,0.0,32.1,24.64,17.9,52.75,39.0,3.0,,5.88687283826
1987-11-08,5.6,6.8,0.0,31.5,24.24,18.3,49.75,33.0,2.0,,5.06191524461
1987-11-09,2.9,5.3,0.0,30.6,24.16,17.6,54.25,40.0,1.333333,,4.21504383154
1987-11-10,5.7,6.9,0.0,30.3,23.28,17.7,62.0,39.0,2.0,,4.70487050462
1987-11-11,6.5,3.7,0.0,26.2,21.32,18.3,67.5,57.0,3.666667,,4.03797156463
1987-11-12,6.5,8.6,0.0,27.8,20.94,15.3,64.5,38.0,4.0,,5.17945951887
1987-11-13,8.6,8.6,0.0,28.8,21.92,15.3,61.75,38.0,4.333333,,5.48284540483
1987-11-14,8.2,10.2,0.0,29.5,22.1,15.8,64.5,41.0,3.0,,5.4807931523
1987-11-15,9.1,7.6,0.0,28.6,22.2,16.5,58.25,44.0,2.666667,,5.00445072782
1987-11-16,7.3,5.9,0.0,29.7,22.48,15.7,59.0,43.0,2.333333,,4.5699575752
1987-11-17,6.6,1.0,0.0,28.3,22.68,17.9,72.25,50.0,3.333333,,3.31073443499
1987-11-18,3.0,0.0,11.4,21.7,19.72,18.1,92.5,84.0,1.333333,,2.03342782722
1987-11-19,2.2,0.7,9.6,25.9,20.0,16.7,85.25,66.0,3.333333,,2.52977274472
1987-11-20,2.3,0.0,60.0,22.9,19.64,16.7,92.0,77.0,3.333333,,2.00039637572
1987-11-21,2.0,3.1,0.6,24.9,20.08,17.1,86.75,67.0,3.333333,,2.93838726192
1987-11-22,3.0,6.7,0.0,27.7,21.64,16.7,68.75,51.0,2.666667,,4.43557674638
1987-11-23,4.6,2.5,0.0,27.0,22.1,17.6,73.5,56.0,3.0,,3.43511345967
1987-11-24,4.4,3.8,0.0,26.2,21.66,18.6,74.0,62.0,3.333333,,3.7346479358
1987-11-25,5.4,8.6,0.0,28.2,22.18,17.6,62.0,42.0,4.666667,,5.60687259704
1987-11-26,8.5,6.7,0.0,27.7,21.64,17.6,66.25,46.0,2.666667,,4.55355227173
1987-11-27,6.0,8.0,0.0,29.9,22.46,17.7,65.25,37.0,2.0,,4.86139864184
1987-11-28,7.0,10.9,0.0,31.7,24.86,18.0,50.75,38.0,2.333333,,6.10677853626
1987-11-29,8.7,7.9,0.0,31.3,24.36,18.9,58.5,37.0,2.333333,,5.26790575835
1987-11-30,8.2,6.4,0.0,26.9,22.04,17.9,75.75,56.0,4.666667,,4.34871364035
1987-12-01,1.5,0.0,0.6,26.7,21.68,18.5,77.5,56.0,4.333333,,2.95799066611
1987-12-02,3.8,3.1,0.0,26.7,21.72,18.1,75.5,62.0,3.666667,,3.58353936612
1987-12-03,4.8,0.2,0.2,24.5,20.68,17.1,77.75,68.0,2.666667,,2.61753142179
1987-12-04,3.0,3.4,1.0,26.1,21.48,17.7,83.75,67.0,4.0,,3.23353462474
1987-12-05,3.6,6.4,4.2,27.7,22.2,18.7,79.75,60.0,3.666667,,4.17285405167
1987-12-06,3.8,5.7,0.0,27.9,21.6,18.7,83.75,62.0,4.333333,,3.86979879478
1987-12-07,4.0,5.3,0.0,26.6,21.7,18.5,74.75,59.0,2.666667,,3.95066854115
1987-12-08,4.5,4.4,0.0,26.8,21.3,17.3,72.0,58.0,2.333333,,3.75093567519
1987-12-09,4.0,5.3,0.0,27.2,21.14,17.6,70.5,53.0,2.333333,,4.02353407599
1987-12-10,4.8,7.7,0.0,27.5,21.62,16.6,67.75,53.0,2.0,,4.52241545011
1987-12-11,6.1,2.3,0.0,25.4,20.36,17.4,73.25,63.0,2.333333,,3.1973819362
1987-12-12,4.3,5.9,0.0,27.4,21.82,17.5,66.5,52.0,2.333333,,4.2734470863
1987-12-13,5.8,4.7,0.0,26.4,20.88,17.6,74.0,61.0,3.0,,3.84757453154
1987-12-14,4.0,5.9,0.0,28.1,21.28,16.1,65.0,49.0,3.333333,,4.56032855855
1987-12-15,6.2,0.1,0.0,23.5,20.36,17.3,72.25,65.0,3.0,,2.82671620724
1987-12-16,3.3,2.3,0.0,27.5,21.04,18.7,81.5,50.0,3.666667,,3.19995026337
1987-12-17,3.2,2.3,3.4,26.7,21.72,18.1,74.25,58.0,4.0,,3.53294728634
1987-12-18,4.4,3.5,0.0,27.3,21.84,17.9,65.5,52.0,2.666667,,3.89434745242
1987-12-19,5.8,,0.0,28.7,21.6,18.9,75.25,46.0,3.0,,4.36534142478
1987-12-20,3.6,0.0,7.4,23.2,20.62,19.5,88.25,84.0,2.666667,,2.22643958699
1987-12-21,1.3,0.7,1.0,24.9,21.56,17.9,77.25,67.0,2.0,,2.67546682033
1987-12-22,2.4,2.8,0.0,29.1,22.88,18.9,78.75,53.0,2.666667,,3.40584433629
1987-12-23,1.8,1.9,3.4,27.3,21.84,18.7,91.25,84.0,2.333333,,2.66682570195
1987-12-24,1.2,1.6,29.6,27.7,21.96,17.9,79.5,55.0,2.666667,,3.01033188435
1987-12-25,2.8,0.0,0.0,25.7,21.72,18.7,78.75,65.0,4.333333,,2.8537011575
1987-12-26,2.4,4.4,5.2,26.0,20.74,17.1,82.5,64.0,2.666667,,3.41722989998
1987-12-27,4.3,7.6,0.0,27.5,21.5,18.4,74.25,58.0,2.333333,,4.48872843145
1987-12-28,5.9,7.1,0.0,27.6,21.76,17.7,70.0,54.0,2.333333,,4.46601751262
1987-12-29,6.6,8.2,0.0,28.1,21.8,17.7,68.0,48.0,2.333333,,4.79553643813
1987-12-30,7.3,7.0,0.0,28.9,22.18,18.1,65.75,42.0,3.0,,4.83413080792
1987-12-31,6.3,6.5,0.0,30.8,23.08,18.7,69.5,41.0,1.333333,,4.3622544241
1988-01-01,4.2,7.8,0.4,30.8,23.06,17.9,68.0,38.0,2.666667,,4.99945312728
1988-01-02,4.6,2.2,0.1,28.0,22.68,19.4,84.0,78.0,2.333333,,3.02037169812
1988-01-03,1.6,0.6,4.5,26.3,21.06,18.7,94.0,87.0,3.333333,,2.198423029
1988-01-04,1.3,5.6,28.0,27.3,21.92,18.2,77.25,56.0,3.666667,,4.07431347895
1988-01-05,5.2,10.1,0.0,27.4,21.82,18.3,69.25,49.0,3.333333,,5.31399348228
1988-01-06,7.3,9.6,0.0,28.4,21.62,16.8,62.5,43.0,4.0,,5.61843633663
1988-01-07,7.3,8.3,0.0,31.3,23.84,18.3,64.25,40.0,1.666667,,4.99770630992
1988-01-08,5.4,5.7,0.0,28.2,22.62,20.3,68.75,53.0,2.333333,,4.3457523559
1988-01-09,6.2,7.5,0.0,28.3,22.3,18.4,75.0,50.0,3.0,,4.58887265482
1988-01-10,6.6,4.0,0.0,27.7,22.4,18.1,68.0,57.0,2.333333,,3.87263137076
1988-01-11,4.3,0.0,10.0,23.1,20.16,18.9,93.25,66.0,3.666667,,2.00718162287
1988-01-12,5.0,1.4,18.5,24.9,20.24,17.3,86.5,68.0,3.333333,,2.61349893206
1988-01-13,3.8,4.8,0.0,26.5,21.0,17.7,80.25,55.0,4.666667,,3.76509756294
1988-01-14,1.8,7.0,0.3,27.1,21.28,17.9,81.0,57.0,5.0,,4.2252142887
1988-01-15,3.6,6.7,0.8,27.9,21.64,18.1,83.0,58.0,4.0,,4.1031208315
1988-01-16,3.1,6.1,2.1,27.4,21.7,18.3,81.0,63.0,4.0,,4.04709483095
1988-01-17,4.0,7.7,0.4,27.4,21.6,17.8,74.0,56.0,4.0,,4.68606279237
1988-01-18,6.0,,0.0,28.7,22.08,17.3,66.0,44.0,3.333333,,4.92636319505
1988-01-19,7.2,6.1,0.0,29.1,22.48,18.7,75.25,50.0,2.666667,,4.29789549067
1988-01-20,5.7,6.5,0.0,27.9,22.08,18.7,70.5,52.0,3.0,,4.52211102602
1988-01-21,6.6,7.8,0.0,28.7,22.2,18.3,61.5,44.0,2.666667,,5.0642764088
1988-01-22,6.9,7.7,0.0,27.0,21.32,16.6,68.25,54.0,1.666667,,4.43377915653
1988-01-23,6.1,9.3,0.0,28.5,21.78,17.6,65.25,45.0,2.666667,,5.22645228194
1988-01-24,7.2,6.7,0.0,28.2,21.8,17.6,66.0,49.0,2.333333,,4.53904672426
1988-01-25,6.1,6.5,0.1,28.2,22.04,18.0,68.25,43.0,3.666667,,4.72739659392
1988-01-26,5.9,5.6,0.0,27.0,20.96,17.0,78.0,48.0,3.666667,,3.97665367887
1988-01-27,4.1,8.8,4.3,27.7,21.78,17.3,67.5,46.0,2.666667,,4.97362507383
1988-01-28,6.1,7.7,0.0,29.4,22.54,17.5,65.0,49.0,1.0,,4.49047359606
1988-01-29,5.3,2.6,0.0,28.0,22.92,19.7,69.25,52.0,1.333333,,3.31301133229
1988-01-30,5.2,7.0,0.0,29.2,22.88,19.7,67.5,50.0,2.666667,,4.80584821207
1988-01-31,6.1,11.5,0.0,30.3,22.8,16.9,60.75,41.0,2.333333,,5.86431985122
1988-02-01,8.2,8.0,0.0,30.5,23.4,18.7,62.75,41.0,3.333333,,5.42562221816
1988-02-02,7.8,10.1,0.0,32.1,24.16,17.3,53.5,37.0,3.0,,6.19187927042
1988-02-03,8.9,5.8,0.0,29.7,22.64,18.7,61.25,45.0,3.0,,4.83906771728
1988-02-04,6.6,9.5,0.0,30.6,23.3,18.1,55.25,38.0,4.666667,,6.45571012884
1988-02-05,6.8,8.0,0.0,30.7,23.72,18.1,55.75,38.0,3.666667,,5.80970584202
1988-02-06,7.3,6.5,0.0,29.3,23.2,19.5,72.25,46.0,4.0,,4.75277052014
1988-02-07,8.2,7.0,0.0,30.1,23.08,18.7,63.0,45.0,3.0,,5.06331757517
1988-02-08,7.0,10.4,0.0,31.7,23.0,16.3,48.0,33.0,2.0,,5.84115449981
1988-02-09,8.9,10.5,0.0,30.7,22.92,16.3,57.0,38.0,3.333333,,6.06686879656
1988-02-10,10.0,10.6,0.0,30.9,23.56,17.9,57.25,46.0,2.333333,,5.83780151213
1988-02-11,7.7,5.4,0.0,28.9,22.0,18.3,71.25,51.0,2.0,,4.09164431108
1988-02-12,5.0,1.4,0.0,24.9,20.24,17.3,86.5,68.0,3.333333,,2.59865885495
1988-02-13,8.2,7.6,0.0,29.7,22.76,18.1,53.75,38.0,2.333333,,5.16948568549
1988-02-14,7.9,10.0,0.0,30.1,22.48,16.7,52.25,37.0,2.0,,5.53924442639
1988-02-15,8.2,7.7,0.0,30.5,23.08,16.7,61.0,44.0,3.333333,,5.31931786766
1988-02-16,6.6,8.4,0.0,31.1,23.84,18.9,62.0,50.0,2.666667,,5.38096648319
1988-02-17,7.9,9.7,0.0,32.3,24.24,18.3,55.25,38.0,2.0,,5.66819980376
1988-02-18,10.2,10.3,0.0,32.9,24.64,18.7,54.25,35.0,3.0,,6.32458996719
1988-02-19,9.5,6.5,0.0,29.5,23.08,19.5,67.5,55.0,4.333333,,5.04460296374
1988-02-20,7.8,8.9,0.0,33.1,23.7,17.8,76.75,46.0,4.0,,5.28867750808
1988-02-21,4.8,6.8,0.0,29.1,22.88,17.9,79.0,59.0,4.0,,4.36270513613
1988-02-22,6.9,5.6,0.0,30.1,23.08,18.1,66.25,42.0,3.333333,,4.66048729164
1988-02-23,8.2,4.9,0.0,30.5,22.96,17.9,69.0,39.0,4.0,,4.55975549248
1988-02-24,6.4,2.8,5.0,28.1,20.6,17.9,82.25,50.0,3.0,,3.19116044424
1988-02-25,1.5,1.5,7.4,28.9,21.16,17.7,79.75,45.0,3.333333,,3.07152125227
1988-02-26,4.4,5.7,0.0,28.9,21.76,17.9,79.0,48.0,4.333333,,4.11964476483
1988-02-27,4.4,7.2,0.0,27.3,21.52,17.7,70.0,50.0,4.0,,4.6968373828
1988-02-28,6.1,7.7,0.0,29.4,22.54,17.5,65.0,49.0,1.0,,4.40626273264
1988-02-29,4.6,7.6,0.0,30.3,22.24,17.7,71.75,49.0,2.333333,,4.66077522716
1988-03-01,6.1,6.2,0.2,29.9,22.96,18.3,72.0,45.0,3.333333,,4.50799104824
1988-03-02,5.0,5.8,0.0,30.5,22.32,18.1,73.75,50.0,3.0,,4.32170525171
1988-03-03,5.8,7.9,0.0,31.7,24.2,18.7,69.0,49.0,3.0,,5.08907302312
1988-03-04,5.8,3.3,0.0,29.7,22.36,18.5,83.5,61.0,3.666667,,3.36367814802
1988-03-05,3.1,6.0,1.2,28.9,22.96,17.9,78.5,67.0,3.666667,,4.11359853111
1988-03-06,2.8,6.9,12.6,30.3,22.46,17.8,83.0,56.0,2.0,,4.137478183
1988-03-07,2.8,10.8,0.0,32.1,24.48,17.1,59.25,38.0,1.333333,,5.40359868628
1988-03-08,6.7,9.7,0.0,31.9,25.1,18.5,56.25,37.0,1.333333,,5.20367408742
1988-03-09,5.5,0.0,0.4,26.0,21.78,19.4,86.75,58.0,1.666667,,2.20992391357
1988-03-10,2.0,3.6,0.0,29.4,22.78,19.3,75.0,48.0,1.666667,,3.45293688762
1988-03-11,3.0,0.0,35.5,22.3,19.82,19.0,94.25,82.0,2.0,,1.91715103009
1988-03-12,0.6,0.4,13.9,25.3,21.08,17.7,83.0,68.0,1.333333,,2.28691644309
1988-03-13,2.4,2.8,0.0,25.0,21.42,19.3,90.0,86.0,1.333333,,2.75046502242
1988-03-14,1.2,1.2,23.4,25.2,20.38,18.0,90.25,73.0,1.333333,,2.33276135417
1988-03-15,1.2,2.1,41.2,26.8,21.2,18.0,88.0,72.0,1.333333,,2.62925603121
1988-03-16,1.9,5.8,2.1,26.4,21.76,19.3,82.0,67.0,3.666667,,3.74027105607
1988-03-17,3.4,10.4,6.8,26.6,21.56,18.5,76.25,60.0,2.666667,,4.81257168128
1988-03-18,4.5,7.3,0.1,28.6,22.06,18.8,73.75,45.0,1.666667,,4.2177203693
1988-03-19,3.2,6.1,0.0,29.2,22.62,17.7,75.75,53.0,1.333333,,3.8358614926
1988-03-20,3.6,9.3,0.0,29.1,22.72,19.4,79.75,55.0,4.666667,,4.7779361876
1988-03-21,3.5,2.0,0.0,25.9,20.96,18.5,86.0,62.0,4.666667,,2.73173423627
1988-03-22,3.2,2.3,0.1,25.1,20.32,18.3,86.25,61.0,4.0,,2.70635333203
1988-03-23,4.0,7.2,0.0,25.9,21.0,17.1,79.5,62.0,4.333333,,3.96449935047
1988-03-24,2.2,7.1,2.8,27.1,21.56,18.5,86.0,57.0,4.666667,,3.76084806172
1988-03-25,5.0,8.6,0.0,27.9,22.6,18.7,76.5,47.0,4.0,,4.56499132463
1988-03-26,6.9,6.9,3.0,26.5,21.2,17.1,78.0,52.0,4.0,,3.97434280575
1988-03-27,3.0,2.8,0.0,25.9,20.72,18.1,85.0,62.0,4.666667,,2.88787076483
1988-03-28,5.7,3.5,3.5,25.5,20.6,17.7,83.25,62.0,4.333333,,3.05477908872
1988-03-29,2.1,9.2,4.6,27.1,21.68,18.3,70.5,44.0,2.333333,,4.55450212307
1988-03-30,4.0,7.4,0.4,27.3,21.56,17.9,74.0,51.0,3.0,,4.17932820268
1988-03-31,4.3,6.9,0.0,27.7,22.12,17.7,71.75,48.0,4.333333,,4.38194454507
1988-04-01,5.0,10.2,2.4,27.5,21.52,17.9,67.5,45.0,2.0,,4.72253171619
1988-04-02,4.6,10.1,0.0,28.1,21.8,17.7,64.25,44.0,2.0,,4.78249990321
1988-04-03,3.8,10.1,0.0,28.5,21.72,18.1,64.75,44.0,2.333333,,4.89450732138
1988-04-04,6.0,8.8,0.0,27.8,21.96,17.8,73.0,46.0,2.666667,,4.40809226577
1988-04-05,5.1,9.8,0.0,28.1,21.28,16.7,67.25,49.0,1.333333,,4.41958600462
1988-04-06,5.2,5.6,0.0,27.4,22.68,19.4,75.5,59.0,3.666667,,3.85922628417
1988-04-07,5.8,7.2,0.0,27.0,21.32,18.1,84.25,60.0,3.666667,,3.68820832577
1988-04-08,4.4,6.0,0.1,27.2,21.36,16.9,76.75,53.0,2.333333,,3.57883236708
1988-04-09,4.0,9.0,0.0,28.0,22.76,18.4,72.75,58.0,3.0,,4.47786106087
1988-04-10,5.3,3.4,0.3,25.7,20.64,17.7,87.25,73.0,4.333333,,2.73592099192
1988-04-11,2.8,2.2,4.5,23.9,20.4,17.7,88.25,81.0,5.0,,2.39848960164
1988-04-12,2.2,5.3,6.3,25.1,21.44,18.9,83.5,70.0,4.333333,,3.2597340188
1988-04-13,2.8,6.9,0.0,27.1,21.88,18.5,72.5,52.0,3.0,,3.9796247867
1988-04-14,2.2,7.8,0.0,30.5,23.84,17.9,65.75,42.0,2.333333,,4.4042669954
1988-04-15,3.1,0.0,0.0,26.5,22.12,19.7,85.0,71.0,3.0,,2.18639358054
1988-04-16,0.6,1.5,29.7,25.4,21.42,18.7,88.5,86.0,2.333333,,2.24875964452
1988-04-17,1.4,4.2,8.5,25.7,21.44,18.9,84.5,68.0,3.0,,2.93922697174
1988-04-18,1.5,1.0,4.4,24.5,20.78,18.6,92.0,80.0,2.666667,,1.99618028065
1988-04-19,1.1,5.8,15.0,25.6,21.14,18.5,84.25,66.0,4.666667,,3.25698301334
1988-04-20,3.2,8.8,0.0,25.8,20.46,17.5,76.75,62.0,2.333333,,3.88484274081
1988-04-21,3.2,6.7,0.2,25.3,21.04,18.5,91.75,83.0,3.0,,3.06676468489
1988-04-22,1.8,3.0,25.6,25.0,20.72,18.6,83.25,68.0,1.333333,,2.53954712747
1988-04-23,2.3,5.7,0.0,26.3,21.2,18.3,81.5,61.0,2.0,,3.18793180947
1988-04-24,3.1,6.0,0.0,26.5,21.36,18.6,83.0,62.0,3.0,,3.27821260445
1988-04-25,3.3,4.0,0.6,25.3,20.84,18.3,88.25,67.0,4.666667,,2.66077080842
1988-04-26,1.8,5.7,1.4,25.1,20.72,17.9,89.5,69.0,5.0,,2.82966283408
1988-04-27,1.8,7.9,6.3,24.7,20.52,17.7,84.0,70.0,4.333333,,3.42167236307
1988-04-28,2.8,2.8,0.0,25.4,20.82,17.9,82.75,66.0,3.666667,,2.66111739455
1988-04-29,3.2,2.5,0.0,24.5,19.92,17.3,84.0,61.0,4.666667,,2.55329037577
1988-04-30,1.6,4.6,0.6,24.5,20.0,17.3,87.0,70.0,5.0,,2.70811833417
1988-05-01,1.8,1.0,1.0,21.0,17.28,15.6,97.0,97.0,4.333333,,1.48546980106
1988-05-02,4.4,,0.4,23.5,19.12,12.6,80.25,69.0,3.333333,,2.98148092325
1988-05-03,3.5,2.8,0.0,23.5,20.14,18.0,92.5,83.0,3.0,,2.13321409557
1988-05-04,1.3,5.0,1.1,24.9,19.78,16.5,82.5,56.0,2.0,,2.78638850431
1988-05-05,3.6,3.2,0.0,24.9,20.14,18.0,82.5,70.0,2.666667,,2.57550369345
1988-05-06,2.6,7.8,0.2,24.7,19.72,17.0,82.75,58.0,3.666667,,3.30573699473
1988-05-07,4.5,1.9,0.3,23.2,19.54,17.3,95.0,95.0,4.333333,,1.77892590739
1988-05-08,1.2,9.2,4.5,24.8,19.22,17.1,77.5,55.0,2.666667,,3.62618909565
1988-05-09,3.0,7.5,0.0,26.8,20.24,17.8,77.5,49.0,2.0,,3.41067182411
1988-05-10,3.3,5.5,0.0,26.2,20.72,18.8,78.5,49.0,2.0,,3.03812799516
1988-05-11,4.2,7.4,0.0,26.2,20.42,16.7,80.25,56.0,2.333333,,3.26505363485
1988-05-12,3.4,7.3,0.0,26.5,20.78,18.0,81.5,61.0,3.0,,3.32120614254
1988-05-13,2.0,0.0,0.0,23.7,20.08,18.5,94.0,88.0,5.0,,1.54357989007
1988-05-14,2.6,5.1,2.2,24.5,20.94,18.8,89.5,74.0,3.666667,,2.58740260278
1988-05-15,2.2,3.8,5.2,23.8,20.16,18.6,95.75,93.0,3.666667,,2.06977664369
1988-05-16,1.0,9.2,1.6,24.5,19.82,17.6,77.5,56.0,2.666667,,3.53023357645
1988-05-17,4.5,6.7,0.0,25.3,19.98,16.6,83.25,63.0,3.0,,2.99313121549
1988-05-18,3.4,9.4,0.0,24.4,19.12,16.6,73.75,55.0,2.666667,,3.58806443309
1988-05-19,3.9,7.9,0.0,24.7,19.16,14.8,79.5,58.0,2.666667,,3.14570933737
1988-05-20,4.5,9.4,0.0,25.1,19.74,17.4,80.25,57.0,3.666667,,3.53129433609
1988-05-21,5.1,6.4,0.0,24.0,19.1,16.9,81.0,66.0,2.666667,,2.90617701886
1988-05-22,3.2,10.2,0.0,24.6,19.2,14.8,76.5,58.0,2.333333,,3.48466394912
1988-05-23,4.5,8.4,0.0,25.5,19.48,16.3,75.75,52.0,3.0,,3.43740279119
1988-05-24,4.4,5.1,0.2,25.3,19.56,17.5,87.0,61.0,3.0,,2.59247965341
1988-05-25,3.0,7.7,0.2,28.7,20.96,15.1,72.5,42.0,2.333333,,3.46633221366
1988-05-26,3.8,7.1,0.0,25.9,19.84,17.3,83.0,56.0,3.333333,,3.06333062176
1988-05-27,3.8,8.1,0.0,25.7,20.16,17.7,77.25,57.0,2.333333,,3.29875510339
1988-05-28,4.0,7.5,0.0,25.9,20.84,17.7,83.0,56.0,4.333333,,3.17510494736
1988-05-29,3.7,0.5,0.0,23.5,20.44,17.7,92.0,87.0,4.333333,,1.64213241495
1988-05-30,1.8,8.8,0.0,28.4,21.36,18.6,73.75,52.0,1.333333,,3.46833389924
1988-05-31,4.0,7.8,0.0,29.6,22.18,15.6,60.75,41.0,1.0,,3.26191731629
1988-06-01,4.5,10.4,0.0,28.9,22.36,17.5,71.0,50.0,3.333333,,4.16124060318
1988-06-02,5.0,0.0,1.4,20.8,18.52,17.4,94.0,85.0,3.0,,1.40887420718
1988-06-03,0.1,0.7,3.9,21.7,18.22,16.1,89.75,78.0,4.0,,1.67671097146
1988-06-04,2.0,5.0,1.8,23.4,19.0,15.8,82.5,69.0,2.666667,,2.50832545129
1988-06-05,2.7,4.9,2.1,24.3,18.72,16.7,83.75,62.0,2.666667,,2.51909385117
1988-06-06,1.4,4.0,0.6,21.9,18.16,15.9,90.5,73.0,3.0,,2.05934092441
1988-06-07,1.6,1.8,2.2,22.9,18.92,16.7,95.5,97.0,5.0,,1.55271684109
1988-06-08,1.5,0.9,5.2,22.6,18.32,16.3,88.75,74.0,3.666667,,1.75611884338
1988-06-09,1.4,1.9,5.2,22.0,18.12,16.7,86.75,78.0,4.666667,,2.00339305556
1988-06-10,2.2,,1.8,22.7,18.6,15.7,90.0,81.0,5.0,,2.07604455708
1988-06-11,1.7,5.0,2.5,23.1,18.32,16.1,88.0,63.0,5.0,,2.33967734681
1988-06-12,3.2,8.3,1.3,23.3,18.72,15.9,78.75,54.0,4.666667,,3.18810727488
1988-06-13,4.6,4.1,0.8,22.7,18.4,15.7,90.75,73.0,4.333333,,2.055939348
1988-06-14,2.3,1.1,2.8,22.5,18.56,16.7,89.5,71.0,2.333333,,1.70707248758
1988-06-15,1.8,6.1,0.0,24.3,18.72,15.9,83.75,57.0,2.0,,2.59044377456
1988-06-16,2.6,6.8,0.0,23.7,19.0,16.1,84.0,57.0,3.666667,,2.73830305441
1988-06-17,3.2,1.9,0.0,21.7,18.08,15.9,90.0,78.0,4.333333,,1.78960359655
1988-06-18,2.3,8.7,0.0,21.6,15.74,12.8,72.5,52.0,3.0,,3.06026878514
1988-06-19,3.8,7.8,0.0,21.9,16.0,12.4,78.75,61.0,1.333333,,2.62427654284
1988-06-20,3.1,9.0,0.0,24.6,17.12,11.4,77.5,47.0,1.333333,,2.90006478101
1988-06-21,2.9,8.5,0.0,26.7,18.44,13.3,77.75,45.0,2.0,,3.09264942742
1988-06-22,3.6,8.5,0.0,24.2,17.28,11.8,80.75,51.0,2.666667,,2.88096691007
1988-06-23,4.8,9.5,0.0,24.3,18.24,14.3,75.25,52.0,3.0,,3.29857030848
1988-06-24,3.6,0.0,0.0,25.2,19.24,16.4,73.75,51.0,2.666667,,2.18420691943
1988-06-25,5.4,4.9,0.0,24.1,18.84,16.7,86.25,63.0,3.0,,2.41383473263
1988-06-26,3.1,6.4,0.0,24.7,18.44,16.1,84.75,58.0,2.666667,,2.66590403268
1988-06-27,3.6,9.2,0.0,23.6,18.2,14.4,69.5,54.0,5.333333,,3.77192046559
1988-06-28,5.4,2.9,0.0,20.7,17.18,14.6,85.0,72.0,5.0,,2.10235150663
1988-06-29,2.5,2.2,0.3,20.8,16.96,14.3,91.5,79.0,3.0,,1.69913901668
1988-06-30,1.4,1.6,0.0,20.4,17.44,16.0,94.25,92.0,4.0,,1.52859772313
1988-07-01,,7.6,3.9,23.4,18.12,14.5,82.0,,,,2.92503191674
1988-07-02,,0.6,5.0,19.8,16.28,15.0,95.75,,,,2.05991324778
1988-07-03,,0.0,4.3,18.4,15.76,13.7,95.0,,,,1.96266676144
1988-07-04,,8.8,2.8,22.2,17.62,14.0,82.0,,,,2.75320817596
1988-07-05,,1.0,2.1,19.0,16.62,14.4,91.5,,,,1.9846284478
1988-07-06,,6.0,2.4,22.6,17.7,14.9,84.0,,,,2.72459320792
1988-07-07,,7.4,0.1,23.2,17.54,14.6,83.25,,,,2.89611287757
1988-07-08,,,0.0,23.4,17.5,13.9,75.25,,,,3.02854236465
1988-07-09,,7.1,0.0,22.2,17.42,12.8,82.5,,,,2.92300259434
1988-07-10,,6.5,0.0,23.0,17.54,14.9,84.0,,,,2.8304014605
1988-07-11,,4.7,0.6,23.3,18.22,15.5,83.75,,,,2.81732286701
1988-07-12,,3.4,0.0,23.7,18.28,15.3,84.0,,,,2.93787149302
1988-07-13,,7.8,0.3,23.7,18.48,15.9,75.75,,,,2.86019933668
1988-07-14,,0.0,0.0,20.9,15.92,13.9,74.5,,,,2.5425393505
1988-07-15,,10.1,0.0,21.3,15.64,11.1,67.75,,,,2.97171354903
1988-07-16,,2.6,0.2,18.8,14.78,11.9,83.25,,,,2.38904384707
1988-07-17,,5.2,0.0,21.1,14.72,11.5,65.25,,,,2.90622567648
1988-07-18,,4.8,0.4,21.3,16.44,11.7,73.25,,,,2.93107265717
1988-07-19,,,0.0,20.1,16.44,13.1,88.25,,,,2.51706841444
1988-07-20,,2.4,0.4,21.3,17.0,14.9,92.5,,,,2.5188069123
1988-07-21,,3.7,6.8,21.7,16.48,14.7,91.5,,,,2.6492074744
1988-07-22,,2.1,3.1,20.3,14.96,12.9,90.0,,,,2.61049475632
1988-07-23,,8.4,0.0,23.1,16.28,12.1,78.5,,,,3.28519520628
1988-07-24,,6.1,0.0,23.1,16.64,13.7,77.25,,,,3.11512165981
1988-07-25,,7.8,0.0,24.6,17.48,12.2,70.0,,,,3.58913377708
1988-07-26,,6.1,0.0,23.6,17.42,14.0,83.0,,,,3.20317238343
1988-07-27,,7.1,1.6,20.9,15.74,13.7,82.25,,,,2.66903875901
1988-07-28,,10.3,0.0,21.9,15.62,10.0,71.25,,,,3.31032071449
1988-07-29,,8.4,0.0,20.3,15.0,11.7,78.5,,,,2.82782340219
1988-07-30,,0.7,1.0,16.8,14.5,12.7,91.25,91.0,,,1.8867480943
1988-07-31,,5.1,1.3,19.9,14.78,12.2,88.75,71.0,,,2.69823403136
1988-08-01,2.5,3.5,0.1,18.9,14.2,11.5,88.5,78.0,5.333333,,1.95492432243
1988-08-02,2.8,5.1,0.6,20.5,16.04,12.7,85.75,65.0,4.666667,,2.38692491427
1988-08-03,3.2,3.7,0.0,20.9,16.04,13.1,91.5,78.0,4.333333,,1.98888604403
1988-08-04,1.8,2.5,1.4,20.1,15.96,14.5,91.5,75.0,4.0,,1.85868723972
1988-08-05,1.0,3.8,1.6,20.9,16.28,13.9,86.75,60.0,4.666667,,2.26065195438
1988-08-06,3.0,0.4,0.8,20.3,16.48,14.1,95.75,92.0,4.666667,,1.37389988457
1988-08-07,2.0,4.7,3.1,22.1,16.4,14.1,86.5,55.0,5.0,,2.46819154145
1988-08-08,2.8,0.5,0.0,21.9,17.16,14.1,86.25,68.0,3.666667,,1.87958871642
1988-08-09,2.1,7.7,0.0,24.9,18.68,15.5,72.25,51.0,0.6,,3.15611943588
1988-08-10,4.1,8.6,0.0,26.4,19.14,15.9,71.0,37.0,2.333333,,3.78036557304
1988-08-11,4.7,9.3,0.0,24.7,18.68,14.3,75.75,53.0,4.666667,,3.82042447024
1988-08-12,5.3,0.0,0.4,17.7,15.9,15.0,96.0,89.0,5.0,,1.28586560444
1988-08-13,0.6,0.9,1.8,19.0,14.7,13.1,87.25,71.0,2.666667,,1.77878242737
1988-08-14,2.2,7.0,0.0,20.8,15.76,12.5,78.0,61.0,4.666667,,3.08742610676
1988-08-15,5.0,7.0,0.0,20.3,15.62,12.4,87.0,74.0,5.0,,2.64452561015
1988-08-16,2.7,5.2,4.0,20.5,15.78,12.6,85.25,68.0,5.0,,2.53159537609
1988-08-17,2.2,5.1,1.0,21.1,15.36,11.9,84.25,56.0,4.0,,2.56831566302
1988-08-18,4.8,5.8,0.0,21.3,16.28,12.1,79.5,60.0,5.333333,,2.94864747795
1988-08-19,4.8,7.2,1.6,22.7,16.6,13.1,79.5,47.0,4.666667,,3.24221232159
1988-08-20,5.8,8.8,0.0,23.7,17.6,14.1,70.75,44.0,2.666667,,3.75061439432
1988-08-21,3.5,3.1,0.0,23.5,17.12,14.3,72.25,48.0,2.333333,,2.77220414433
1988-08-22,6.6,9.4,0.0,24.0,17.26,11.7,64.0,42.0,2.333333,,3.89791975697
1988-08-23,6.3,8.1,0.0,24.5,18.0,14.3,72.0,45.0,5.0,,3.99762068866
1988-08-24,7.7,9.4,0.0,24.1,17.82,13.0,65.0,43.0,4.666667,,4.39078766476
1988-08-25,7.7,6.4,0.0,24.2,17.9,14.7,71.25,50.0,2.666667,,3.47760167556
1988-08-26,5.2,10.0,0.0,25.2,17.88,13.5,63.25,42.0,2.333333,,4.22788902511
1988-08-27,6.2,9.2,0.0,24.3,17.88,14.2,63.0,43.0,3.666667,,4.38121244747
1988-08-28,6.9,5.3,0.0,24.4,17.74,14.3,69.25,50.0,4.666667,,3.74245191009
1988-08-29,6.9,1.1,0.2,22.1,16.8,14.0,93.25,69.0,4.666667,,1.76749274691
1988-08-30,2.1,5.7,3.5,23.5,17.6,13.9,77.75,50.0,4.0,,3.26153134556
1988-08-31,4.4,7.5,0.6,25.3,19.0,15.1,77.5,45.0,4.333333,,3.76124936089
1988-09-01,4.9,,1.7,28.7,19.84,16.1,73.0,47.0,3.666667,,4.21036938314
1988-09-02,4.0,5.2,0.0,26.1,19.8,16.9,77.0,52.0,3.666667,,3.49057154043
1988-09-03,4.4,5.9,0.0,25.9,19.52,16.1,62.25,41.0,3.333333,,4.11366292148
1988-09-04,6.8,7.6,0.0,25.5,18.36,14.3,62.25,38.0,5.0,,4.65921763665
1988-09-05,9.7,3.5,0.0,22.6,16.82,12.5,80.5,64.0,5.666667,,2.84268101869
1988-09-06,4.8,5.4,0.5,22.3,16.26,13.0,70.0,46.0,5.333333,,3.66731036041
1988-09-07,5.8,7.4,0.0,23.6,17.22,12.1,63.75,45.0,5.0,,4.29599675231
1988-09-08,7.1,1.5,0.0,21.8,16.46,11.5,84.75,66.0,3.0,,2.17517760015
1988-09-09,2.5,8.8,0.6,24.0,17.6,12.9,73.25,42.0,4.333333,,4.05260605617
1988-09-10,6.6,5.9,0.6,24.8,18.32,15.0,83.0,48.0,5.0,,3.30992012321
1988-09-11,4.8,1.1,5.6,21.3,17.64,15.3,95.25,88.0,4.0,,1.77773876125
1988-09-12,0.7,7.0,6.2,24.5,18.48,14.9,68.75,45.0,4.0,,4.09648090654
1988-09-13,4.6,7.6,0.0,24.5,18.0,14.9,61.0,40.0,2.666667,,4.21221767451
1988-09-14,5.2,9.1,0.0,26.7,18.48,14.3,57.0,35.0,2.333333,,4.62861501122
1988-09-15,4.4,9.5,0.0,28.7,20.36,16.1,51.75,29.0,3.0,,5.35089464886
1988-09-16,6.5,6.8,0.0,25.9,18.96,16.5,63.75,38.0,2.666667,,4.19040000421
1988-09-17,5.8,9.3,0.0,26.5,20.08,15.9,63.75,36.0,4.666667,,5.0934269334
1988-09-18,6.1,9.0,0.0,25.5,18.52,14.7,56.0,35.0,3.333333,,4.91213130902
1988-09-19,9.5,9.1,0.0,24.7,18.04,12.7,60.75,43.0,5.0,,4.93892810515
1988-09-20,7.4,6.9,0.0,24.8,18.22,13.9,69.25,47.0,5.0,,4.2426143272
1988-09-21,7.8,9.0,0.0,25.4,19.76,15.2,68.25,46.0,7.0,,4.98785067307
1988-09-22,8.3,7.9,0.0,25.7,19.5,15.7,59.5,42.0,5.0,,5.11252497038
1988-09-23,7.7,8.8,0.0,25.9,18.62,11.6,71.75,46.0,3.0,,4.21720520001
1988-09-24,7.1,7.5,0.0,26.9,19.94,16.0,76.75,40.0,4.0,,4.16882551137
1988-09-25,5.9,3.6,0.0,23.0,18.3,14.7,87.0,75.0,3.333333,,2.70870656387
1988-09-26,6.8,7.6,0.6,26.7,19.44,15.1,62.0,39.0,3.0,,4.56904979527
1988-09-27,5.6,6.9,0.0,28.1,20.2,15.5,63.0,37.0,3.666667,,4.71559430697
1988-09-28,5.5,6.8,0.0,28.7,20.84,16.3,61.75,36.0,2.666667,,4.55514586846
1988-09-29,6.0,0.4,0.0,23.7,19.44,16.5,76.25,61.0,2.666667,,2.55564943985
1988-09-30,3.4,3.0,0.2,26.7,21.12,17.1,53.75,40.0,3.0,,4.13172045659
1988-10-01,7.6,7.0,0.0,25.9,20.52,16.5,72.0,51.0,4.333333,,4.33306134766
1988-10-02,5.3,1.4,2.9,23.1,19.24,16.9,90.75,83.0,4.333333,,2.23649470085
1988-10-03,3.4,6.9,5.4,24.6,18.9,15.7,74.75,51.0,4.0,,4.02711227373
1988-10-04,5.3,7.3,0.0,24.7,19.42,15.8,72.75,56.0,4.333333,,4.23963679889
1988-10-05,5.7,6.6,0.0,26.2,19.98,15.7,70.0,52.0,3.0,,4.16154493566
1988-10-06,5.0,4.8,0.0,26.4,20.36,17.4,73.5,52.0,3.333333,,3.82063556436
1988-10-07,5.6,7.5,0.0,26.6,20.54,16.5,66.0,44.0,4.666667,,4.87079775444
1988-10-08,8.8,6.6,0.0,26.2,19.88,15.7,69.75,46.0,5.333333,,4.53577620914
1988-10-09,7.7,8.4,0.0,26.4,20.08,15.6,73.0,48.0,4.333333,,4.58396922271
1988-10-10,6.0,5.4,0.2,27.0,20.54,15.6,61.5,44.0,4.333333,,4.66810988576
1988-10-11,7.3,6.5,0.0,26.8,20.48,16.5,67.0,47.0,3.0,,4.3579614529
1988-10-12,8.0,7.2,0.0,26.6,20.2,15.2,61.25,41.0,2.666667,,4.53398967867
1988-10-13,7.2,3.1,0.0,28.5,21.1,15.8,76.75,46.0,1.333333,,3.12787145363
1988-10-14,4.5,1.9,3.1,26.4,20.64,18.4,85.75,58.0,2.666667,,2.74717965247
1988-10-15,1.8,1.8,26.1,26.6,20.78,17.7,89.25,74.0,1.0,,2.5844804173
1988-10-16,1.9,6.2,21.0,27.6,21.82,16.0,75.0,62.0,1.0,,3.79704254193
1988-10-17,4.5,4.4,0.6,26.3,20.08,17.1,84.0,58.0,4.666667,,3.37758775482
1988-10-18,3.3,3.4,20.4,24.9,19.76,16.9,89.25,66.0,5.0,,2.81075917381
1988-10-19,3.4,2.5,1.2,24.9,19.58,17.0,86.5,59.0,4.333333,,2.79571975702
1988-10-20,2.6,3.8,3.0,24.5,19.16,16.7,85.0,63.0,3.0,,3.07273705392
1988-10-21,3.2,5.5,0.0,24.7,19.24,16.9,86.75,62.0,2.333333,,3.39928202214
1988-10-22,3.0,4.2,0.0,24.8,19.62,16.9,83.0,55.0,3.0,,3.25594893859
1988-10-23,2.8,5.2,0.0,24.7,19.72,16.3,71.0,52.0,2.333333,,3.74814806818
1988-10-24,3.2,4.6,0.0,27.1,20.72,16.7,79.5,56.0,2.0,,3.5033899603
1988-10-25,3.3,7.1,0.0,25.3,20.8,18.3,79.75,61.0,2.666667,,4.06008105638
1988-10-26,3.8,2.3,0.0,24.5,20.16,18.3,85.25,64.0,2.666667,,2.80740976564
1988-10-27,3.2,7.4,0.1,27.5,20.36,16.5,67.5,44.0,3.0,,4.63518061864
1988-10-28,6.2,8.2,0.0,27.6,20.94,16.9,64.0,37.0,4.0,,5.16742058097
1988-10-29,4.2,6.1,0.3,27.7,20.96,18.7,65.25,41.0,3.666667,,4.72567427277
1988-10-30,7.3,8.9,0.0,27.1,20.4,15.9,63.0,40.0,4.666667,,5.38021622265
1988-10-31,7.9,8.0,0.1,26.8,20.5,16.4,68.25,51.0,2.666667,,4.62190136273
1988-11-01,6.5,7.7,0.0,27.1,20.88,16.5,67.25,50.0,2.666667,,4.61920439743
1988-11-02,5.8,9.1,0.0,27.4,21.46,17.3,68.5,47.0,3.666667,,5.10201218447
1988-11-03,8.0,8.7,0.0,26.5,20.44,15.7,57.25,42.0,2.666667,,5.0287186797
1988-11-04,7.5,6.5,0.0,26.6,21.28,16.6,66.0,51.0,2.0,,4.22769481225
1988-11-05,4.9,0.9,0.3,25.5,19.82,16.8,86.25,70.0,3.333333,,2.50613766433
1988-11-06,2.7,3.1,2.1,25.8,19.98,16.5,73.75,57.0,3.0,,3.43746309775
1988-11-07,5.6,6.8,0.0,28.3,21.0,16.5,78.75,44.0,4.0,,4.25567517758
1988-11-08,6.6,7.1,2.3,28.1,22.28,18.3,77.25,47.0,3.666667,,4.4344654588
1988-11-09,4.9,3.2,1.7,27.1,20.96,16.9,73.25,50.0,3.0,,3.56645599116
1988-11-10,5.6,8.2,0.0,27.9,21.0,17.1,51.25,34.0,3.333333,,5.55814147108
1988-11-11,8.6,9.2,0.0,27.5,20.6,16.1,66.5,47.0,2.333333,,4.91184038494
1988-11-12,7.1,8.6,0.0,27.7,20.68,16.1,56.25,34.0,3.333333,,5.38331558154
1988-11-13,9.4,8.8,0.0,27.5,19.92,15.5,51.75,35.0,2.666667,,5.29187050499
1988-11-14,7.8,4.5,0.4,26.8,20.3,16.0,74.5,51.0,2.333333,,3.64720996516
1988-11-15,6.3,7.9,0.2,27.7,21.2,18.3,58.75,40.0,3.666667,,5.36240868374
1988-11-16,7.5,7.2,0.0,26.9,20.52,16.0,68.75,48.0,3.666667,,4.62208646274
1988-11-17,7.4,8.3,0.4,25.9,20.42,15.2,64.0,45.0,5.0,,5.13926683306
1988-11-18,6.8,8.0,0.0,26.8,20.34,15.5,64.25,42.0,3.0,,4.79211948723
1988-11-19,4.7,5.5,0.0,27.3,20.76,16.7,61.0,42.0,2.666667,,4.40386600723
1988-11-20,3.9,5.0,0.0,26.8,20.76,17.0,78.25,51.0,4.0,,3.83647111279
1988-11-21,3.9,5.7,0.0,28.1,22.36,17.9,73.25,47.0,4.0,,4.35204050205
1988-11-22,5.7,7.9,0.0,29.3,21.8,17.9,56.0,38.0,2.333333,,5.12903197261
1988-11-23,6.0,8.0,0.0,30.3,23.44,15.9,47.5,34.0,3.666667,,6.00640152006
1988-11-24,6.6,2.8,0.0,29.9,23.44,17.7,52.25,40.0,4.0,,4.97575719848
1988-11-25,5.5,6.3,0.8,29.3,21.72,18.1,71.0,48.0,3.0,,4.51301382793
1988-11-26,4.0,5.2,0.5,28.3,22.04,17.5,69.5,48.0,3.666667,,4.36931601208
1988-11-27,5.6,0.9,0.0,28.3,20.76,18.3,85.5,62.0,4.0,,2.73984313742
1988-11-28,1.8,2.0,49.2,28.1,20.98,17.3,86.25,62.0,1.0,,2.77630530811
1988-11-29,1.6,0.0,5.9,21.0,19.02,17.9,97.0,93.0,2.666667,,1.82600122672
1988-11-30,0.2,0.4,8.4,21.7,18.82,16.7,94.75,91.0,2.666667,,1.9748895581
1988-12-01,1.1,0.0,3.1,21.3,18.32,16.7,93.25,85.0,2.666667,,1.93273052762
1988-12-02,1.1,3.6,1.7,23.8,19.78,17.2,89.25,75.0,3.333333,,2.89657173584
1988-12-03,3.3,1.4,3.2,24.6,20.86,17.7,81.75,65.0,4.0,,2.85735392087
1988-12-04,0.6,0.0,23.4,21.9,20.04,18.9,95.0,94.0,3.666667,,1.8899682087
1988-12-05,0.6,0.2,48.9,22.5,20.1,17.7,91.25,80.0,1.0,,2.12414902463
1988-12-06,0.6,0.4,34.0,23.6,19.5,16.9,90.5,80.0,1.333333,,2.18815522483
1988-12-07,0.4,4.8,12.4,25.3,20.78,18.0,82.0,60.0,1.333333,,3.44909183581
1988-12-08,2.5,7.7,0.0,27.2,21.66,17.0,71.75,56.0,1.666667,,4.37987720889
1988-12-09,3.5,3.2,1.6,26.2,20.36,17.3,87.5,70.0,0.666667,,2.99531804579
1988-12-10,1.0,0.0,12.8,22.6,20.12,18.7,93.75,90.0,1.0,,2.06597181762
1988-12-11,0.7,3.8,2.6,25.7,20.9,18.3,83.25,66.0,3.333333,,3.31579576337
1988-12-12,2.8,6.5,0.0,25.9,20.56,16.6,78.0,56.0,3.333333,,4.0263554083
1988-12-13,3.1,2.9,0.0,26.1,21.04,18.5,77.5,58.0,1.333333,,3.12459145094
1988-12-14,2.8,9.4,0.0,26.9,21.6,18.5,72.5,53.0,2.333333,,4.89009681592
1988-12-15,5.0,5.4,0.0,26.6,22.02,18.6,72.75,57.0,2.0,,3.93120703662
1988-12-16,4.4,1.2,0.0,25.5,19.96,17.6,84.75,68.0,2.0,,2.59529112477
1988-12-17,1.9,0.0,50.0,20.0,18.36,17.0,92.25,84.0,1.666667,,1.97314737478
1988-12-18,0.5,1.8,4.9,24.4,19.74,16.7,92.0,81.0,3.0,,2.4362994671
1988-12-19,1.9,7.3,12.7,25.1,19.92,17.0,80.25,63.0,2.666667,,4.05010466906
1988-12-20,3.7,5.8,0.0,25.1,19.34,16.6,78.75,56.0,2.0,,3.71771345925
1988-12-21,3.7,6.3,0.0,24.6,19.32,16.5,81.75,63.0,1.666667,,3.7188725262
1988-12-22,3.7,10.5,0.0,27.2,20.98,16.5,72.5,51.0,2.333333,,5.05010688975
1988-12-23,5.3,4.3,0.0,25.5,20.78,17.6,75.25,59.0,2.333333,,3.58063144932
1988-12-24,4.5,6.4,0.0,25.3,20.48,18.0,79.0,60.0,2.666667,,3.95835727802
1988-12-25,3.9,8.2,4.8,26.4,21.28,17.9,78.25,58.0,2.333333,,4.41927557641
1988-12-26,4.0,8.6,0.9,26.7,20.86,17.5,78.75,55.0,2.666667,,4.51119997527
1988-12-27,5.7,8.8,0.0,25.6,19.92,15.7,71.75,54.0,2.666667,,4.58648104382
1988-12-28,4.9,8.1,0.0,26.8,20.9,17.4,72.75,53.0,2.333333,,4.54362092678
1988-12-29,5.3,9.0,0.0,27.4,21.36,17.6,70.0,49.0,2.333333,,4.86326594598
1988-12-30,5.3,11.0,0.0,27.7,20.9,16.0,67.0,48.0,2.0,,5.24875310711
1988-12-31,5.3,6.9,0.0,26.5,20.42,17.0,69.75,50.0,1.666667,,4.20194871041
1989-01-01,5.9,9.4,0.0,28.0,21.52,17.3,62.25,43.0,4.333333,,5.64610783356
1989-01-02,6.0,8.4,0.0,27.5,21.02,18.0,69.25,49.0,1.666667,,4.6557366826
1989-01-03,5.1,7.8,0.0,27.7,21.28,16.9,70.0,46.0,2.666667,,4.65148534833
1989-01-04,5.2,0.6,0.4,22.3,19.48,17.9,94.25,74.0,4.333333,,2.00618008494
1989-01-05,4.6,8.4,1.2,25.9,20.28,16.3,72.25,54.0,2.333333,,4.50913052206
1989-01-06,4.0,7.3,1.0,26.7,20.2,16.5,78.5,55.0,2.666667,,4.19557943636
1989-01-07,4.5,5.6,0.0,26.3,19.72,15.7,79.75,57.0,3.0,,3.75268759288
1989-01-08,4.0,0.0,0.0,22.7,18.28,15.5,87.75,72.0,2.333333,,2.12728655863
1989-01-09,2.6,6.0,0.0,26.3,20.78,16.6,74.0,49.0,3.0,,4.08105627836
1989-01-10,4.4,8.4,0.0,28.0,19.7,15.9,76.5,43.0,4.666667,,4.7024028182
1989-01-11,3.6,6.9,29.4,26.3,20.32,15.0,75.25,60.0,3.666667,,4.21210915986
1989-01-12,4.6,7.8,0.0,26.2,20.84,16.2,75.25,59.0,3.0,,4.38583283617
1989-01-13,5.4,10.2,0.0,27.4,21.72,17.0,68.25,50.0,1.333333,,4.97214301709
1989-01-14,5.4,10.5,0.0,29.1,22.9,18.0,66.25,48.0,1.0,,5.1547891777
1989-01-15,4.8,6.5,0.0,28.9,22.82,19.6,73.0,53.0,0.333333,,4.04852759524
1989-01-16,4.0,8.9,0.0,29.5,23.52,19.2,68.75,57.0,1.0,,4.83653004319
1989-01-17,5.3,6.0,0.0,29.7,22.12,17.9,86.5,58.0,1.666667,,3.91150483152
1989-01-18,4.4,5.7,0.2,28.3,21.92,18.1,81.0,64.0,2.333333,,3.91848987008
1989-01-19,5.2,10.3,0.0,28.7,21.92,18.3,64.25,47.0,2.666667,,5.52250010861
1989-01-20,5.9,,0.0,28.9,23.0,21.1,69.25,48.0,2.666667,,4.31961384247
1989-01-21,4.8,7.9,0.0,27.5,21.64,18.7,79.0,63.0,3.666667,,4.53633570651
1989-01-22,5.8,7.8,0.0,27.9,20.52,16.7,76.75,62.0,2.666667,,4.46278392838
1989-01-23,5.0,6.4,0.2,28.0,19.76,15.7,77.0,49.0,1.333333,,3.97197875108
1989-01-24,5.2,4.3,0.0,26.5,20.36,17.3,78.5,56.0,4.333333,,3.72184913816
1989-01-25,4.9,2.3,0.2,25.8,19.98,17.3,88.0,74.0,3.333333,,2.77776934922
1989-01-26,3.1,3.8,7.6,25.1,19.12,16.7,85.5,68.0,3.0,,3.14247669846
1989-01-27,2.3,5.5,7.9,24.4,20.06,16.7,81.25,69.0,3.333333,,3.62539728163
1989-01-28,3.5,5.9,0.2,24.9,20.4,16.9,82.0,70.0,4.0,,3.7314876987
1989-01-29,3.7,6.4,0.0,26.6,20.6,17.6,80.25,53.0,4.0,,4.05969549974
1989-01-30,4.5,5.1,1.0,24.5,20.2,16.1,82.25,66.0,4.0,,3.50162479626
1989-01-31,4.6,6.5,0.0,26.5,20.52,16.5,81.5,51.0,4.0,,3.96184494938
1989-02-01,5.2,9.4,0.0,27.3,21.0,16.5,63.75,46.0,3.333333,,5.27658700102
1989-02-02,5.4,8.3,0.0,27.3,21.04,17.3,65.5,49.0,2.333333,,4.81856908516
1989-02-03,6.9,6.4,0.0,23.9,21.76,17.7,80.0,69.0,2.0,,3.81628193406
1989-02-04,3.4,0.0,4.6,23.7,20.44,19.1,92.5,80.0,1.0,,2.1125351248
1989-02-05,0.8,2.2,2.0,27.5,21.32,17.9,89.0,75.0,3.0,,2.79627191775
1989-02-06,2.6,,4.9,27.0,21.62,18.4,73.0,60.0,2.333333,,4.02049683675
1989-02-07,5.2,11.6,0.0,28.2,21.7,16.1,64.0,46.0,2.0,,5.49747783683
1989-02-08,5.7,7.9,0.0,26.6,21.22,16.6,68.25,53.0,2.666667,,4.63339014222
1989-02-09,5.3,6.9,0.0,27.9,21.8,17.7,66.75,50.0,2.333333,,4.53556213602
1989-02-10,5.7,8.5,0.0,27.0,21.68,17.4,68.0,57.0,2.333333,,4.77148164693
1989-02-11,5.5,5.3,0.0,27.6,21.92,17.2,64.75,51.0,2.333333,,4.19909275699
1989-02-12,6.5,6.5,0.0,27.6,21.98,16.9,62.0,44.0,3.0,,4.7066654007
1989-02-13,7.6,11.1,0.0,29.3,22.0,16.1,56.0,40.0,2.0,,5.61278582778
1989-02-14,6.8,7.8,0.0,28.5,22.52,17.9,62.25,49.0,2.666667,,4.98702792834
1989-02-15,5.1,6.1,0.0,29.1,23.2,17.9,59.75,44.0,2.666667,,4.74636559693
1989-02-16,5.8,6.6,3.6,28.1,21.96,18.1,74.0,48.0,4.0,,4.50924662956
1989-02-17,7.0,11.2,0.0,28.1,22.32,16.5,65.0,49.0,3.0,,5.57840893323
1989-02-18,6.2,7.5,0.0,28.5,21.72,16.3,60.25,46.0,3.0,,5.0020803421
1989-02-19,4.7,7.8,0.4,27.9,21.52,17.1,66.25,51.0,4.0,,5.04144534505
1989-02-20,8.1,8.6,0.0,29.8,22.6,17.4,58.5,40.0,1.333333,,4.84924261092
1989-02-21,6.2,7.7,0.0,29.7,22.9,18.6,65.0,45.0,1.666667,,4.70762188623
1989-02-22,5.6,10.8,0.0,30.0,23.34,17.0,57.0,42.0,0.666667,,5.07985145128
1989-02-23,6.3,8.5,0.0,30.2,23.38,17.8,58.5,41.0,1.333333,,4.85604956734
1989-02-24,5.9,7.9,0.0,29.6,22.14,15.9,56.75,36.0,2.666667,,5.14283173603
1989-02-25,6.5,3.6,0.0,28.0,22.7,18.7,67.5,52.0,2.333333,,3.78726979584
1989-02-26,4.7,0.5,0.0,27.4,22.44,18.8,73.75,56.0,4.0,,3.21453563793
1989-02-27,5.3,8.3,0.0,27.7,21.68,18.5,69.5,61.0,4.666667,,5.11454351383
1989-02-28,5.6,7.5,0.0,27.6,21.74,18.1,65.25,46.0,3.0,,4.79687643978
1989-03-01,6.7,8.9,0.0,28.7,22.4,17.3,59.75,42.0,4.0,,5.59502688631
1989-03-02,7.6,5.6,0.0,29.1,22.68,17.9,63.5,44.0,3.0,,4.55914360584
1989-03-03,5.8,8.4,0.0,29.7,22.68,17.5,57.25,39.0,3.0,,5.385566821
1989-03-04,6.9,8.8,0.0,30.3,23.44,17.9,54.0,37.0,3.0,,5.64293067695
1989-03-05,6.4,5.8,0.0,30.1,22.64,19.1,64.75,38.0,3.333333,,4.75575781965
1989-03-06,4.4,4.0,0.0,27.8,22.1,18.3,79.5,66.0,0.666667,,3.25198825298
1989-03-07,1.8,1.8,7.6,26.6,21.86,17.9,83.25,71.0,1.333333,,2.68219800876
1989-03-08,2.0,1.9,2.3,27.2,21.62,18.8,88.75,84.0,2.333333,,2.66073480282
1989-03-09,1.7,3.4,4.8,26.9,21.84,17.8,83.75,76.0,0.666667,,3.00933820013
1989-03-10,2.0,0.7,3.3,26.2,21.58,18.6,89.0,85.0,1.0,,2.29324761234
1989-03-11,1.1,9.6,6.5,27.7,22.46,17.7,75.25,60.0,1.666667,,4.68744850472
1989-03-12,3.8,10.6,0.0,29.2,22.78,17.2,64.75,44.0,2.333333,,5.30379652333
1989-03-13,5.7,,0.0,29.9,23.0,17.1,63.0,41.0,2.0,,4.69185557618
1989-03-14,6.1,10.5,0.0,28.9,22.32,17.1,69.75,51.0,2.333333,,5.11559927831
1989-03-15,5.8,9.3,0.0,27.9,22.12,18.1,68.0,52.0,4.0,,5.1645873307
1989-03-16,6.0,6.6,1.2,26.9,20.56,18.1,84.5,61.0,4.666667,,3.7868192659
1989-03-17,5.1,7.4,0.4,26.4,20.58,16.3,77.5,59.0,4.666667,,4.17882038157
1989-03-18,5.8,7.0,0.0,28.5,22.16,18.7,79.75,50.0,4.0,,4.21372165217
1989-03-19,4.6,5.2,17.0,25.1,20.28,17.7,87.0,68.0,4.666667,,3.23176872601
1989-03-20,4.0,9.3,0.0,26.4,20.74,17.0,84.75,63.0,4.666667,,4.16625694828
1989-03-21,4.0,0.8,19.6,23.2,19.62,17.5,90.75,74.0,4.666667,,2.11344182243
1989-03-22,1.3,2.6,0.5,24.4,20.1,17.7,89.0,75.0,3.333333,,2.59026349909
1989-03-23,1.7,4.6,9.6,25.7,20.9,18.2,89.0,73.0,3.0,,3.07039957237
1989-03-24,2.3,,0.5,27.0,21.24,18.2,82.5,56.0,3.333333,,3.54833940814
1989-03-25,4.8,7.6,0.0,27.1,21.24,18.3,78.75,57.0,3.0,,4.12619577937
1989-03-26,4.3,6.3,0.3,27.1,20.66,18.1,82.0,56.0,2.333333,,3.69181895295
1989-03-27,4.7,7.3,0.0,27.3,20.64,17.3,82.25,55.0,4.666667,,3.9378312993
1989-03-28,3.7,,2.2,25.7,21.0,17.7,82.5,58.0,4.333333,,3.35788351667
1989-03-29,4.6,4.3,0.0,25.9,20.16,17.5,83.0,59.0,4.333333,,3.22913558538
1989-03-30,4.0,5.0,4.7,25.1,20.28,17.3,88.0,68.0,4.0,,3.04926567082
1989-03-31,2.2,7.5,4.0,26.3,20.12,17.9,83.5,48.0,4.666667,,3.82599337248
1989-04-01,,8.3,0.0,25.7,20.96,16.7,81.25,,,,3.9406200496
1989-04-02,,9.5,0.0,27.1,21.52,18.3,66.5,,,,4.03289980244
1989-04-03,,6.0,1.0,26.9,20.84,18.9,83.5,,,,3.85108960886
1989-04-04,,8.3,0.0,26.5,20.6,18.3,78.0,,,,3.83779420061
1989-04-05,,9.2,11.7,25.5,20.72,16.7,76.0,,,,3.83376983933
1989-04-06,,6.4,0.0,25.1,20.04,16.9,82.25,,,,3.67826206216
1989-04-07,,6.3,0.0,25.3,20.48,17.1,73.75,,,,3.68406783843
1989-04-08,,0.7,0.0,25.3,19.76,17.3,87.0,,,,3.6350778343
1989-04-09,,5.8,1.1,26.3,20.88,18.1,89.75,,,,3.75127798597
1989-04-10,,4.8,3.4,26.5,20.92,17.9,88.5,,,,3.82760496965
1989-04-11,,4.5,6.2,24.9,20.2,17.9,87.5,,,,3.37166537107
1989-04-12,,9.3,0.0,26.1,20.44,17.1,74.5,,,,3.82829166181
1989-04-13,,7.5,0.0,26.7,20.72,17.5,81.0,,,,3.90499036073
1989-04-14,,5.9,0.0,26.1,20.44,17.5,82.0,,,,3.73294367898
1989-04-15,,4.6,2.6,25.7,20.68,18.1,78.5,,,,3.50467115389
1989-04-16,,6.2,1.8,25.1,20.44,17.9,84.5,,,,3.36388883914
1989-04-17,,8.4,0.0,25.3,20.88,18.1,74.5,,,,3.36798257399
1989-04-18,,9.1,0.0,26.3,20.76,17.9,72.5,,,,3.66044901718
1989-04-19,,7.4,0.0,26.7,20.52,18.1,73.0,,,,3.71710664303
1989-04-20,,9.2,0.0,29.1,22.4,17.9,64.75,,,,4.34100455597
1989-04-21,,9.4,0.0,27.5,21.76,18.9,69.75,,,,3.76149219752
1989-04-22,,6.0,0.0,27.6,22.06,18.5,72.25,,,,3.83999962817
1989-04-23,,3.8,1.2,26.1,20.6,18.3,82.75,,,,3.46747618609
1989-04-24,,6.9,0.5,25.7,20.52,17.3,75.75,,,,3.52146673932
1989-04-25,,7.0,0.0,26.7,21.12,17.3,70.5,,,,3.75769959019
1989-04-26,,0.2,0.0,23.7,20.12,18.1,80.75,,,,2.80907411377
1989-04-27,,3.0,1.2,25.5,20.12,17.7,81.25,,,,3.3619051732
1989-04-28,,4.9,0.0,25.6,20.3,17.7,76.75,,,,3.37433219428
1989-04-29,,7.7,0.0,27.7,21.6,18.1,72.25,50.0,,,3.82248130208
1989-04-30,,7.5,0.0,27.5,22.24,18.9,66.25,44.0,,,3.6302815095
1989-05-01,,3.7,0.0,28.4,22.06,18.7,62.25,,,,3.87315973197
1989-05-02,,8.9,0.0,27.0,21.28,17.0,79.25,,,,3.77042196952
1989-05-03,,1.6,1.4,25.0,20.08,17.2,88.5,,,,3.2420061446
1989-05-04,,6.4,0.7,26.6,20.64,17.4,80.5,,,,3.58849457748
1989-05-05,,9.5,0.0,27.1,20.38,17.0,71.0,,,,3.75018060651
1989-05-06,,9.3,0.0,27.8,21.44,17.0,65.25,,,,3.89708258621
1989-05-07,,7.6,0.0,29.6,23.1,16.3,63.75,,,,4.36722363299
1989-05-08,,5.5,0.0,28.5,22.72,19.7,78.0,,,,3.6389045151
1989-05-09,,0.0,1.0,22.9,19.52,18.1,92.0,,,,2.44744057401
1989-05-10,,,1.6,22.6,18.14,16.1,82.75,,,,2.75233351763
1989-05-11,,1.8,0.0,22.5,18.24,15.1,79.0,,,,2.88264939917
1989-05-12,,2.0,0.0,23.1,18.84,15.7,76.5,,,,2.919313216
1989-05-13,,3.7,0.0,24.1,19.36,15.9,77.75,,,,3.11147638847
1989-05-14,,9.3,0.0,25.5,19.48,16.5,75.75,,,,3.33416206553
1989-05-15,,,0.4,25.1,19.2,16.7,83.25,,,,3.2016326486
1989-05-16,,7.2,0.0,24.2,18.06,14.5,71.25,,,,3.29135808856
1989-05-17,,9.1,0.0,25.2,18.88,13.0,76.75,,,,3.65401090908
1989-05-18,,2.6,0.2,22.7,18.0,14.6,86.75,,,,2.93130772279
1989-05-19,,1.7,0.8,22.6,18.54,15.9,83.5,,,,2.7010376716
1989-05-20,,0.1,0.0,20.6,17.58,15.3,91.0,,,,2.31062593212
1989-05-21,,1.7,5.1,21.3,17.82,15.6,95.0,,,,2.42214328557
1989-05-22,,3.4,5.0,23.2,18.6,16.0,90.75,,,,2.80001380591
1989-05-23,,0.9,1.7,22.3,19.04,16.7,89.75,,,,2.45540641902
1989-05-24,,0.2,3.6,22.3,17.88,15.9,78.25,,,,2.58920522685
1989-05-25,,6.8,4.7,23.5,18.56,15.3,85.5,,,,2.94619835609
1989-05-26,,6.7,0.0,26.1,19.36,15.5,83.25,,,,3.46615354067
1989-05-27,,7.1,0.0,27.5,21.44,16.3,77.75,,,,3.65457584978
1989-05-28,,1.4,0.0,24.5,20.2,17.5,86.25,,,,2.81633010992
1989-05-29,,1.4,1.4,23.7,18.92,16.9,86.75,,,,2.71884223902
1989-05-30,,2.2,0.7,22.8,18.8,16.3,92.5,80.0,,,2.59950690616
1989-05-31,,0.2,0.5,20.6,17.56,15.6,94.0,84.0,,,2.18625350539
1989-06-01,,0.5,0.0,21.6,17.74,15.2,89.75,,,,2.48849141669
1989-06-02,,2.2,1.9,21.9,18.46,16.6,96.75,,,,2.31270508319
1989-06-03,,1.6,3.8,21.4,18.22,16.7,93.25,,,,2.16161260768
1989-06-04,,5.1,4.2,24.7,19.22,16.6,83.75,,,,2.95507997123
1989-06-05,,6.7,0.0,23.7,18.98,15.6,82.25,,,,2.8728041338
1989-06-06,,3.5,0.0,22.9,18.8,15.7,81.75,,,,2.67840484853
1989-06-07,,4.6,0.5,22.7,19.08,17.1,83.25,,,,2.39629106378
1989-06-08,,0.9,3.0,22.7,19.04,16.9,93.0,,,,2.42839087148
1989-06-09,,8.0,4.2,24.5,19.42,16.7,81.75,,,,2.87179101972
1989-06-10,,6.9,0.0,24.7,19.32,16.7,81.0,,,,2.91194499129
1989-06-11,,8.4,0.0,24.3,19.8,16.7,78.25,,,,2.8198905678
1989-06-12,,6.9,0.0,25.3,18.84,16.3,80.0,,,,3.08909365318
1989-06-13,,7.3,0.0,24.2,18.82,15.5,83.75,,,,2.95930675916
1989-06-14,,5.0,0.0,22.2,17.32,15.4,79.25,,,,2.54092131581
1989-06-15,,6.2,0.0,22.1,16.4,14.3,77.0,,,,2.67450590188
1989-06-16,,5.2,0.0,21.7,16.6,12.5,84.75,,,,2.81383924612
1989-06-17,,4.1,0.0,23.1,18.22,14.4,82.75,,,,2.8639240737
1989-06-18,,1.9,0.0,22.8,18.04,15.7,84.5,,,,2.62128968322
1989-06-19,,5.3,0.4,23.6,19.28,16.2,84.0,,,,2.72199137973
1989-06-20,,0.7,1.4,23.1,18.44,15.7,85.25,,,,2.68515360168
1989-06-21,,1.7,2.3,22.7,18.6,16.3,88.25,,,,2.50345005511
1989-06-22,,7.6,5.2,24.3,18.68,16.5,79.25,,,,2.8302811076
1989-06-23,,6.7,0.0,24.5,18.64,16.5,84.25,,,,2.87402459295
1989-06-24,,5.6,0.0,24.1,19.0,16.9,73.5,,,,2.72702107073
1989-06-25,,7.7,0.0,26.3,19.92,17.1,75.75,,,,3.18009499442
1989-06-26,,7.5,0.0,27.0,20.06,16.6,79.0,,,,3.39105832188
1989-06-27,,2.2,0.0,25.5,20.32,17.5,88.5,,,,2.95313827182
1989-06-28,,1.3,16.9,23.7,19.22,17.4,82.0,,,,2.55889810689
1989-06-29,,7.2,0.1,24.8,19.44,17.1,85.0,69.0,,,2.86057623499
1989-06-30,,9.7,0.0,24.5,19.26,16.6,78.0,61.0,,,2.87000164718
1989-07-01,,3.1,0.0,22.2,18.36,14.9,88.75,,,,2.61747866458
1989-07-02,,4.5,0.0,22.2,17.96,15.3,89.5,,,,2.56147539922
1989-07-03,,6.5,0.4,23.1,17.18,14.6,82.0,,,,2.85409937416
1989-07-04,,6.5,0.2,21.6,17.48,13.4,82.75,,,,2.7034640398
1989-07-05,,1.2,0.0,21.4,17.68,15.1,83.0,,,,2.42333368734
1989-07-06,,7.8,0.0,23.4,18.02,15.1,78.5,,,,2.86291503861
1989-07-07,,0.5,0.4,20.7,17.46,15.4,87.5,,,,2.21715482193
1989-07-08,,1.4,0.0,21.6,17.46,14.7,83.0,,,,2.54111099271
1989-07-09,,2.5,0.4,,16.28,15.0,92.5,,,,
1989-07-10,,0.6,0.7,18.5,15.72,14.1,91.25,,,,1.93184058581
1989-07-11,,0.1,0.3,18.2,15.44,12.9,86.25,,,,2.07769579038
1989-07-12,,7.3,0.0,21.3,15.98,12.0,80.25,,,,2.84889917567
1989-07-13,,2.3,0.0,20.9,15.68,11.7,85.25,,,,2.81081726845
1989-07-14,,7.5,0.0,23.3,17.08,14.5,75.25,,,,2.96529944055
1989-07-15,,2.0,0.0,21.6,16.8,13.9,78.25,,,,2.6931526318
1989-07-16,,9.7,0.0,23.3,17.32,12.4,74.75,,,,3.22107416549
1989-07-17,,6.5,0.0,22.1,16.7,13.7,78.25,,,,2.83872878538
1989-07-18,,1.9,0.0,19.4,15.64,11.7,82.5,,,,2.54554360438
1989-07-19,,1.3,0.4,20.3,16.08,13.0,82.25,,,,2.56712788309
1989-07-20,,0.9,1.4,19.5,15.92,13.9,90.0,,,,2.25787900831
1989-07-21,,,0.2,21.6,16.92,14.4,83.5,,,,2.66415639464
1989-07-22,,9.0,0.0,23.6,17.2,11.9,75.0,,,,3.38218210089
1989-07-23,,10.1,0.0,24.5,17.9,13.0,72.75,,,,3.45768020965
1989-07-24,,4.4,0.1,23.8,17.92,14.0,85.5,,,,3.21470168552
1989-07-25,,6.4,0.2,26.2,20.04,16.2,76.5,,,,3.46152220772
1989-07-26,,6.9,0.0,25.8,19.72,16.5,78.5,,,,3.34440734976
1989-07-27,,4.5,0.0,27.2,19.96,15.6,73.25,,,,3.77119223719
1989-07-28,,7.5,1.8,29.8,22.4,15.2,53.5,,,,4.36378143059
1989-07-29,,9.4,0.0,30.5,22.8,16.3,59.25,,,,4.4143239586
1989-07-30,,9.9,0.0,29.0,21.62,15.5,62.75,45.0,,,4.1981288412
1989-07-31,,7.0,0.0,28.8,20.72,14.4,69.75,43.0,,,4.28004629543
1989-08-01,,1.7,0.0,22.3,19.9,14.2,92.5,,,,2.9472933106
1989-08-02,,0.0,0.0,19.5,17.32,15.5,95.25,,,,2.03518383663
1989-08-03,,0.0,9.6,18.5,15.28,13.9,93.25,,,,2.10958856941
1989-08-04,,0.0,0.5,18.3,15.4,12.5,93.25,,,,2.32139722687
1989-08-05,,10.6,0.3,23.3,17.84,13.7,81.0,,,,3.2772711633
1989-08-06,,10.1,0.0,23.7,17.68,12.3,68.75,,,,3.53502499725
1989-08-07,,6.9,0.0,23.7,16.32,13.3,65.25,,,,3.43621419528
1989-08-08,,10.0,0.0,24.9,17.28,13.5,72.25,,,,3.68063561746
1989-08-09,,8.2,0.0,24.4,17.42,12.0,76.75,,,,3.74890523931
1989-08-10,,6.8,0.7,25.6,18.68,15.4,77.25,,,,3.63096440636
1989-08-11,,7.9,0.9,26.8,19.46,16.2,66.25,,,,3.81249310231
1989-08-12,,9.2,0.0,26.9,19.56,15.7,67.75,,,,3.91378644931
1989-08-13,,9.5,0.0,23.6,18.52,13.9,73.0,,,,3.41773661018
1989-08-14,,4.4,0.0,22.6,18.24,15.3,75.25,,,,2.99256241075
1989-08-15,,0.7,0.0,23.0,17.72,14.4,83.0,,,,3.23839383589
1989-08-16,,6.6,1.8,24.3,18.24,15.1,84.0,,,,3.45444947006
1989-08-17,,4.1,1.2,23.7,17.68,15.3,92.75,,,,3.29587040168
1989-08-18,,1.7,2.0,21.7,17.32,15.3,88.75,,,,2.81052276678
1989-08-19,,0.8,6.7,21.3,17.88,15.3,93.0,,,,2.71670195015
1989-08-20,,5.5,4.2,22.9,18.32,16.3,86.5,,,,2.96326318031
1989-08-21,,5.1,2.2,24.4,19.16,15.6,83.75,,,,3.47156338193
1989-08-22,,4.7,0.0,23.6,18.08,15.6,80.0,,,,3.28753745918
1989-08-23,,7.9,0.1,25.2,18.42,14.5,75.0,,,,3.84210314347
1989-08-24,,5.6,0.7,25.1,18.94,16.4,77.0,,,,3.56081277359
1989-08-25,,5.2,0.3,24.8,18.96,15.6,82.5,,,,3.62317778709
1989-08-26,,7.4,0.3,25.4,19.4,16.0,71.0,,,,3.7245766742
1989-08-27,,7.7,0.2,25.8,19.38,15.6,70.0,,,,3.89444388104
1989-08-28,,8.3,0.0,26.9,20.36,16.9,70.0,,,,3.9911577956
1989-08-29,,4.2,0.0,24.9,19.12,17.1,51.75,,,,3.45781476135
1989-08-30,,8.6,0.0,25.1,18.28,15.1,40.15,34.0,,,3.83853889262
1989-08-31,,10.1,0.0,25.3,18.48,14.3,55.5,17.8,,,4.00870318766
1989-09-01,,10.6,0.0,29.3,19.72,14.9,56.0,,,,4.88489242857
1989-09-02,,9.8,0.0,29.7,20.48,15.3,54.5,,,,4.95171598508
1989-09-03,,9.1,0.0,29.5,20.76,16.3,58.25,,,,4.80514039471
1989-09-04,,5.7,0.0,24.5,19.38,15.7,79.5,,,,3.66645638948
1989-09-05,,1.0,1.0,22.5,18.66,16.3,90.0,,,,3.03131701247
1989-09-06,,5.5,0.3,25.9,19.9,16.7,80.5,,,,3.89470447239
1989-09-07,,5.7,0.0,27.6,21.24,17.7,72.0,,,,4.19406610129
1989-09-08,,6.3,0.2,27.4,20.76,17.3,82.0,,,,4.21914191817
1989-09-09,,8.6,1.0,25.9,19.74,15.4,71.75,,,,4.1336195456
1989-09-10,,6.9,0.3,27.4,20.38,16.7,64.25,,,,4.33913978682
1989-09-11,,8.9,0.0,29.1,20.8,16.9,61.75,,,,4.75936707016
1989-09-12,,8.7,0.0,29.5,21.28,16.7,55.25,,,,4.90280234982
1989-09-13,,9.4,0.0,30.2,21.54,16.9,48.25,,,,5.06880041101
1989-09-14,,10.2,0.0,29.7,21.04,14.7,42.0,,,,5.22369221787
1989-09-15,,9.5,0.0,29.9,21.88,15.7,51.0,,,,5.17475958438
1989-09-16,,6.4,0.0,31.7,21.92,15.9,61.5,,,,5.61008398807
1989-09-17,,0.0,0.0,28.8,21.46,16.7,77.25,,,,4.79996062276
1989-09-18,,0.0,6.5,,17.96,16.7,95.0,,,,
1989-09-19,,0.1,2.1,18.9,16.56,15.6,96.25,,,,2.17945740255
1989-09-20,,0.1,0.4,20.9,17.32,14.1,87.0,,,,3.15990872847
1989-09-21,,0.2,0.6,22.5,18.56,15.1,80.5,,,,3.42737920914
1989-09-22,,6.5,0.0,25.5,18.08,11.9,71.5,,,,4.64648952297
1989-09-23,,2.1,3.8,23.5,18.16,14.7,79.5,,,,3.78883017109
1989-09-24,,4.5,1.6,24.7,18.44,13.9,80.75,,,,4.23131318367
1989-09-25,,7.8,0.3,28.1,19.92,15.1,64.75,,,,4.94294977406
1989-09-26,,9.5,0.0,27.7,20.1,16.0,66.75,,,,4.73107840786
1989-09-27,,7.8,0.0,27.3,19.8,14.9,79.25,,,,4.7903457524
1989-09-28,,7.6,0.0,27.3,20.16,16.1,70.5,,,,4.63416478542
1989-09-29,,7.7,0.0,26.5,20.44,16.3,61.75,42.0,,,4.39933396571
1989-09-30,,9.8,0.0,28.4,20.98,15.9,56.0,37.0,,,4.97490024868
1989-10-01,,8.5,0.0,26.5,20.56,16.5,57.75,,,,4.38725920867
1989-10-02,,7.8,0.0,27.5,20.4,15.1,63.0,,,,4.87138915476
1989-10-03,,6.5,0.0,26.7,20.04,14.7,68.75,,,,4.72887005611
1989-10-04,,6.4,0.0,27.7,20.88,15.7,58.0,,,,4.8619544947
1989-10-05,,10.4,0.0,29.2,21.42,16.3,54.25,,,,5.18564053825
1989-10-06,,8.7,0.0,28.4,20.92,15.5,58.5,,,,5.09352742045
1989-10-07,,10.0,0.0,27.9,20.38,13.1,58.75,,,,5.26699346792
1989-10-08,,8.0,0.0,29.0,22.04,17.1,55.5,,,,5.04686631538
1989-10-09,,,0.0,30.0,22.14,17.6,57.0,,,,5.25605968747
1989-10-10,,6.7,0.0,28.5,21.26,17.1,64.25,,,,4.92732620005
1989-10-11,,5.9,0.0,27.0,20.88,16.7,64.25,,,,4.58192991915
1989-10-12,,6.0,0.0,28.5,20.94,15.6,66.5,,,,5.16227127031
1989-10-13,,8.6,0.0,32.6,25.5,16.5,44.0,,,,6.13892619821
1989-10-14,,8.6,0.0,32.4,25.2,18.7,54.0,,,,5.80579223968
1989-10-15,,3.8,0.3,28.0,22.06,18.1,55.75,,,,4.65785178959
1989-10-16,,3.0,0.2,26.2,20.34,16.7,81.0,,,,4.39055554035
1989-10-17,,4.1,1.1,26.3,20.84,17.5,79.25,,,,4.2802607115
1989-10-18,,9.2,0.0,29.7,22.72,17.3,60.5,,,,5.2929559977
1989-10-19,,5.7,0.0,27.6,21.94,18.1,71.25,,,,4.56601868422
1989-10-20,,0.0,0.8,,17.38,15.2,95.25,,,,
1989-10-21,,5.3,0.1,26.2,19.72,15.6,74.75,,,,4.60334105662
1989-10-22,,3.8,0.0,25.1,19.48,14.5,73.0,,,,4.47782036047
1989-10-23,,3.1,0.0,25.6,20.18,16.3,75.75,,,,4.32748871185
1989-10-24,,2.4,0.0,27.7,21.52,16.9,75.0,,,,4.83121632016
1989-10-25,,2.5,2.3,25.1,20.08,16.5,89.75,,,,4.15427461073
1989-10-26,,4.0,4.8,25.9,20.16,16.1,75.25,,,,4.46214028602
1989-10-27,,6.6,1.4,27.9,21.08,16.5,67.5,,,,4.96629367878
1989-10-28,,8.6,0.6,27.1,21.12,15.7,71.5,,,,4.87149360586
1989-10-29,,,0.0,28.5,21.08,16.3,66.0,,,,5.17268253375
1989-10-30,,,0.0,26.9,20.7,16.5,70.75,52.0,,,4.69669979142
1989-10-31,,4.6,0.6,26.9,20.18,15.0,79.5,56.0,,,4.93261019436
1989-11-01,,4.6,0.2,29.1,21.9,18.2,75.0,,,,5.05365733387
1989-11-02,,4.6,0.3,28.8,21.16,18.0,79.25,,,,5.00377490749
1989-11-03,,6.9,5.9,27.0,21.42,17.3,72.25,,,,4.60147107845
1989-11-04,,4.9,0.0,28.0,21.64,16.0,67.0,,,,5.10220938177
1989-11-05,,0.0,3.1,,19.32,17.9,89.5,,,,
1989-11-06,,0.9,0.8,25.7,21.08,17.7,79.5,,,,4.13966359178
1989-11-07,,1.1,5.2,26.1,20.16,14.7,75.5,,,,4.78175711151
1989-11-08,,5.4,5.8,26.5,20.8,17.3,75.0,,,,4.46675269487
1989-11-09,,8.6,0.0,27.7,20.8,16.9,62.75,,,,4.89087956063
1989-11-10,,5.7,0.0,26.7,20.52,15.9,67.25,,,,4.77123180498
1989-11-11,,6.1,0.0,27.1,20.96,17.3,76.25,,,,4.65172974367
1989-11-12,,5.8,0.0,27.5,20.92,17.9,77.25,,,,4.66359166594
1989-11-13,,0.0,0.4,25.9,20.0,16.9,87.5,,,,4.3723504573
1989-11-14,,2.5,20.6,26.4,21.22,17.6,85.75,,,,4.39136578459
1989-11-15,,1.7,3.7,26.1,21.04,18.9,81.5,,,,4.02350292788
1989-11-16,,5.4,0.1,25.6,21.14,17.7,73.0,,,,4.12707270713
1989-11-17,,7.0,0.0,26.0,20.68,16.8,73.25,,,,4.42691577537
1989-11-18,,6.1,0.0,26.2,20.88,16.6,73.5,,,,4.52349689817
1989-11-19,,8.8,0.0,27.4,21.44,16.4,63.0,,,,4.90526941322
1989-11-20,,6.0,1.4,26.7,19.8,16.3,64.5,,,,4.72281730373
1989-11-21,,7.3,0.0,27.1,21.04,16.5,62.5,,,,4.80561411265
1989-11-22,,7.0,0.0,27.7,20.48,16.9,62.25,,,,4.91314116083
1989-11-23,,10.1,0.0,30.1,21.88,14.5,51.5,,,,5.9061661962
1989-11-24,,7.4,0.0,32.7,23.84,17.1,51.75,,,,6.29041588981
1989-11-25,,4.0,0.0,29.9,23.88,18.3,54.0,,,,5.32374188533
1989-11-26,,1.1,0.9,29.1,23.28,17.9,54.5,,,,5.15718617724
1989-11-27,,1.5,6.6,26.7,21.08,17.5,84.0,,,,4.51643429003
1989-11-28,,7.2,1.2,28.3,22.82,19.5,63.25,,,,4.61718369976
1989-11-29,,,0.0,25.8,20.9,17.8,79.25,62.0,,,4.18125749247
1989-11-30,,2.7,0.0,27.9,22.0,18.6,76.0,53.0,,,4.67395775553
1989-12-01,,0.4,6.0,24.3,20.0,16.9,88.5,,,,3.90065392932
1989-12-02,,0.0,8.4,22.9,19.96,17.6,87.75,,,,3.27144949577
1989-12-03,,0.2,8.8,23.8,20.2,17.7,90.5,,,,3.55624454565
1989-12-04,,0.4,27.8,25.7,21.36,17.7,81.0,,,,4.17346523945
1989-12-05,,0.1,15.8,23.7,20.4,17.5,86.25,,,,3.57217029263
1989-12-06,,1.0,5.0,25.3,21.32,17.5,83.0,,,,4.0906005506
1989-12-07,,0.0,6.4,22.3,20.08,18.1,92.5,,,,2.9101076833
1989-12-08,,0.1,11.2,22.5,19.04,16.7,92.5,,,,3.36614065724
1989-12-09,,0.6,2.6,22.8,20.38,19.5,91.0,,,,2.64457496466
1989-12-10,,3.5,2.7,24.3,20.2,18.3,79.25,,,,3.58003911739
1989-12-11,,4.2,1.2,24.6,20.1,17.9,83.5,,,,3.778653789
1989-12-12,,0.6,0.0,23.6,20.1,17.9,85.25,,,,3.44098872272
1989-12-13,,0.0,1.7,21.0,18.44,16.2,94.0,,,,2.98185054007
1989-12-14,,2.8,4.0,25.0,20.62,16.9,81.25,,,,4.12401563273
1989-12-15,,5.3,0.0,24.6,20.66,17.9,86.75,,,,3.78012922962
1989-12-16,,0.0,40.0,20.1,17.7,16.5,96.0,,,,2.56182100606
1989-12-17,,0.0,18.8,20.6,18.22,14.7,92.0,,,,3.22088174284
1989-12-18,,0.0,10.2,19.9,17.92,15.5,94.25,,,,2.7856693988
1989-12-19,,0.0,7.1,21.5,18.52,16.3,84.5,,,,3.13101503555
1989-12-20,,1.5,0.3,25.2,20.54,17.6,87.25,,,,4.04345885047
1989-12-21,,0.8,33.0,24.3,20.04,17.5,81.75,,,,3.7763179487
1989-12-22,,5.4,12.0,26.3,20.56,16.9,81.5,,,,4.52070798419
1989-12-23,,0.0,21.4,,21.28,17.7,86.0,,,,
1989-12-24,,0.0,68.8,28.7,20.48,17.7,89.5,,,,5.08994792717
1989-12-25,,0.5,6.0,22.0,18.52,17.0,93.5,,,,3.12227044558
1989-12-26,,0.0,10.9,21.8,19.08,16.8,86.0,,,,3.10584027727
1989-12-27,,2.0,0.3,22.0,19.46,17.6,92.25,,,,2.95309749417
1989-12-28,,5.2,13.7,24.6,19.92,17.0,83.25,,,,3.98474791313
1989-12-29,,5.3,6.0,25.2,19.72,17.2,83.25,,,,4.13103728515
1989-12-30,,7.2,0.0,25.3,20.46,17.0,78.5,62.0,,,4.2027953497
1989-12-31,,9.0,0.0,25.3,20.34,17.6,78.0,59.0,,,4.0796063813
1990-01-01,,8.1,0.0,25.7,20.52,16.9,83.0,64.0,,,4.34502148437
1990-01-02,,3.9,0.5,26.1,20.92,17.5,84.75,59.0,,,4.35068585815
1990-01-03,,2.0,9.4,25.9,20.92,18.1,78.5,66.0,,,4.16468181926
1990-01-04,,2.1,0.3,25.8,20.62,16.9,82.0,63.0,,,4.37637753925
1990-01-05,,8.8,0.4,26.3,21.12,19.5,73.5,55.0,,,3.97714655449
1990-01-06,,9.3,25.2,,21.8,19.3,73.5,57.0,,,
1990-01-07,,7.9,0.3,25.7,20.48,16.7,77.75,56.0,,,4.38501825959
1990-01-08,,7.1,0.0,25.9,20.6,18.5,75.25,62.0,,,4.07839140239
1990-01-09,,9.2,0.0,26.7,21.02,17.3,76.0,63.0,,,4.5738776107
1990-01-10,,8.8,0.0,25.3,20.38,17.8,81.5,64.0,,,4.03955987608
1990-01-11,,9.1,0.0,25.9,20.4,17.6,73.75,62.0,,,4.27131562307
1990-01-12,,8.2,0.0,25.9,20.3,17.2,71.5,56.0,,,4.35104818889
1990-01-13,,10.9,0.0,26.2,20.18,15.6,64.5,42.0,,,4.72348358266
1990-01-14,,6.1,0.0,26.4,19.88,15.7,82.75,58.0,,,4.76415199208
1990-01-15,,7.3,7.3,24.9,20.28,17.5,74.75,60.0,,,3.97724328103
1990-01-16,,7.2,0.0,25.1,20.32,16.5,70.25,56.0,,,4.24357244408
1990-01-17,,5.8,0.0,25.9,19.36,16.7,77.0,58.0,,,4.4458331109
1990-01-18,,7.1,0.0,26.7,21.08,17.9,76.75,52.0,,,4.4591200031
1990-01-19,,6.0,0.0,25.5,20.44,17.1,73.75,56.0,,,4.24770120173
1990-01-20,,10.1,0.5,26.9,21.08,16.7,70.75,44.0,,,4.74023245793
1990-01-21,,9.0,0.0,26.5,20.52,15.9,73.25,48.0,,,4.75861940387
1990-01-22,,11.2,0.0,27.4,20.44,12.6,70.0,53.0,,,5.44925276566
1990-01-23,,9.1,0.0,27.8,21.42,17.9,70.75,52.0,,,4.79219683135
1990-01-24,,9.2,0.0,27.0,20.68,17.7,74.25,53.0,,,4.58687181536
1990-01-25,,9.4,0.0,27.3,20.94,16.3,68.75,50.0,,,4.91931452646
1990-01-26,,,,,,,,77.0,,,
1990-01-27,,7.4,0.0,25.9,20.54,17.6,75.5,64.0,,,4.26594123507
1990-01-28,,5.5,0.0,25.1,20.14,15.8,79.0,63.0,,,4.36610400685
1990-01-29,,1.7,0.0,23.3,19.6,16.7,87.75,73.0,,,3.6338353325
1990-01-30,,2.7,10.1,25.3,20.24,17.3,80.0,73.0,,,4.13705731148
1990-01-31,,2.7,1.1,24.1,20.4,17.5,83.75,72.0,,,3.70838555983
1990-02-01,,6.2,0.0,26.3,20.28,16.3,82.5,56.0,,,4.62216254313
1990-02-02,,7.3,0.3,26.7,20.16,16.7,85.5,60.0,,,4.66761405245
1990-02-03,,9.0,0.0,27.1,20.72,16.7,81.0,66.0,,,4.78211989395
1990-02-04,,8.0,0.0,25.7,21.68,15.3,70.25,50.0,,,4.61136755347
1990-02-05,,8.0,0.0,26.3,20.8,15.9,68.75,56.0,,,4.68130211309
1990-02-06,,1.3,0.0,24.9,20.4,16.1,79.75,56.0,,,4.23751477575
1990-02-07,,7.6,0.0,25.7,19.96,16.5,75.25,54.0,,,4.39814444137
1990-02-08,,8.7,0.0,25.9,22.28,16.3,72.25,49.0,,,4.49003494517
1990-02-09,,6.3,0.0,27.5,21.56,17.7,68.25,42.0,,,4.70847908647
1990-02-10,,8.7,0.0,28.5,21.92,16.7,57.75,36.0,,,5.16313051882
1990-02-11,,6.2,0.0,29.7,22.8,17.3,58.75,38.0,,,5.40677657637
1990-02-12,,6.4,0.0,28.3,23.08,18.3,58.0,46.0,,,4.82823061107
1990-02-13,,5.1,0.0,28.5,22.64,18.9,83.25,59.0,,,4.77287405997
1990-02-14,,3.1,0.0,24.7,20.56,17.9,83.25,67.0,,,3.78145165405
1990-02-15,,0.1,73.0,24.9,20.68,17.5,81.5,64.0,,,3.93114862768
1990-02-16,,0.0,1.4,23.3,21.64,17.5,83.0,78.0,,,3.40571411731
1990-02-17,,0.0,1.6,24.9,19.64,15.5,79.5,61.0,,,4.30873678621
1990-02-18,,2.0,0.0,25.1,20.56,17.7,78.5,61.0,,,3.93962942374
1990-02-19,,6.9,0.0,27.3,21.44,17.9,81.25,79.0,,,4.57118461699
1990-02-20,,0.7,16.1,23.5,19.52,17.1,86.0,68.0,,,3.55309741973
1990-02-21,,7.0,0.0,27.1,20.88,16.5,76.0,56.0,,,4.74708780657
1990-02-22,,7.4,0.0,28.1,21.44,17.7,68.5,47.0,,,4.826754336
1990-02-23,,5.6,0.0,26.9,21.28,17.9,71.25,59.0,,,4.42928933395
1990-02-24,,3.1,0.0,25.3,20.28,17.7,78.25,59.0,,,3.97380055424
1990-02-25,,3.0,0.8,26.3,20.76,16.9,79.75,55.0,,,4.42449699895
1990-02-26,,3.9,3.8,26.3,21.04,18.1,80.0,59.0,,,4.18932926809
1990-02-27,,1.7,0.0,25.3,20.56,17.7,75.25,60.0,,,3.95664671218
1990-02-28,,8.3,0.0,25.9,20.8,16.7,61.25,47.0,,,4.32439376956
1990-03-01,,7.5,5.9,26.1,20.4,16.7,77.75,56.0,,,4.37529410243
1990-03-02,,6.4,1.7,26.1,20.48,16.9,72.5,61.0,,,4.33233739289
1990-03-03,,4.8,0.0,26.3,20.76,17.1,69.75,58.0,,,4.34691384083
1990-03-04,,9.0,0.0,26.3,20.96,16.9,65.25,48.0,,,4.37501839784
1990-03-05,,8.3,0.0,26.5,21.24,18.9,70.5,52.0,,,4.03632950179
1990-03-06,,8.4,0.0,27.7,21.44,18.2,74.5,48.0,,,4.53204779307
1990-03-07,,,0.0,26.7,21.28,17.6,74.25,55.0,,,4.34008186368
1990-03-08,,9.1,0.0,26.7,21.1,17.0,68.25,51.0,,,4.43833306158
1990-03-09,,8.8,0.0,26.9,20.7,16.6,74.5,54.0,,,4.55261854393
1990-03-10,,2.2,0.0,23.8,20.42,17.4,81.5,78.0,,,3.4769432373
1990-03-11,,7.0,0.4,27.1,21.16,18.0,80.5,65.0,,,4.34706083547
1990-03-12,,9.1,0.0,27.9,22.18,17.4,70.0,49.0,,,4.67062084616
1990-03-13,,7.7,0.0,28.8,22.66,19.5,71.25,52.0,,,4.54820164311
1990-03-14,,7.0,0.0,28.4,22.64,18.8,76.25,56.0,,,4.54969181931
1990-03-15,,8.5,0.6,29.0,22.48,18.0,72.25,50.0,,,4.84671125699
1990-03-16,,6.3,0.0,27.2,21.8,18.2,70.5,54.0,,,4.28851394604
1990-03-17,,10.2,0.0,28.3,21.7,16.6,68.0,48.0,,,4.84723787993
1990-03-18,,7.2,0.0,27.4,21.68,18.3,70.0,52.0,,,4.30622817859
1990-03-19,,6.5,0.0,28.3,21.28,16.9,67.25,42.0,,,4.77755086308
1990-03-20,,8.1,10.0,27.9,21.44,17.3,63.5,46.0,,,4.59448887399
1990-03-21,,7.3,0.0,28.3,21.68,17.9,65.75,47.0,,,4.59462538836
1990-03-22,,6.7,0.0,28.3,22.56,18.3,62.75,45.0,,,4.51476605567
1990-03-23,,8.9,0.0,27.5,21.88,18.5,64.25,45.0,,,4.23969362886
1990-03-24,,8.9,0.0,28.9,22.8,18.1,61.5,45.0,,,4.68760728368
1990-03-25,,8.3,0.0,28.5,22.56,18.3,60.0,47.0,,,4.5310592106
1990-03-26,,6.5,0.0,28.3,22.24,18.5,60.5,45.0,,,4.42795371497
1990-03-27,,8.4,0.0,28.5,21.44,16.5,57.5,37.0,,,4.77811351563
1990-03-28,,5.5,0.0,29.1,21.56,16.3,78.0,45.0,,,4.94386665535
1990-03-29,,7.7,1.6,28.1,21.96,18.5,78.5,50.0,,,4.33120261455
1990-03-30,,8.4,0.0,27.5,21.08,17.3,75.25,52.0,,,4.35271595754
1990-03-31,,6.0,0.4,27.5,21.36,17.3,79.75,53.0,,,4.33853108774
1990-04-01,,2.0,0.0,25.5,21.56,18.1,76.5,66.0,,,3.6281877003
1990-04-02,,5.7,0.0,26.2,21.56,16.2,73.25,62.0,,,4.13986024049
1990-04-03,,1.8,0.0,25.9,21.36,18.6,76.75,61.0,,,3.61999667689
1990-04-04,,3.5,0.0,27.8,22.3,18.6,76.5,60.0,,,4.14597303694
1990-04-05,,5.4,0.0,27.5,22.02,18.4,69.25,54.0,,,4.08397813485
1990-04-06,,5.7,0.0,28.2,22.12,18.3,77.0,52.0,,,4.2759712331
1990-04-07,,4.1,0.3,27.1,21.68,19.0,86.5,65.0,,,3.83522330561
1990-04-08,,4.2,1.2,27.8,21.28,18.6,74.75,52.0,,,4.08761264445
1990-04-09,,5.6,0.0,28.1,21.8,18.3,65.5,44.0,,,4.20348232383
1990-04-10,,6.4,0.0,27.9,21.48,18.1,71.5,56.0,,,4.16764859969
1990-04-11,,7.1,0.0,30.3,23.12,18.1,75.25,55.0,,,4.76912366752
1990-04-12,,10.1,8.8,28.1,21.92,18.3,76.25,57.0,,,4.15704222155
1990-04-13,,8.9,0.6,26.5,21.6,17.7,73.0,58.0,,,3.81915591506
1990-04-14,,10.3,0.0,27.3,21.96,18.9,68.75,58.0,,,3.81039481047
1990-04-15,,9.2,0.0,27.7,22.0,17.5,69.5,52.0,,,4.13172513445
1990-04-16,,8.3,0.0,28.6,21.02,15.3,71.25,42.0,,,4.62429776177
1990-04-17,,9.2,0.0,27.8,21.5,16.6,64.5,41.0,,,4.25378459966
1990-04-18,,10.3,0.0,27.4,20.94,15.5,64.0,42.0,,,4.28583024602
1990-04-19,,7.6,0.0,27.8,21.62,17.7,66.0,56.0,,,4.06332245145
1990-04-20,,8.6,0.0,25.4,20.8,16.8,75.5,65.0,,,3.58286137874
1990-04-21,,5.1,0.3,24.5,20.0,17.4,84.75,78.0,,,3.2301892253
1990-04-22,,6.5,0.1,25.7,19.66,16.7,73.0,52.0,,,3.64589609137
1990-04-23,,6.3,0.1,25.9,21.08,16.7,80.0,69.0,,,3.68109364251
1990-04-24,,9.8,0.2,26.3,20.6,17.7,66.25,48.0,,,3.60847495247
1990-04-25,,7.1,0.6,25.7,20.04,17.3,81.0,54.0,,,3.5075773094
1990-04-26,,5.5,2.8,25.3,19.72,16.7,73.25,58.0,,,3.49011044388
1990-04-27,,10.1,0.7,26.7,20.8,17.3,68.25,46.0,,,3.7281118643
1990-04-28,,1.1,0.0,23.7,20.0,16.3,84.0,75.0,,,3.12921167587
1990-04-29,,4.7,2.6,25.9,21.04,17.5,82.25,63.0,,,3.4701806406
1990-04-30,,7.7,0.0,28.6,22.12,17.4,67.25,47.0,,,4.12264933149
1990-05-01,,9.7,0.0,29.7,22.88,17.4,65.0,44.0,,,4.36146203621
1990-05-02,,6.3,0.0,28.5,22.46,19.0,72.0,50.0,,,3.83653987155
1990-05-03,,6.7,0.0,26.8,21.4,18.9,78.0,63.0,,,3.40950260453
1990-05-04,,8.7,0.0,27.2,21.2,17.0,78.75,56.0,,,3.78798534502
1990-05-05,,3.6,0.0,25.7,20.72,18.1,80.5,67.0,,,3.24086151691
1990-05-06,,,,,,,,87.0,,,
1990-05-07,,7.1,0.0,26.5,20.72,16.1,68.0,50.0,,,3.70548811759
1990-05-08,,0.1,0.0,24.5,20.28,16.7,69.75,48.0,,,3.13974101661
1990-05-09,,5.9,0.0,26.3,20.88,17.7,81.5,56.0,,,3.40427833233
1990-05-10,,5.8,1.0,25.9,20.76,18.1,86.5,62.0,,,3.23009976337
1990-05-11,,4.6,3.2,27.1,21.24,18.3,82.75,55.0,,,3.47849384132
1990-05-12,,8.8,0.0,29.5,22.08,18.1,80.0,59.0,,,4.05198332935
1990-05-13,,0.0,0.2,26.2,21.26,17.9,76.5,55.0,,,3.30016121201
1990-05-14,,1.1,0.2,24.5,20.34,18.6,88.0,67.0,,,2.73781733013
1990-05-15,,2.7,3.0,23.9,19.76,17.3,88.75,72.0,,,2.81594445562
1990-05-16,,4.8,0.2,25.0,20.64,17.6,79.75,63.0,,,3.0256805024
1990-05-17,,7.8,0.1,27.0,20.42,17.8,70.5,45.0,,,3.45687379852
1990-05-18,,9.5,0.0,29.2,21.5,16.1,59.25,37.0,,,4.13690496205
1990-05-19,,10.5,0.0,32.0,23.48,14.7,49.5,30.0,,,4.82056472917
1990-05-20,,6.9,0.0,26.8,20.9,18.3,76.75,56.0,,,3.30269648394
1990-05-21,,4.1,0.0,25.7,20.68,17.5,73.0,52.0,,,3.15760310314
1990-05-22,,3.6,0.0,25.7,20.2,17.1,69.5,51.0,,,3.20743316069
1990-05-23,,4.9,0.0,25.3,20.2,16.5,70.0,51.0,,,3.19354354765
1990-05-24,,1.6,2.2,21.7,17.92,16.3,75.5,17.0,,,2.37189150956
1990-05-25,,1.6,3.8,22.5,18.08,15.9,95.0,93.0,,,2.62897107964
1990-05-26,,0.6,3.8,20.8,17.74,15.1,94.75,92.0,,,2.3540790018
1990-05-27,,3.0,1.5,22.1,18.16,16.1,80.25,74.0,,,2.48621941316
1990-05-28,,5.5,0.2,23.6,19.2,16.4,81.75,57.0,,,2.78266458494
1990-05-29,,0.4,0.8,21.2,18.32,16.6,96.25,89.0,,,2.15401913219
1990-05-30,,6.8,3.2,23.8,18.34,16.5,86.75,66.0,,,2.79909024938
1990-05-31,,2.3,0.0,21.2,18.22,15.9,86.25,80.0,,,2.27910019391
1990-06-01,,4.3,0.7,23.0,18.64,15.7,82.0,58.0,,,2.72745653115
1990-06-02,,0.1,1.6,20.5,17.66,16.0,91.25,81.0,,,2.07350761077
1990-06-03,,2.7,3.0,22.6,18.3,16.5,87.0,61.0,,,2.49601371417
1990-06-04,,2.9,2.1,22.8,18.12,15.3,81.5,66.0,,,2.72520080587
1990-06-05,,2.3,0.0,22.5,17.74,14.0,90.75,74.0,,,2.83286851417
1990-06-06,,0.5,4.6,21.3,18.14,16.6,91.5,82.0,,,2.14359303396
1990-06-07,,6.9,1.9,24.4,19.5,15.7,83.5,63.0,,,2.99867717963
1990-06-08,,1.8,2.1,21.7,17.62,15.9,91.25,79.0,,,2.36380600787
1990-06-09,,7.6,0.0,23.7,18.36,15.3,79.75,56.0,,,2.89482811716
1990-06-10,,8.1,0.0,24.3,18.92,15.7,81.75,58.0,,,2.96427484813
1990-06-11,,7.2,0.3,23.8,18.42,15.5,79.5,50.0,,,2.88149289449
1990-06-12,,4.8,0.0,23.6,18.78,16.0,82.0,62.0,,,2.76514020479
1990-06-13,,0.0,0.4,19.2,16.7,14.6,94.5,89.0,,,1.9832331352
1990-06-14,,0.3,3.2,19.8,16.98,14.9,94.0,87.0,,,2.07147188953
1990-06-15,,10.3,0.4,25.0,18.36,13.8,75.25,49.0,,,3.31165975026
1990-06-16,,4.9,0.0,24.3,18.58,15.3,80.0,58.0,,,2.99839635802
1990-06-17,,7.6,0.0,23.8,17.92,14.7,77.0,55.0,,,2.9690902645
1990-06-18,,6.4,0.0,23.4,17.74,14.7,84.5,64.0,,,2.88598952243
1990-06-19,,0.8,0.3,21.4,17.7,15.3,90.25,79.0,,,2.36975121478
1990-06-20,,3.6,2.5,22.7,18.38,15.3,87.75,71.0,,,2.65628098231
1990-06-21,,7.9,0.3,25.0,19.32,16.9,79.0,60.0,,,2.92586530403
1990-06-22,,9.2,0.0,25.4,19.32,15.6,79.0,57.0,,,3.18075867249
1990-06-23,,6.0,0.1,24.2,18.78,15.6,81.5,64.0,,,2.93317036452
1990-06-24,,4.8,0.0,23.4,18.82,15.7,84.5,69.0,,,2.75016936581
1990-06-25,,0.2,6.2,21.5,17.74,16.5,92.0,81.0,,,2.18414720302
1990-06-26,,6.1,0.0,23.9,18.2,15.5,80.75,61.0,,,2.88598662698
1990-06-27,,6.0,0.3,24.1,18.14,15.2,77.75,54.0,,,2.96819933509
1990-06-28,,0.1,0.9,19.7,17.2,15.7,93.25,84.0,,,1.88745105629
1990-06-29,,0.9,1.0,21.4,17.68,15.6,91.25,75.0,,,2.32571813152
1990-06-30,,2.4,2.6,21.9,17.96,15.9,88.5,72.0,,,2.39356332321
1990-07-01,,2.5,1.6,23.1,18.96,16.7,87.0,67.0,,,2.54184253172
1990-07-02,,2.7,6.5,22.5,18.8,16.5,85.0,71.0,,,2.4376015622
1990-07-03,,4.6,0.0,23.3,18.92,15.9,72.25,54.0,,,2.71752226223
1990-07-04,,4.3,0.0,24.3,19.12,15.7,74.5,56.0,,,2.96469479604
1990-07-05,,2.3,0.4,23.9,19.16,16.1,78.25,55.0,,,2.82733179419
1990-07-06,,0.0,4.4,22.9,18.4,16.5,78.0,64.0,,,2.54450000508
1990-07-07,,0.1,1.4,21.4,17.94,14.7,78.0,67.0,,,2.49284621295
1990-07-08,,7.6,0.6,23.7,19.04,16.5,74.0,54.0,,,2.73656427466
1990-07-09,,8.2,0.0,24.2,18.56,15.8,79.75,56.0,,,2.95328772784
1990-07-10,,8.9,0.0,24.9,18.46,15.1,74.5,49.0,,,3.19591637031
1990-07-11,,7.2,0.0,25.9,19.1,15.2,71.5,46.0,,,3.39473160689
1990-07-12,,,0.0,24.4,19.16,15.7,70.75,53.0,,,3.02741451746
1990-07-13,,,0.0,23.2,18.2,15.6,81.5,63.0,,,2.78698131053
1990-07-14,,,0.0,22.0,17.84,15.0,82.25,68.0,,,2.61587387392
1990-07-15,,,0.7,20.3,17.4,15.4,92.5,79.0,,,2.1544358833
1990-07-16,,3.8,3.8,22.7,17.92,15.7,82.75,56.0,,,2.67903683872
1990-07-17,,7.0,0.4,24.3,19.0,15.5,77.0,61.0,,,3.06830642003
1990-07-18,,7.5,0.6,25.5,19.16,16.5,75.25,50.0,,,3.20178613958
1990-07-19,,9.5,0.0,26.1,19.8,15.9,66.5,45.0,,,3.41765845394
1990-07-20,,10.2,0.0,26.3,18.28,14.7,60.25,34.0,,,3.60757464499
1990-07-21,,9.8,0.0,23.9,18.56,15.1,62.25,48.0,,,3.06874363562
1990-07-22,,7.9,0.0,23.7,18.56,15.1,63.5,54.0,,,3.03428672048
1990-07-23,,2.4,0.0,22.4,17.68,14.0,82.25,65.0,,,2.9106545643
1990-07-24,,8.9,0.2,24.6,18.68,15.1,80.25,58.0,,,3.24704538554
1990-07-25,,7.4,1.5,24.9,18.52,14.5,80.5,65.0,,,3.39430178537
1990-07-26,,1.5,0.6,23.2,18.16,15.3,85.5,63.0,,,2.93205417794
1990-07-27,,8.1,0.8,24.2,18.24,14.7,77.5,49.0,,,3.24303539982
1990-07-28,,6.3,0.0,24.2,19.12,13.6,64.0,50.0,,,3.38610571482
1990-07-29,,7.7,0.0,23.6,18.04,13.7,73.0,48.0,,,3.26090347625
1990-07-30,,6.5,0.0,24.5,18.24,14.1,74.75,50.0,,,3.41331946678
1990-07-31,,6.5,0.0,24.3,18.2,13.9,70.5,49.0,,,3.40654424908
1990-08-01,,,0.0,24.5,18.32,14.1,76.5,46.0,,,3.43689416811
1990-08-02,,,4.0,22.3,17.44,15.5,90.0,72.0,,,2.75879521708
1990-08-03,,,4.3,21.5,17.44,14.7,73.5,56.0,,,2.70825052283
1990-08-04,,,3.4,20.8,16.98,15.1,74.0,70.0,,,2.47805450672
1990-08-05,,,1.0,20.9,16.14,13.4,82.0,56.0,,,2.78899635621
1990-08-06,,,0.0,22.9,16.78,11.2,75.25,52.0,,,3.48620362524
1990-08-07,,,1.0,20.2,16.32,13.6,90.25,72.0,,,2.61672675841
1990-08-08,,,3.3,22.9,17.4,14.5,82.25,57.0,,,3.11674435971
1990-08-09,,,0.0,24.5,18.48,14.7,76.75,58.0,,,3.46238820516
1990-08-10,,,0.0,24.2,18.56,14.8,77.75,60.0,,,3.39465693092
1990-08-11,,,0.5,23.5,17.7,15.0,86.75,59.0,,,3.21855740004
1990-08-12,,,1.0,22.4,17.68,15.1,86.75,66.0,,,2.95365773033
1990-08-13,,,7.6,20.7,16.24,13.9,86.75,69.0,,,2.74806445605
1990-08-14,,,1.0,20.3,16.68,13.7,72.5,64.0,,,2.69448428336
1990-08-15,,,0.0,22.7,16.76,13.7,74.5,48.0,,,3.26746789898
1990-08-16,,,0.0,24.7,17.4,12.7,66.25,46.0,,,3.84005239884
1990-08-17,,,0.0,25.9,19.36,15.1,63.5,42.0,,,3.83735786991
1990-08-18,,,0.0,26.7,19.68,15.3,59.25,42.0,,,4.00935624859
1990-08-19,,,0.0,25.5,19.48,15.1,65.75,46.0,,,3.77485968148
1990-08-20,,,0.0,25.4,18.98,14.2,69.75,53.0,,,3.88082010086
1990-08-21,,,0.7,24.6,19.28,17.0,84.0,63.0,,,3.29447384248
1990-08-22,,,0.0,22.2,18.58,16.0,79.0,69.0,,,2.85546160679
1990-08-23,,,0.0,23.5,18.62,14.8,73.0,66.0,,,3.40005716776
1990-08-24,,,1.0,20.6,16.54,14.0,93.25,76.0,,,2.82386684733
1990-08-25,,,0.3,21.0,16.66,13.9,86.75,68.0,,,2.95257154861
1990-08-26,,,0.7,22.2,17.62,15.3,89.25,68.0,,,3.02945279327
1990-08-27,,,1.1,25.7,19.14,15.6,74.5,44.0,,,3.87027358334
1990-08-28,,,0.0,26.3,20.0,16.9,63.5,43.0,,,3.84032995963
1990-08-29,,,0.0,25.5,19.84,17.7,72.0,42.0,,,3.51128612364
1990-08-30,,,0.4,24.9,19.92,17.1,70.0,52.0,,,3.47060958823
1990-08-31,,,0.0,25.3,19.92,15.9,63.75,46.0,,,3.78455538311
1990-09-01,,,0.0,23.9,19.54,15.2,65.0,48.0,,,3.55427555933
1990-09-02,,,0.0,25.5,20.0,15.9,53.75,34.0,,,3.86247588349
1990-09-03,,,0.0,26.8,20.02,16.7,80.25,56.0,,,4.08443398501
1990-09-04,,,4.6,25.0,18.56,15.7,84.0,64.0,,,3.79404077673
1990-09-05,,,2.0,23.3,18.0,14.9,85.75,70.0,,,3.49992373876
1990-09-06,,,0.5,23.5,18.1,15.4,80.75,56.0,,,3.48154990455
1990-09-07,,,1.0,25.2,18.58,14.6,69.25,46.0,,,4.04476626927
1990-09-08,,,0.0,26.4,19.78,15.9,68.5,48.0,,,4.17330387815
1990-09-09,,,0.0,25.7,19.96,17.0,71.5,52.0,,,3.83116539345
1990-09-10,,,0.0,29.3,22.16,16.9,56.5,36.0,,,4.79421578297
1990-09-11,,,0.0,26.5,20.36,17.5,69.75,46.0,,,3.9876171007
1990-09-12,,,4.8,25.7,20.12,16.7,59.75,38.0,,,3.92014340504
1990-09-13,,,0.0,26.9,20.92,16.9,60.75,36.0,,,4.21982424633
1990-09-14,,,0.0,27.9,21.04,17.1,56.0,38.0,,,4.46569320181
1990-09-15,,,0.0,27.1,20.32,16.7,54.5,34.0,,,4.3303913665
1990-09-16,,,0.0,26.9,20.28,17.1,55.5,38.0,,,4.22711048177
1990-09-17,,,0.0,26.9,20.06,13.9,74.5,49.0,,,4.68693758283
1990-09-18,,2.7,2.1,24.8,18.74,16.1,87.0,70.0,,,3.85061952058
1990-09-19,,2.4,0.8,24.2,18.6,15.6,80.75,61.0,,,3.78437329141
1990-09-20,,8.8,0.0,24.6,19.16,15.1,72.0,58.0,,,3.98356731162
1990-09-21,,5.6,0.1,25.7,19.46,16.0,78.75,61.0,,,4.14381709812
1990-09-22,,6.1,0.0,26.7,20.22,16.5,74.75,48.0,,,4.34369128311
1990-09-23,,5.6,7.8,25.1,19.26,16.4,78.5,58.0,,,3.93569509512
1990-09-24,,6.0,0.0,27.8,20.34,14.7,71.75,54.0,,,4.90507971615
1990-09-25,,0.0,0.0,21.8,18.56,16.4,85.5,72.0,,,2.98360650708
1990-09-26,,0.0,0.7,,16.2,15.0,93.75,88.0,,,
1990-09-27,,0.2,0.6,19.7,16.02,13.7,92.75,82.0,,,2.95529702732
1990-09-28,,0.4,1.3,19.8,16.26,13.3,77.75,67.0,,,3.07007358854
1990-09-29,,7.9,0.0,24.3,18.08,13.7,74.75,58.0,,,4.21018839808
1990-09-30,,8.8,0.0,28.2,20.6,13.7,69.5,45.0,,,5.1971864198
1990-10-01,7.3,0.8,1.2,24.8,19.38,16.6,95.75,79.0,4.333333,,1.90426712325
1990-10-02,1.8,3.9,8.9,23.6,18.24,15.8,84.75,65.0,3.333333,,2.95320421429
1990-10-03,6.4,7.4,0.0,24.8,18.36,14.6,85.75,65.0,5.0,,3.55907228978
1990-10-04,2.8,3.0,2.3,23.6,18.38,15.8,96.5,94.0,5.0,,2.18017213347
1990-10-05,0.8,2.4,13.5,21.7,17.58,14.9,86.75,73.0,4.0,,2.49882397889
1990-10-06,2.7,10.7,0.0,24.6,18.64,13.7,72.5,51.0,4.333333,,4.72209645162
1990-10-07,5.6,8.8,0.0,26.4,20.1,16.1,60.5,44.0,3.666667,,5.10422389162
1990-10-08,7.4,7.2,0.3,26.4,20.46,15.7,76.25,52.0,4.666667,,4.22334481141
1990-10-09,5.4,4.5,0.1,25.7,20.26,16.7,76.75,50.0,3.333333,,3.56954906865
1990-10-10,6.9,7.3,0.1,26.5,20.7,16.7,78.75,53.0,4.0,,4.14420250129
1990-10-11,6.6,5.9,0.0,26.7,20.52,16.9,69.25,48.0,3.666667,,4.28734149636
1990-10-12,6.2,6.2,0.0,27.2,20.72,17.1,73.0,53.0,2.333333,,4.03760038745
1990-10-13,5.3,4.6,0.0,27.7,20.52,16.7,76.5,51.0,4.0,,3.81790648609
1990-10-14,6.6,10.1,0.0,26.9,21.14,16.0,69.25,47.0,4.666667,,5.20444790506
1990-10-15,8.8,7.5,0.0,28.2,21.26,16.7,67.0,42.0,2.0,,4.46425544665
1990-10-16,6.0,1.5,0.0,26.0,20.68,18.0,73.5,56.0,2.666667,,3.06896638921
1990-10-17,4.4,1.8,0.0,25.7,20.64,18.0,64.5,46.0,3.0,,3.53214982808
1990-10-18,6.4,5.8,0.9,26.8,20.3,15.6,62.25,47.0,2.666667,,4.28567985189
1990-10-19,7.2,9.4,0.0,29.0,21.18,14.5,60.5,45.0,2.0,,4.99091816779
1990-10-20,6.3,8.2,0.0,29.5,21.38,14.7,68.5,38.0,4.0,,5.0042937852
1990-10-21,6.8,8.0,1.8,29.4,22.3,17.7,73.75,49.0,2.0,,4.58496488776
1990-10-22,5.8,2.4,0.0,28.0,22.68,18.7,74.0,73.0,2.333333,,3.31139684061
1990-10-23,4.7,1.6,0.3,27.0,21.96,18.1,74.0,53.0,3.0,,3.20393523166
1990-10-24,3.8,0.9,2.0,26.3,20.94,17.6,81.0,59.0,3.333333,,2.76766488637
1990-10-25,4.2,3.3,0.0,26.9,21.2,16.7,68.5,51.0,3.333333,,3.79917032055
1990-10-26,5.4,0.2,0.0,26.0,20.9,16.0,69.5,53.0,2.666667,,2.91389365423
1990-10-27,4.8,0.0,0.0,24.4,19.5,17.5,90.25,72.0,3.0,,2.110934463
1990-10-28,1.9,0.0,9.6,21.3,18.24,16.6,92.75,90.0,2.666667,,1.92111603744
1990-10-29,1.5,2.3,1.4,24.6,19.3,15.7,81.5,62.0,3.0,,2.88485036842
1990-10-30,5.0,3.8,0.8,26.8,20.9,17.3,75.75,47.0,4.333333,,3.74904227265
1990-10-31,6.0,1.2,0.0,25.4,20.4,17.0,80.25,65.0,2.666667,,2.74828819285
1990-11-01,,,,,,,,89.0,,,
1990-11-02,,,,,,,,,,,
1990-11-03,,,,,,,,,,,
1990-11-04,,,,,,,,,,,
1990-11-05,,,,,,,,,,,
1990-11-06,,,,,,,,,,,
1990-11-07,,,,,,,,,,,
1990-11-08,,,,,,,,,,,
1990-11-09,,,,,,,,,,,
1990-11-10,,,,,,,,,,,
1990-11-11,,,,,,,,,,,
1990-11-12,,,,,,,,,,,
1990-11-13,,,,,,,,,,,
1990-11-14,,,,,,,,,,,
1990-11-15,,,,,,,,,,,
1990-11-16,,,,,,,,,,,
1990-11-17,,,,,,,,,,,
1990-11-18,,,,,,,,,,,
1990-11-19,,,,,,,,,,,
1990-11-20,,,,,,,,,,,
1990-11-21,,,,,,,,,,,
1990-11-22,,,,,,,,,,,
1990-11-23,,,,,,,,,,,
1990-11-24,,,,,,,,,,,
1990-11-25,,,,,,,,,,,
1990-11-26,,,,,,,,,,,
1990-11-27,,,,,,,,,,,
1990-11-28,,,,,,,,,,,
1990-11-29,,,,,,,,,,,
1990-11-30,,,,,,,,,,,
1990-12-01,,8.2,0.0,27.0,20.94,16.7,74.75,55.0,,,4.75173421479
1990-12-02,,4.5,0.7,26.9,20.9,17.6,84.25,60.0,,,4.56133131782
1990-12-03,,4.2,14.8,25.1,20.56,17.4,86.75,68.0,,,4.04733095444
1990-12-04,,5.3,0.3,26.9,21.14,17.7,84.0,60.0,,,4.5435257928
1990-12-05,,4.6,1.8,25.9,20.26,17.7,84.0,64.0,,,4.23649986997
1990-12-06,,6.0,0.5,25.7,20.5,17.2,81.5,60.0,,,4.27565670372
1990-12-07,,0.7,4.2,23.4,19.9,17.0,88.0,80.0,,,3.59231491426
1990-12-08,,1.3,0.5,25.4,21.2,17.8,82.75,68.0,,,4.05928625664
1990-12-09,,5.4,35.6,28.3,21.88,16.5,81.5,66.0,,,5.16129291647
1990-12-10,,5.4,54.0,25.4,20.34,16.0,86.0,66.0,,,4.41224932887
1990-12-11,,3.1,1.6,26.6,21.52,17.7,78.5,64.0,,,4.45543846439
1990-12-12,,8.3,0.2,28.1,22.06,18.9,73.25,52.0,,,4.68344478365
1990-12-13,,11.4,0.0,28.7,22.58,18.2,67.0,46.0,,,4.99784141466
1990-12-14,,8.1,0.0,28.7,21.74,17.4,70.0,46.0,,,5.13496359794
1990-12-15,,10.1,0.0,28.0,21.66,17.2,72.0,53.0,,,4.96525377671
1990-12-16,,8.6,0.0,27.4,21.76,17.5,66.0,45.0,,,4.73667745222
1990-12-17,,10.6,0.0,27.5,21.2,15.5,66.25,42.0,,,5.09232024539
1990-12-18,,5.0,0.1,26.1,20.9,17.6,81.5,61.0,,,4.32441670771
1990-12-19,,4.3,0.7,27.0,20.88,17.6,80.5,60.0,,,4.59965985219
1990-12-20,,11.0,0.0,29.9,23.14,17.6,60.5,49.0,,,5.45235027501
1990-12-21,,11.3,0.0,27.8,22.16,17.7,67.5,49.0,,,4.82230501973
1990-12-22,,8.9,0.0,28.0,22.3,16.9,66.25,49.0,,,5.01849712971
1990-12-23,,10.4,0.0,28.2,21.38,15.3,59.25,37.0,,,5.31656345043
1990-12-24,,11.1,0.0,29.1,22.88,17.7,72.5,44.0,,,5.20694249871
1990-12-25,,10.4,0.7,28.8,22.78,18.3,58.0,41.0,,,5.01587664775
1990-12-26,,7.0,0.0,28.7,22.44,18.6,64.75,43.0,,,4.93179967534
1990-12-27,,7.8,0.0,29.4,22.72,17.6,63.25,45.0,,,5.31195830194
1990-12-28,,4.1,0.0,29.5,22.94,18.9,69.25,46.0,,,5.12045995527
1990-12-29,,5.5,0.0,28.6,23.14,19.6,69.25,50.0,,,4.70743998516
1990-12-30,,0.0,0.1,23.7,19.26,16.9,91.25,70.0,,,3.72109850547
1990-12-31,,3.1,25.8,24.0,19.48,16.2,84.75,67.0,,,3.96478599007
1991-01-01,2.7,1.4,0.9,23.0,19.18,16.3,83.75,64.0,2.0,,2.54896540401
1991-01-02,2.6,0.0,0.0,23.5,19.7,17.4,83.75,69.0,2.333333,,2.3182015646
1991-01-03,2.9,10.7,0.0,27.8,21.94,17.0,60.75,42.0,2.666667,,5.53758038788
1991-01-04,5.1,5.1,0.0,26.3,21.38,18.2,75.5,58.0,2.333333,,3.8198716677
1991-01-05,3.4,8.0,0.0,28.4,21.82,17.3,74.5,48.0,2.333333,,4.59064243768
1991-01-06,3.3,3.1,2.0,28.0,22.28,18.7,76.5,52.0,2.666667,,3.4990517048
1991-01-07,3.5,1.2,3.4,24.4,20.26,17.2,76.25,64.0,2.666667,,2.8830271802
1991-01-08,4.1,9.1,0.0,28.1,21.42,16.3,72.0,43.0,2.666667,,4.87645862968
1991-01-09,6.4,8.1,0.0,28.2,22.32,18.6,72.75,50.0,3.333333,,4.84628287948
1991-01-10,5.4,8.4,0.0,28.8,22.4,18.0,67.25,51.0,2.666667,,5.00743760135
1991-01-11,5.1,,0.0,27.6,22.08,17.6,68.25,57.0,2.0,,4.30577735389
1991-01-12,4.9,,0.0,25.8,21.1,18.5,86.5,70.0,1.666667,,3.38718790784
1991-01-13,1.8,,5.5,26.8,21.56,18.6,87.0,75.0,1.333333,,3.59271166185
1991-01-14,2.1,,1.3,24.8,20.64,18.8,86.75,68.0,1.666667,,3.10725988275
1991-01-15,2.3,,8.3,24.4,20.8,17.9,82.5,62.0,2.666667,,3.28604824786
1991-01-16,2.7,,0.0,27.0,22.48,19.7,77.0,61.0,2.0,,3.72315793409
1991-01-17,3.8,,0.0,26.5,21.96,18.7,81.75,69.0,0.0,,3.49989808787
1991-01-18,2.7,,0.0,27.0,21.9,18.9,75.25,56.0,2.333333,,3.91780887798
1991-01-19,5.2,,0.0,27.7,21.84,17.4,67.25,47.0,4.0,,4.79249786464
1991-01-20,6.1,,0.0,24.0,19.82,17.7,87.25,74.0,2.333333,,3.07405048372
1991-01-21,1.5,,10.6,25.0,20.88,18.3,86.5,82.0,2.0,,3.23375216888
1991-01-22,3.9,,0.0,26.8,21.2,17.7,79.75,61.0,2.0,,3.86155245403
1991-01-23,4.5,,0.0,26.5,22.34,18.2,71.0,61.0,1.0,,3.73790296103
1991-01-24,3.6,,0.0,27.5,22.1,18.7,79.75,58.0,1.333333,,3.83726039866
1991-01-25,3.0,,1.1,27.7,21.8,19.1,78.75,58.0,2.0,,3.91119409462
1991-01-26,4.4,,0.0,28.7,22.64,18.3,62.5,47.0,2.0,,4.58749844872
1991-01-27,5.8,,0.0,28.4,22.86,19.3,68.75,55.0,2.333333,,4.35330025918
1991-01-28,6.4,,0.0,27.6,21.92,18.2,70.0,57.0,3.0,,4.39453872994
1991-01-29,5.4,,0.0,27.1,20.48,16.4,69.5,49.0,2.666667,,4.40947443161
1991-01-30,6.1,,0.0,28.2,21.54,18.5,69.75,46.0,1.666667,,4.22042142614
1991-01-31,4.9,,0.0,29.2,22.24,17.2,66.5,49.0,2.0,,4.69861874602
1991-02-01,6.2,11.0,0.0,28.5,22.4,16.3,60.5,45.0,2.333333,,5.56333912449
1991-02-02,7.2,8.2,0.0,28.5,21.6,17.1,62.0,34.0,3.666667,,5.32287963092
1991-02-03,6.0,5.6,0.6,27.7,20.76,17.1,73.25,37.0,4.0,,4.28302973522
1991-02-04,5.6,4.0,0.0,26.9,20.6,17.3,80.75,54.0,4.0,,3.54309976013
1991-02-05,4.2,7.2,1.9,26.5,21.2,17.3,67.0,56.0,4.0,,4.80681056647
1991-02-06,8.4,3.8,0.0,27.9,21.8,17.3,68.25,47.0,3.333333,,4.04016906956
1991-02-07,4.8,4.2,0.0,27.9,22.36,19.7,89.25,72.0,2.333333,,3.34839629502
1991-02-08,2.3,1.4,25.0,26.5,21.64,18.9,80.25,57.0,2.333333,,2.8716166559
1991-02-09,3.8,8.6,0.0,27.7,22.2,18.5,66.0,57.0,2.666667,,5.02454179744
1991-02-10,5.2,10.5,0.0,29.1,22.68,18.3,61.5,37.0,2.0,,5.48328364924
1991-02-11,7.0,9.9,0.0,30.7,23.56,18.1,64.5,46.0,2.0,,5.41172739326
1991-02-12,7.0,10.0,0.0,32.7,24.88,19.1,60.75,37.0,1.666667,,5.60190360201
1991-02-13,7.7,6.6,0.0,31.5,24.32,20.1,74.25,48.0,2.0,,4.54297100196
1991-02-14,6.0,6.6,3.3,30.9,23.76,20.3,78.75,46.0,3.333333,,4.53998563383
1991-02-15,1.6,9.8,18.8,30.2,23.26,19.7,81.0,56.0,3.0,,5.11695239282
1991-02-16,6.6,8.6,0.0,27.9,22.28,18.1,63.0,50.0,2.0,,4.91297954158
1991-02-17,7.1,8.4,0.0,28.5,22.36,17.7,63.75,43.0,3.666667,,5.29330237846
1991-02-18,6.6,7.9,0.0,28.7,22.68,17.7,58.0,45.0,2.666667,,5.13012328476
1991-02-19,5.6,7.9,0.0,30.7,23.8,18.3,61.0,44.0,2.0,,5.00384078756
1991-02-20,6.1,2.8,0.0,27.9,21.8,18.1,84.0,60.0,3.333333,,3.1492054984
1991-02-21,2.0,8.6,1.5,27.0,21.74,17.9,65.0,49.0,3.0,,5.00662722633
1991-02-22,6.0,5.7,0.0,28.1,22.28,17.9,58.75,50.0,2.666667,,4.59872641291
1991-02-23,4.0,,0.0,29.9,21.96,16.7,54.5,40.0,2.0,,5.04901528512
1991-02-24,4.2,,0.0,30.9,23.0,17.3,62.0,46.0,1.666667,,4.92571566095
1991-02-25,9.3,,0.0,29.7,22.76,18.7,62.75,45.0,4.0,,5.2423381881
1991-02-26,12.0,9.1,0.0,30.3,23.4,18.3,54.0,33.0,2.666667,,5.62680639253
1991-02-27,7.9,10.0,0.0,29.5,22.68,17.9,60.25,33.0,4.333333,,5.99767018104
1991-02-28,10.2,9.7,0.0,27.5,21.64,18.5,69.5,50.0,4.0,,5.27355935602
1991-03-01,7.0,,,,,,57.0,33.0,,,
1991-03-02,6.3,,0.0,,,,62.25,34.0,,,
1991-03-03,10.0,,0.0,,,,67.25,48.0,,,
1991-03-04,6.3,8.5,0.0,28.8,22.4,18.3,67.75,58.0,4.0,,5.19507099263
1991-03-05,8.7,3.9,0.0,27.8,21.92,17.9,75.5,52.0,5.0,,3.91435822119
1991-03-06,6.3,6.7,0.0,29.1,22.02,16.6,78.0,50.0,5.666667,,4.39589466171
1991-03-07,7.4,0.8,6.6,23.8,20.12,17.0,89.5,84.0,3.333333,,2.24062603608
1991-03-08,0.9,6.4,5.6,27.0,21.18,17.9,73.75,54.0,3.666667,,4.25967574794
1991-03-09,6.2,3.7,0.1,25.7,21.28,19.0,76.0,58.0,3.666667,,3.57624508275
1991-03-10,4.6,4.8,0.0,25.1,20.64,17.2,68.0,56.0,3.333333,,3.9561888015
1991-03-11,4.5,7.5,0.0,27.8,21.74,17.3,72.75,50.0,3.666667,,4.53541197931
1991-03-12,6.5,10.2,0.0,29.2,22.82,17.5,,66.0,1.0,,5.01561518201
1991-03-13,6.1,6.2,0.0,30.3,23.5,17.4,,60.0,1.5,,5.3183404163
1991-03-14,5.4,4.4,0.0,29.0,23.0,19.5,,58.0,2.0,,4.5969928171
1991-03-15,3.4,3.8,0.2,29.1,23.6,20.3,,76.0,3.5,,4.46098763305
1991-03-16,3.6,3.5,22.4,26.2,21.46,18.5,,83.0,2.5,,3.93243416852
1991-03-17,1.4,0.0,23.4,23.9,19.94,18.0,,98.0,1.0,,3.31385293095
1991-03-18,0.4,0.7,9.2,23.0,20.38,18.5,,93.0,1.0,,2.87174869044
1991-03-19,0.8,0.2,31.5,24.2,20.6,18.6,,88.0,2.5,,3.24901419741
1991-03-20,1.0,7.6,24.6,26.6,20.84,17.5,,84.0,1.5,,4.19905853083
1991-03-21,3.7,7.5,0.0,26.9,21.26,17.7,,75.0,1.5,,4.23690197869
1991-03-22,,,0.0,,,,,74.0,1.0,,
1991-03-23,,,4.4,,,,,84.0,0.5,,
1991-03-24,,,0.0,,,,,83.0,0.5,,
1991-03-25,,,0.0,,,,,79.0,2.5,,
1991-03-26,,,0.0,,,,,75.0,1.5,,
1991-03-27,,,0.0,,,,,70.0,1.0,,
1991-03-28,,,0.0,21.3,20.56,17.5,,72.0,1.5,,2.47423803471
1991-03-29,,,0.0,,,,,70.0,1.0,,
1991-03-30,,,0.0,,,,,76.0,1.5,,
1991-03-31,,,0.0,,,,,75.0,2.0,,
1991-04-01,4.6,6.2,0.2,28.5,22.3,19.0,,80.0,1.0,,4.31331853571
1991-04-02,3.8,7.3,0.0,28.4,22.74,19.7,,80.0,2.0,,4.14358413364
1991-04-03,4.1,8.5,0.0,28.1,21.92,17.7,,71.0,2.0,,4.39091773188
1991-04-04,6.2,9.6,0.0,27.8,21.76,17.5,,70.0,1.5,,4.32798594029
1991-04-05,5.0,8.9,0.0,28.2,21.88,16.9,,75.0,2.0,,4.50627674696
1991-04-06,4.3,5.6,0.4,28.2,21.66,18.3,,66.0,5.5,,4.2759712331
1991-04-07,4.8,5.9,0.0,25.9,20.82,18.0,,82.0,4.0,,3.68558782094
1991-04-08,4.1,4.2,1.2,26.0,21.14,18.3,,80.0,3.0,,3.64379646143
1991-04-09,4.1,6.8,0.0,27.4,21.92,17.7,,78.0,4.0,,4.11568129578
1991-04-10,3.4,3.2,1.0,25.7,20.92,18.3,,88.0,1.5,,3.53278188486
1991-04-11,1.6,9.2,10.4,26.2,20.72,17.6,,79.0,2.0,,3.78485382158
1991-04-12,4.4,7.6,0.0,27.2,21.36,18.4,,83.0,5.0,,3.90081101765
1991-04-13,4.1,5.3,0.0,26.6,21.1,18.0,,81.0,2.5,,3.79443183243
1991-04-14,4.0,3.2,0.0,25.4,20.62,17.5,,79.0,4.0,,3.54617556292
1991-04-15,4.0,8.2,0.0,27.0,21.62,17.4,,74.0,5.0,,3.96867539787
1991-04-16,5.3,0.6,1.7,24.5,20.4,18.3,,81.0,3.0,,3.11361384073
1991-04-17,2.2,1.4,1.0,26.5,21.18,17.0,,74.0,4.5,,3.87360009208
1991-04-18,4.8,2.6,3.9,24.4,20.16,18.0,,88.0,4.0,,3.1230318809
1991-04-19,2.9,8.4,0.0,26.3,20.98,17.7,,79.0,4.0,,3.68012050728
1991-04-20,5.2,5.8,0.3,27.0,21.26,17.7,,78.0,5.0,,3.84554769863
1991-04-21,5.5,10.5,0.0,25.8,20.36,16.6,,65.0,5.0,,3.7007146866
1991-04-22,6.8,4.3,0.0,24.8,19.7,16.5,,75.0,4.0,,3.45186510481
1991-04-23,3.5,7.4,0.3,25.7,19.64,16.3,,75.0,2.0,,3.69234137479
1991-04-24,4.4,7.6,0.0,27.4,20.7,16.0,,79.0,2.5,,4.12326187741
1991-04-25,8.8,4.6,0.0,26.6,20.96,17.8,,80.0,2.0,,3.65406598826
1991-04-26,4.6,1.5,0.0,25.7,21.1,18.6,,81.0,4.0,,3.26515781685
1991-04-27,3.4,7.8,0.0,27.2,21.48,17.6,,69.0,3.0,,3.80542884581
1991-04-28,6.1,6.5,0.0,26.2,20.44,17.0,,81.0,2.0,,3.63678324737
1991-04-29,4.7,3.2,0.0,26.6,21.88,18.6,,80.0,1.0,,3.46371142856
1991-04-30,4.0,4.3,0.2,27.3,21.96,18.4,,79.0,3.0,,3.66153149858
1991-05-01,4.5,4.7,0.2,24.8,20.36,17.0,,76.0,3.0,,3.25059073611
1991-05-02,3.9,7.6,0.0,26.0,19.98,16.3,,75.0,2.5,,3.63412795453
1991-05-03,5.2,7.0,0.0,25.7,19.64,16.0,,78.0,3.0,,3.59213207488
1991-05-04,5.4,3.9,0.0,24.5,19.84,16.4,,79.0,3.0,,3.23600554781
1991-05-05,4.0,7.8,0.0,27.3,21.6,17.9,,73.0,3.0,,3.66782378842
1991-05-06,5.4,1.5,0.0,24.7,20.48,17.6,,76.0,1.5,,3.06152855811
1991-05-07,3.1,2.7,1.9,24.9,20.34,17.3,,79.0,3.5,,3.15143530019
1991-05-08,3.1,,0.6,25.4,19.8,16.4,,83.0,2.0,,3.39897148007
1991-05-09,3.0,,0.3,27.1,20.62,17.3,,83.0,1.0,,3.65229452347
1991-05-10,3.3,2.1,0.0,23.8,19.66,16.7,,80.0,2.5,,2.94624865997
1991-05-11,3.0,6.7,0.1,24.8,19.5,16.7,,83.0,2.5,,3.17659443922
1991-05-12,4.4,5.5,0.0,24.4,19.12,16.3,,75.0,2.0,,3.13226822868
1991-05-13,4.6,8.9,0.0,25.3,19.14,15.9,,69.0,2.5,,3.38425387468
1991-05-14,5.2,2.8,0.0,23.2,19.14,15.6,,83.0,4.0,,2.93753778601
1991-05-15,3.1,6.1,1.0,25.5,19.46,15.6,,76.0,2.5,,3.44432288752
1991-05-16,3.4,7.3,0.2,26.5,19.08,14.9,,82.0,3.0,,3.73009741117
1991-05-17,4.0,3.0,0.0,25.5,19.88,16.3,,83.0,2.0,,3.32788597022
1991-05-18,3.9,1.0,0.0,24.1,19.56,16.9,,80.0,4.0,,2.90393166437
1991-05-19,2.0,3.3,4.3,23.8,18.66,13.7,,95.0,3.5,,3.27154648784
1991-05-20,3.2,1.8,2.1,23.2,18.9,15.6,,91.0,4.0,,2.87915733587
1991-05-21,2.8,2.9,0.5,23.7,20.1,16.4,,89.0,3.0,,2.86207958619
1991-05-22,1.7,3.9,21.2,23.7,18.56,15.9,,91.0,1.0,,2.92993151098
1991-05-23,3.3,6.6,0.0,24.9,19.9,16.4,,84.0,3.0,,3.11836070035
1991-05-24,3.0,8.0,0.3,26.1,20.58,17.0,,90.0,3.0,,3.29242245318
1991-05-25,3.8,3.5,2.0,23.4,19.3,16.9,,89.0,4.0,,2.67596590272
1991-05-26,1.8,6.0,1.4,23.4,18.28,16.0,,89.0,5.0,,2.8135503215
1991-05-27,3.9,1.7,0.3,21.6,17.74,14.9,,91.0,4.5,,2.56672967857
1991-05-28,1.3,7.1,4.7,23.2,17.8,14.6,,85.0,4.0,,2.95269169553
1991-05-29,3.5,0.6,0.3,21.0,17.54,14.7,,91.0,4.5,,2.4486932566
1991-05-30,0.7,5.6,7.1,22.4,17.88,15.7,,97.0,5.5,,2.60386572305
1991-05-31,3.1,0.4,4.0,20.9,17.62,15.4,,94.0,4.5,,2.29615556122
1991-06-01,0.7,2.3,5.6,21.6,17.08,14.6,,97.0,3.5,,2.58095871825
1991-06-02,1.4,8.7,2.7,22.7,17.48,14.9,,84.0,3.0,,2.77154857498
1991-06-03,4.2,2.8,0.0,22.2,16.78,13.2,,90.0,3.0,,2.8816488075
1991-06-04,1.7,6.2,2.6,22.4,17.54,14.2,,89.0,4.0,,2.79154422728
1991-06-05,3.1,1.7,1.8,20.6,17.62,14.9,,91.0,3.5,,2.2876454612
1991-06-06,1.4,3.3,0.7,22.4,18.48,14.6,,84.0,3.0,,2.72765846776
1991-06-07,2.6,0.2,0.0,20.9,18.32,14.5,,90.0,3.5,,2.41225127448
1991-06-08,0.5,0.9,4.1,21.9,18.16,15.3,,97.0,3.0,,2.50778385085
1991-06-09,0.9,7.6,4.3,23.6,19.28,16.0,,83.0,2.0,,2.77567713882
1991-06-10,3.6,7.3,0.0,22.7,18.28,16.0,,85.0,3.0,,2.57142382249
1991-06-11,4.2,0.7,0.0,20.8,16.94,12.7,,81.0,3.5,,2.62613619785
1991-06-12,2.3,7.0,0.2,22.2,17.56,15.0,,85.0,3.0,,2.60549442139
1991-06-13,2.8,3.0,0.0,22.3,17.34,14.4,,89.0,2.5,,2.70761696461
1991-06-14,2.4,1.7,0.3,21.1,17.62,15.3,,93.0,3.5,,2.30819328027
1991-06-15,1.9,0.2,1.9,20.8,17.72,14.9,,94.0,3.0,,2.30345269887
1991-06-16,2.1,0.7,0.5,21.6,17.7,15.7,,94.0,3.0,,2.35344189612
1991-06-17,0.7,2.3,7.5,21.8,17.36,14.8,,91.0,2.0,,2.5372935438
1991-06-18,2.1,9.1,0.0,23.7,19.0,15.1,,75.0,3.0,,2.89660847524
1991-06-19,3.7,4.4,3.0,23.0,17.88,15.6,,93.0,1.5,,2.67867056201
1991-06-20,2.8,5.9,0.7,23.7,18.46,14.6,,92.0,3.5,,2.95764110438
1991-06-21,2.3,5.6,3.6,23.5,18.8,16.3,,84.0,3.0,,2.68378493725
1991-06-22,3.1,8.8,0.0,23.5,18.84,16.3,,84.0,2.0,,2.68365390421
1991-06-23,4.3,8.0,0.0,22.4,17.18,14.9,,62.0,2.5,,2.64834693268
1991-06-24,4.2,5.2,0.0,22.6,17.48,14.3,,89.0,3.0,,2.77121696162
1991-06-25,3.0,0.2,2.0,19.6,16.76,14.9,,95.0,4.5,,2.01690775207
1991-06-26,0.6,8.5,4.7,22.4,17.06,14.0,,85.0,2.0,,2.7705471619
1991-06-27,3.9,4.9,0.0,22.3,17.98,15.4,,89.0,3.5,,2.55767148977
1991-06-28,2.3,1.5,2.9,19.9,16.88,15.2,,96.0,3.5,,2.03730333958
1991-06-29,1.0,7.5,0.5,22.1,17.78,14.0,,74.0,3.0,,2.71436424744
1991-06-30,3.1,1.2,1.7,20.8,17.54,15.1,,93.0,4.0,,2.27256705256
1991-07-01,0.8,2.9,4.3,21.3,17.46,15.3,,95.0,3.5,,2.35667737377
1991-07-02,1.6,1.6,0.6,20.8,16.76,13.9,,85.0,2.0,,2.46336143044
1991-07-03,1.8,9.1,0.0,23.6,17.3,13.9,,81.0,1.0,,3.04059723978
1991-07-04,3.6,6.7,0.0,23.9,18.14,14.0,,78.0,2.0,,3.09252989309
1991-07-05,3.2,7.5,0.0,22.2,18.02,14.3,,82.0,2.0,,2.71366660717
1991-07-06,3.4,6.4,0.0,22.2,17.66,14.7,,82.0,3.5,,2.66268532023
1991-07-07,3.6,0.8,0.2,19.8,16.76,13.8,,93.0,3.5,,2.27677780853
1991-07-08,1.5,1.4,1.3,20.6,16.1,13.6,,95.0,3.0,,2.48470390088
1991-07-09,3.0,7.3,0.0,21.6,16.46,13.7,,78.0,2.0,,2.68598821615
1991-07-10,3.5,8.2,0.0,23.0,16.4,11.8,,81.0,2.0,,3.18157557163
1991-07-11,3.5,8.3,0.0,24.0,17.48,13.6,,81.0,1.5,,3.19408112102
1991-07-12,4.1,7.0,0.0,22.3,17.24,14.1,,81.0,2.5,,2.79547624417
1991-07-13,4.7,7.4,0.0,22.8,18.16,15.4,,70.0,2.0,,2.72788806912
1991-07-14,3.8,7.6,0.0,23.6,18.72,16.3,,70.0,4.0,,2.77804669507
1991-07-15,5.3,9.0,2.2,21.7,17.28,15.7,,73.0,3.5,,2.44086909896
1991-07-16,5.1,0.1,0.1,19.2,16.5,15.4,,90.0,3.0,,1.87252168676
1991-07-17,1.1,8.4,1.7,22.4,17.28,15.3,,76.0,5.5,,2.67928674675
1991-07-18,5.7,6.9,0.3,22.6,16.22,13.9,,86.0,3.5,,2.92485428974
1991-07-19,5.5,5.2,1.4,21.6,15.9,13.6,,92.0,5.0,,2.76150035303
1991-07-20,5.2,5.0,0.2,22.4,16.8,13.9,,90.0,4.5,,2.89865090546
1991-07-21,4.4,4.0,2.5,18.7,15.44,14.2,,89.0,4.0,,2.01501031467
1991-07-22,2.0,5.1,2.9,20.9,16.44,13.7,,87.0,4.0,,2.61961709331
1991-07-23,3.5,5.0,0.0,21.1,16.6,14.8,,83.0,3.5,,2.50319592769
1991-07-24,3.5,6.1,0.6,22.4,16.6,14.5,,93.0,1.0,,2.85090753862
1991-07-25,3.6,8.1,0.0,22.2,16.48,13.9,,72.0,2.5,,2.89888322667
1991-07-26,4.7,4.4,0.0,20.6,17.0,14.5,,73.0,6.0,,2.45824162668
1991-07-27,4.1,3.8,0.0,21.2,16.66,14.6,,89.0,6.5,,2.59062047382
1991-07-28,3.8,3.9,2.0,20.4,16.2,14.2,,90.0,5.0,,2.47676314757
1991-07-29,2.0,2.4,2.3,20.6,16.2,13.7,,96.0,5.0,,2.61032473829
1991-07-30,2.2,7.8,6.3,21.4,16.24,13.7,,82.0,4.0,,2.79847311551
1991-07-31,4.2,6.1,0.0,21.5,16.78,14.6,,79.0,4.0,,2.69578159625
1991-08-01,3.3,4.0,0.2,22.4,17.66,14.9,,92.0,3.5,,2.8675020975
1991-08-02,2.8,7.6,0.0,23.2,17.36,15.6,,84.0,3.5,,2.9563012009
1991-08-03,7.0,6.0,0.0,22.6,17.58,15.4,,75.0,4.5,,2.85663003173
1991-08-04,4.3,4.0,0.0,21.4,17.02,15.5,,90.0,4.0,,2.55641523778
1991-08-05,3.6,0.3,1.6,19.0,16.44,15.3,,91.0,3.5,,1.9589266618
1991-08-06,1.0,2.3,2.4,20.8,16.26,14.9,,94.0,1.5,,2.53245989754
1991-08-07,2.1,7.6,0.4,24.5,18.08,14.5,,87.0,1.5,,3.4623085222
1991-08-08,3.2,5.2,0.0,24.0,17.36,14.5,,83.0,2.0,,3.36448572263
1991-08-09,3.1,7.7,0.0,25.1,18.4,14.9,,74.0,2.0,,3.57012157269
1991-08-10,3.6,7.4,0.0,25.2,18.54,16.6,,77.0,2.0,,3.36886278539
1991-08-11,4.6,7.4,0.0,25.1,18.46,16.4,,78.0,2.0,,3.38803269205
1991-08-12,5.5,6.8,0.1,23.3,17.9,15.7,,73.0,3.5,,3.07557969107
1991-08-13,6.2,5.0,0.0,22.3,17.3,15.5,,88.0,6.0,,2.87333235148
1991-08-14,4.0,0.9,0.0,19.5,16.88,14.7,,80.0,6.0,,2.30446697492
1991-08-15,1.9,1.9,4.5,19.5,14.66,13.0,,92.0,5.0,,2.62640301734
1991-08-16,2.9,0.5,0.7,16.9,14.46,12.5,,92.0,5.0,,2.07044339817
1991-08-17,1.1,3.2,0.7,20.1,15.28,12.9,,85.0,4.5,,2.80596351472
1991-08-18,4.4,3.2,0.0,20.3,15.22,12.9,,89.0,5.0,,2.86394582216
1991-08-19,3.5,4.8,0.0,22.1,16.62,13.3,,83.0,4.0,,3.23540652142
1991-08-20,4.5,3.7,0.8,22.2,17.14,15.0,,88.0,5.0,,3.01227270579
1991-08-21,3.0,2.8,3.2,20.6,15.8,13.9,,86.0,4.0,,2.80877781696
1991-08-22,2.0,3.0,5.1,20.1,15.64,13.5,,97.0,4.5,,2.76249932689
1991-08-23,2.0,7.2,2.6,21.8,16.08,13.6,,78.0,5.0,,3.17137376675
1991-08-24,4.1,2.4,1.7,20.2,16.9,13.8,,76.0,4.5,,2.75698473474
1991-08-25,3.3,2.3,0.1,22.0,17.5,15.9,,84.0,4.0,,2.85321432473
1991-08-26,5.1,3.7,0.2,22.0,17.12,15.6,,84.0,3.0,,2.92161735174
1991-08-27,8.1,4.2,0.2,24.7,18.16,15.2,,88.0,4.0,,3.68521977772
1991-08-28,4.6,8.5,0.0,24.7,18.88,15.2,,66.0,4.0,,3.69902401066
1991-08-29,5.6,3.6,3.4,22.8,16.88,15.0,,94.0,2.0,,3.27066499334
1991-08-30,3.5,8.1,0.1,23.9,17.22,12.9,,79.0,3.0,,3.84531257724
1991-08-31,6.8,7.6,0.0,23.7,17.82,15.0,,75.0,2.0,,3.52239583003
1991-09-01,6.3,0.1,0.0,24.2,18.14,15.5,,85.0,2.5,,3.5828239574
1991-09-02,3.7,0.1,0.4,20.9,16.66,15.1,,72.0,3.5,,2.79168529009
1991-09-03,3.5,4.3,0.0,22.7,16.94,14.4,,80.0,4.5,,3.40304872816
1991-09-04,4.4,0.8,1.4,19.7,16.06,14.3,,95.0,4.0,,2.63719413656
1991-09-05,1.5,1.0,1.4,20.3,16.24,14.7,,91.0,4.5,,2.73376570589
1991-09-06,1.8,0.9,1.0,20.3,16.2,14.6,,87.0,4.5,,2.76376038434
1991-09-07,3.8,5.9,1.5,23.3,16.66,14.5,,74.0,2.0,,3.58762092201
1991-09-08,4.9,6.0,0.2,22.2,16.0,14.0,,74.0,3.0,,3.39921999055
1991-09-09,4.7,1.9,0.0,24.2,17.74,13.6,,81.0,3.5,,3.96422691008
1991-09-10,5.7,1.7,0.0,22.3,18.1,15.4,,88.0,3.0,,3.20465993695
1991-09-11,3.6,5.5,0.7,24.8,18.82,16.3,,79.0,2.5,,3.73408288866
1991-09-12,5.0,5.8,0.3,24.7,18.54,16.3,,87.0,1.5,,3.71924261845
1991-09-13,3.9,7.1,0.0,25.2,18.58,16.5,,78.0,2.5,,3.83188953636
1991-09-14,5.8,6.9,0.0,25.2,18.5,14.9,,79.0,4.0,,4.0959670617
1991-09-15,6.1,7.2,0.0,25.4,18.78,16.0,,75.0,1.5,,3.99249727257
1991-09-16,5.2,6.2,0.0,25.7,19.98,16.7,,68.0,1.5,,3.96947755607
1991-09-17,6.8,6.5,0.0,25.5,19.96,17.3,,71.0,3.5,,3.81985716805
1991-09-18,7.5,4.1,0.0,25.3,18.96,15.9,,78.0,2.5,,4.0182290909
1991-09-19,5.1,5.6,0.0,26.0,19.3,15.9,,83.0,2.0,,4.21537083709
1991-09-20,4.7,5.6,0.0,24.2,19.2,16.4,,78.0,3.5,,3.65273069222
1991-09-21,5.1,6.7,0.0,26.2,20.08,16.7,,75.0,4.0,,4.1645365344
1991-09-22,8.2,5.4,0.0,25.6,20.5,17.3,,79.0,3.5,,3.90338465829
1991-09-23,6.4,0.7,0.0,23.3,19.0,17.3,,70.0,2.0,,3.23026415113
1991-09-24,3.1,4.8,0.3,26.9,20.3,16.8,,82.0,2.5,,4.37313880598
1991-09-25,5.5,5.7,0.1,26.2,20.3,17.2,,73.0,5.0,,4.12322134946
1991-09-26,7.5,8.3,0.0,27.6,21.1,17.0,,72.0,1.5,,4.5542967846
1991-09-27,6.4,3.5,0.0,26.0,20.28,17.4,,62.0,4.5,,4.05091133808
1991-09-28,5.4,3.5,1.8,26.2,19.72,17.2,,61.0,2.0,,4.15416474893
1991-09-29,4.3,6.5,0.0,27.2,20.7,16.9,,80.0,2.0,,4.49415158602
1991-09-30,4.0,7.0,0.0,29.5,22.58,18.2,,75.0,1.5,,4.93136120778
1991-10-01,5.8,8.0,0.0,31.5,23.94,18.0,,63.0,1.0,,5.51908639501
1991-10-02,7.0,5.9,0.0,28.8,21.68,18.9,,63.0,2.5,,4.63658075198
1991-10-03,7.0,7.3,0.0,28.0,21.12,17.6,,66.0,2.0,,4.64246599122
1991-10-04,8.1,9.2,0.0,28.5,21.12,15.8,,61.0,4.0,,5.05873366739
1991-10-05,10.0,9.4,0.0,27.5,20.44,16.5,,67.0,4.0,,4.69998108051
1991-10-06,14.7,7.8,0.0,27.8,20.66,17.3,,73.0,1.5,,4.66471214418
1991-10-07,5.3,8.6,0.0,31.6,22.64,17.7,,57.0,2.0,,5.65741767288
1991-10-08,7.2,7.0,0.0,27.4,21.3,18.7,,61.0,6.5,,4.31526972745
1991-10-09,9.7,8.1,0.0,25.2,20.3,18.0,,64.0,3.0,,3.79331217757
1991-10-10,10.3,8.0,0.0,26.6,20.02,17.7,,64.0,2.0,,4.28395245509
1991-10-11,8.6,9.3,0.0,28.3,21.08,16.9,,61.0,2.0,,4.9115710303
1991-10-12,6.6,6.2,0.0,27.3,20.98,17.0,,58.0,4.0,,4.62437492381
1991-10-13,7.1,8.1,0.0,27.1,20.34,16.9,,65.0,5.0,,4.59207759124
1991-10-14,12.1,7.6,0.0,26.0,19.62,15.7,,63.0,2.5,,4.48828282482
1991-10-15,7.3,7.9,0.0,27.3,20.2,17.0,,61.0,2.5,,4.64634445836
1991-10-16,8.7,7.7,0.0,28.4,21.58,17.5,,54.0,4.5,,4.88268687082
1991-10-17,8.9,7.8,0.0,28.8,21.84,17.6,,68.0,4.0,,4.98690675643
1991-10-18,10.5,7.1,0.0,27.8,20.66,17.0,,80.0,4.5,,4.80812024345
1991-10-19,11.2,9.3,0.0,26.8,20.42,17.7,,58.0,4.0,,4.40289722785
1991-10-20,10.3,3.8,0.0,24.4,19.5,16.9,,88.0,3.5,,3.842372712
1991-10-21,6.1,5.5,0.2,26.3,19.04,14.3,,76.0,4.5,,4.82197388018
1991-10-22,6.4,3.0,0.4,23.9,18.1,14.9,,86.0,3.0,,4.08216057254
1991-10-23,2.7,6.8,0.1,25.7,19.18,14.9,,72.0,4.0,,4.58521406584
1991-10-24,8.5,8.0,0.0,25.3,19.36,16.9,,67.0,4.0,,4.13322909326
1991-10-25,7.8,4.8,0.0,25.3,19.46,16.8,,76.0,4.0,,4.15680026511
1991-10-26,6.0,2.9,0.0,24.9,19.24,16.5,,80.0,4.0,,4.09919736713
1991-10-27,7.5,4.9,0.7,25.1,19.78,17.0,,76.0,4.5,,4.06587023106
1991-10-28,6.6,7.7,0.0,26.8,20.78,16.2,,68.0,5.0,,4.70943847068
1991-10-29,7.4,4.0,0.5,26.5,20.46,17.9,,80.0,4.5,,4.32134632727
1991-10-30,6.8,8.1,0.0,26.2,20.62,17.1,,67.0,3.0,,4.38779915135
1991-10-31,8.0,9.0,0.0,30.1,22.5,16.9,,63.0,2.5,,5.53692480914
1991-11-01,8.1,2.7,0.0,29.2,22.2,19.4,,62.0,2.0,,4.8670201113
1991-11-02,4.7,1.6,1.3,26.8,21.0,18.6,,72.0,1.5,,4.28598474123
1991-11-03,4.8,3.2,0.0,29.9,22.34,18.8,,68.0,2.0,,5.19341603211
1991-11-04,3.2,4.7,24.8,28.0,21.62,18.7,,87.0,3.0,,4.64403940087
1991-11-05,4.1,6.4,1.9,28.2,22.02,19.6,,81.0,2.5,,4.52841285433
1991-11-06,5.1,4.6,0.0,26.8,21.1,18.9,,84.0,2.0,,4.23347555328
1991-11-07,5.3,3.4,0.0,28.6,23.08,18.9,,68.0,3.0,,4.79765063115
1991-11-08,7.4,6.5,0.0,29.8,23.32,19.4,,61.0,2.0,,5.07212576994
1991-11-09,6.8,5.7,0.2,30.9,23.8,19.0,,70.0,0.5,,5.47318739032
1991-11-10,4.4,2.4,14.0,30.8,22.88,19.0,,67.0,2.5,,5.44641537824
1991-11-11,1.0,2.4,35.2,27.6,21.96,19.3,,82.0,1.0,,4.41473302194
1991-11-12,2.7,0.1,0.9,23.4,20.64,19.7,,90.0,2.0,,2.81303720741
1991-11-13,1.2,2.6,15.0,24.5,20.64,19.2,,87.0,2.0,,3.39381972459
1991-11-14,3.1,8.3,0.0,25.6,20.5,18.9,,74.0,3.0,,3.85580557881
1991-11-15,6.7,8.8,0.0,26.5,22.06,18.9,,71.0,2.0,,4.15427121786
1991-11-16,7.6,3.1,0.0,26.9,21.52,18.3,,64.0,4.0,,4.40973160743
1991-11-17,2.1,3.6,62.2,28.2,22.18,18.1,,71.0,1.5,,4.84546958276
1991-11-18,3.0,0.0,0.5,24.5,20.66,18.7,,80.0,1.5,,3.53396978414
1991-11-19,1.7,6.0,7.7,27.4,22.98,18.5,,62.0,0.0,,4.528961536
1991-11-20,1.8,,0.1,27.4,23.14,20.9,,81.0,2.0,,3.98547940476
1991-11-21,1.3,0.2,0.0,23.6,19.68,17.6,,86.0,1.5,,3.50596539647
1991-11-22,0.6,0.0,33.0,22.5,19.0,17.5,,95.0,2.5,,3.15122776115
1991-11-23,0.9,0.0,1.5,19.5,18.22,17.6,,92.0,4.5,,1.86844452289
1991-11-24,0.8,3.7,0.2,23.5,19.58,17.4,,80.0,5.0,,3.5235914094
1991-11-25,1.0,4.2,2.1,24.7,19.88,16.5,,95.0,2.5,,4.10215554714
1991-11-26,1.1,7.4,0.0,25.2,20.62,17.3,,81.0,3.5,,4.09532460659
1991-11-27,1.1,3.4,0.1,24.8,19.7,17.2,,81.0,2.0,,3.99178744976
1991-11-28,1.0,9.2,0.0,27.0,21.16,18.1,,76.0,2.0,,4.49301951706
1991-11-29,1.5,6.1,0.0,24.6,20.04,17.6,,69.0,2.0,,3.84207072619
1991-11-30,0.8,7.7,0.0,25.8,21.12,18.8,,73.0,2.5,,3.96117053309
1991-12-01,1.3,3.7,0.0,28.0,22.54,19.1,,73.0,2.0,,4.60639158194
1991-12-02,1.5,3.7,34.9,26.3,21.42,18.5,,79.0,1.5,,4.19296250329
1991-12-03,1.1,1.5,0.8,25.3,,,,83.0,2.0,,
1991-12-04,1.7,0.0,7.4,21.5,,,,91.0,1.5,,
1991-12-05,1.0,1.8,1.1,23.7,,,,90.0,2.0,,
1991-12-06,2.4,7.7,0.0,24.9,,,,80.0,2.0,,
1991-12-07,4.2,6.6,0.0,25.8,,,,84.0,2.0,,
1991-12-08,4.0,6.7,0.0,26.3,,,,76.0,1.5,,
1991-12-09,3.5,6.1,0.0,27.3,,,,87.0,2.0,,
1991-12-10,3.8,8.8,0.0,28.0,,,,72.0,1.0,,
1991-12-11,4.8,,0.0,28.4,,,,77.0,2.5,,
1991-12-12,3.4,5.8,0.0,27.5,,,,78.0,1.5,,
1991-12-13,4.0,4.5,0.2,27.8,,,,80.0,2.5,,
1991-12-14,4.1,9.7,0.0,27.5,,,,78.0,2.0,,
1991-12-15,5.4,6.3,0.0,26.7,,,,75.0,2.0,,
1991-12-16,4.2,5.3,0.2,26.6,,,,77.0,2.0,,
1991-12-17,5.0,6.8,0.0,29.0,,,,72.0,1.5,,
1991-12-18,5.0,5.4,0.0,29.0,,,,73.0,1.5,,
1991-12-19,3.9,6.0,28.2,26.8,,,,90.0,2.5,,
1991-12-20,4.2,10.6,0.0,26.4,,,,77.0,2.0,,
1991-12-21,4.4,10.6,0.0,26.8,,,,75.0,1.5,,
1991-12-22,8.2,5.1,0.0,26.2,,,,78.0,2.0,,
1991-12-23,4.6,9.0,0.0,26.8,,,,72.0,4.5,,
1991-12-24,7.3,9.7,0.0,27.7,,,,67.0,3.0,,
1991-12-25,7.3,7.7,0.0,21.5,,,,82.0,1.0,,
1991-12-26,6.3,9.4,0.0,28.6,,,,69.0,2.0,,
1991-12-27,6.8,9.9,0.0,29.6,,,,57.0,2.0,,
1991-12-28,6.8,8.0,0.0,28.1,,,,63.0,1.5,,
1991-12-29,5.3,2.8,55.4,25.5,,,,83.0,2.5,,
1991-12-30,3.3,5.6,0.0,26.7,,,,86.0,4.0,,
1991-12-31,5.9,5.6,0.0,26.0,,,,84.0,2.5,,
1992-01-01,,,,,,,,87.0,,,
1992-01-02,,,,,,,,,,,
1992-01-03,,,,,,,,,,,
1992-01-04,,,,,,,,,,,
1992-01-05,,,,,,,,,,,
1992-01-06,,,,,,,,,,,
1992-01-07,,,,,,,,,,,
1992-01-08,,,,,,,,,,,
1992-01-09,,,,,,,,,,,
1992-01-10,,,,,,,,,,,
1992-01-11,,,,,,,,,,,
1992-01-12,,,,,,,,,,,
1992-01-13,,,,,,,,,,,
1992-01-14,,,,,,,,,,,
1992-01-15,,,,,,,,,,,
1992-01-16,,,,,,,,,,,
1992-01-17,,,,,,,,,,,
1992-01-18,,,,,,,,,,,
1992-01-19,,,,,,,,,,,
1992-01-20,,,,,,,,,,,
1992-01-21,,,,,,,,,,,
1992-01-22,,,,,,,,,,,
1992-01-23,,,,,,,,,,,
1992-01-24,,,,,,,,,,,
1992-01-25,,,,,,,,,,,
1992-01-26,,,,,,,,,,,
1992-01-27,,,,,,,,,,,
1992-01-28,,,,,,,,,,,
1992-01-29,,,,,,,,,,,
1992-01-30,,,,,,,,,,,
1992-01-31,,,,,,,,,,,
1992-02-01,,,,,,,,,,,
1992-02-02,,,,,,,,,,,
1992-02-03,,,,,,,,,,,
1992-02-04,,,,,,,,,,,
1992-02-05,,,,,,,,,,,
1992-02-06,,,,,,,,,,,
1992-02-07,,,,,,,,,,,
1992-02-08,,,,,,,,,,,
1992-02-09,,,,,,,,,,,
1992-02-10,,,,,,,,,,,
1992-02-11,,,,,,,,,,,
1992-02-12,,,,,,,,,,,
1992-02-13,,,,,,,,,,,
1992-02-14,,,,,,,,,,,
1992-02-15,,,,,,,,,,,
1992-02-16,,,,,,,,,,,
1992-02-17,,,,,,,,,,,
1992-02-18,,,,,,,,,,,
1992-02-19,,,,,,,,,,,
1992-02-20,,,,,,,,,,,
1992-02-21,,,,,,,,,,,
1992-02-22,,,,,,,,,,,
1992-02-23,,,,,,,,,,,
1992-02-24,,,,,,,,,,,
1992-02-25,,,,,,,,,,,
1992-02-26,,,,,,,,,,,
1992-02-27,,,,,,,,,,,
1992-02-28,,,,,,,,,,,
1992-02-29,,,,,,,,,,,
1992-03-01,,,,,,,,,,,
1992-03-02,,,,,,,,,,,
1992-03-03,,,,,,,,,,,
1992-03-04,,,,,,,,,,,
1992-03-05,,,,,,,,,,,
1992-03-06,,,,,,,,,,,
1992-03-07,,,,,,,,,,,
1992-03-08,,,,,,,,,,,
1992-03-09,,,,,,,,,,,
1992-03-10,,,,,,,,,,,
1992-03-11,,,,,,,,,,,
1992-03-12,,,,,,,,,,,
1992-03-13,,,,,,,,,,,
1992-03-14,,,,,,,,,,,
1992-03-15,,,,,,,,,,,
1992-03-16,,,,,,,,,,,
1992-03-17,,,,,,,,,,,
1992-03-18,,,,,,,,,,,
1992-03-19,,,,,,,,,,,
1992-03-20,,,,,,,,,,,
1992-03-21,,,,,,,,,,,
1992-03-22,,,,,,,,,,,
1992-03-23,,,,,,,,,,,
1992-03-24,,,,,,,,,,,
1992-03-25,,,,,,,,,,,
1992-03-26,,,,,,,,,,,
1992-03-27,,,,,,,,,,,
1992-03-28,,,,,,,,,,,
1992-03-29,,,,,,,,,,,
1992-03-30,,,,,,,,,,,
1992-03-31,,,,,,,,,,,
1992-04-01,,,,,,,,,,,
1992-04-02,,,,,,,,,,,
1992-04-03,,,,,,,,,,,
1992-04-04,,,,,,,,,,,
1992-04-05,,,,,,,,,,,
1992-04-06,,,,,,,,,,,
1992-04-07,,,,,,,,,,,
1992-04-08,,,,,,,,,,,
1992-04-09,,,,,,,,,,,
1992-04-10,,,,,,,,,,,
1992-04-11,,,,,,,,,,,
1992-04-12,,,,,,,,,,,
1992-04-13,,,,,,,,,,,
1992-04-14,,,,,,,,,,,
1992-04-15,,,,,,,,,,,
1992-04-16,,,,,,,,,,,
1992-04-17,,,,,,,,,,,
1992-04-18,,,,,,,,,,,
1992-04-19,,,,,,,,,,,
1992-04-20,,,,,,,,,,,
1992-04-21,,,,,,,,,,,
1992-04-22,,,,,,,,,4.0,,
1992-04-23,5.2,,0.0,21.6,,,,79.0,2.0,,
1992-04-24,5.6,7.7,0.0,25.7,,,,77.0,1.5,,
1992-04-25,5.2,6.9,0.0,25.0,,,,75.0,2.5,,
1992-04-26,4.5,3.1,0.0,23.3,,,,89.0,1.5,,
1992-04-27,1.7,,2.9,20.2,,,,93.0,1.5,,
1992-04-28,2.5,,0.0,22.2,,,,79.0,0.5,,
1992-04-29,,,0.0,,,,,83.0,2.0,,
1992-04-30,,,1.7,,,,,83.0,1.0,,
1992-05-01,,,0.0,,,,,79.0,3.5,,
1992-05-02,,,0.0,,,,,79.0,2.0,,
1992-05-03,3.8,,1.4,21.5,,,,78.0,3.0,,
1992-05-04,,,0.0,,,,,82.0,2.0,,
1992-05-05,,,0.0,,,,,76.0,2.0,,
1992-05-06,,,0.0,,,,,81.0,1.5,,
1992-05-07,,,0.0,,,,,89.0,4.0,,
1992-05-08,,,0.0,,,,,93.0,1.0,,
1992-05-09,,,0.0,,,,,83.0,3.0,,
1992-05-10,,,3.3,,,,,85.0,3.5,,
1992-05-11,,,0.0,,,,,90.0,3.5,,
1992-05-12,,,0.0,,,,,86.0,3.5,,
1992-05-13,,,2.3,,,,,89.0,1.5,,
1992-05-14,,,0.0,,,,,78.0,2.0,,
1992-05-15,,,0.0,,,,,79.0,1.5,,
1992-05-16,,,0.0,,,,,77.0,1.5,,
1992-05-17,,,0.0,,,,,71.0,0.5,,
1992-05-18,,,0.0,,,,,70.0,1.0,,
1992-05-19,,,0.0,,,,,57.0,0.5,,
1992-05-20,,,0.0,,,,,61.0,1.0,,
1992-05-21,,,0.0,,,,,75.0,4.5,,
1992-05-22,5.5,,0.0,20.0,,,,78.0,4.0,,
1992-05-23,,,0.0,,,,,81.0,1.5,,
1992-05-24,,,,,,,,71.0,1.5,,
1992-05-25,,,0.0,,,,,77.0,5.0,,
1992-05-26,,,0.0,,,,,80.0,2.5,,
1992-05-27,3.7,,0.2,,,,,84.0,3.0,,
1992-05-28,,,0.6,,,,,88.0,4.0,,
1992-05-29,,,1.5,,,,,91.0,2.5,,
1992-05-30,,,0.0,,,,,88.0,4.0,,
1992-05-31,,,0.0,20.9,,,,80.0,3.5,,
1992-06-01,,,0.4,,,,,79.0,2.5,,
1992-06-02,,,0.0,,,,,91.0,2.5,,
1992-06-03,,,3.9,,,,,95.0,2.5,,
1992-06-04,,,2.8,,,,,90.0,1.0,,
1992-06-05,,,0.0,,,,,87.0,1.5,,
1992-06-06,,,0.0,,,,,79.0,2.0,,
1992-06-07,,,0.0,,,,,77.0,2.5,,
1992-06-08,,,0.0,,,,,87.0,1.5,,
1992-06-09,,,0.4,,,,,82.0,1.5,,
1992-06-10,,,0.0,,,,,81.0,2.0,,
1992-06-11,,,0.0,,,,,76.0,1.5,,
1992-06-12,,,0.0,,,,,82.0,2.0,,
1992-06-13,,,1.9,,,,,87.0,4.5,,
1992-06-14,,,5.5,,,,,97.0,4.0,,
1992-06-15,,,0.6,,,,,88.0,4.5,,
1992-06-16,,,0.4,,,,,95.0,5.0,,
1992-06-17,,,2.3,,,,,96.0,5.0,,
1992-06-18,,,8.9,,,,,96.0,5.0,,
1992-06-19,,,4.0,,,,,93.0,3.5,,
1992-06-20,,,1.4,,,,,98.0,3.5,,
1992-06-21,,,5.1,,,,,86.0,3.0,,
1992-06-22,,,1.6,,,,,92.0,4.0,,
1992-06-23,,,4.1,,,,,93.0,4.0,,
1992-06-24,,,0.6,,,,,86.0,4.0,,
1992-06-25,,,0.2,,,,,94.0,4.0,,
1992-06-26,,,0.6,,,,,88.0,3.0,,
1992-06-27,,,1.9,,,,,93.0,2.5,,
1992-06-28,,,8.7,,,,,90.0,1.5,,
1992-06-29,,,0.0,,,,,81.0,1.5,,
1992-06-30,,,0.3,,,,,93.0,2.0,,
1992-07-01,,,0.0,,,,,88.0,5.0,,
1992-07-02,,,,,,,,,,,
1992-07-03,,,,,,,,,,,
1992-07-04,,,0.0,,,,,,4.0,,
1992-07-05,,,17.8,,,,,86.0,3.0,,
1992-07-06,,,3.0,,,,,88.0,2.5,,
1992-07-07,,,0.4,,,,,83.0,2.0,,
1992-07-08,,,0.2,,,,,88.0,3.5,,
1992-07-09,,,0.0,,,,,81.0,3.0,,
1992-07-10,,,0.0,,,,,79.0,5.0,,
1992-07-11,,,0.0,,,,,80.0,4.5,,
1992-07-12,,,0.8,,,,,88.0,4.5,,
1992-07-13,,,3.0,,,,,83.0,3.0,,
1992-07-14,,,3.2,,,,,95.0,2.0,,
1992-07-15,,,2.2,,,,,95.0,1.5,,
1992-07-16,,,1.0,,,,,95.0,1.5,,
1992-07-17,,,0.0,,,,,86.0,3.0,,
1992-07-18,,,2.3,,,,,89.0,5.0,,
1992-07-19,,,2.9,,,,,87.0,2.0,,
1992-07-20,,,0.0,,,,,86.0,3.5,,
1992-07-21,,,0.0,,,,,90.0,4.0,,
1992-07-22,,,0.1,,,,,80.0,2.0,,
1992-07-23,3.9,,0.0,21.3,,,,92.0,2.5,,
1992-07-24,,,1.0,,,,,93.0,3.5,,
1992-07-25,,,2.9,,,,,96.0,4.0,,
1992-07-26,,,1.8,,,,,94.0,3.5,,
1992-07-27,,,2.2,,,,,97.0,4.0,,
1992-07-28,,,2.1,,,,,89.0,1.5,,
1992-07-29,,,0.0,,,,,76.0,3.0,,
1992-07-30,,,0.0,,,,,82.0,0.15,,
1992-07-31,,,0.0,,,,,83.0,1.5,,
1992-08-01,,,0.0,,,,,90.0,1.5,,
1992-08-02,,,0.0,,,,,88.0,2.0,,
1992-08-03,,,0.0,,,,,81.0,3.0,,
1992-08-04,,,0.0,,,,,89.0,0.7,,
1992-08-05,,,3.5,,,,,91.0,0.1,,
1992-08-06,,,0.4,,,,,92.0,4.5,,
1992-08-07,,,0.0,,,,,88.0,3.5,,
1992-08-08,,,0.0,,,,,82.0,5.0,,
1992-08-09,,,,,,,,,3.0,,
1992-08-10,,,0.0,,,,,87.0,4.0,,
1992-08-11,,,4.0,17.3,15.52,15.0,,92.0,2.5,,1.53997990261
1992-08-12,,,1.4,,,,,83.0,2.0,,
1992-08-13,,,1.0,,,,,90.0,1.5,,
1992-08-14,,,0.0,,,,,83.0,1.5,,
1992-08-15,,,0.0,22.7,,,,80.0,3.5,,
1992-08-16,,,3.2,17.7,,,,86.0,2.5,,
1992-08-17,,,6.3,,,,,92.0,3.5,,
1992-08-18,,,4.1,,,,,89.0,2.0,,
1992-08-19,,,0.2,,,,,90.0,2.0,,
1992-08-20,,,0.0,,,,,88.0,0.2,,
1992-08-21,,,0.0,,,,,82.0,3.0,,
1992-08-22,,,0.7,,,,,90.0,4.0,,
1992-08-23,,,2.8,,,,,,0.0,,
1992-08-24,,,0.0,,,,,82.0,1.0,,
1992-08-25,,,0.0,,,,,85.0,2.0,,
1992-08-26,,,0.0,,,,,82.0,3.5,,
1992-08-27,,,0.0,,,,,77.0,3.5,,
1992-08-28,,,0.0,,,,,92.0,1.5,,
1992-08-29,,,0.3,,,,,78.0,3.0,,
1992-08-30,,,,,,,,,3.0,,
1992-08-31,,,0.0,,,,,76.0,4.0,,
1992-09-01,,,0.1,,,,,81.0,3.5,,
1992-09-02,,,0.0,,,,,77.0,1.5,,
1992-09-03,,,0.0,,,,,80.0,4.5,,
1992-09-04,,,0.7,,,,,85.0,3.0,,
1992-09-05,,,0.0,,,,,78.0,2.5,,
1992-09-06,,,0.0,,,,,77.0,4.0,,
1992-09-07,,,0.4,26.9,,,,89.0,1.5,,
1992-09-08,,,0.0,,,,,87.0,1.5,,
1992-09-09,,,0.2,,,,,90.0,3.5,,
1992-09-10,,,0.2,,,,,86.0,4.5,,
1992-09-11,,,0.7,,,,,94.0,3.5,,
1992-09-12,,,3.6,,,,,93.0,2.5,,
1992-09-13,,,0.7,,,,,91.0,1.5,,
1992-09-14,,,0.7,,,,,87.0,3.5,,
1992-09-15,,,1.8,,,,,94.0,3.5,,
1992-09-16,,,0.9,,,,,90.0,2.5,,
1992-09-17,,,1.0,,,,,89.0,2.5,,
1992-09-18,,,0.3,,,,,84.0,2.5,,
1992-09-19,,,0.0,,,,,88.0,2.5,,
1992-09-20,,,0.0,,,,,75.0,3.5,,
1992-09-21,,,2.2,,,,,86.0,3.0,,
1992-09-22,,,0.2,18.9,,,,84.0,3.5,,
1992-09-23,,,2.7,,,,,93.0,3.5,,
1992-09-24,,,0.1,,,,,79.0,4.0,,
1992-09-25,,,,,,,,,,,
1992-09-26,,,0.0,,,,,85.0,2.5,,
1992-09-27,,,0.0,,,,,75.0,2.5,,
1992-09-28,,,0.0,,,,,81.0,2.0,,
1992-09-29,,,0.0,,,,,83.0,3.5,,
1992-09-30,,,0.0,24.8,,,,72.0,4.0,,
1992-10-01,,,0.0,,,,,82.0,2.0,,
1992-10-02,,,0.0,,,,,83.0,1.5,,
1992-10-03,,,0.0,,,,,81.0,1.5,,
1992-10-04,,,0.0,,,,,74.0,2.5,,
1992-10-05,,,0.0,,,,,75.0,3.5,,
1992-10-06,,,0.0,,,,,79.0,2.0,,
1992-10-07,,,0.0,,,,,77.0,2.0,,
1992-10-08,,,0.0,,,,,79.0,3.0,,
1992-10-09,,,0.0,21.3,,,,71.0,2.0,,
1992-10-10,,,0.0,,,,,69.0,2.0,,
1992-10-11,,,,,,,,,4.0,,
1992-10-12,,,,,,,,77.0,2.0,,
1992-10-13,,,0.0,,,,,80.0,2.0,,
1992-10-14,,,0.0,,,,,65.0,4.0,,
1992-10-15,,,0.0,,,,,74.0,4.0,,
1992-10-16,,,0.0,,,,,77.0,3.5,,
1992-10-17,,,0.0,,,,,82.0,3.5,,
1992-10-18,,,0.4,,,,,67.0,2.5,,
1992-10-19,,,0.0,,,,,71.0,3.5,,
1992-10-20,,,0.0,,,,,71.0,3.0,,
1992-10-21,,,0.0,,,,,81.0,1.5,,
1992-10-22,,,0.0,,,,,55.0,2.5,,
1992-10-23,,,13.2,,,,,88.0,3.5,,
1992-10-24,,,0.6,,,,,87.0,4.5,,
1992-10-25,,,0.0,,,,,78.0,4.5,,
1992-10-26,,,0.6,,,,,91.0,3.5,,
1992-10-27,,,0.2,,,,,83.0,2.0,,
1992-10-28,4.7,,0.9,19.4,,,,88.0,2.0,,
1992-10-29,,,0.0,,,,,78.0,1.5,,
1992-10-30,,,0.0,,,,,80.0,2.5,,
1992-10-31,,,0.0,,,,,76.0,2.5,,
1992-11-01,3.1,1.4,0.0,26.9,,,,86.0,2.5,,
1992-11-02,3.6,1.1,0.8,24.9,,,,91.0,3.0,,
1992-11-03,3.6,1.5,0.0,24.9,,,,88.0,4.0,,
1992-11-04,4.2,0.1,0.0,24.2,,,,88.0,3.5,,
1992-11-05,4.0,1.1,0.3,23.0,,,,91.0,3.5,,
1992-11-06,2.9,4.6,3.8,24.3,,,,82.0,3.5,,
1992-11-07,4.0,1.4,0.8,23.3,,,,88.0,2.0,,
1992-11-08,3.4,1.7,0.0,23.9,,,,86.0,2.0,,
1992-11-09,4.1,4.6,0.0,20.2,,,,81.0,2.0,,
1992-11-10,4.7,5.3,0.2,24.6,,,,78.0,2.5,,
1992-11-11,4.7,9.3,0.0,21.4,,,,76.0,2.5,,
1992-11-12,6.6,8.9,0.0,20.3,,,,74.0,2.0,,
1992-11-13,6.5,7.4,0.0,27.9,,,,75.0,1.0,,
1992-11-14,6.2,7.3,0.0,27.3,,,,77.0,2.0,,
1992-11-15,5.4,3.9,0.0,25.9,,,,77.0,4.5,,
1992-11-16,5.4,5.6,0.0,21.3,,,,78.0,2.0,,
1992-11-17,5.8,,0.0,21.6,,,,73.0,1.5,,
1992-11-18,,,0.0,,,,,59.0,0.5,,
1992-11-19,6.0,1.7,43.2,24.7,,,,92.0,3.0,,
1992-11-20,2.3,,1.1,,,,,90.0,4.5,,
1992-11-21,6.6,,0.0,20.5,,,,81.0,4.0,,
1992-11-22,,,0.0,,,,,83.0,3.5,,
1992-11-23,,,0.0,,,,,76.0,2.5,,
1992-11-24,,,0.0,,,,,75.0,3.5,,
1992-11-25,,,0.0,,,,,76.0,2.0,,
1992-11-26,5.8,7.0,0.1,20.5,,,,74.0,2.0,,
1992-11-27,,,0.0,,,,,72.0,3.0,,
1992-11-28,,,29.6,,,,,83.0,0.0,,
1992-11-29,,,3.5,,,,,88.0,2.5,,
1992-11-30,,,29.6,,,,,96.0,3.0,,
1992-12-01,,,22.0,,,,,90.0,3.0,,
1992-12-02,,,2.7,,,,,92.0,2.0,,
1992-12-03,,,0.0,,,,,91.0,2.0,,
1992-12-04,,,0.0,,,,,89.0,2.0,,
1992-12-05,,,0.0,,,,,84.0,2.0,,
1992-12-06,,,0.0,,,,,87.0,2.5,,
1992-12-07,,,0.0,20.4,,,,85.0,1.5,,
1992-12-08,,,0.0,,,,,83.0,3.0,,
1992-12-09,,,20.0,,,,,96.0,3.0,,
1992-12-10,,,2.9,,,,,90.0,2.5,,
1992-12-11,,,2.0,,,,,87.0,2.0,,
1992-12-12,,,0.0,,,,,76.0,3.0,,
1992-12-13,,,7.4,,,,,84.0,2.0,,
1992-12-14,,,4.4,,,,,93.0,0.5,,
1992-12-15,,,71.0,,,,,95.0,2.5,,
1992-12-16,,,10.2,,,,,92.0,3.0,,
1992-12-17,,,0.0,,,,,84.0,1.5,,
1992-12-18,,,0.0,,,,,91.0,2.0,,
1992-12-19,,,0.4,,,,,90.0,2.0,,
1992-12-20,,,0.2,,,,,91.0,2.0,,
1992-12-21,,,0.0,,,,,80.0,1.0,,
1992-12-22,,,0.0,,,,,89.0,1.5,,
1992-12-23,,,0.0,,,,,82.0,2.0,,
1992-12-24,,,0.0,,,,,83.0,2.5,,
1992-12-25,,,0.0,,,,,85.0,1.0,,
1992-12-26,,,0.0,,,,,64.0,1.0,,
1992-12-27,,,0.0,,,,,80.0,2.0,,
1992-12-28,,,11.4,,,,,92.0,2.5,,
1992-12-29,,,4.2,,,,,97.0,2.5,,
1992-12-30,,,0.0,21.9,,,,81.0,5.5,,
1992-12-31,,,0.4,19.0,,,,94.0,3.0,,
1993-01-01,7.0,,0.1,,,,,80.0,2.5,,
1993-01-02,,,0.0,,,,,76.0,2.0,,
1993-01-03,,,0.0,,,,,78.0,2.0,,
1993-01-04,,,0.0,,,,,67.0,1.0,,
1993-01-05,,,6.6,,,,,72.0,1.5,,
1993-01-06,,,0.0,,,,,68.0,1.5,,
1993-01-07,,,0.3,,,,,87.0,2.0,,
1993-01-08,,,0.0,,,,,85.0,2.0,,
1993-01-09,,,0.0,,,,,69.0,2.5,,
1993-01-10,,,0.0,,,,,83.0,2.0,,
1993-01-11,,,0.0,,,,,82.0,3.5,,
1993-01-12,,,0.0,,,,,77.0,4.0,,
1993-01-13,,,0.0,,,,,79.0,5.0,,
1993-01-14,,,0.0,,,,,84.0,5.5,,
1993-01-15,,,0.0,,,,,75.0,3.5,,
1993-01-16,,7.2,4.5,25.5,,,,93.0,1.5,,
1993-01-17,,,0.0,24.1,,,,72.0,1.5,,
1993-01-18,,,14.0,,,,,88.0,0.5,,
1993-01-19,,,6.7,,,,,80.0,1.0,,
1993-01-20,,,15.8,,,,,89.0,1.5,,
1993-01-21,,,44.9,,,,,91.0,1.5,,
1993-01-22,,,0.0,,,,,80.0,2.0,,
1993-01-23,,,0.0,,,,,85.0,1.5,,
1993-01-24,,,0.0,,,,,86.0,3.0,,
1993-01-25,,,0.0,,,,,80.0,2.5,,
1993-01-26,,,0.0,,,,,75.0,3.5,,
1993-01-27,,,0.0,,,,,75.0,2.0,,
1993-01-28,,,0.0,,,,,81.0,2.0,,
1993-01-29,,,0.0,,,,,77.0,2.0,,
1993-01-30,,,0.0,,,,,72.0,1.5,,
1993-01-31,,,0.0,,,,,76.0,3.5,,
1993-02-01,,,,,,,,77.0,,,
1993-02-02,,,,,,,,,,,
1993-02-03,,,,,,,,,,,
1993-02-04,,,,,,,,,,,
1993-02-05,,,,,,,,,,,
1993-02-06,,,,,,,,,,,
1993-02-07,,,,,,,,,,,
1993-02-08,,,,,,,,,,,
1993-02-09,,,,,,,,,,,
1993-02-10,,,,,,,,,,,
1993-02-11,,,,,,,,,,,
1993-02-12,,,,,,,,,,,
1993-02-13,,,,,,,,,,,
1993-02-14,,,,,,,,,,,
1993-02-15,,,,,,,,,,,
1993-02-16,,,,,,,,,,,
1993-02-17,,,,,,,,,,,
1993-02-18,,,,,,,,,,,
1993-02-19,,,,,,,,,,,
1993-02-20,,,,,,,,,,,
1993-02-21,,,,,,,,,,,
1993-02-22,,6.6,0.0,27.7,,,,81.0,2.5,,
1993-02-23,7.1,,0.0,21.9,,,,78.0,2.0,,
1993-02-24,7.6,,0.0,21.9,,,,76.0,0.5,,
1993-02-25,6.0,,0.2,21.9,,,,78.0,2.0,,
1993-02-26,8.3,,0.0,21.7,,,,73.0,2.0,,
1993-02-27,,,0.0,,,,,73.0,2.0,,
1993-02-28,,,0.0,,,,,77.0,2.0,,
1993-03-01,,,0.0,,,,,73.0,0.5,,
1993-03-02,,,0.0,,,,,77.0,1.5,,
1993-03-03,,,0.0,,,,,70.0,2.5,,
1993-03-04,,,0.0,,,,,74.0,2.0,,
1993-03-05,,,0.0,,,,,72.0,1.5,,
1993-03-06,,,0.0,,,,,75.0,3.5,,
1993-03-07,,,0.0,,,,,77.0,3.0,,
1993-03-08,,,0.0,,,,,79.0,2.0,,
1993-03-09,,,0.0,,,,,81.0,2.0,,
1993-03-10,,,0.0,,,,,79.0,2.0,,
1993-03-11,,,0.0,,,,,69.0,2.0,,
1993-03-12,,,0.0,,,,,73.0,2.0,,
1993-03-13,,,0.0,,,,,75.0,1.5,,
1993-03-14,,,0.0,,,,,69.0,2.0,,
1993-03-15,,,0.0,,,,,69.0,2.0,,
1993-03-16,,,0.0,,,,,68.0,2.0,,
1993-03-17,,,0.0,,,,,64.0,4.0,,
1993-03-18,,,0.0,,,,,64.0,2.5,,
1993-03-19,,,0.0,,,,,71.0,2.0,,
1993-03-20,,,0.0,,,,,65.0,1.5,,
1993-03-21,,,0.0,,,,,63.0,2.5,,
1993-03-22,,,0.0,,,,,64.0,5.0,,
1993-03-23,,,0.0,,,,,69.0,3.0,,
1993-03-24,,,0.0,,,,,70.0,1.5,,
1993-03-25,,,0.0,,,,,64.0,3.0,,
1993-03-26,,,0.0,,,,,76.0,3.0,,
1993-03-27,,,0.0,,,,,67.0,1.5,,
1993-03-28,,,0.0,,,,,70.0,2.5,,
1993-03-29,,,0.0,,,,,69.0,2.5,,
1993-03-30,,,0.0,,,,,63.0,2.0,,
1993-03-31,,,0.0,,,,,64.0,2.0,,
1993-04-01,,,0.0,,,,,63.0,1.5,,
1993-04-02,,,0.0,,,,,64.0,0.0,,
1993-04-03,,,0.0,,,,,62.0,1.0,,
1993-04-04,,,0.0,,,,,62.0,1.0,,
1993-04-05,,,0.0,,,,,82.0,2.0,,
1993-04-06,,,0.0,,,,,63.0,2.0,,
1993-04-07,,,0.0,,,,,64.0,1.5,,
1993-04-08,,,0.0,,,,,77.0,2.0,,
1993-04-09,,,0.0,,,,,62.0,0.5,,
1993-04-10,,,0.0,,,,,71.0,1.0,,
1993-04-11,,,0.0,,,,,64.0,2.5,,
1993-04-12,,,0.0,,,,,70.0,2.5,,
1993-04-13,,,0.0,,,,,74.0,3.0,,
1993-04-14,,,0.0,,,,,81.0,2.0,,
1993-04-15,,,0.0,,,,,75.0,3.0,,
1993-04-16,,,0.0,,,,,72.0,3.0,,
1993-04-17,,,0.0,,,,,74.0,2.5,,
1993-04-18,,,0.0,,,,,76.0,2.5,,
1993-04-19,,,0.0,,,,,77.0,3.0,,
1993-04-20,,,1.2,,,,,91.0,2.5,,
1993-04-21,,,0.0,,,,,91.0,5.0,,
1993-04-22,,,0.0,,,,,72.0,4.0,,
1993-04-23,,,0.0,,,,,76.0,2.0,,
1993-04-24,,,0.0,22.0,,,,79.0,2.0,,
1993-04-25,,,0.0,,,,,70.0,2.0,,
1993-04-26,,,0.1,,,,,70.0,2.0,,
1993-04-27,,,0.0,,,,,74.0,2.0,,
1993-04-28,,,0.0,,,,,73.0,4.0,,
1993-04-29,,,,,,,,,5.0,,
1993-04-30,,,2.5,,,,,92.0,5.0,,
1993-05-01,3.0,,2.9,19.5,,,,95.0,4.0,,
1993-05-02,,,0.1,,,,,88.0,2.0,,
1993-05-03,5.0,,0.0,21.8,,,,81.0,2.0,,
1993-05-04,,,0.0,,,,,73.0,2.0,,
1993-05-05,3.5,,0.4,,,,,76.0,3.0,,
1993-05-06,,,0.0,,,,,77.0,2.0,,
1993-05-07,,,0.2,,,,,73.0,1.2,,
1993-05-08,,,0.5,,,,,78.0,4.5,,
1993-05-09,,,0.3,,,,,90.0,2.5,,
1993-05-10,,,4.4,,,,,97.0,3.0,,
1993-05-11,,,6.6,,,,,96.0,3.0,,
1993-05-12,,,0.4,,,,,82.0,1.5,,
1993-05-13,,,0.0,,,,,83.0,2.5,,
1993-05-14,,,0.0,,,,,80.0,1.5,,
1993-05-15,,,0.0,,,,,79.0,1.0,,
1993-05-16,,,0.0,,,,,79.0,4.0,,
1993-05-17,,,0.0,,,,,76.0,5.0,,
1993-05-18,,,0.6,,,,,91.0,2.5,,
1993-05-19,,,0.5,,,,,78.0,3.0,,
1993-05-20,,,0.0,,,,,84.0,2.5,,
1993-05-21,,,0.0,,,,,81.0,2.5,,
1993-05-22,,,0.0,,,,,83.0,2.0,,
1993-05-23,,,0.0,,,,,91.0,3.5,,
1993-05-24,7.2,,0.0,19.6,,,,73.0,1.5,,
1993-05-25,,,0.0,,,,,83.0,2.0,,
1993-05-26,,,0.0,,,,,84.0,2.0,,
1993-05-27,,,1.8,,,,,89.0,2.0,,
1993-05-28,,,0.0,,,,,77.0,3.0,,
1993-05-29,,,0.0,,,,,76.0,5.5,,
1993-05-30,,,0.0,,,,,91.0,2.5,,
1993-05-31,,,1.2,,,,,92.0,1.0,,
1993-06-01,,,0.0,,,,,88.0,1.5,,
1993-06-02,,,0.0,,,,,90.0,3.0,,
1993-06-03,,,5.0,,,,,98.0,3.0,,
1993-06-04,,,4.9,,,,,94.0,3.5,,
1993-06-05,,,2.0,,,,,81.0,4.0,,
1993-06-06,,,0.0,,,,,88.0,3.0,,
1993-06-07,,,0.0,,,,,84.0,3.0,,
1993-06-08,,,1.4,,,,,91.0,2.0,,
1993-06-09,,,0.0,,,,,89.0,2.0,,
1993-06-10,,,1.4,,,,,88.0,3.0,,
1993-06-11,,,1.0,,,,,90.0,3.0,,
1993-06-12,,,0.0,,,,,76.0,3.0,,
1993-06-13,,,0.1,,,,,87.0,3.0,,
1993-06-14,,,2.0,,,,,89.0,4.5,,
1993-06-15,,,0.6,,,,,86.0,4.0,,
1993-06-16,,,0.2,,,,,94.0,3.0,,
1993-06-17,,,0.4,,,,,94.0,3.5,,
1993-06-18,,,0.4,,,,,78.0,1.0,,
1993-06-19,4.8,,0.0,18.3,,,,84.0,1.5,,
1993-06-20,,,0.0,,,,,81.0,1.5,,
1993-06-21,,,0.0,,,,,82.0,3.5,,
1993-06-22,,,4.8,,,,,96.0,1.5,,
1993-06-23,,,0.4,,,,,95.0,2.5,,
1993-06-24,,,0.0,,,,,83.0,2.0,,
1993-06-25,,,0.0,,,,,84.0,2.0,,
1993-06-26,,,0.0,,,,,82.0,2.0,,
1993-06-27,,,0.0,,,,,82.0,1.5,,
1993-06-28,,,0.0,,,,,88.0,2.0,,
1993-06-29,3.7,,0.0,25.3,,,,84.0,1.5,,
1993-06-30,,,0.0,,,,,85.0,1.0,,
1993-07-01,,,0.0,,,,,68.0,1.0,,
1993-07-02,,,0.0,,,,,64.0,2.0,,
1993-07-03,,,0.0,22.4,,,,73.0,1.0,,
1993-07-04,,,0.0,,,,,83.0,2.0,,
1993-07-05,,,0.0,,,,,80.0,2.0,,
1993-07-06,,,0.0,,,,,81.0,2.0,,
1993-07-07,,,0.0,,,,,71.0,2.0,,
1993-07-08,,,0.0,,,,,72.0,1.5,,
1993-07-09,,,0.0,,,,,74.0,4.0,,
1993-07-10,,,0.0,,,,,83.0,3.0,,
1993-07-11,,,0.0,,,,,79.0,3.0,,
1993-07-12,,,0.0,,,,,69.0,3.5,,
1993-07-13,,,0.0,,,,,91.0,2.5,,
1993-07-14,,,0.0,,,,,86.0,3.5,,
1993-07-15,,,6.0,,,,,94.0,2.5,,
1993-07-16,,,0.0,,,,,87.0,3.5,,
1993-07-17,,,4.0,,,,,97.0,2.5,,
1993-07-18,,,6.4,,,,,92.0,5.0,,
1993-07-19,,,0.0,18.6,,,,73.0,4.0,,
1993-07-20,,,3.2,,,,,91.0,3.5,,
1993-07-21,,,0.0,,,,,78.0,2.0,,
1993-07-22,,,0.8,,,,,91.0,3.0,,
1993-07-23,,,0.2,,,,,78.0,2.0,,
1993-07-24,,,0.2,,,,,90.0,2.0,,
1993-07-25,,,0.0,,,,,79.0,2.0,,
1993-07-26,,,0.0,,,,,77.0,2.0,,
1993-07-27,,,0.0,,,,,79.0,2.5,,
1993-07-28,,,0.0,,,,,83.0,2.0,,
1993-07-29,,,0.0,,,,,83.0,5.0,,
1993-07-30,,,0.0,,,,,77.0,2.5,,
1993-07-31,,,1.0,,,,,87.0,2.5,,
1993-08-01,5.2,,0.0,24.3,,,,86.0,3.5,,
1993-08-02,4.1,,0.0,19.0,,,,82.0,1.5,,
1993-08-03,5.0,,0.6,17.2,,,,91.0,4.0,,
1993-08-04,2.0,,1.6,24.5,,,,76.0,2.0,,
1993-08-05,,,0.0,,,,,83.0,4.0,,
1993-08-06,3.1,,8.7,17.0,,,,94.0,4.0,,
1993-08-07,,,0.0,,,,,78.0,4.0,,
1993-08-08,,,0.0,17.1,,,,86.0,3.5,,
1993-08-09,4.0,,0.0,24.9,,,,83.0,2.0,,
1993-08-10,5.1,,0.0,17.4,,,,86.0,2.0,,
1993-08-11,,,0.0,28.7,,,,75.0,1.0,,
1993-08-12,7.1,,0.0,19.3,,,,73.0,4.0,,
1993-08-13,,,,,,,,,3.0,,
1993-08-14,,,0.2,,,,,85.0,4.5,,
1993-08-15,,,0.0,,,,,84.0,3.5,,
1993-08-16,,,0.2,21.5,,,,90.0,3.0,,
1993-08-17,4.3,,0.0,18.8,,,,72.0,3.5,,
1993-08-18,4.3,,0.7,18.0,,,,93.0,4.0,,
1993-08-19,2.4,,0.3,25.3,,,,89.0,1.5,,
1993-08-20,4.4,,0.0,20.1,,,,74.0,3.0,,
1993-08-21,5.6,,0.0,20.5,,,,81.0,4.0,,
1993-08-22,5.7,,0.0,24.2,,,,83.0,4.0,,
1993-08-23,2.3,,4.9,17.2,,,,91.0,5.5,,
1993-08-24,0.9,,4.6,19.5,,,,98.0,4.0,,
1993-08-25,2.4,,0.1,21.7,,,,91.0,2.0,,
1993-08-26,2.7,,0.0,18.8,,,,86.0,0.2,,
1993-08-27,3.9,,0.0,26.5,,,,88.0,2.0,,
1993-08-28,5.4,,0.0,,,,,83.0,1.5,,
1993-08-29,7.9,,0.0,19.8,,,,77.0,4.0,,
1993-08-30,7.8,,0.0,26.2,,,,71.0,0.2,,
1993-08-31,8.0,,0.0,28.3,,,,68.0,0.15,,
1993-09-01,8.4,7.9,0.0,29.0,,,,73.0,1.5,,
1993-09-02,9.5,8.1,0.0,26.5,,,,67.0,2.0,,
1993-09-03,8.3,9.9,0.0,28.3,,,,65.0,3.5,,
1993-09-04,10.2,5.3,0.0,25.5,,,,74.0,2.0,,
1993-09-05,5.4,9.5,0.0,27.2,,,,82.0,2.0,,
1993-09-06,9.3,7.7,0.0,29.7,,,,66.0,1.0,,
1993-09-07,8.7,6.0,0.0,26.5,,,,74.0,3.5,,
1993-09-08,6.4,7.5,0.0,27.3,,,,76.0,5.5,,
1993-09-09,9.9,10.1,0.0,25.7,,,,63.0,4.5,,
1993-09-10,9.7,8.8,0.0,27.1,,,,76.0,4.0,,
1993-09-11,6.9,8.1,0.0,27.9,,,,75.0,2.0,,
1993-09-12,6.8,8.1,0.0,27.7,,,,71.0,3.5,,
1993-09-13,8.6,4.3,0.0,23.3,,,,83.0,4.0,,
1993-09-14,5.3,3.5,1.5,23.7,,,,91.0,5.5,,
1993-09-15,5.7,3.3,1.8,23.3,17.86,13.9,,91.0,3.0,,3.77472469407
1993-09-16,3.8,6.0,0.8,25.5,19.22,15.4,,92.0,1.5,,4.12419902622
1993-09-17,4.9,7.7,0.0,29.2,21.58,16.7,,73.0,1.5,,4.90271615686
1993-09-18,7.4,7.9,0.0,32.6,22.4,14.6,,59.0,2.0,,5.9948198409
1993-09-19,7.3,1.5,2.5,22.9,19.76,18.1,,87.0,1.5,,2.87225362071
1993-09-20,2.4,8.0,0.0,30.3,22.14,17.4,,82.0,2.0,,5.13517487371
1993-09-21,7.0,9.5,0.0,31.3,23.28,17.7,,62.0,0.0,,5.37000925544
1993-09-22,8.1,8.5,0.0,29.4,22.28,17.8,,72.0,1.5,,4.86734330726
1993-09-23,7.4,6.9,0.0,28.4,21.6,17.6,,63.0,1.0,,4.6409776578
1993-09-24,6.7,7.3,0.0,26.5,19.7,16.0,,68.0,1.0,,4.3914209713
1993-09-25,5.3,10.0,0.0,31.9,23.18,15.0,,60.0,0.5,,5.90045638883
1993-09-26,9.5,5.6,0.0,28.6,22.0,17.6,,65.0,3.5,,4.73198842588
1993-09-27,8.9,6.6,0.0,26.5,20.18,16.1,,72.0,2.5,,4.40960657774
1993-09-28,5.6,7.9,0.0,30.2,22.0,15.6,,72.0,2.0,,5.4517533973
1993-09-29,6.9,3.5,0.0,27.9,21.76,15.6,,70.0,4.5,,4.87416046104
1993-09-30,6.5,7.5,0.0,28.6,22.14,18.1,,83.0,5.0,,4.6965297326
1993-10-01,,,,,,,,85.0,,,
1993-10-02,,,,,,,,,,,
1993-10-03,,,,,,,,,,,
1993-10-04,,,,,,,,,,,
1993-10-05,,,,,,,,,,,
1993-10-06,,,,,,,,,,,
1993-10-07,,,,,,,,,,,
1993-10-08,,,,,,,,,,,
1993-10-09,,,,,,,,,,,
1993-10-10,,,,,,,,,,,
1993-10-11,,,,,,,,,,,
1993-10-12,,,,,,,,,,,
1993-10-13,,,,,,,,,,,
1993-10-14,,,,,,,,,,,
1993-10-15,,,,,,,,,,,
1993-10-16,,,,,,,,,,,
1993-10-17,,,,,,,,,,,
1993-10-18,,,,,,,,,,,
1993-10-19,,,,,,,,,,,
1993-10-20,,,,,,,,,,,
1993-10-21,,,,,,,,,,,
1993-10-22,,,,,,,,,,,
1993-10-23,,,,,,,,,,,
1993-10-24,,,,,,,,,,,
1993-10-25,,,,,,,,,,,
1993-10-26,,,,,,,,,,,
1993-10-27,,,,,,,,,,,
1993-10-28,,,,,,,,,,,
1993-10-29,,,,,,,,,,,
1993-10-30,,,,,,,,,,,
1993-10-31,,,,,,,,,,,
1993-11-01,7.5,9.4,0.3,28.9,21.4,16.1,62.25,41.0,2.666667,,5.24531696294
1993-11-02,10.4,8.1,0.0,30.5,22.28,16.8,60.75,39.0,3.0,,5.29441021547
1993-11-03,11.1,8.6,0.0,31.0,22.68,17.6,55.75,36.0,1.666667,,5.11270994523
1993-11-04,11.0,,0.0,28.1,22.7,18.0,64.5,46.0,3.0,,4.67069539889
1993-11-05,10.9,5.4,0.0,27.9,21.9,16.8,58.75,49.0,2.666667,,4.48970383605
1993-11-06,12.2,8.9,0.0,29.0,22.58,17.7,60.75,47.0,2.666667,,5.27804410222
1993-11-07,13.6,8.6,0.0,29.8,22.68,17.8,59.0,42.0,3.0,,5.44929680701
1993-11-08,13.3,9.5,0.0,28.8,22.82,17.7,59.5,44.0,4.0,,5.79978792504
1993-11-09,13.1,,0.0,28.4,21.9,17.4,66.5,41.0,5.333333,,5.18710136565
1993-11-10,15.0,7.6,0.0,28.0,20.54,16.0,62.5,39.0,4.666667,,5.282540542
1993-11-11,10.8,3.4,3.0,24.5,18.84,16.2,89.75,70.0,3.666667,,2.81260034503
1993-11-12,2.7,2.5,7.1,24.3,19.1,16.4,88.25,75.0,5.0,,2.6897955498
1993-11-13,1.9,0.9,2.4,23.3,19.16,16.0,78.75,67.0,4.333333,,2.81747402247
1993-11-14,3.6,0.0,0.3,22.3,19.2,16.6,81.75,72.0,4.666667,,2.50255705648
1993-11-15,2.9,8.5,0.0,26.4,20.38,16.2,79.75,60.0,5.0,,4.41788668787
1993-11-16,9.4,2.2,0.0,26.1,20.72,17.4,76.25,57.0,2.666667,,3.16035984586
1993-11-17,8.9,6.5,0.0,28.0,21.48,17.7,72.0,51.0,4.333333,,4.60381989074
1993-11-18,9.1,7.9,0.0,29.3,22.5,17.7,64.25,48.0,1.333333,,4.61801638602
1993-11-19,8.9,6.0,0.0,29.5,23.32,18.8,68.25,50.0,1.666667,,4.26268238619
1993-11-20,8.1,5.8,0.0,28.5,22.72,18.8,74.75,57.0,2.0,,4.0881113255
1993-11-21,6.8,5.9,0.0,28.6,22.24,18.2,66.75,44.0,3.333333,,4.6135799955
1993-11-22,7.8,3.4,0.0,26.9,20.92,17.4,75.5,52.0,3.0,,3.53564144987
1993-11-23,7.5,8.8,0.0,29.9,22.7,17.1,65.5,47.0,3.333333,,5.33071584462
1993-11-24,9.7,5.6,0.0,28.8,22.0,17.0,64.25,53.0,2.666667,,4.43877202404
1993-11-25,9.0,10.4,0.0,29.6,22.62,17.8,57.75,38.0,2.0,,5.5248551924
1993-11-26,11.5,10.5,0.0,30.3,23.14,16.6,55.5,39.0,1.0,,5.18031652115
1993-11-27,8.2,6.6,0.0,30.6,23.7,18.2,65.25,51.0,2.0,,4.61037741797
1993-11-28,6.4,3.9,0.4,29.2,23.82,19.8,67.75,47.0,1.333333,,3.69259768943
1993-11-29,4.3,2.8,4.0,28.0,23.16,19.8,83.5,64.0,0.666667,,3.05146716928
1993-11-30,1.6,6.2,10.1,27.9,21.92,18.4,88.5,80.0,1.0,,3.85555848028
1993-12-01,1.8,1.1,35.8,23.9,20.7,18.0,86.75,80.0,0.133333,,2.40438175714
1993-12-02,1.9,9.2,0.5,27.3,21.76,18.5,71.0,54.0,3.0,,5.00585900553
1993-12-03,4.5,6.8,0.0,27.0,21.24,17.0,73.75,57.0,3.333333,,4.34841192055
1993-12-04,6.0,7.4,0.0,27.3,21.32,17.1,70.5,58.0,3.333333,,4.62553333964
1993-12-05,3.5,10.7,0.0,29.0,21.74,16.4,61.75,47.0,3.666667,,5.81606844872
1993-12-06,2.8,10.4,0.0,28.3,21.78,16.7,73.25,52.0,4.0,,5.2642864058
1993-12-07,2.2,3.8,0.0,28.1,22.76,18.2,69.75,58.0,4.333333,,4.21818529956
1993-12-08,2.1,8.4,0.4,28.4,22.16,17.4,72.75,74.0,2.333333,,4.71717340704
1993-12-09,2.1,9.2,0.0,30.3,23.48,18.0,64.25,45.0,1.0,,4.90465594119
1993-12-10,2.2,10.6,0.4,32.3,24.66,16.8,56.75,41.0,2.0,,5.78095098736
1993-12-11,2.4,11.1,0.0,32.1,24.82,18.1,56.0,38.0,1.333333,,5.66584337777
1993-12-12,4.1,6.5,0.0,31.4,24.22,19.2,62.75,43.0,1.666667,,4.62015877788
1993-12-13,1.7,1.4,0.0,28.3,22.64,19.7,80.0,61.0,1.666667,,2.87812841547
1993-12-14,1.4,3.1,0.0,27.3,22.26,18.3,72.75,62.0,2.0,,3.43836289407
1993-12-15,1.5,8.5,0.0,28.1,21.58,16.4,69.0,56.0,2.0,,4.70541935411
1993-12-16,1.4,7.8,0.0,29.5,22.48,16.6,67.5,49.0,1.666667,,4.61326244873
1993-12-17,2.5,8.9,0.0,34.0,25.46,18.6,62.5,46.0,0.666667,,4.98519454189
1993-12-18,1.9,2.5,0.0,31.0,25.7,20.7,63.75,50.0,1.333333,,3.52653440571
1993-12-19,9.2,5.1,0.0,28.3,24.12,19.7,67.75,62.0,2.333333,,4.20893405826
1993-12-20,7.7,6.7,0.0,30.1,24.06,19.0,64.25,47.0,2.0,,4.65726682346
1993-12-21,7.2,4.9,0.0,31.5,24.86,19.2,64.25,46.0,1.333333,,4.0924899514
1993-12-22,5.7,3.5,1.6,27.9,22.3,19.9,79.75,63.0,5.333333,,3.75917798103
1993-12-23,7.3,8.3,0.0,28.0,21.96,17.7,73.75,53.0,4.666667,,4.914296484
1993-12-24,9.7,8.2,0.0,27.8,21.38,16.8,73.25,53.0,4.0,,4.78696598323
1993-12-25,8.9,5.6,0.0,28.3,22.7,18.2,75.75,54.0,3.666667,,4.20483500429
1993-12-26,11.4,7.0,0.0,28.8,22.38,15.8,60.5,48.0,3.333333,,5.00931249775
1993-12-27,11.2,7.1,0.0,29.2,22.74,16.8,62.5,48.0,2.333333,,4.74307298688
1993-12-28,9.2,4.3,0.0,29.1,23.3,18.6,66.0,46.0,1.333333,,3.78091046777
1993-12-29,12.1,7.8,0.0,31.3,23.08,17.4,61.75,41.0,1.666667,,4.87743521975
1993-12-30,8.7,10.7,0.0,31.4,23.76,17.3,60.75,39.0,1.333333,,5.45663999928
1993-12-31,7.3,,0.0,31.8,24.12,17.6,61.75,38.0,1.333333,,5.07286331684
1994-01-01,5.3,5.3,0.0,29.1,22.62,17.8,65.0,47.0,2.666667,,4.41172001413
1994-01-02,4.4,7.2,0.0,29.7,23.2,18.0,60.25,47.0,2.666667,,5.02770482032
1994-01-03,4.0,9.4,0.0,30.9,22.94,18.0,65.0,43.0,1.666667,,5.20085037552
1994-01-04,9.1,5.9,0.0,31.4,23.56,18.0,70.5,43.0,1.666667,,4.29698795285
1994-01-05,8.0,4.6,0.0,30.1,22.64,19.5,75.5,51.0,4.0,,4.22979871382
1994-01-06,5.0,1.0,0.4,28.2,22.84,18.6,68.75,58.0,2.666667,,3.3186890302
1994-01-07,5.9,5.8,0.0,30.2,23.2,18.4,62.0,45.0,2.666667,,4.72588921221
1994-01-08,9.7,2.8,0.0,27.5,22.38,18.6,70.0,56.0,2.666667,,3.63224127994
1994-01-09,5.6,7.8,0.0,30.5,23.84,17.0,63.0,42.0,1.333333,,4.68138189199
1994-01-10,6.5,8.4,0.0,30.9,24.78,18.6,60.75,41.0,2.0,,5.18145859728
1994-01-11,8.0,8.5,0.0,30.8,23.44,17.8,58.75,43.0,2.333333,,5.32730822273
1994-01-12,9.2,3.8,0.0,27.1,22.1,16.8,76.75,59.0,3.0,,3.57710883623
1994-01-13,4.7,7.0,7.8,27.8,21.8,18.0,75.5,56.0,2.0,,4.29461550698
1994-01-14,6.0,3.9,0.0,29.2,22.4,18.6,76.0,51.0,1.666667,,3.59850952821
1994-01-15,3.4,4.9,0.3,29.8,23.26,18.3,76.0,47.0,1.333333,,3.80931121472
1994-01-16,2.0,1.2,24.0,24.1,20.38,17.8,86.5,76.0,1.666667,,2.50248625395
1994-01-17,1.6,7.5,0.0,28.2,23.0,19.2,75.5,52.0,1.666667,,4.45324682402
1994-01-18,2.2,6.4,0.0,28.5,22.26,18.2,70.75,51.0,2.333333,,4.38609585064
1994-01-19,7.9,9.5,0.0,29.5,22.62,16.8,66.25,46.0,2.0,,5.1367583097
1994-01-20,10.0,9.2,0.0,29.8,22.84,17.4,63.5,45.0,2.0,,5.17634689087
1994-01-21,9.0,11.0,0.0,30.1,22.78,16.6,63.0,42.0,2.0,,5.58011234509
1994-01-22,3.4,10.1,0.0,30.5,23.54,16.8,61.0,40.0,1.666667,,5.35394269664
1994-01-23,2.0,8.7,0.0,31.2,24.76,17.7,59.5,43.0,1.666667,,5.14685448792
1994-01-24,8.1,3.9,0.0,28.5,22.98,18.2,63.75,53.0,2.333333,,4.03058605432
1994-01-25,7.2,10.1,0.0,30.8,24.2,19.4,59.5,40.0,3.0,,5.96713749658
1994-01-26,8.5,9.1,0.0,29.9,23.88,18.9,64.75,46.0,2.0,,5.208283523
1994-01-27,7.8,4.9,0.0,29.3,23.58,19.4,68.5,46.0,2.333333,,4.2066080703
1994-01-28,6.2,6.0,0.0,29.7,23.46,18.8,62.25,47.0,4.0,,5.14500166517
1994-01-29,9.9,4.4,0.0,27.9,22.68,17.7,58.75,43.0,3.666667,,4.69043482476
1994-01-30,8.4,,0.0,29.3,23.22,18.0,62.25,47.0,3.666667,,5.22787017845
1994-01-31,8.8,6.2,0.0,30.4,22.96,18.4,65.25,45.0,3.333333,,4.91104804704
1994-02-01,7.3,7.0,0.0,30.7,24.22,19.4,63.5,44.0,4.0,,5.40975412926
1994-02-02,4.8,6.8,0.0,30.5,23.46,18.8,69.25,46.0,5.0,,5.22062192644
1994-02-03,2.4,0.0,0.4,30.1,23.42,18.8,69.25,53.0,3.666667,,3.44942938914
1994-02-04,1.5,0.0,0.0,30.7,23.32,18.7,69.5,37.0,3.666667,,3.46570291396
1994-02-05,2.1,0.0,0.0,28.5,22.7,19.0,79.25,66.0,4.0,,2.90880650533
1994-02-06,0.8,,6.6,28.3,22.18,17.6,76.25,59.0,2.0,,4.24662839385
1994-02-07,1.2,,0.0,27.7,22.2,18.3,74.25,59.0,2.333333,,4.14178249312
1994-02-08,8.1,,0.0,30.5,23.7,18.4,60.0,41.0,4.0,,5.63617739366
1994-02-09,9.6,,0.0,29.7,22.58,16.8,68.75,47.0,5.0,,5.31756956666
1994-02-10,8.0,,0.0,29.3,22.72,18.5,75.25,47.0,4.333333,,4.66454022083
1994-02-11,8.1,0.0,0.4,30.1,23.66,18.4,61.75,41.0,2.333333,,3.30428483071
1994-02-12,9.4,,0.0,29.1,22.86,18.6,69.5,55.0,3.333333,,4.7263478828
1994-02-13,6.2,,0.0,27.7,21.94,18.4,76.0,60.0,3.666667,,4.22121706685
1994-02-14,5.9,,0.0,30.3,23.18,17.2,62.25,41.0,3.0,,5.2755530685
1994-02-15,10.4,,0.0,30.7,23.54,17.4,63.5,43.0,3.666667,,5.47180179805
1994-02-16,10.4,,0.0,30.5,23.26,17.8,54.5,40.0,3.0,,5.53553594911
1994-02-17,11.7,,0.0,31.9,23.42,15.8,49.0,35.0,2.666667,,5.97997591652
1994-02-18,11.9,,0.0,30.5,24.02,18.2,56.0,44.0,2.0,,5.04302111207
1994-02-19,12.3,,0.0,30.4,23.46,18.1,61.25,37.0,2.0,,4.91550594991
1994-02-20,10.9,,0.0,30.2,24.04,18.4,60.0,48.0,2.333333,,4.98978715249
1994-02-21,6.6,,0.0,30.0,22.02,18.4,85.75,61.0,1.766667,,4.24802147881
1994-02-22,3.0,,5.5,28.7,21.46,17.9,80.5,57.0,1.666667,,4.12001575817
1994-02-23,3.5,,2.3,27.0,21.6,17.5,84.25,73.0,1.666667,,3.73720778451
1994-02-24,6.1,,3.4,23.0,20.06,18.0,90.25,80.0,3.333333,,2.6254298215
1994-02-25,1.9,,0.0,27.5,21.78,16.8,68.75,55.0,4.0,,4.63924843952
1994-02-26,4.5,,4.0,27.8,22.32,17.4,68.5,52.0,1.666667,,4.18201283415
1994-02-27,13.0,,0.0,28.6,22.88,17.5,72.25,51.0,1.333333,,4.19612975484
1994-02-28,5.2,,0.0,30.1,23.7,18.5,63.0,49.0,2.333333,,4.83325042093
1994-03-01,8.0,,0.0,30.0,23.8,18.0,64.5,49.0,1.333333,,4.50528481713
1994-03-02,7.3,,0.0,27.4,22.18,18.0,85.0,70.0,2.0,,3.71007606504
1994-03-03,2.4,,26.7,27.7,22.74,18.5,77.25,63.0,1.333333,,3.81070004167
1994-03-04,3.5,,0.0,28.1,22.4,19.2,81.75,68.0,1.333333,,3.73934717808
1994-03-05,3.1,,12.4,25.1,20.52,17.1,88.0,72.0,1.0,,3.28424339688
1994-03-06,1.0,,14.0,24.7,19.88,17.6,91.75,77.0,2.0,,3.01176310726
1994-03-07,1.5,,26.6,26.1,21.48,17.4,85.5,83.0,2.0,,3.46586300547
1994-03-08,2.7,,0.2,26.2,22.3,19.5,83.0,74.0,1.666667,,3.25982491261
1994-03-09,2.3,,1.2,28.5,23.32,19.3,78.25,58.0,0.666667,,3.73568631989
1994-03-10,5.3,,0.1,30.0,23.8,19.7,74.0,47.0,1.333333,,4.13729298544
1994-03-11,5.3,,0.0,30.2,22.18,18.8,83.75,56.0,0.666667,,4.11793706508
1994-03-12,3.5,,43.5,26.6,21.5,17.8,89.0,71.0,1.0,,3.44332857245
1994-03-13,1.9,,1.2,26.8,21.64,17.9,83.25,65.0,1.333333,,3.53179543487
1994-03-14,2.0,,3.3,27.8,21.94,17.6,81.5,55.0,1.333333,,3.78011648583
1994-03-15,4.0,,0.0,27.0,22.3,18.8,77.75,58.0,1.666667,,3.5705528153
1994-03-16,7.4,,0.0,25.9,21.6,19.4,91.75,82.0,2.0,,2.95175796363
1994-03-17,1.5,,9.0,27.4,21.64,18.2,83.25,70.0,2.0,,3.60928969099
1994-03-18,3.0,,0.0,27.6,21.82,18.5,79.5,55.0,2.333333,,3.72800925166
1994-03-19,4.8,,0.0,27.9,22.64,19.0,68.75,48.0,2.333333,,4.02976396459
1994-03-20,6.9,,0.0,28.7,23.18,18.9,68.75,49.0,3.0,,4.34255989475
1994-03-21,6.8,,0.0,28.0,23.06,18.8,71.0,54.0,2.333333,,3.98628685265
1994-03-22,6.7,,0.9,28.1,22.72,18.1,75.0,56.0,2.0,,3.89861945611
1994-03-23,5.8,,0.0,28.5,22.78,18.4,69.5,51.0,3.333333,,4.35652078359
1994-03-24,7.2,,0.0,27.7,22.44,18.6,67.25,52.0,4.333333,,4.48680215441
1994-03-25,12.1,,0.0,27.1,21.44,16.1,72.5,68.0,4.0,,4.21278157009
1994-03-26,8.4,,0.0,27.7,22.34,17.2,68.25,50.0,2.666667,,4.16704100757
1994-03-27,7.5,,0.0,28.5,22.52,17.2,68.25,53.0,1.666667,,4.06297008178
1994-03-28,6.8,,0.0,28.0,21.96,18.8,79.25,59.0,3.666667,,3.80810129856
1994-03-29,4.9,,1.0,27.2,21.22,16.8,76.25,63.0,4.666667,,4.03563656521
1994-03-30,6.1,,0.0,26.1,21.22,17.4,71.0,60.0,2.0,,3.59321425643
1994-03-31,5.5,,0.0,27.5,21.78,18.4,78.75,59.0,3.0,,3.67257440379
1994-04-01,4.9,,0.0,28.4,22.6,18.2,75.25,56.0,2.0,,3.82253713397
1994-04-02,4.7,,0.0,29.9,23.56,19.5,73.25,53.0,2.0,,4.02111092083
1994-04-03,6.9,,0.0,28.2,22.9,19.1,82.0,75.0,3.0,,3.58753800768
1994-04-04,3.8,,2.9,25.7,21.04,18.6,85.75,73.0,2.666667,,3.00606012913
1994-04-05,3.2,,0.0,25.1,21.16,18.2,81.25,70.0,3.0,,3.09978564357
1994-04-06,5.1,,0.0,25.7,21.26,18.4,87.75,79.0,4.666667,,2.94481709798
1994-04-07,3.0,,0.0,25.1,21.84,18.2,88.25,78.0,2.0,,2.82531575267
1994-04-08,3.0,,0.0,29.6,22.72,18.7,86.0,77.0,3.0,,3.67233416556
1994-04-09,2.4,,24.7,24.5,20.88,18.2,88.5,76.0,3.666667,,2.68276293987
1994-04-10,2.4,,7.2,25.1,20.66,17.8,84.0,66.0,3.666667,,3.01682097396
1994-04-11,3.7,,2.0,25.1,21.26,18.2,79.75,73.0,3.333333,,3.12667893576
1994-04-12,3.4,,0.6,25.7,21.18,18.0,82.25,63.0,2.666667,,3.09640113259
1994-04-13,3.8,,0.0,24.1,20.42,17.6,91.0,86.0,3.666667,,2.52542446944
1994-04-14,2.1,,8.0,24.2,20.2,18.0,93.5,88.0,4.333333,,2.3508219921
1994-04-15,0.8,,4.8,22.0,19.04,16.6,93.25,83.0,3.666667,,2.1516693713
1994-04-16,1.4,,1.0,25.2,20.38,17.2,83.75,70.0,2.0,,2.95568742168
1994-04-17,3.6,,1.4,25.5,20.24,17.4,86.0,66.0,3.0,,2.94549415306
1994-04-18,2.9,,1.8,25.4,20.76,17.5,80.5,63.0,2.666667,,3.0783905971
1994-04-19,4.3,,0.0,25.8,20.56,16.6,76.75,59.0,2.333333,,3.280459675
1994-04-20,5.3,,0.0,26.4,20.92,16.6,80.0,64.0,4.666667,,3.46437884925
1994-04-21,5.9,,0.0,25.5,20.02,16.8,88.0,63.0,3.666667,,2.87381695388
1994-04-22,3.9,,3.9,24.3,19.84,16.7,85.75,72.0,3.333333,,2.76741486038
1994-04-23,2.6,,0.7,23.0,19.08,16.8,90.25,83.0,3.333333,,2.36136103012
1994-04-24,1.5,,0.7,25.3,20.42,16.6,82.5,61.0,4.333333,,3.0952858291
1994-04-25,5.0,,5.3,23.3,19.82,17.0,90.0,82.0,4.333333,,2.37093383393
1994-04-26,2.0,,2.5,24.7,20.06,17.4,91.0,75.0,4.333333,,2.49972807072
1994-04-27,2.7,,0.2,23.5,19.9,17.4,88.0,82.0,5.0,,2.45765874572
1994-04-28,2.5,,0.0,24.2,20.24,17.8,84.75,81.0,2.0,,2.56922944665
1994-04-29,2.9,,0.1,24.6,20.24,17.6,88.0,72.0,3.666667,,2.58485574098
1994-04-30,3.4,,0.0,23.5,19.66,17.6,93.25,87.0,4.666667,,2.13395647024
1994-05-01,1.7,,10.8,23.2,19.08,16.4,94.75,90.0,4.333333,,2.11810994885
1994-05-02,1.6,,14.8,21.0,18.24,16.5,97.0,93.0,2.666667,,1.77699638807
1994-05-03,1.2,,3.6,24.1,19.42,16.6,87.5,73.0,2.333333,,2.55164444821
1994-05-04,4.1,,0.2,23.9,19.84,17.1,86.0,75.0,2.666667,,2.52128940669
1994-05-05,3.1,,0.0,25.3,20.0,17.4,87.25,68.0,3.666667,,2.68388340711
1994-05-06,2.7,,10.7,23.7,19.84,17.6,90.25,75.0,5.0,,2.27379637319
1994-05-07,3.1,,3.3,22.5,19.36,17.2,93.0,91.0,6.333333,,1.93361688873
1994-05-08,2.5,,2.0,23.5,19.54,17.0,91.5,83.0,5.333333,,2.19747830559
1994-05-09,2.6,,0.0,23.3,19.38,16.8,93.75,89.0,3.333333,,2.12761128328
1994-05-10,1.5,,3.1,24.0,19.62,17.0,90.75,75.0,3.0,,2.33101197746
1994-05-11,2.8,,2.6,23.8,19.48,17.2,89.75,72.0,3.333333,,2.31083061625
1994-05-12,1.4,,2.1,22.0,18.6,16.8,95.25,92.0,4.0,,1.8162940566
1994-05-13,2.3,,2.7,23.1,19.02,16.7,90.5,77.0,3.0,,2.20483312772
1994-05-14,2.6,,0.0,24.1,19.78,16.9,90.75,82.0,3.666667,,2.3089803479
1994-05-15,2.6,,0.0,24.4,19.5,15.9,80.5,66.0,2.666667,,2.75362896027
1994-05-16,3.8,,0.5,24.1,19.82,17.4,90.25,75.0,3.0,,2.28114980642
1994-05-17,2.9,,3.2,23.9,19.3,16.0,81.75,63.0,3.666667,,2.69748053257
1994-05-18,3.9,,0.0,24.0,19.1,15.6,80.25,64.0,2.333333,,2.66414225384
1994-05-19,3.9,,0.0,24.5,19.56,16.2,89.25,85.0,1.666667,,2.44222972846
1994-05-20,3.8,,0.0,24.4,19.24,16.2,81.5,62.0,1.666667,,2.566932489
1994-05-21,4.2,,0.0,25.1,19.98,16.6,79.5,59.0,2.333333,,2.75010777132
1994-05-22,4.1,,0.0,25.2,19.94,17.3,82.75,68.0,2.333333,,2.61884810522
1994-05-23,4.1,,0.0,24.9,19.66,16.4,82.25,65.0,1.666667,,2.58387761661
1994-05-24,4.0,,0.0,25.1,19.94,17.2,81.75,63.0,2.333333,,2.62412296412
1994-05-25,4.5,,0.0,24.9,19.82,16.8,83.5,66.0,2.666667,,2.5910147133
1994-05-26,4.1,,0.0,24.2,19.12,16.9,83.25,67.0,2.333333,,2.4613224063
1994-05-27,3.7,,0.0,25.3,19.56,14.9,78.25,61.0,2.333333,,2.85874490625
1994-05-28,4.7,,0.0,27.0,20.56,17.0,80.0,58.0,1.666667,,2.84133015412
1994-05-29,4.2,,0.0,25.3,20.22,17.4,77.5,56.0,2.0,,2.67055800123
1994-05-30,4.4,,0.0,25.1,19.48,16.4,74.0,56.0,5.0,,3.28126359858
1994-05-31,4.4,,0.0,22.1,18.5,16.2,91.5,80.0,4.666667,,1.93163285156
1994-06-01,1.9,,1.2,23.5,19.3,15.9,85.5,68.0,4.666667,,2.43244322825
1994-06-02,5.3,,0.0,22.6,19.04,17.1,88.0,81.0,3.0,,2.06628612713
1994-06-03,2.8,,0.7,22.0,18.6,16.6,91.25,90.0,4.0,,1.89655772622
1994-06-04,2.3,,0.0,24.2,18.98,16.2,81.25,69.0,4.333333,,2.69055690831
1994-06-05,3.0,,0.0,24.5,19.14,16.0,87.25,83.0,3.0,,2.41091649389
1994-06-06,4.6,,0.0,24.6,18.96,15.4,80.25,57.0,3.666667,,2.75905554892
1994-06-07,5.1,,0.0,25.1,19.28,17.0,78.75,57.0,3.666667,,2.8095781248
1994-06-08,4.0,,0.0,24.3,19.26,16.4,81.5,65.0,3.0,,2.5525714957
1994-06-09,3.8,,0.0,25.0,19.22,16.3,84.5,82.0,3.0,,2.54100543008
1994-06-10,4.6,,0.0,24.2,19.18,16.6,80.25,66.0,4.333333,,2.69951645633
1994-06-11,5.4,,0.0,21.7,18.14,14.8,86.25,72.0,4.333333,,2.17846949796
1994-06-12,3.1,,0.0,21.4,17.58,15.3,84.75,72.0,3.666667,,2.1514279432
1994-06-13,3.3,,0.0,22.1,18.36,15.4,90.5,76.0,3.666667,,1.99506541373
1994-06-14,2.4,,2.4,23.0,18.72,15.7,87.75,77.0,2.666667,,2.18073266826
1994-06-15,2.6,,0.2,24.5,19.3,16.4,86.75,63.0,4.0,,2.40662363605
1994-06-16,3.9,,2.6,21.8,18.72,16.4,92.75,83.0,3.666667,,1.79146690588
1994-06-17,1.8,,0.5,23.2,18.94,16.4,87.5,75.0,3.666667,,2.1935135298
1994-06-18,3.4,,0.0,22.2,18.94,15.8,79.75,73.0,3.333333,,2.38786973296
1994-06-19,4.6,,0.0,23.5,18.4,13.9,81.25,66.0,3.666667,,2.60735067812
1994-06-20,3.0,,0.4,21.8,18.62,16.0,86.25,72.0,4.0,,2.10113899522
1994-06-21,3.0,,0.0,23.7,18.0,14.7,86.5,67.0,2.666667,,2.35560345199
1994-06-22,3.7,,0.0,24.9,19.32,15.7,78.5,61.0,2.666667,,2.70394903305
1994-06-23,4.8,,0.0,26.8,20.26,15.2,76.75,63.0,2.666667,,3.02659203805
1994-06-24,4.9,,0.0,26.3,19.26,15.9,80.25,49.0,2.333333,,2.78519244057
1994-06-25,5.0,,0.0,25.5,19.98,16.4,76.0,55.0,2.666667,,2.82671129118
1994-06-26,3.8,,0.0,26.2,20.42,16.3,73.0,57.0,2.0,,2.87931308021
1994-06-27,5.2,,0.0,24.5,20.22,18.0,81.75,65.0,4.0,,2.54741171549
1994-06-28,4.2,,0.3,21.4,18.1,15.6,92.75,83.0,4.666667,,1.77570622572
1994-06-29,2.3,,2.4,18.6,17.14,16.0,97.0,94.0,4.333333,,1.18114946243
1994-06-30,1.0,,11.4,21.3,17.48,15.0,93.0,84.0,5.333333,,1.7731405359
1994-07-01,2.5,0.0,9.3,19.9,17.38,15.7,97.0,95.0,4.0,,1.1935486548
1994-07-02,1.0,0.0,10.7,21.8,16.96,14.0,88.5,67.0,4.0,,1.59299725627
1994-07-03,2.8,0.0,2.3,19.5,17.04,14.9,94.25,89.0,4.0,,1.29697437375
1994-07-04,1.2,2.6,12.9,20.3,17.36,16.0,96.0,92.0,4.666667,,1.54513223888
1994-07-05,1.3,3.8,7.6,20.5,16.88,13.8,89.5,78.0,3.333333,,1.95204994731
1994-07-06,2.8,4.2,3.6,20.8,16.5,14.6,88.25,71.0,3.333333,,2.08305630721
1994-07-07,2.5,,3.5,21.1,17.64,14.4,95.5,92.0,4.0,,1.72735222253
1994-07-08,0.2,7.8,3.7,22.3,18.24,15.6,86.0,72.0,4.333333,,2.73089870252
1994-07-09,2.8,7.0,0.0,23.2,18.24,16.6,88.0,72.0,2.666667,,2.63890814569
1994-07-10,2.3,8.4,0.2,24.1,18.16,13.4,82.0,61.0,4.666667,,3.02490461173
1994-07-11,2.8,1.0,0.0,18.3,15.68,14.5,93.5,86.0,4.666667,,1.4135493313
1994-07-12,1.4,3.4,0.6,19.7,15.98,14.0,89.25,78.0,6.0,,1.91348577806
1994-07-13,3.0,1.5,0.0,19.5,16.16,13.7,90.0,82.0,5.0,,1.65838175456
1994-07-14,1.7,5.3,3.1,21.3,17.42,15.0,91.5,78.0,4.333333,,2.13620873195
1994-07-15,2.3,8.2,2.6,22.7,17.32,14.8,87.0,69.0,3.333333,,2.77138914615
1994-07-16,4.3,7.2,0.0,22.1,17.14,14.8,86.25,71.0,3.666667,,2.64443857018
1994-07-17,3.3,6.3,1.4,22.1,17.26,14.2,86.0,67.0,5.333333,,2.54339266622
1994-07-18,3.5,8.8,6.0,22.1,17.14,14.3,84.75,63.0,3.666667,,2.89729356443
1994-07-19,4.0,5.7,0.0,22.0,16.98,12.4,84.5,69.0,4.0,,2.46433957721
1994-07-20,3.6,0.9,0.0,21.0,17.7,15.4,88.25,79.0,2.666667,,1.72316745888
1994-07-21,2.4,8.3,0.0,22.7,19.72,15.0,67.0,77.0,4.0,,3.65688071016
1994-07-22,4.3,5.8,0.0,23.2,17.86,15.5,82.0,56.0,4.666667,,2.81123894961
1994-07-23,4.5,8.2,0.0,24.1,18.24,14.7,82.0,60.0,3.0,,3.07276604132
1994-07-24,4.7,8.3,0.0,23.5,18.6,15.3,79.0,63.0,3.666667,,3.22897350938
1994-07-25,4.4,3.9,0.0,21.7,18.06,14.8,84.0,70.0,5.0,,2.40924023417
1994-07-26,4.6,7.2,0.0,22.9,17.72,14.2,74.5,59.0,3.333333,,3.15747494928
1994-07-27,6.3,6.7,0.0,23.0,18.44,14.4,83.25,59.0,4.0,,2.82288793317
1994-07-28,4.1,2.4,0.9,22.1,17.84,15.2,85.0,75.0,5.0,,2.22165049755
1994-07-29,2.8,3.8,0.2,22.0,17.24,14.9,92.25,89.0,3.666667,,2.04242834465
1994-07-30,3.2,6.6,4.0,22.3,17.32,13.1,87.5,67.0,3.666667,,2.5719161306
1994-07-31,4.6,9.9,0.6,23.1,17.2,13.4,72.5,52.0,2.333333,,3.47783455958
1994-08-01,6.8,8.4,0.0,23.7,17.52,13.5,76.25,54.0,2.333333,,3.23384781223
1994-08-02,6.4,8.9,0.0,24.2,18.4,14.8,76.75,52.0,2.333333,,3.38802421774
1994-08-03,6.6,9.1,0.0,24.6,18.38,13.3,72.75,54.0,2.0,,3.44017615579
1994-08-04,5.1,9.1,0.0,26.3,19.46,15.1,73.0,47.0,2.666667,,3.73212184927
1994-08-05,7.0,9.1,0.0,24.6,18.92,15.4,76.75,59.0,4.333333,,3.68302313318
1994-08-06,6.8,5.5,0.0,21.0,17.06,14.9,83.5,63.0,3.666667,,2.64379830563
1994-08-07,4.1,6.5,0.0,23.2,16.96,13.8,80.0,58.0,1.666667,,2.86101615701
1994-08-08,5.0,8.8,0.0,23.7,17.3,13.6,70.75,54.0,2.666667,,3.56225059989
1994-08-09,6.3,8.5,0.0,23.7,17.18,13.0,69.5,47.0,2.0,,3.42436177205
1994-08-10,6.7,8.8,0.0,24.7,17.62,13.0,71.75,51.0,2.333333,,3.55262692485
1994-08-11,5.3,8.7,0.0,25.1,17.48,11.8,75.75,59.0,1.666667,,3.35964319345
1994-08-12,5.8,7.9,0.0,23.2,17.76,13.3,78.5,60.0,4.666667,,3.34320118729
1994-08-13,5.5,8.2,0.0,22.7,17.58,13.3,78.75,65.0,4.666667,,3.3461536714
1994-08-14,1.6,9.7,0.0,22.2,16.48,12.6,81.75,71.0,4.666667,,3.34480570873
1994-08-15,3.4,7.7,0.0,22.4,16.96,12.6,79.75,64.0,4.666667,,3.20366833966
1994-08-16,4.7,8.0,1.0,22.8,17.5,13.5,75.0,55.0,4.0,,3.49080967652
1994-08-17,6.1,6.4,0.0,22.5,17.18,11.6,77.25,63.0,4.666667,,3.14023577411
1994-08-18,5.3,9.4,3.5,23.9,18.06,13.4,79.75,65.0,4.333333,,3.59756290397
1994-08-19,5.4,,3.0,22.0,16.88,14.8,83.25,68.0,4.0,,2.63883356767
1994-08-20,4.9,4.7,0.5,22.4,17.72,14.0,80.75,63.0,5.333333,,2.89305537563
1994-08-21,4.2,6.5,0.0,22.9,18.08,14.5,83.0,62.0,4.333333,,3.05078915645
1994-08-22,8.1,4.1,4.8,22.9,18.5,14.4,80.5,68.0,4.0,,2.80460730573
1994-08-23,5.3,9.9,0.0,26.7,19.58,14.8,66.75,47.0,1.666667,,4.09016648358
1994-08-24,7.6,10.2,0.0,27.1,19.14,12.5,64.5,41.0,2.0,,4.21294390873
1994-08-25,10.0,9.6,0.0,25.4,18.26,12.0,66.25,51.0,2.666667,,4.08666403292
1994-08-26,9.9,9.9,0.0,25.4,18.52,12.6,65.25,46.0,2.666667,,4.19922168515
1994-08-27,8.0,10.5,0.0,27.3,19.0,13.2,63.75,36.0,2.333333,,4.4517718465
1994-08-28,7.9,8.7,0.0,27.0,19.38,14.7,63.5,35.0,2.0,,4.11628481645
1994-08-29,9.6,8.9,0.0,26.0,19.08,14.9,74.0,46.0,4.666667,,4.19089731264
1994-08-30,9.0,6.6,0.1,25.1,18.78,15.6,82.0,54.0,3.666667,,3.36316477355
1994-08-31,8.0,9.1,0.0,24.7,19.02,14.8,78.5,58.0,3.666667,,3.86651180522
1994-09-01,7.5,7.4,0.0,26.3,19.54,15.8,76.5,49.0,5.0,,3.95603116839
1994-09-02,11.4,7.5,0.0,24.5,18.88,14.8,73.5,55.0,5.333333,,3.98480015989
1994-09-03,6.3,5.6,0.0,25.1,18.5,14.0,77.5,53.0,2.666667,,3.2673199229
1994-09-04,6.3,5.9,0.0,25.1,18.5,14.8,75.75,58.0,5.333333,,3.6867474373
1994-09-05,9.4,7.8,0.0,25.5,19.26,13.8,73.25,52.0,3.666667,,3.9371078756
1994-09-06,8.6,3.4,10.0,21.7,16.98,14.4,85.5,77.0,2.666667,,2.51477122843
1994-09-07,3.8,6.0,0.7,23.2,18.38,14.6,90.25,74.0,4.0,,2.83783141651
1994-09-08,3.5,6.7,6.7,24.0,18.7,15.2,87.0,69.0,3.0,,3.20226118604
1994-09-09,4.6,5.2,0.0,24.4,19.38,15.8,82.5,63.0,4.0,,3.18061867361
1994-09-10,6.0,4.2,0.8,24.2,18.38,16.0,75.5,56.0,3.666667,,3.29753870781
1994-09-11,6.3,3.0,0.3,21.9,17.26,14.2,93.0,74.0,4.333333,,2.16179251797
1994-09-12,2.8,6.6,1.2,23.4,17.46,14.1,76.75,58.0,4.333333,,3.58250871045
1994-09-13,6.3,9.2,0.0,24.4,17.88,12.8,67.75,50.0,4.0,,4.37775838284
1994-09-14,9.8,9.3,0.0,24.7,18.2,13.8,74.0,74.0,2.666667,,4.10676179551
1994-09-15,6.7,7.8,0.0,25.7,19.68,14.7,70.75,49.0,2.333333,,4.00144764014
1994-09-16,5.9,8.7,0.0,26.7,20.64,16.5,66.5,48.0,4.333333,,4.82901177686
1994-09-17,7.6,8.7,0.0,25.7,19.82,15.6,67.5,49.0,5.0,,4.7536141914
1994-09-18,12.1,9.9,0.0,25.4,18.84,14.7,67.25,44.0,4.333333,,4.79823668388
1994-09-19,9.0,7.8,0.0,25.2,18.28,14.1,70.0,42.0,5.0,,4.37217396853
1994-09-20,9.3,6.7,1.5,24.8,17.92,14.1,81.0,50.0,4.333333,,3.56379310667
1994-09-21,7.0,8.1,0.6,25.3,18.6,14.5,75.0,43.0,5.333333,,4.2229847537
1994-09-22,8.2,7.4,0.4,25.0,18.56,14.8,72.0,44.0,4.333333,,4.1731273059
1994-09-23,9.4,7.5,1.0,25.1,18.58,14.6,84.5,57.0,4.333333,,3.60283618615
1994-09-24,5.8,7.8,9.4,24.9,19.06,15.7,82.75,58.0,4.0,,3.7853172138
1994-09-25,5.8,7.7,0.0,25.3,19.24,15.4,76.25,57.0,3.333333,,4.02779619384
1994-09-26,6.3,6.6,0.0,26.1,19.8,15.5,73.25,51.0,2.666667,,3.91794305847
1994-09-27,7.0,0.4,0.0,21.8,18.64,16.0,82.5,74.0,3.666667,,2.32758197799
1994-09-28,5.2,9.1,0.0,25.2,19.06,15.1,72.75,49.0,4.0,,4.47884707828
1994-09-29,7.3,1.8,0.0,21.5,17.74,15.1,88.5,76.0,6.333333,,2.28221870649
1994-09-30,1.5,5.2,2.5,23.4,17.9,15.1,84.0,71.0,3.0,,3.17384990168
1994-10-01,1.5,6.1,0.6,26.0,18.52,14.3,80.0,54.0,2.666667,,3.59262760986
1994-10-02,7.7,7.9,0.0,27.3,19.64,14.9,68.75,44.0,2.333333,,4.35328814085
1994-10-03,5.8,10.3,0.0,29.7,20.36,12.7,61.0,31.0,2.333333,,5.14025419138
1994-10-04,7.6,10.7,0.0,31.1,20.8,12.6,61.0,30.0,3.333333,,5.64692818656
1994-10-05,8.6,8.7,0.0,26.3,19.68,13.9,69.25,48.0,4.666667,,4.73187533999
1994-10-06,5.1,6.9,0.2,25.7,19.54,15.9,82.25,59.0,4.0,,3.78950548046
1994-10-07,6.7,9.1,0.0,25.9,19.8,15.2,76.0,54.0,3.666667,,4.44870700052
1994-10-08,6.7,0.8,0.2,24.0,19.56,16.3,79.5,67.0,3.333333,,2.63517724403
1994-10-09,5.1,8.6,0.0,27.6,21.32,16.0,62.75,47.0,4.666667,,5.3110685194
1994-10-10,11.0,10.1,0.0,27.3,20.9,15.6,60.0,39.0,5.333333,,5.80350863533
1994-10-11,14.7,10.0,0.0,28.3,21.28,15.6,59.5,33.0,3.0,,5.37087914736
1994-10-12,11.9,9.6,0.0,28.0,21.26,16.3,62.0,40.0,4.666667,,5.60379752274
1994-10-13,5.1,8.7,0.0,27.6,21.12,18.6,68.0,44.0,4.666667,,5.222546459
1994-10-14,11.7,7.4,0.5,26.5,19.86,16.3,80.25,55.0,4.666667,,4.11749269685
1994-10-15,5.6,5.1,1.5,24.8,20.0,16.6,82.0,67.0,4.333333,,3.48435000434
1994-10-16,4.7,8.4,0.2,25.7,19.86,15.8,70.25,48.0,4.0,,4.65478855463
1994-10-17,12.0,4.5,0.0,26.7,20.22,15.2,71.5,53.0,3.0,,3.76311475864
1994-10-18,8.3,3.3,0.6,25.7,19.78,16.8,85.0,64.0,4.333333,,3.05605447526
1994-10-19,6.4,7.1,0.4,26.5,20.94,16.4,70.25,50.0,4.666667,,4.61307911524
1994-10-20,13.8,10.0,0.0,27.5,21.42,16.6,67.5,42.0,3.666667,,5.24988095652
1994-10-21,13.1,7.7,0.0,27.9,21.3,16.6,59.5,39.0,4.0,,5.26703616011
1994-10-22,13.8,8.9,0.0,28.2,21.16,16.2,62.0,37.0,4.333333,,5.46636007763
1994-10-23,11.9,7.9,0.0,27.7,20.94,15.8,60.5,36.0,3.333333,,5.03514311507
1994-10-24,16.8,10.8,0.0,28.0,20.6,15.6,64.75,42.0,4.0,,5.58351568151
1994-10-25,10.9,8.4,0.0,29.7,21.9,16.6,66.0,43.0,3.333333,,5.14689730426
1994-10-26,9.6,9.4,0.0,28.8,21.68,16.2,62.25,47.0,2.333333,,5.13548867524
1994-10-27,8.9,10.6,0.0,32.6,23.56,15.6,56.5,39.0,1.333333,,5.44268454808
1994-10-28,9.7,8.0,0.0,31.7,24.26,17.4,55.0,39.0,1.666667,,5.01943673111
1994-10-29,9.2,3.9,0.0,25.9,21.72,19.0,78.75,59.0,4.666667,,3.65311378304
1994-10-30,6.6,9.9,0.1,27.5,20.62,16.2,66.75,42.0,6.0,,5.6093725885
1994-10-31,13.3,10.1,0.4,28.4,21.0,15.1,60.75,37.0,3.666667,,5.58583027786
1994-11-01,10.9,9.7,0.0,26.5,20.88,15.7,59.75,38.0,3.333333,,5.31448671032
1994-11-02,10.6,10.7,0.0,29.1,21.8,15.6,58.5,39.0,2.666667,,5.61455499723
1994-11-03,8.0,11.3,0.0,30.7,22.26,15.0,54.5,41.0,2.666667,,5.98097411676
1994-11-04,11.1,11.6,0.0,28.7,21.24,13.6,52.75,34.0,4.666667,,6.44163608703
1994-11-05,13.2,8.0,0.0,28.3,21.56,16.3,55.25,38.0,4.666667,,5.78109902113
1994-11-06,16.7,10.2,0.0,28.3,21.6,15.9,61.75,43.0,6.666667,,6.18523623761
1994-11-07,11.6,9.5,0.0,27.9,20.98,16.0,56.75,39.0,4.333333,,5.82466894995
1994-11-08,14.5,10.1,0.0,28.7,21.66,15.8,53.0,36.0,2.0,,5.36882793447
1994-11-09,13.0,11.1,0.0,30.1,22.1,14.4,54.5,35.0,3.0,,5.97758206226
1994-11-10,13.5,11.0,0.0,31.9,23.34,14.8,53.0,32.0,2.0,,5.80818592073
1994-11-11,14.0,8.7,0.0,30.7,22.82,17.6,62.75,40.0,2.666667,,5.32420164805
1994-11-12,12.1,9.3,0.0,28.7,22.5,18.2,58.5,44.0,3.0,,5.53639354866
1994-11-13,12.8,10.3,0.0,28.5,21.14,16.2,64.25,41.0,2.666667,,5.3622123615
1994-11-14,10.9,11.5,0.0,29.3,22.14,15.2,54.25,39.0,3.0,,6.02013221338
1994-11-15,10.9,8.1,0.0,27.1,21.5,15.4,67.0,56.0,2.333333,,4.60796256345
1994-11-16,10.7,5.1,0.0,27.7,21.84,17.1,62.25,43.0,3.666667,,4.60898329507
1994-11-17,7.2,0.9,0.0,25.6,21.42,17.7,72.25,61.0,3.0,,3.08256648562
1994-11-18,7.2,0.4,0.0,25.7,21.5,17.4,78.5,65.0,2.0,,2.58056685105
1994-11-19,4.8,3.0,5.0,26.9,21.82,18.0,80.75,64.0,2.333333,,3.20593848455
1994-11-20,3.3,0.0,48.0,22.8,20.16,17.4,92.5,80.0,1.333333,,2.04481544198
1994-11-21,0.8,1.8,4.7,25.8,21.0,18.2,90.0,69.0,3.666667,,2.59547909662
1994-11-22,1.8,8.1,46.6,25.0,20.8,17.0,77.0,61.0,3.333333,,4.34215392122
1994-11-23,4.3,7.7,0.0,27.2,21.66,17.2,71.25,56.0,4.333333,,4.78732857896
1994-11-24,6.8,6.9,1.0,25.5,20.1,16.7,82.75,67.0,4.0,,3.9048166637
1994-11-25,5.1,8.3,0.0,27.7,21.06,15.8,65.75,46.0,3.666667,,5.02361514561
1994-11-26,8.8,7.8,0.0,27.5,21.36,16.6,70.0,53.0,3.0,,4.66513018243
1994-11-27,7.6,7.5,0.0,27.5,21.82,17.2,67.5,54.0,2.333333,,4.58168364528
1994-11-28,7.1,5.6,0.0,27.5,21.9,17.6,65.25,49.0,4.0,,4.65919809465
1994-11-29,9.1,8.2,0.0,26.5,20.66,15.4,66.25,44.0,2.333333,,4.60622408746
1994-11-30,8.2,6.1,0.0,26.7,20.74,16.4,70.5,51.0,2.333333,,4.11488393182
1994-12-01,7.2,9.1,0.0,28.5,21.86,17.2,65.0,43.0,4.333333,,5.48935900259
1994-12-02,10.9,9.5,0.0,27.7,21.18,16.6,62.75,41.0,4.333333,,5.56016910022
1994-12-03,13.0,8.5,0.0,28.1,21.18,16.2,61.25,37.0,2.333333,,4.95363840754
1994-12-04,11.9,8.5,0.0,28.3,21.98,16.8,63.25,46.0,2.333333,,4.94624131336
1994-12-05,10.0,6.4,0.0,28.5,22.76,16.5,56.75,41.0,3.666667,,5.14926354581
1994-12-06,10.0,10.4,0.0,28.8,22.12,16.8,58.25,44.0,2.333333,,5.50825221212
1994-12-07,10.2,2.0,0.0,25.9,20.84,16.1,71.25,53.0,2.0,,3.10443664391
1994-12-08,6.0,11.6,0.0,30.4,22.86,15.9,57.25,37.0,2.333333,,5.8883047632
1994-12-09,9.6,9.9,0.0,27.3,21.2,17.8,62.5,49.0,5.0,,5.80568143231
1994-12-10,9.2,4.8,0.0,25.7,21.2,17.0,69.25,55.0,5.0,,4.31433804766
1994-12-11,7.0,6.5,0.7,27.3,21.02,15.7,71.25,49.0,4.0,,4.44709556606
1994-12-12,6.1,5.9,9.4,26.3,21.06,16.0,69.75,51.0,2.666667,,4.11432925287
1994-12-13,7.4,11.2,0.0,28.4,21.6,15.4,58.25,41.0,2.333333,,5.56901831136
1994-12-14,8.6,11.0,0.0,29.5,21.78,14.0,59.75,41.0,1.666667,,5.33061379218
1994-12-15,8.5,9.3,0.0,31.1,23.86,17.6,64.75,42.0,1.333333,,5.06793294388
1994-12-16,8.2,10.0,0.0,31.1,24.1,18.2,59.0,39.0,2.333333,,5.67789154366
1994-12-17,10.7,10.7,0.0,31.1,24.24,17.7,55.25,37.0,2.333333,,5.89513385594
1994-12-18,9.2,8.9,0.0,32.7,24.18,17.7,65.0,37.0,2.0,,5.29922132352
1994-12-19,8.0,4.4,0.0,34.3,25.68,17.6,56.75,43.0,3.666667,,5.33116991437
1994-12-20,5.2,1.8,12.4,27.3,21.62,17.8,78.75,62.0,2.666667,,3.06064621103
1994-12-21,4.5,2.8,0.0,27.8,23.3,18.0,72.0,57.0,1.666667,,3.32935957097
1994-12-22,4.3,3.3,0.0,27.3,22.14,19.2,77.75,61.0,2.0,,3.38581175383
1994-12-23,4.0,0.2,2.2,30.7,23.86,17.6,62.5,47.0,1.666667,,3.06624664335
1994-12-24,6.6,5.9,0.0,27.5,22.22,19.0,75.0,63.0,3.666667,,4.28201955693
1994-12-25,5.2,5.6,0.0,27.9,22.4,18.7,70.5,56.0,3.0,,4.31266697768
1994-12-26,6.8,6.1,0.0,27.5,21.82,17.6,66.0,50.0,3.666667,,4.65600624571
1994-12-27,8.0,1.4,0.0,25.5,21.34,17.9,75.75,68.0,3.666667,,3.16125242013
1994-12-28,4.0,8.5,0.1,27.6,21.56,17.6,76.25,54.0,4.0,,4.73685734513
1994-12-29,7.3,10.7,3.0,27.4,21.56,17.0,65.25,48.0,2.666667,,5.3752217847
1994-12-30,8.9,7.9,0.0,28.2,21.6,17.7,68.75,52.0,2.0,,4.65085501312
1994-12-31,8.0,,0.0,28.2,21.72,16.1,66.75,47.0,2.333333,,4.67074489843
1995-01-01,8.8,10.0,0.0,28.9,22.46,17.6,60.0,43.0,3.333333,,5.72693628341
1995-01-02,7.5,11.0,0.0,29.1,22.42,16.6,68.25,47.0,2.333333,,5.43469501259
1995-01-03,10.9,7.5,0.0,29.7,22.74,17.6,67.5,51.0,2.0,,4.69197392805
1995-01-04,9.0,1.8,0.0,28.8,21.62,18.9,84.25,66.0,2.333333,,2.93441507481
1995-01-05,2.5,0.2,58.0,24.4,20.6,17.5,85.5,69.0,2.333333,,2.33688285217
1995-01-06,2.6,7.6,0.0,27.7,22.02,17.8,74.25,54.0,2.0,,4.43961217746
1995-01-07,4.8,8.2,2.4,29.5,22.58,18.4,75.75,51.0,2.666667,,4.77353352607
1995-01-08,6.0,5.6,0.0,26.7,22.02,18.4,74.25,58.0,2.0,,3.95014418063
1995-01-09,5.8,6.6,0.0,27.9,22.74,18.2,67.75,57.0,2.0,,4.39008601584
1995-01-10,6.4,5.3,0.0,27.4,22.0,18.6,70.75,52.0,2.333333,,4.08177137339
1995-01-11,7.7,11.4,0.0,28.9,22.18,16.7,54.0,32.0,2.666667,,5.95503675494
1995-01-12,11.2,10.2,0.0,28.0,21.12,15.7,65.75,41.0,3.0,,5.31822997614
1995-01-13,9.1,9.0,0.0,27.8,21.3,16.3,70.25,43.0,4.333333,,5.11400689997
1995-01-14,8.2,7.8,0.0,27.9,21.74,17.3,69.25,58.0,1.666667,,4.52442533305
1995-01-15,8.0,9.3,0.0,29.3,22.16,16.6,65.0,49.0,2.666667,,5.2482644686
1995-01-16,8.5,11.1,0.0,29.7,22.98,16.6,63.0,44.0,2.0,,5.56289732612
1995-01-17,8.8,10.7,0.0,31.0,23.28,17.0,57.25,41.0,2.0,,5.71362333178
1995-01-18,8.8,10.0,0.0,31.5,23.64,17.7,65.0,42.0,2.333333,,5.57280726548
1995-01-19,9.3,5.7,0.0,27.7,21.62,17.8,72.5,47.0,2.0,,4.05385113263
1995-01-20,8.0,8.6,0.0,29.9,22.5,16.4,61.75,42.0,2.0,,5.04173571823
1995-01-21,8.4,11.3,0.0,32.5,24.02,16.6,59.0,38.0,1.666667,,5.82190863123
1995-01-22,10.5,9.5,0.0,33.1,24.42,18.2,58.75,38.0,3.666667,,6.25839082892
1995-01-23,8.7,4.2,1.2,30.9,23.94,19.5,72.5,62.0,2.0,,3.94334778994
1995-01-24,3.2,3.6,21.9,27.9,22.68,19.9,85.75,80.0,2.0,,3.3120089035
1995-01-25,2.0,8.3,0.7,27.3,22.76,18.6,75.75,57.0,2.333333,,4.62410981036
1995-01-26,6.2,10.5,0.0,28.8,22.4,17.0,67.0,47.0,2.666667,,5.4320039583
1995-01-27,7.9,10.0,0.0,30.2,22.94,18.9,60.0,36.0,2.666667,,5.74461271523
1995-01-28,11.2,11.8,0.0,30.2,22.14,15.5,57.5,35.0,2.0,,5.81266431657
1995-01-29,9.7,10.6,0.0,32.5,24.98,16.4,52.25,35.0,2.0,,5.89898842493
1995-01-30,7.5,9.2,0.0,31.9,25.7,18.6,60.0,46.0,2.333333,,5.5920933569
1995-01-31,7.7,9.2,0.2,30.6,23.82,18.5,60.25,36.0,3.0,,5.68062534386
1995-02-01,9.7,6.4,0.0,28.4,22.3,17.5,69.5,52.0,2.666667,,4.45298260716
1995-02-02,8.8,2.1,0.0,26.7,21.94,19.7,90.0,74.0,1.366667,,2.77549783904
1995-02-03,4.2,8.4,38.2,28.7,23.12,19.0,63.25,47.0,5.0,,5.72595244027
1995-02-04,8.8,8.7,0.0,27.4,22.34,17.5,69.0,59.0,3.333333,,4.9998124111
1995-02-05,10.1,6.9,0.0,29.9,23.04,17.4,66.0,48.0,1.666667,,4.50871577331
1995-02-06,5.7,9.6,0.0,29.9,23.5,18.7,66.25,49.0,2.666667,,5.43472632884
1995-02-07,9.3,7.2,0.0,31.1,24.2,18.5,63.5,46.0,2.666667,,5.06470122857
1995-02-08,6.5,7.6,0.0,30.7,24.58,19.8,60.5,43.0,2.666667,,5.27169538278
1995-02-09,6.9,0.8,0.0,26.9,22.44,19.6,68.0,58.0,2.333333,,3.16323100751
1995-02-10,5.4,10.2,0.0,30.0,23.5,19.5,69.75,54.0,2.333333,,5.45819652922
1995-02-11,5.8,8.1,0.0,30.7,24.2,19.2,73.75,56.0,2.0,,4.84063034196
1995-02-12,6.3,5.5,0.0,30.1,23.5,19.1,74.5,51.0,1.666667,,4.07607353199
1995-02-13,5.8,9.7,0.0,31.1,24.42,19.8,67.0,47.0,3.333333,,5.73173545057
1995-02-14,7.6,9.7,0.0,31.9,24.66,18.6,64.25,41.0,2.0,,5.48609347839
1995-02-15,8.6,8.4,0.0,31.3,23.74,19.6,75.75,62.0,4.333333,,5.19720281998
1995-02-16,4.9,9.5,16.2,32.1,23.7,18.6,74.25,45.0,2.666667,,5.33940748263
1995-02-17,6.2,5.4,3.8,28.5,22.66,19.4,79.0,61.0,3.333333,,4.03850136669
1995-02-18,4.8,8.4,15.4,30.7,23.22,18.6,78.75,54.0,3.333333,,4.85770575372
1995-02-19,4.4,5.3,0.0,29.7,22.66,19.8,79.0,53.0,3.333333,,4.10397840985
1995-02-20,6.2,10.8,0.0,30.1,23.32,17.7,62.5,45.0,2.333333,,5.64708672024
1995-02-21,7.5,11.0,0.0,29.3,22.58,16.8,56.75,40.0,1.666667,,5.46219109122
1995-02-22,9.8,11.1,0.0,29.5,23.02,18.2,67.25,46.0,4.666667,,5.97268433661
1995-02-23,8.6,8.6,0.0,28.7,22.56,17.9,66.0,52.0,2.666667,,5.03147642232
1995-02-24,8.1,9.5,0.0,30.3,23.46,18.8,67.5,43.0,4.333333,,5.68912522076
1995-02-25,9.4,11.5,0.0,30.2,23.42,18.9,66.5,42.0,2.333333,,5.76250309166
1995-02-26,5.0,9.0,0.0,29.9,22.98,18.8,63.75,35.0,2.333333,,5.22189712042
1995-02-27,3.0,8.6,0.0,29.8,22.92,18.6,68.25,38.0,3.666667,,5.2672137179
1995-02-28,3.5,9.4,0.0,29.6,23.2,18.0,60.0,45.0,2.666667,,5.43142113053
1995-03-01,11.1,10.6,0.0,29.4,23.4,19.1,66.25,48.0,3.0,,5.619306473
1995-03-02,10.5,8.3,0.0,29.3,22.44,16.5,61.0,44.0,3.0,,5.16283897817
1995-03-03,9.5,10.1,0.0,30.3,22.96,17.3,68.25,53.0,1.333333,,5.07549232726
1995-03-04,8.2,10.4,0.0,31.1,23.86,17.6,59.5,57.0,2.666667,,5.7513335407
1995-03-05,9.4,10.3,0.0,29.3,23.26,17.8,61.5,48.0,3.333333,,5.68616559769
1995-03-06,9.9,11.0,0.0,30.6,23.52,16.6,59.5,37.0,4.666667,,6.32106116863
1995-03-07,10.5,5.5,0.0,29.0,22.52,18.9,71.25,45.0,4.666667,,4.55604066381
1995-03-08,8.6,10.5,0.0,29.7,22.86,17.7,61.5,39.0,5.0,,6.13581172722
1995-03-09,9.7,10.4,0.0,29.4,23.14,17.7,69.25,50.0,3.666667,,5.44885695514
1995-03-10,9.0,4.1,0.0,28.7,22.66,18.6,70.25,55.0,5.333333,,4.40414814627
1995-03-11,7.5,5.0,0.0,26.9,21.94,18.4,72.5,59.0,5.666667,,4.31632791757
1995-03-12,7.4,2.4,0.0,25.9,22.06,18.2,72.5,64.0,5.333333,,3.71579081193
1995-03-13,5.6,9.2,0.0,30.4,23.8,17.7,59.0,48.0,2.0,,5.13897218419
1995-03-14,7.0,1.4,0.0,26.7,21.32,18.7,89.25,63.0,2.0,,2.4740253604
1995-03-15,2.5,0.6,24.6,23.5,20.42,18.6,93.25,91.0,2.333333,,2.07239425955
1995-03-16,1.3,5.0,8.2,28.0,22.54,18.7,85.0,65.0,2.0,,3.4697832156
1995-03-17,3.0,10.6,1.9,29.8,23.76,18.8,77.0,60.0,2.333333,,5.0994510981
1995-03-18,7.3,9.8,0.0,28.3,23.34,18.6,72.75,62.0,3.333333,,5.00744404068
1995-03-19,5.8,9.5,8.0,27.9,22.58,19.0,73.0,54.0,4.0,,4.99228746947
1995-03-20,6.6,5.5,0.4,26.2,21.94,19.0,82.75,76.0,2.666667,,3.55571071637
1995-03-21,3.6,10.1,0.0,28.9,22.72,18.5,71.0,49.0,2.0,,4.93748064688
1995-03-22,7.2,10.5,0.0,30.1,22.66,16.6,70.0,51.0,2.333333,,5.09632942635
1995-03-23,6.2,,0.0,29.5,23.48,18.9,73.25,59.0,1.666667,,4.05930690769
1995-03-24,5.3,,0.0,27.6,22.98,20.5,77.0,67.0,2.333333,,3.5192225855
1995-03-25,3.1,,0.4,27.0,21.42,19.0,87.5,71.0,2.666667,,3.2570982052
1995-03-26,2.1,,0.4,27.8,22.7,18.2,82.0,70.0,2.0,,3.62331889525
1995-03-27,2.7,4.6,24.0,24.9,20.82,19.1,88.5,70.0,2.333333,,3.0631612243
1995-03-28,2.6,10.2,0.0,27.0,21.6,18.0,78.75,64.0,3.0,,4.59790803954
1995-03-29,5.0,9.5,0.0,28.1,22.38,19.2,79.25,54.0,3.333333,,4.5927413629
1995-03-30,4.5,7.8,0.0,28.1,22.62,19.6,77.25,53.0,2.333333,,4.22512945016
1995-03-31,4.9,8.1,0.0,29.1,22.8,19.4,79.5,58.0,1.666667,,4.2221086126
1995-04-01,6.5,7.6,0.0,28.5,22.52,19.4,78.5,58.0,2.333333,,4.14140562447
1995-04-02,7.3,8.8,0.0,28.7,22.46,19.7,76.0,51.0,1.666667,,4.39669909756
1995-04-03,6.7,7.7,0.0,31.9,23.98,19.8,76.0,53.0,2.0,,4.40258975012
1995-04-04,7.3,4.8,0.0,28.0,22.56,19.2,72.25,54.0,2.333333,,3.64968232795
1995-04-05,6.2,,3.4,26.1,21.18,18.4,82.5,69.0,4.333333,,3.29656588156
1995-04-06,4.6,2.8,1.0,25.7,20.94,18.0,80.75,62.0,3.666667,,2.95916811533
1995-04-07,3.0,8.7,0.6,25.5,21.1,17.8,80.0,67.0,2.333333,,3.98242604075
1995-04-08,3.8,0.0,0.0,23.9,20.62,18.2,82.5,73.0,4.666667,,2.380928248
1995-04-09,4.3,4.8,5.8,26.1,20.86,17.8,86.5,68.0,2.0,,3.03712721663
1995-04-10,6.2,7.6,2.6,25.9,20.74,18.0,82.25,56.0,4.0,,3.75739283216
1995-04-11,6.2,4.8,0.0,25.9,21.2,18.2,82.5,66.0,4.0,,3.24004371859
1995-04-12,4.8,10.1,0.0,27.1,21.86,16.8,75.25,58.0,2.0,,4.32124665242
1995-04-13,5.3,5.0,0.0,28.9,23.5,19.6,84.0,79.0,1.333333,,3.24626223256
1995-04-14,2.8,7.6,21.0,26.7,21.98,19.2,83.75,63.0,2.333333,,3.71184651173
1995-04-15,3.0,3.1,7.6,23.8,20.4,18.6,94.25,84.0,3.666667,,2.27544926301
1995-04-16,1.0,6.1,23.7,23.8,20.1,17.8,92.25,84.0,2.333333,,2.95364284357
1995-04-17,7.5,0.0,19.4,23.1,19.96,18.2,94.25,89.0,2.666667,,1.69904749621
1995-04-18,1.2,0.0,0.5,22.3,19.92,17.8,96.0,95.0,2.666667,,1.60735222991
1995-04-19,1.2,0.0,3.2,25.2,20.6,18.2,95.0,95.0,3.0,,1.69558820449
1995-04-20,2.7,0.0,33.0,25.6,21.12,18.6,85.0,70.0,1.666667,,1.98492748161
1995-04-21,2.9,,0.0,26.8,21.4,18.3,85.25,74.0,1.666667,,3.02011490052
1995-04-22,3.6,,0.0,25.4,21.36,18.2,81.75,65.0,1.666667,,2.84186780325
1995-04-23,3.6,,0.0,24.6,20.44,18.6,89.25,74.0,2.333333,,2.49294150415
1995-04-24,2.9,,0.0,25.9,21.58,18.4,78.75,65.0,3.0,,3.11540198708
1995-04-25,4.6,,0.0,25.9,21.0,18.3,82.0,60.0,2.0,,2.90915411543
1995-04-26,3.6,,0.0,24.9,20.36,17.5,85.75,79.0,3.666667,,2.76884382234
1995-04-27,3.0,,2.4,23.5,19.7,17.8,91.25,80.0,3.666667,,2.26459410706
1995-04-28,1.8,,0.3,25.5,20.26,16.6,,67.0,3.333333,,3.52706374505
1995-04-29,3.4,,0.0,24.7,20.66,18.4,84.25,73.0,2.666667,,2.63842960048
1995-04-30,2.4,,0.0,25.7,20.66,17.4,79.25,61.0,2.666667,,3.040315434
1995-05-01,4.2,,0.0,25.9,21.16,17.7,78.75,64.0,2.333333,,3.01341423533
1995-05-02,6.1,,0.0,26.5,21.14,17.8,80.25,61.0,2.333333,,3.04838698628
1995-05-03,3.3,,0.0,27.1,21.62,18.2,81.75,60.0,1.333333,,2.96282963339
1995-05-04,4.4,,0.0,25.7,21.58,18.2,79.5,69.0,2.666667,,2.9266732829
1995-05-05,3.9,,1.8,24.3,20.0,18.0,90.25,80.0,3.333333,,2.35150896558
1995-05-06,3.2,,0.2,25.8,20.98,18.4,78.5,68.0,3.333333,,3.02454631196
1995-05-07,4.7,,0.0,25.3,20.74,18.2,85.0,69.0,2.666667,,2.65258558606
1995-05-08,3.1,,0.0,26.1,21.34,18.3,82.5,69.0,1.666667,,2.75404722133
1995-05-09,3.4,,0.0,25.9,21.9,18.6,75.75,63.0,2.0,,2.880356439
1995-05-10,5.2,,0.0,26.3,21.22,18.0,77.75,63.0,2.0,,2.93350886754
1995-05-11,4.9,,0.0,26.9,21.5,18.0,72.25,55.0,2.666667,,3.2907154136
1995-05-12,5.2,,0.0,27.1,21.34,18.0,82.75,65.0,2.666667,,2.97254772273
1995-05-13,4.2,,0.0,24.5,20.4,16.2,87.75,78.0,4.333333,,2.55587604337
1995-05-14,2.2,,16.3,24.1,20.12,17.8,88.25,75.0,4.333333,,2.36037718242
1995-05-15,2.9,,0.2,24.3,20.32,17.3,88.0,75.0,4.0,,2.42517809303
1995-05-16,2.8,,2.0,24.5,19.88,16.8,84.5,61.0,4.333333,,2.6571522266
1995-05-17,4.8,,0.4,24.5,19.64,16.5,80.25,65.0,2.666667,,2.71985483405
1995-05-18,3.6,,0.0,25.7,20.74,17.4,84.5,59.0,2.333333,,2.6693736684
1995-05-19,3.0,,0.0,29.5,22.76,17.6,75.75,50.0,1.333333,,3.26402586655
1995-05-20,4.1,,0.0,26.7,22.12,19.4,84.5,72.0,2.333333,,2.64752526422
1995-05-21,3.7,,0.0,26.1,20.94,18.0,86.25,67.0,2.666667,,2.62370756234
1995-05-22,3.1,,1.2,25.7,20.86,18.4,89.5,73.0,2.0,,2.41343348845
1995-05-23,2.3,,0.0,28.1,21.28,18.8,83.5,66.0,5.666667,,3.14875152184
1995-05-24,3.6,,3.2,23.1,19.76,17.5,90.75,77.0,3.333333,,2.05047676292
1995-05-25,2.0,,1.1,25.1,20.7,17.4,81.0,64.0,3.0,,2.69395891394
1995-05-26,4.4,,0.0,23.9,20.2,18.4,84.0,65.0,2.666667,,2.30169984109
1995-05-27,1.6,,1.6,20.5,18.4,17.0,93.75,87.0,5.0,,1.54318454862
1995-05-28,1.4,,1.7,20.5,17.4,16.0,92.5,83.0,4.333333,,1.70236387061
1995-05-29,2.1,,1.1,20.7,18.06,15.8,92.75,86.0,4.0,,1.73573505875
1995-05-30,1.0,,0.5,23.5,19.14,16.8,86.5,71.0,2.0,,2.24048371576
1995-05-31,2.2,,0.6,23.7,18.94,17.2,91.0,73.0,3.666667,,2.10936004369
1995-06-01,3.0,,0.0,22.5,18.58,16.6,87.0,73.0,3.666667,,2.15420850519
1995-06-02,3.8,,0.2,23.1,19.18,16.2,77.5,67.0,2.333333,,2.47635019564
1995-06-03,1.8,,0.0,22.9,19.02,16.4,86.75,78.0,3.666667,,2.22343685711
1995-06-04,2.6,,0.0,24.1,18.66,15.6,75.0,61.0,2.0,,2.64373571665
1995-06-05,5.9,,0.8,20.4,16.64,14.4,89.5,75.0,5.0,,1.90955542229
1995-06-06,3.2,,0.0,22.4,17.26,12.4,75.25,57.0,4.333333,,2.87192537124
1995-06-07,6.3,,0.0,24.1,17.98,14.6,78.25,61.0,3.666667,,2.8066339211
1995-06-08,5.1,,0.4,20.7,17.94,15.6,85.0,68.0,3.666667,,2.041412685
1995-06-09,3.1,,0.0,24.5,18.76,15.5,78.0,52.0,3.333333,,2.78511772681
1995-06-10,5.6,,0.0,22.1,18.46,15.4,87.0,73.0,4.0,,2.1553966507
1995-06-11,2.9,,3.4,23.7,18.62,16.4,83.75,69.0,2.333333,,2.3364269347
1995-06-12,5.2,,1.0,23.9,17.94,15.8,88.25,65.0,4.0,,2.29864177198
1995-06-13,4.9,,1.6,23.8,18.7,15.6,86.75,72.0,3.666667,,2.35252180363
1995-06-14,4.2,0.0,0.0,23.5,18.44,16.0,85.25,66.0,2.666667,,1.72449023439
1995-06-15,3.8,,0.0,23.3,18.52,16.2,82.5,65.0,2.0,,2.29144206038
1995-06-16,4.5,,0.0,24.0,18.86,15.4,76.25,60.0,2.333333,,2.62648715311
1995-06-17,4.0,,0.0,24.6,18.8,15.8,88.25,80.0,2.666667,,2.35948771751
1995-06-18,5.8,,0.0,24.7,18.4,15.0,74.75,56.0,2.333333,,2.77160339446
1995-06-19,5.3,,0.0,25.3,18.94,15.0,74.75,55.0,2.0,,2.78686035553
1995-06-20,4.8,,0.0,25.5,19.06,14.8,75.0,59.0,3.666667,,3.0834637786
1995-06-21,7.6,0.0,0.0,21.5,18.02,16.2,84.0,70.0,3.0,,1.74656559056
1995-06-22,3.5,,0.0,20.7,17.6,15.2,91.75,82.0,3.666667,,1.77401367508
1995-06-23,1.8,,1.3,22.1,17.92,16.0,87.75,67.0,2.333333,,2.0268191756
1995-06-24,3.5,,0.0,22.3,18.66,15.4,85.0,68.0,3.333333,,2.22234115022
1995-06-25,4.2,,0.0,23.7,18.62,15.6,87.25,66.0,3.0,,2.29368105532
1995-06-26,4.0,,0.0,25.2,19.52,16.4,79.0,62.0,3.0,,2.73575238494
1995-06-27,6.0,,0.0,22.7,17.7,15.2,88.75,80.0,3.666667,,2.14657039013
1995-06-28,3.3,,2.6,20.1,17.5,15.0,93.0,83.0,4.0,,1.65817927073
1995-06-29,1.0,,8.3,21.8,18.06,16.6,96.5,93.0,3.666667,,1.61925742755
1995-06-30,1.3,,1.9,20.1,16.82,15.0,93.25,86.0,4.0,,1.64993986566
1995-07-01,1.4,,4.0,20.1,17.44,15.0,91.75,84.0,4.0,,1.71654672283
1995-07-02,2.2,,0.2,21.3,17.92,15.6,89.75,77.0,4.333333,,1.91839803733
1995-07-03,2.1,,0.0,21.5,17.52,15.5,86.25,73.0,3.666667,,2.09304328008
1995-07-04,2.4,,0.2,22.3,17.78,15.2,92.5,88.0,3.666667,,1.95650354392
1995-07-05,2.1,,1.8,21.2,17.7,15.4,91.25,79.0,4.333333,,1.85444004162
1995-07-06,1.9,,3.2,21.9,17.56,15.5,90.5,74.0,3.333333,,1.97840306118
1995-07-07,2.0,,0.0,22.1,17.42,14.8,86.5,68.0,2.0,,2.15780193831
1995-07-08,3.3,,0.0,23.0,18.12,15.8,82.5,67.0,2.333333,,2.33454700249
1995-07-09,2.8,,0.0,23.9,18.32,14.6,78.5,53.0,3.333333,,2.744460662
1995-07-10,4.8,,0.0,24.7,18.5,15.8,71.5,42.0,3.0,,3.00316142345
1995-07-11,5.7,,0.0,23.4,18.08,14.4,74.25,56.0,3.333333,,2.85741474408
1995-07-12,5.4,,0.0,22.9,17.22,13.4,72.25,46.0,5.0,,3.15318675896
1995-07-13,6.6,,0.0,23.1,17.7,13.0,80.0,55.0,6.0,,2.85411601715
1995-07-14,6.8,,0.0,21.7,17.14,14.6,83.5,69.0,4.333333,,2.35465304461
1995-07-15,4.3,,0.4,23.3,18.5,15.0,81.0,59.0,3.666667,,2.61198443362
1995-07-16,2.0,,1.8,20.3,17.02,14.6,92.75,85.0,5.0,,1.74557126759
1995-07-17,4.4,,4.6,21.9,16.78,14.5,83.0,73.0,3.0,,2.34666104061
1995-07-18,3.8,,0.0,21.5,17.1,14.4,86.75,78.0,5.0,,2.22082826755
1995-07-19,3.2,,0.4,22.1,17.86,14.7,85.75,68.0,5.333333,,2.3474945981
1995-07-20,4.3,,4.4,20.8,16.72,14.8,83.25,71.0,4.333333,,2.27001672626
1995-07-21,3.5,,0.0,20.8,16.86,14.0,90.0,81.0,4.333333,,2.00964450416
1995-07-22,2.8,,2.9,22.2,17.36,14.0,79.25,63.0,4.0,,2.65795953185
1995-07-23,4.6,,0.0,23.7,17.98,15.0,81.25,56.0,3.0,,2.65408015567
1995-07-24,4.1,,1.0,23.1,18.36,15.6,89.25,74.0,4.0,,2.26650100113
1995-07-25,2.6,,0.2,24.3,18.06,14.4,87.0,64.0,4.333333,,2.59640228523
1995-07-26,4.3,,9.4,21.1,16.76,15.2,87.25,78.0,4.0,,2.12636480141
1995-07-27,2.3,,2.2,21.9,17.18,13.6,78.75,65.0,4.666667,,2.74527281388
1995-07-28,5.0,,0.4,23.0,18.38,15.4,83.75,66.0,4.333333,,2.55489374218
1995-07-29,4.2,,2.3,22.7,17.7,14.8,79.5,58.0,4.666667,,2.77926917633
1995-07-30,5.3,,0.0,20.9,17.02,14.7,89.75,65.0,3.666667,,2.05165807767
1995-07-31,1.1,,3.0,22.5,17.38,14.2,89.5,71.0,3.0,,2.32180920327
1995-08-01,2.6,,1.0,22.7,18.02,16.2,86.5,69.0,3.333333,,2.33566859444
1995-08-02,3.8,,0.0,22.5,17.38,13.8,79.75,61.0,4.0,,2.76659097449
1995-08-03,4.1,,0.0,24.3,18.1,14.0,76.0,46.0,3.0,,3.06082003367
1995-08-04,7.0,,0.0,24.5,18.9,15.0,79.0,58.0,2.0,,2.84281335324
1995-08-05,5.2,,0.0,24.7,18.98,16.0,76.0,53.0,2.666667,,2.98622648363
1995-08-06,3.8,,0.0,25.7,19.68,15.3,76.25,51.0,3.333333,,3.2618863411
1995-08-07,5.6,,4.2,23.1,18.5,15.8,82.75,59.0,5.0,,2.70669118225
1995-08-08,6.1,,2.0,22.5,17.66,14.8,80.0,59.0,4.333333,,2.7814336235
1995-08-09,4.0,,0.2,22.8,17.48,13.8,78.75,52.0,3.666667,,2.88638808903
1995-08-10,6.2,,0.0,23.3,18.06,14.8,77.5,55.0,2.333333,,2.82165782657
1995-08-11,5.4,,0.0,23.8,17.84,14.0,68.25,40.0,2.333333,,3.19291661459
1995-08-12,7.4,,0.0,23.1,18.26,14.8,74.75,52.0,3.666667,,3.06927328451
1995-08-13,7.5,,0.0,25.7,19.0,14.9,66.75,40.0,3.666667,,3.79343194524
1995-08-14,8.2,,0.0,23.5,18.18,14.4,72.75,59.0,3.333333,,3.20102774652
1995-08-15,6.0,,0.0,25.3,18.62,14.0,70.75,51.0,2.0,,3.32699467054
1995-08-16,5.9,,0.0,25.1,18.88,14.6,69.5,50.0,4.0,,3.69304127132
1995-08-17,7.9,,0.0,23.7,17.82,14.6,70.0,54.0,4.333333,,3.52077929972
1995-08-18,9.1,,0.0,23.7,17.56,13.4,65.75,49.0,4.666667,,3.83635891728
1995-08-19,8.8,,0.0,24.0,17.58,12.4,75.0,53.0,3.666667,,3.37292061442
1995-08-20,7.2,,0.0,24.5,18.3,14.0,70.75,52.0,3.333333,,3.50973653592
1995-08-21,7.3,,0.0,23.9,18.14,14.8,75.25,56.0,4.666667,,3.36873389634
1995-08-22,6.9,,0.0,20.3,17.22,14.0,83.0,81.0,4.333333,,2.48841715046
1995-08-23,2.4,,7.6,23.0,17.48,14.2,78.25,55.0,4.0,,3.07979940794
1995-08-24,8.6,,0.8,23.7,18.22,14.6,77.25,58.0,5.0,,3.3030485405
1995-08-25,7.8,,0.2,23.5,17.34,15.0,78.5,52.0,4.0,,3.12038741242
1995-08-26,5.1,,0.6,22.7,17.42,14.0,79.5,57.0,3.0,,2.95422425067
1995-08-27,4.4,,0.4,22.9,17.98,14.2,76.0,54.0,4.0,,3.2023696295
1995-08-28,5.3,,0.2,24.0,17.98,14.1,77.25,59.0,3.333333,,3.27575694968
1995-08-29,5.5,,0.0,24.6,18.76,15.3,72.5,56.0,4.0,,3.58743298632
1995-08-30,6.1,,0.0,23.7,18.22,13.8,75.75,63.0,4.333333,,3.41906250401
1995-08-31,5.8,,0.0,23.7,18.52,13.8,76.25,61.0,3.666667,,3.34720008562
1995-09-01,5.6,,2.7,25.5,19.14,15.4,73.25,53.0,4.0,,3.72807793168
1995-09-02,7.2,,0.0,25.7,19.06,14.6,75.5,54.0,2.333333,,3.52465090506
1995-09-03,6.1,,0.0,25.9,19.54,15.6,68.0,43.0,2.0,,3.62507480288
1995-09-04,8.0,,0.0,23.0,17.68,12.7,80.0,74.0,4.0,,3.20281052658
1995-09-05,6.4,,0.0,24.3,18.1,14.1,69.5,50.0,7.333333,,4.23448141532
1995-09-06,8.9,,6.0,19.5,16.3,14.5,96.25,77.0,5.333333,,1.76660131902
1995-09-07,1.3,,4.2,22.5,16.6,14.0,82.25,52.0,5.333333,,3.02250257994
1995-09-08,2.9,,1.2,22.3,18.32,14.9,82.0,68.0,3.666667,,2.89796317976
1995-09-09,2.4,,1.4,23.9,18.46,14.8,83.75,62.0,5.0,,3.12785094037
1995-09-10,4.8,,0.0,24.1,18.78,16.0,77.75,51.0,4.333333,,3.3700354106
1995-09-11,6.2,,0.0,25.1,19.22,15.8,74.75,55.0,3.333333,,3.59481266107
1995-09-12,8.2,,0.0,26.9,19.92,15.2,68.25,49.0,2.333333,,4.00086541583
1995-09-13,7.9,,0.0,25.3,19.54,16.8,69.0,54.0,4.666667,,4.04182306582
1995-09-14,9.6,,0.0,26.0,19.08,13.8,68.25,48.0,3.666667,,4.20398888519
1995-09-15,6.9,,0.0,27.5,20.58,16.2,64.75,45.0,2.0,,4.07338184663
1995-09-16,8.0,,0.0,29.7,22.3,15.6,58.5,41.0,3.0,,5.00224230718
1995-09-17,9.7,,0.0,27.1,20.6,17.3,65.25,47.0,3.666667,,4.3596863911
1995-09-18,9.3,,0.0,26.7,19.82,16.0,69.75,44.0,3.333333,,4.12854291608
1995-09-19,7.8,,0.0,26.9,19.58,15.8,68.75,40.0,3.0,,4.16264005888
1995-09-20,8.8,,0.0,28.5,19.9,14.8,73.5,33.0,2.333333,,4.26667645711
1995-09-21,9.7,,0.8,24.7,18.22,15.8,87.0,71.0,3.333333,,3.14604651225
1995-09-22,4.6,,0.3,21.7,17.82,14.0,80.0,69.0,3.0,,3.0272851638
1995-09-23,5.4,,0.8,20.5,17.26,14.2,87.75,80.0,4.0,,2.53095172399
1995-09-24,7.0,,7.2,25.1,18.54,15.4,80.75,56.0,4.333333,,3.55895745432
1995-09-25,4.8,,0.2,25.4,19.08,14.6,76.0,50.0,3.333333,,3.81464428091
1995-09-26,8.9,,0.0,26.6,20.18,16.6,70.75,43.0,3.666667,,4.16103991323
1995-09-27,8.6,,0.0,26.1,20.32,16.0,64.75,49.0,2.666667,,4.13822028969
1995-09-28,8.1,,0.0,26.5,20.3,14.8,64.25,47.0,3.666667,,4.54550147933
1995-09-29,8.0,,0.0,26.9,20.6,17.2,74.75,48.0,3.333333,,3.98475410298
1995-09-30,8.2,,0.0,26.9,20.34,15.6,66.75,45.0,2.666667,,4.27945680528
1995-10-01,10.1,,0.0,26.9,20.02,16.6,70.25,49.0,4.0,,4.33428702496
1995-10-02,8.2,,0.0,24.5,19.1,15.8,77.0,62.0,2.666667,,3.52238428161
1995-10-03,5.4,,0.0,29.7,21.82,17.0,72.75,50.0,2.0,,4.43798588347
1995-10-04,9.3,,0.0,27.2,20.88,16.6,73.0,49.0,2.0,,3.99730664147
1995-10-05,6.8,,0.0,29.5,22.62,17.0,58.75,40.0,2.0,,4.72015038794
1995-10-06,9.2,,0.0,29.9,22.34,16.8,59.5,37.0,2.0,,4.80433837152
1995-10-07,12.1,,0.0,32.9,23.54,16.8,55.25,34.0,1.666667,,5.32286381152
1995-10-08,10.6,,0.0,30.7,23.18,19.0,71.5,48.0,2.333333,,4.60359908419
1995-10-09,8.1,,0.0,30.7,24.06,20.2,64.5,43.0,1.666667,,4.47295083073
1995-10-10,8.2,,0.0,31.3,23.94,19.8,60.0,43.0,2.0,,4.85242700702
1995-10-11,8.0,,0.0,26.7,22.02,19.2,73.5,59.0,3.0,,3.83941114043
1995-10-12,6.1,,0.0,27.5,21.76,18.4,63.25,47.0,3.666667,,4.64178709909
1995-10-13,8.6,,0.0,27.5,21.64,16.0,73.0,63.0,4.0,,4.44346555703
1995-10-14,9.8,,0.0,28.7,22.86,18.8,60.25,47.0,4.0,,5.09941554205
1995-10-15,12.7,,0.0,28.9,22.54,18.4,62.75,40.0,5.0,,5.30391274343
1995-10-16,14.4,8.0,0.0,28.0,21.28,16.9,64.5,41.0,6.333333,,5.53774550591
1995-10-17,11.8,11.2,0.0,28.5,21.6,15.5,55.0,37.0,3.0,,5.79265802683
1995-10-18,9.7,10.4,0.0,29.3,21.42,16.4,60.5,35.0,3.0,,5.59412078176
1995-10-19,13.7,6.8,0.0,29.1,20.98,14.8,62.5,41.0,2.333333,,4.52574372002
1995-10-20,12.4,8.5,0.0,28.5,21.02,16.4,63.25,36.0,2.333333,,4.8829145753
1995-10-21,9.4,8.1,0.0,30.7,23.36,17.8,57.75,40.0,2.0,,5.04884296074
1995-10-22,9.6,4.5,0.0,29.0,23.46,18.4,66.25,51.0,2.0,,3.96329796379
1995-10-23,5.4,4.9,0.0,27.5,21.34,17.2,76.0,58.0,2.333333,,3.73675840822
1995-10-24,4.2,5.0,0.0,27.7,22.0,17.8,65.0,51.0,3.333333,,4.37874102321
1995-10-25,5.8,10.5,0.0,28.5,21.66,16.6,67.5,55.0,4.666667,,5.61545645583
1995-10-26,9.1,6.2,0.4,27.4,20.8,17.4,72.25,53.0,4.666667,,4.48380615663
1995-10-27,8.9,9.5,0.0,28.1,21.54,16.6,62.0,46.0,2.666667,,5.21370446921
1995-10-28,10.7,7.1,0.0,31.5,23.66,18.0,60.75,43.0,2.666667,,5.09388991556
1995-10-29,8.6,5.4,0.0,32.6,24.56,18.1,66.25,57.0,2.666667,,4.61659362705
1995-10-30,6.5,7.4,6.2,27.1,22.02,17.6,64.0,47.0,2.333333,,4.61437316487
1995-10-31,8.8,,0.0,26.1,20.3,17.6,71.25,48.0,2.666667,,3.98845784961
1995-11-01,8.0,7.2,0.0,28.3,22.06,16.6,64.75,45.0,3.333333,,4.84629401743
1995-11-02,11.5,6.3,0.0,27.5,22.38,18.2,71.0,52.0,4.666667,,4.63358184312
1995-11-03,10.4,8.0,0.2,27.7,21.62,16.6,68.75,47.0,4.666667,,5.01719723484
1995-11-04,9.2,7.6,0.0,27.3,20.94,18.0,69.75,52.0,4.666667,,4.92809975199
1995-11-05,8.8,8.0,1.2,25.5,19.82,16.2,73.5,55.0,4.333333,,4.52675295976
1995-11-06,8.7,4.9,0.3,25.4,19.88,16.0,76.5,59.0,4.333333,,3.78418852053
1995-11-07,5.0,5.0,1.6,25.2,19.94,17.5,79.25,61.0,4.333333,,3.72022948263
1995-11-08,5.5,7.6,0.0,27.6,20.98,17.0,73.5,50.0,3.666667,,4.59796807665
1995-11-09,6.3,3.4,2.8,26.8,20.68,16.0,77.25,55.0,4.333333,,3.55476370925
1995-11-10,6.7,9.0,0.0,28.7,21.92,15.5,62.75,43.0,3.666667,,5.35846022563
1995-11-11,9.5,9.7,0.0,26.5,21.34,16.8,74.0,56.0,4.0,,4.92756321344
1995-11-12,9.4,7.8,0.0,28.3,21.46,16.8,71.5,55.0,3.333333,,4.72886044041
1995-11-13,7.0,8.9,0.2,28.1,21.98,17.2,69.25,50.0,5.0,,5.28970900194
1995-11-14,12.9,9.1,0.0,27.7,21.14,15.8,63.5,44.0,3.0,,5.12368745485
1995-11-15,7.5,9.6,0.0,28.1,22.26,17.4,59.25,41.0,3.333333,,5.57245961057
1995-11-16,8.9,9.0,0.0,31.3,24.2,16.8,61.0,38.0,1.333333,,5.0117920408
1995-11-17,11.7,7.1,0.0,30.6,23.32,19.0,71.75,48.0,2.666667,,4.73816043612
1995-11-18,7.2,5.3,14.2,26.5,22.3,18.4,84.75,71.0,3.666667,,3.62283858462
1995-11-19,3.8,3.6,3.4,28.9,23.14,17.6,71.5,68.0,3.0,,3.85608000767
1995-11-20,2.9,3.3,36.0,27.3,21.7,17.2,81.25,52.0,2.0,,3.22283810042
1995-11-21,3.4,0.0,1.0,22.4,19.08,17.2,96.75,88.0,4.0,,1.75929412723
1995-11-22,1.2,0.2,15.9,20.5,17.72,15.5,97.75,96.0,2.666667,,1.77402519669
1995-11-23,1.0,0.2,4.0,21.8,18.7,15.5,89.25,82.0,3.666667,,2.09197418043
1995-11-24,3.4,1.4,0.0,22.3,18.48,15.5,89.25,79.0,2.666667,,2.34685216008
1995-11-25,2.0,1.9,2.8,24.8,20.44,16.2,88.0,80.0,2.666667,,2.60311466174
1995-11-26,4.4,0.0,3.6,22.4,19.84,17.7,94.5,89.0,2.0,,1.97205462179
1995-11-27,1.2,0.5,22.2,23.9,20.26,17.2,89.25,75.0,3.333333,,2.2628335649
1995-11-28,1.8,2.1,1.2,25.3,20.9,18.2,89.5,73.0,3.333333,,2.66767513537
1995-11-29,1.8,3.2,3.3,25.1,20.62,17.6,87.5,75.0,3.333333,,2.9570587455
1995-11-30,4.0,10.0,0.0,25.3,19.98,15.6,71.5,59.0,4.333333,,4.94973275536
1995-12-01,7.3,9.1,0.0,26.3,20.42,15.6,78.5,62.0,3.666667,,4.52292027555
1995-12-02,6.2,8.6,0.6,26.9,20.5,16.0,78.25,59.0,3.333333,,4.48837008917
1995-12-03,6.2,9.7,0.0,28.5,21.42,16.2,71.25,53.0,2.0,,4.94462990928
1995-12-04,7.8,9.4,0.0,29.1,21.94,16.6,72.5,55.0,3.333333,,5.08923558102
1995-12-05,6.8,5.7,0.0,28.1,21.72,18.0,79.0,63.0,2.333333,,3.94068587038
1995-12-06,3.7,3.2,10.6,26.5,21.16,16.9,83.25,71.0,2.333333,,3.12518293512
1995-12-07,2.6,0.8,11.8,24.6,20.78,17.4,87.25,74.0,2.0,,2.40120386508
1995-12-08,1.9,2.2,1.0,25.1,21.06,18.0,90.0,80.0,2.666667,,2.66722611964
1995-12-09,1.0,1.5,13.2,25.2,20.72,18.0,91.75,92.0,2.0,,2.47454404814
1995-12-10,1.2,0.0,9.0,23.4,20.32,17.8,92.0,83.0,2.0,,2.06934121478
1995-12-11,1.3,5.5,1.0,25.1,20.58,17.4,84.0,71.0,4.0,,3.57756867365
1995-12-12,3.6,3.7,0.0,25.9,21.46,17.6,78.75,67.0,3.0,,3.43286514044
1995-12-13,4.9,9.6,0.0,28.3,22.3,17.6,75.25,54.0,2.333333,,4.92620368306
1995-12-14,5.4,9.2,0.0,29.1,23.26,17.8,70.25,55.0,3.333333,,5.19608115172
1995-12-15,5.8,3.6,0.0,27.7,22.82,19.2,83.75,76.0,3.0,,3.37126701491
1995-12-16,2.4,8.0,13.1,26.5,21.54,18.0,90.0,86.0,3.0,,4.01407158206
1995-12-17,5.0,8.4,12.2,26.5,21.26,17.4,78.5,64.0,2.333333,,4.43482915389
1995-12-18,7.2,10.0,0.0,26.5,20.62,16.0,75.25,56.0,2.666667,,4.81363178528
1995-12-19,7.7,11.1,0.0,28.1,21.7,16.2,68.5,46.0,2.333333,,5.33070889568
1995-12-20,8.8,10.7,0.0,29.1,22.26,15.4,69.25,52.0,1.666667,,5.16360438619
1995-12-21,6.7,7.9,0.0,28.2,21.84,16.8,77.25,59.0,1.666667,,4.39092639379
1995-12-22,4.3,7.5,0.0,27.5,22.62,18.4,78.0,62.0,3.0,,4.41302434253
1995-12-23,4.6,5.9,0.0,27.3,22.38,18.6,75.75,57.0,3.0,,4.14049639
1995-12-24,4.2,3.0,0.0,27.1,21.1,17.5,93.0,82.0,2.0,,2.85220343072
1995-12-25,2.2,3.0,18.8,23.7,20.5,17.4,93.5,88.0,3.0,,2.6321886257
1995-12-26,1.1,0.2,17.2,23.7,20.1,17.6,94.0,85.0,3.333333,,2.00948089018
1995-12-27,1.0,2.7,27.2,24.3,20.74,17.4,87.5,77.0,3.333333,,2.81624977981
1995-12-28,2.0,2.7,0.0,25.5,20.98,18.6,91.5,88.0,4.0,,2.7158713902
1995-12-29,2.2,5.0,2.6,25.7,21.58,17.8,86.25,75.0,3.333333,,3.43356039708
1995-12-30,2.0,1.4,4.1,25.3,21.62,18.2,92.75,86.0,2.0,,2.43755160961
1995-12-31,1.2,3.8,4.2,24.5,20.42,16.8,87.75,71.0,2.0,,3.04481014476
1996-01-01,2.3,5.5,0.0,25.0,20.2,17.2,86.75,68.0,2.0,,3.48978418171
1996-01-02,3.3,5.3,0.0,24.4,19.54,17.0,85.75,71.0,2.666667,,3.42175304241
1996-01-03,2.8,9.1,0.0,26.3,20.18,16.0,83.25,65.0,2.666667,,4.38568270677
1996-01-04,5.2,4.6,0.0,25.9,20.3,16.8,72.25,48.0,2.666667,,3.78275273724
1996-01-05,4.3,1.1,0.0,26.3,20.1,15.4,74.25,58.0,2.0,,2.83658409424
1996-01-06,6.1,8.7,0.0,26.1,20.54,16.4,78.0,59.0,2.666667,,4.46324141795
1996-01-07,5.5,8.0,0.0,26.8,20.96,16.2,78.5,61.0,3.0,,4.35626315257
1996-01-08,5.8,8.9,0.0,26.7,21.14,16.6,73.5,58.0,3.333333,,4.75950117876
1996-01-09,5.4,7.5,0.0,26.9,22.0,17.4,74.75,65.0,2.333333,,4.37570885427
1996-01-10,5.1,10.4,0.0,27.7,20.84,15.5,81.5,58.0,3.0,,4.80313946275
1996-01-11,6.8,7.2,0.0,27.1,21.62,17.6,74.0,65.0,3.0,,4.4350223761
1996-01-12,6.8,10.6,0.0,27.1,21.42,17.4,70.5,54.0,3.333333,,5.29981844723
1996-01-13,7.9,7.8,0.0,25.9,20.3,15.8,75.25,57.0,2.333333,,4.28840693863
1996-01-14,8.4,9.9,0.0,26.5,21.06,16.2,75.0,61.0,2.333333,,4.80880927172
1996-01-15,6.7,10.0,0.0,27.3,19.86,15.6,73.75,57.0,3.666667,,5.00381546342
1996-01-16,4.7,4.0,0.4,25.9,20.74,15.3,78.25,67.0,3.333333,,3.47163420827
1996-01-17,4.3,3.8,0.0,25.7,21.1,17.4,77.0,66.0,2.0,,3.39352053496
1996-01-18,4.5,8.7,0.0,27.9,22.34,17.3,75.75,62.0,2.0,,4.66006972553
1996-01-19,4.8,7.8,0.0,27.8,22.42,18.4,77.75,63.0,2.0,,4.45362630881
1996-01-20,5.2,9.3,0.0,28.6,23.0,18.0,67.25,50.0,4.333333,,5.49742298603
1996-01-21,7.6,5.2,0.5,27.5,21.6,17.6,75.5,63.0,3.0,,3.98284771518
1996-01-22,3.5,8.2,7.3,27.1,21.14,16.8,75.0,60.0,2.333333,,4.51779024671
1996-01-23,5.8,8.1,0.0,26.9,21.22,16.2,73.5,62.0,1.666667,,4.41182496231
1996-01-24,5.2,9.9,0.0,29.2,23.08,17.2,67.5,51.0,2.666667,,5.33227187481
1996-01-25,8.3,7.2,0.0,26.5,21.7,17.8,72.0,64.0,3.333333,,4.52296054692
1996-01-26,6.8,10.7,0.4,27.9,20.98,17.2,74.25,39.0,4.333333,,5.32533294412
1996-01-27,8.8,10.5,0.0,28.5,21.54,16.4,68.5,43.0,4.333333,,5.57485727714
1996-01-28,5.9,9.3,4.4,26.9,21.14,17.2,75.0,50.0,2.333333,,4.76766941179
1996-01-29,10.4,9.0,0.2,28.6,21.56,17.0,72.25,52.0,3.666667,,5.05934744799
1996-01-30,8.0,9.7,0.4,29.5,22.78,17.2,68.0,45.0,4.666667,,5.64053050296
1996-01-31,8.3,6.9,0.0,29.5,22.78,17.4,66.25,47.0,2.666667,,4.74403865754
1996-02-01,7.2,7.1,0.0,28.9,21.82,17.2,71.25,52.0,2.666667,,4.57511402368
1996-02-02,6.0,8.5,0.0,29.5,22.26,18.6,76.5,54.0,2.333333,,4.80931480086
1996-02-03,8.3,8.1,0.0,28.1,21.66,17.6,72.75,50.0,2.333333,,4.66210040946
1996-02-04,7.2,6.8,0.0,28.9,22.9,18.0,69.25,52.0,2.0,,4.46254144178
1996-02-05,7.0,10.9,0.0,30.1,23.18,17.4,64.75,45.0,3.666667,,5.93389078254
1996-02-06,9.9,9.5,0.0,29.5,22.5,17.4,73.25,50.0,2.0,,5.02189450155
1996-02-07,8.6,7.9,0.0,29.1,22.34,17.2,70.25,50.0,2.333333,,4.73344263246
1996-02-08,8.6,10.6,0.0,29.9,23.18,17.4,63.25,48.0,2.666667,,5.6723665451
1996-02-09,8.9,10.0,0.2,29.7,21.54,17.0,76.5,46.0,3.333333,,5.16236107837
1996-02-10,7.4,9.5,0.0,30.3,22.38,16.2,65.25,43.0,2.0,,5.18571527634
1996-02-11,8.8,11.2,0.0,30.5,23.38,16.6,63.5,45.0,2.0,,5.63987901542
1996-02-12,8.9,7.6,0.0,29.7,22.5,17.0,68.5,50.0,2.666667,,4.8111821004
1996-02-13,7.4,8.0,0.0,30.1,23.26,18.0,66.25,52.0,4.333333,,5.41658951225
1996-02-14,8.8,9.0,0.0,29.7,22.5,17.6,71.0,49.0,5.0,,5.40479403884
1996-02-15,10.9,9.1,0.0,28.9,21.54,16.8,70.75,48.0,5.333333,,5.34938695745
1996-02-16,12.8,8.9,10.2,28.9,21.3,16.8,73.0,45.0,3.0,,4.91965773457
1996-02-17,7.9,8.3,0.2,29.5,22.02,16.6,73.0,48.0,2.333333,,4.73273173787
1996-02-18,8.2,10.6,0.4,29.5,22.44,17.3,69.75,50.0,2.333333,,5.36812938433
1996-02-19,8.6,6.1,0.0,28.3,21.98,17.2,76.0,58.0,4.333333,,4.30820466502
1996-02-20,5.3,6.3,0.0,28.7,22.9,17.4,71.5,56.0,2.333333,,4.28672492848
1996-02-21,4.4,5.4,0.2,30.5,23.7,18.6,74.0,51.0,1.666667,,4.0398679198
1996-02-22,5.8,8.5,0.0,30.7,23.56,19.1,73.0,46.0,1.0,,4.7390421957
1996-02-23,6.6,9.4,0.3,29.7,22.58,18.0,79.25,58.0,2.0,,4.870133197
1996-02-24,7.3,11.4,0.0,29.5,22.74,18.4,71.25,49.0,2.333333,,5.54817836853
1996-02-25,9.0,11.4,0.0,29.3,22.22,16.2,70.5,48.0,2.333333,,5.42090136945
1996-02-26,7.8,8.8,0.0,29.5,22.82,15.8,63.0,47.0,2.666667,,5.11851739072
1996-02-27,8.9,9.7,0.0,29.5,22.1,16.2,68.25,47.0,2.666667,,5.16816723778
1996-02-28,6.6,11.5,0.0,29.9,22.54,17.4,66.0,45.0,2.333333,,5.64533188583
1996-02-29,11.4,9.1,0.0,30.3,22.9,16.6,65.5,46.0,2.333333,,5.11491147068
1996-03-01,8.9,,0.0,29.7,22.46,18.2,70.0,49.0,2.333333,,4.57606339284
1996-03-02,9.4,,0.0,30.3,23.1,18.2,66.75,47.0,2.333333,,4.77756314506
1996-03-03,8.2,,0.0,29.7,22.9,17.4,63.75,47.0,2.0,,4.69623100401
1996-03-04,7.6,,0.0,29.9,23.6,17.4,63.25,48.0,2.0,,4.73792489109
1996-03-05,7.9,,0.0,29.3,23.18,18.3,68.0,55.0,3.666667,,4.80861374068
1996-03-06,5.7,,0.0,29.3,23.02,18.3,70.75,58.0,2.333333,,4.42724642733
1996-03-07,8.1,,0.0,30.1,24.06,18.8,70.75,55.0,3.333333,,4.73419933617
1996-03-08,7.7,,0.0,32.2,25.32,18.8,68.25,47.0,2.666667,,5.1049753064
1996-03-09,7.4,,0.0,32.0,25.56,20.0,68.75,52.0,2.666667,,4.93747511676
1996-03-10,7.5,,0.0,31.9,25.18,19.8,65.5,45.0,1.333333,,4.60906534018
1996-03-11,7.4,,0.0,30.9,23.42,16.6,65.75,47.0,2.0,,4.87424713253
1996-03-12,8.2,,0.0,30.7,23.64,17.9,63.75,47.0,3.0,,5.06728396523
1996-03-13,9.1,,0.0,30.3,23.3,18.4,67.5,46.0,2.0,,4.55484339159
1996-03-14,9.2,,0.0,29.9,23.42,17.8,64.0,38.0,2.666667,,4.7923325571
1996-03-15,9.8,,0.0,30.9,23.62,18.4,67.25,47.0,2.333333,,4.74593082693
1996-03-16,9.9,,0.0,31.1,23.62,18.4,63.0,41.0,2.333333,,4.88683835491
1996-03-17,9.0,,0.0,30.9,23.86,16.8,58.5,43.0,3.0,,5.30995439384
1996-03-18,9.3,,0.0,28.2,22.84,18.7,69.0,58.0,3.666667,,4.40258762813
1996-03-19,7.0,,0.0,30.5,23.04,17.3,66.0,44.0,2.666667,,4.82819711735
1996-03-20,7.7,,0.0,30.7,23.86,18.0,63.25,44.0,3.333333,,5.0882306207
1996-03-21,7.7,,0.0,29.5,23.24,18.5,65.0,51.0,3.333333,,4.73585224611
1996-03-22,6.7,,0.0,30.6,23.9,18.5,64.5,44.0,2.333333,,4.67102777682
1996-03-23,8.0,,0.0,30.9,23.58,17.4,64.5,43.0,2.0,,4.69640182786
1996-03-24,6.5,,0.0,31.2,24.3,16.7,59.0,40.0,1.666667,,4.76981612272
1996-03-25,6.5,,0.0,31.9,24.22,18.8,65.25,46.0,2.0,,4.73712090452
1996-03-26,7.4,,0.0,29.9,24.02,19.4,66.5,51.0,4.0,,4.79652556084
1996-03-27,8.4,,0.0,30.7,22.82,18.2,67.5,43.0,3.666667,,4.89774794982
1996-03-28,12.9,,0.0,29.7,23.22,18.0,63.5,47.0,3.333333,,4.78838021744
1996-03-29,12.6,,0.0,30.3,23.14,17.6,70.25,46.0,4.666667,,4.8917967091
1996-03-30,11.9,,0.4,30.1,22.86,18.8,76.0,48.0,4.333333,,4.40589343826
1996-03-31,6.2,,0.3,28.5,22.14,18.2,82.0,59.0,4.333333,,3.81792552893
1996-04-01,7.2,,2.3,26.8,21.88,19.2,81.0,66.0,3.666667,,3.41339283843
1996-04-02,4.5,,0.4,28.4,22.04,18.2,81.0,73.0,4.666667,,3.84987907853
1996-04-03,5.7,,0.0,28.9,22.42,18.3,80.25,68.0,3.666667,,3.8924165744
1996-04-04,5.1,,0.0,27.2,21.56,17.8,81.25,64.0,4.666667,,3.624886303
1996-04-05,4.8,,0.0,27.6,21.36,17.0,77.75,58.0,3.666667,,3.83510411629
1996-04-06,6.9,0.8,0.2,24.9,20.7,18.2,81.25,66.0,2.0,,2.34191823566
1996-04-07,4.2,5.5,0.0,25.1,21.9,18.8,78.0,67.0,3.0,,3.48792685874
1996-04-08,3.8,1.4,0.0,26.5,21.94,19.2,81.5,68.0,3.333333,,2.67685543216
1996-04-09,4.2,4.7,0.0,27.1,21.58,19.0,87.0,78.0,5.333333,,3.12613092064
1996-04-10,2.8,5.5,3.0,25.5,22.02,18.2,77.25,70.0,5.0,,3.68429778738
1996-04-11,1.2,4.7,1.0,27.8,22.44,18.8,79.0,64.0,3.333333,,3.44277738674
1996-04-12,6.3,8.0,0.0,28.5,22.3,19.0,76.0,52.0,3.066667,,4.2065612946
1996-04-13,7.5,7.2,0.0,29.2,22.74,18.7,64.0,48.0,2.666667,,4.38960122065
1996-04-14,7.9,8.5,0.0,28.9,22.68,18.9,71.25,50.0,4.333333,,4.68437057893
1996-04-15,8.1,9.5,0.0,28.5,22.7,18.4,71.75,55.0,6.0,,4.98010822327
1996-04-16,8.0,8.5,0.0,28.7,22.38,17.3,64.25,47.0,2.666667,,4.48274545424
1996-04-17,8.4,10.2,0.0,30.3,23.28,17.6,65.0,37.0,1.666667,,4.61291285349
1996-04-18,6.1,4.7,0.0,29.8,23.3,19.7,83.25,66.0,1.333333,,3.16148543325
1996-04-19,2.6,6.1,12.0,27.7,21.76,18.5,76.75,54.0,3.666667,,3.73200249648
1996-04-20,6.2,7.4,0.3,24.7,20.3,18.2,86.75,70.0,4.0,,3.32068989326
1996-04-21,3.4,1.5,0.2,22.3,19.18,17.6,90.5,85.0,4.666667,,2.0294010453
1996-04-22,2.0,10.5,2.1,27.7,20.82,16.2,75.75,57.0,4.0,,4.4197723831
1996-04-23,6.6,8.9,0.0,28.0,21.44,17.0,68.75,45.0,2.666667,,4.25379121316
1996-04-24,7.5,8.0,0.0,27.5,21.26,17.6,75.75,58.0,2.666667,,3.86576820797
1996-04-25,5.6,7.8,2.4,27.3,21.54,18.2,79.0,54.0,3.333333,,3.79097250534
1996-04-26,6.4,9.5,0.0,28.3,21.82,17.4,71.0,55.0,3.333333,,4.40826062438
1996-04-27,6.7,7.2,0.0,27.3,21.54,17.6,72.5,50.0,5.333333,,4.1911995255
1996-04-28,6.9,1.3,0.0,22.9,19.74,17.6,84.75,77.0,5.666667,,2.33580249443
1996-04-29,3.8,0.0,0.4,20.5,18.12,15.6,94.75,89.0,4.0,,1.45904093954
1996-04-30,3.3,,2.5,22.3,19.16,16.8,90.25,85.0,3.0,,2.18080566646
1996-05-01,3.2,3.2,0.0,23.9,20.6,17.5,78.25,68.0,3.666667,,2.81780921149
1996-05-02,4.6,,0.0,27.8,21.2,16.0,73.5,53.0,2.333333,,3.54186232027
1996-05-03,5.8,4.2,0.0,29.1,22.16,18.0,84.75,81.0,2.0,,2.82995839062
1996-05-04,3.7,3.5,2.0,25.5,21.24,18.5,91.0,84.0,2.333333,,2.39443614166
1996-05-05,2.7,0.0,15.2,21.0,18.92,18.0,93.5,84.0,3.666667,,1.55030462613
1996-05-06,1.7,3.4,0.3,23.1,19.5,17.2,79.0,70.0,3.666667,,2.72733678767
1996-05-07,3.6,8.3,0.0,25.3,19.54,17.0,68.0,51.0,2.0,,3.64279292382
1996-05-08,7.0,9.7,0.0,25.9,19.42,15.6,76.25,58.0,2.333333,,3.70971203609
1996-05-09,7.1,5.1,0.0,25.5,19.62,15.0,72.25,51.0,2.333333,,3.03932256856
1996-05-10,7.4,4.3,0.0,24.9,19.62,16.8,72.0,53.0,2.0,,2.86864921727
1996-05-11,5.6,4.5,0.0,26.5,20.7,16.4,76.75,57.0,3.333333,,3.04668052051
1996-05-12,7.2,7.2,0.0,25.7,20.3,16.8,73.0,57.0,4.666667,,3.74954492316
1996-05-13,9.4,,0.0,23.4,19.42,16.7,82.25,70.0,4.0,,2.60873298622
1996-05-14,7.1,10.1,0.0,27.6,20.96,16.6,69.75,51.0,2.333333,,4.00424043645
1996-05-15,7.5,10.0,0.0,28.6,21.16,14.7,60.0,43.0,2.0,,4.08325517162
1996-05-16,8.4,10.5,0.0,30.2,22.06,14.5,59.0,44.0,1.333333,,4.00530664581
1996-05-17,7.5,10.4,0.0,30.4,22.44,16.0,65.75,43.0,3.0,,4.48481588968
1996-05-18,8.6,7.9,0.0,27.6,21.5,18.4,76.5,49.0,3.666667,,3.69747015935
1996-05-19,5.7,2.0,0.3,25.3,20.74,17.6,87.0,71.0,3.0,,2.1476680618
1996-05-20,2.8,7.9,0.0,28.7,22.54,19.0,73.5,54.0,2.333333,,3.66026557097
1996-05-21,5.4,6.8,0.0,26.7,21.66,18.8,74.25,58.0,4.0,,3.60919488411
1996-05-22,4.4,1.5,0.2,25.9,20.86,17.8,81.75,61.0,2.666667,,2.24188731592
1996-05-23,3.0,8.1,0.0,25.7,20.62,17.2,82.5,60.0,2.333333,,3.18390478959
1996-05-24,5.2,7.0,0.0,25.6,20.64,16.6,77.25,59.0,4.0,,3.3137864124
1996-05-25,5.3,7.4,6.0,26.1,19.98,17.2,80.5,60.0,2.666667,,3.16047178657
1996-05-26,8.6,7.5,0.0,27.1,19.1,14.8,70.25,43.0,3.0,,3.51902519418
1996-05-27,6.3,9.6,0.0,25.2,18.76,14.2,68.25,51.0,2.0,,3.48373864986
1996-05-28,7.3,5.7,0.0,23.6,18.22,15.2,83.0,63.0,3.333333,,2.65474587374
1996-05-29,4.0,0.6,0.0,21.9,18.22,16.0,90.25,81.0,4.0,,1.6584857174
1996-05-30,2.0,0.5,2.0,21.1,17.6,15.4,90.25,79.0,4.0,,1.60832366311
1996-05-31,3.1,2.2,0.2,22.2,17.96,15.4,84.5,71.0,4.0,,2.1129492333
1996-06-01,3.0,7.6,0.0,25.5,18.66,13.9,79.0,55.0,2.666667,,3.02786499722
1996-06-02,5.6,9.3,0.0,26.8,19.84,15.2,77.0,46.0,4.0,,3.59395831837
1996-06-03,5.8,7.0,0.0,25.3,18.66,14.8,78.5,51.0,3.666667,,3.07341997907
1996-06-04,6.9,2.4,0.0,24.5,18.46,16.0,78.75,50.0,4.666667,,2.58443721858
1996-06-05,6.6,0.0,0.0,20.9,17.34,15.2,87.75,77.0,5.0,,1.67708673547
1996-06-06,2.0,0.0,6.2,19.8,17.2,15.2,94.75,88.0,4.0,,1.29273977886
1996-06-07,1.4,3.0,8.3,22.1,18.22,15.2,90.25,75.0,4.333333,,1.92162499857
1996-06-08,3.2,2.1,6.9,23.7,18.66,16.0,87.0,71.0,4.666667,,2.06017099847
1996-06-09,3.4,8.0,0.4,22.7,17.86,15.6,82.0,71.0,4.333333,,2.94134086467
1996-06-10,5.0,5.5,0.0,22.4,17.18,14.8,85.25,63.0,5.0,,2.46661276914
1996-06-11,4.4,0.2,0.2,18.9,16.3,14.0,94.0,87.0,4.666667,,1.28935840443
1996-06-12,1.7,0.6,0.5,19.5,16.98,15.1,94.0,93.0,4.0,,1.37925307302
1996-06-13,0.8,0.7,1.8,19.5,16.66,14.4,93.0,85.0,4.333333,,1.41586196994
1996-06-14,2.0,0.8,8.2,19.2,16.54,14.6,91.75,85.0,4.333333,,1.48055331032
1996-06-15,2.2,5.4,0.3,20.4,17.16,14.5,86.5,75.0,3.666667,,2.2575737331
1996-06-16,2.7,6.5,0.4,24.1,18.56,15.2,86.5,65.0,3.333333,,2.5805426787
1996-06-17,2.7,1.1,3.1,19.9,17.98,16.2,96.0,92.0,4.333333,,1.36442124093
1996-06-18,1.5,0.2,0.2,23.7,19.5,16.6,80.5,70.0,4.0,,2.10536555004
1996-06-19,3.4,9.0,0.0,23.4,18.6,14.2,79.25,56.0,4.666667,,3.16451704371
1996-06-20,6.0,9.2,0.0,23.1,18.5,14.6,72.5,56.0,3.666667,,3.37416407925
1996-06-21,3.6,3.6,1.4,23.3,18.82,16.4,91.0,78.0,3.666667,,2.02144132915
1996-06-22,4.6,6.4,9.2,23.7,18.98,16.8,87.5,65.0,4.333333,,2.57301181696
1996-06-23,2.8,9.5,0.0,23.5,18.5,14.6,71.0,54.0,4.333333,,3.58870514171
1996-06-24,2.2,7.2,0.0,23.6,17.84,15.2,79.75,57.0,4.333333,,2.96736219483
1996-06-25,5.5,5.5,0.0,22.8,17.22,13.5,84.25,65.0,3.333333,,2.41754509844
1996-06-26,3.3,6.0,0.4,23.7,18.76,16.0,81.75,56.0,3.333333,,2.70076729014
1996-06-27,4.6,8.1,0.0,25.9,19.06,14.8,78.75,59.0,1.666667,,2.98730599737
1996-06-28,4.1,10.2,0.0,27.5,19.42,13.0,74.25,46.0,1.666667,,3.39514623166
1996-06-29,5.6,9.5,0.0,27.5,19.38,15.8,73.0,51.0,2.0,,3.48044452733
1996-06-30,5.3,7.1,0.0,23.8,18.16,15.0,74.5,46.0,3.666667,,3.12714530829
1996-07-01,5.6,7.6,0.0,22.9,17.9,14.8,85.25,66.0,5.333333,,2.73470474335
1996-07-02,3.0,3.3,2.9,20.5,17.3,15.0,93.5,85.0,4.666667,,1.7281203985
1996-07-03,1.8,0.0,8.8,20.5,17.22,15.2,91.25,82.0,2.666667,,1.44409115705
1996-07-04,1.2,8.7,0.4,23.9,18.38,14.8,81.5,67.0,2.333333,,2.98735638769
1996-07-05,4.2,9.5,0.0,23.5,17.98,13.6,79.5,61.0,3.0,,3.12161483676
1996-07-06,9.5,4.4,0.0,23.3,17.94,14.6,78.25,55.0,2.666667,,2.51077369683
1996-07-07,7.8,4.8,0.0,22.9,17.54,13.8,78.0,57.0,4.0,,2.67838961176
1996-07-08,7.4,9.1,0.0,23.2,17.48,13.4,77.75,56.0,4.0,,3.19400217874
1996-07-09,6.0,8.1,0.0,22.2,17.64,14.8,82.75,68.0,3.666667,,2.86085181296
1996-07-10,4.1,8.6,0.0,23.3,17.74,14.7,78.75,55.0,2.666667,,3.06314421375
1996-07-11,5.9,9.8,0.0,23.2,17.4,13.4,78.0,55.0,2.0,,3.1325170654
1996-07-12,4.7,8.8,0.0,25.7,18.46,13.6,74.25,52.0,2.0,,3.23376005185
1996-07-13,4.9,8.6,0.0,23.4,17.46,13.4,79.5,61.0,3.666667,,3.08496294293
1996-07-14,5.8,8.5,0.0,23.6,17.92,14.2,79.75,71.0,4.0,,3.1352021088
1996-07-15,5.8,9.3,0.0,23.7,17.86,14.6,78.75,57.0,4.0,,3.30593615283
1996-07-16,6.4,0.4,0.0,19.9,16.5,14.8,94.75,86.0,4.666667,,1.34538061273
1996-07-17,1.9,7.2,0.8,22.1,17.62,14.6,78.5,72.0,5.333333,,3.06710916472
1996-07-18,4.4,2.2,0.4,21.7,16.62,12.8,80.25,60.0,2.666667,,2.10573930428
1996-07-19,4.0,0.2,0.0,21.1,17.14,13.6,88.0,67.0,2.333333,,1.58919249888
1996-07-20,2.6,4.6,3.6,21.5,17.58,15.0,84.25,72.0,2.333333,,2.34571032679
1996-07-21,1.4,8.8,1.4,24.7,17.58,12.4,74.25,46.0,2.0,,3.2073773053
1996-07-22,6.5,10.4,0.0,26.9,19.5,12.4,64.25,48.0,3.333333,,4.12271520376
1996-07-23,9.1,0.0,1.3,18.4,15.52,14.5,94.5,78.0,4.333333,,1.30140749434
1996-07-24,2.2,5.9,0.8,20.8,15.48,12.9,84.0,74.0,4.333333,,2.51290493997
1996-07-25,4.4,9.1,0.0,22.2,15.56,10.0,78.25,55.0,4.333333,,3.1083883451
1996-07-26,5.6,6.5,1.2,21.6,16.5,13.9,83.25,60.0,3.333333,,2.68200603319
1996-07-27,4.8,5.6,0.0,22.9,17.28,14.5,79.25,62.0,2.333333,,2.71370693397
1996-07-28,4.3,9.5,0.0,23.3,17.3,14.2,77.5,55.0,2.666667,,3.3573378367
1996-07-29,5.2,4.8,0.0,22.1,17.44,14.1,73.75,59.0,3.0,,2.81428923713
1996-07-30,4.8,2.4,0.0,20.7,16.94,13.4,83.75,74.0,3.0,,2.08785515394
1996-07-31,3.4,4.3,0.3,21.4,17.12,15.0,87.0,69.0,3.0,,2.31657742993
1996-08-01,3.1,5.6,0.4,21.9,17.26,13.8,80.75,63.0,4.333333,,2.77315754118
1996-08-02,5.0,5.1,2.2,22.7,17.94,15.2,88.0,71.0,4.333333,,2.47259691987
1996-08-03,4.6,4.8,0.0,21.7,17.74,15.4,88.0,73.0,4.666667,,2.40044375233
1996-08-04,2.0,0.0,0.6,25.3,17.62,14.8,89.25,82.0,4.333333,,1.79342274903
1996-08-05,3.3,6.3,0.0,24.4,17.5,13.6,80.0,59.0,3.333333,,3.0044712553
1996-08-06,5.3,6.4,0.0,24.5,18.28,15.0,77.25,45.0,2.666667,,3.11686976904
1996-08-07,4.9,2.8,0.0,24.6,18.76,16.0,74.5,60.0,2.666667,,2.70225602701
1996-08-08,5.8,9.2,0.0,26.0,19.08,15.8,70.25,53.0,4.333333,,4.17259113025
1996-08-09,5.9,4.2,0.0,25.2,18.98,14.7,80.25,63.0,2.666667,,2.73910970098
1996-08-10,4.6,6.5,1.0,26.1,20.14,17.3,83.5,63.0,2.666667,,3.15972405195
1996-08-11,6.2,9.1,0.0,30.0,21.96,16.0,69.0,41.0,2.0,,4.10724742139
1996-08-12,8.7,8.9,0.0,26.9,20.82,17.2,70.5,55.0,2.0,,3.88966978165
1996-08-13,6.6,2.4,0.0,24.5,19.26,16.6,83.75,63.0,4.666667,,2.52580951904
1996-08-14,5.5,4.2,0.4,22.1,17.98,15.8,89.75,83.0,3.666667,,2.36670211449
1996-08-15,2.8,9.3,3.9,24.7,18.06,14.8,81.75,58.0,3.666667,,3.57857516312
1996-08-16,6.6,2.7,0.0,24.0,17.76,13.6,76.0,54.0,2.666667,,2.61525254035
1996-08-17,7.6,3.3,0.0,22.9,16.94,13.2,86.5,70.0,5.333333,,2.37132294517
1996-08-18,5.1,3.7,0.4,21.3,16.74,13.6,80.75,65.0,4.666667,,2.64270095995
1996-08-19,7.7,7.8,0.0,22.3,17.0,13.8,74.5,59.0,4.666667,,3.56376478256
1996-08-20,8.5,5.3,0.0,21.2,15.7,13.1,80.75,61.0,4.666667,,2.8457153465
1996-08-21,4.4,6.7,0.0,23.6,16.98,12.9,74.0,52.0,4.333333,,3.48224833249
1996-08-22,6.3,2.5,0.1,22.0,17.24,14.3,90.75,73.0,4.0,,2.07348786401
1996-08-23,3.0,1.2,5.5,19.0,16.06,14.6,95.5,91.0,4.0,,1.59361732569
1996-08-24,1.3,8.3,3.3,22.1,16.82,14.0,79.75,53.0,4.0,,3.41493995613
1996-08-25,5.2,3.2,1.0,20.7,16.64,14.7,94.5,86.0,4.333333,,1.98174305481
1996-08-26,2.3,5.5,2.3,22.1,16.98,13.8,83.75,68.0,3.0,,2.83062309434
1996-08-27,3.4,9.9,0.0,26.3,18.98,13.4,70.75,48.0,2.666667,,4.1820939348
1996-08-28,5.8,5.7,0.0,24.3,18.8,16.3,78.75,59.0,2.666667,,3.23471749918
1996-08-29,4.4,5.5,0.0,24.1,18.54,14.8,71.75,57.0,3.0,,3.41149422284
1996-08-30,5.6,5.1,0.0,23.8,19.2,15.6,78.75,61.0,5.333333,,3.3048896881
1996-08-31,3.9,8.7,0.0,25.5,19.38,14.0,71.5,52.0,5.0,,4.27101357345
1996-09-01,2.3,10.1,0.0,27.5,19.74,15.6,70.75,48.0,2.0,,4.37408355698
1996-09-02,2.6,9.4,0.0,28.7,21.5,16.4,61.25,37.0,3.666667,,5.05947341668
1996-09-03,10.2,7.9,0.0,26.9,20.62,16.4,63.5,44.0,3.0,,4.40300757778
1996-09-04,7.7,9.4,0.0,28.7,21.74,17.6,58.0,41.0,2.333333,,4.82606912915
1996-09-05,7.8,10.4,0.0,27.2,20.28,15.6,60.5,37.0,2.666667,,4.84887374069
1996-09-06,9.1,8.6,0.0,26.0,19.62,14.2,66.25,44.0,4.333333,,4.54789661568
1996-09-07,8.1,8.5,0.0,25.7,19.12,14.0,69.5,45.0,4.666667,,4.39904896663
1996-09-08,8.9,5.0,1.5,23.3,18.08,15.2,88.0,70.0,4.333333,,2.80975709465
1996-09-09,3.9,9.4,1.4,25.3,18.9,14.8,77.0,53.0,5.0,,4.21192985587
1996-09-10,8.1,8.5,0.0,25.5,19.18,15.0,71.0,50.0,4.666667,,4.38779267078
1996-09-11,12.8,9.4,0.0,26.1,19.42,14.8,65.75,46.0,5.333333,,4.95211093986
1996-09-12,10.9,0.0,2.2,24.9,19.42,16.0,78.25,53.0,5.0,,2.67296311296
1996-09-13,10.6,9.4,0.9,25.5,18.74,14.8,71.5,54.0,4.0,,4.45833595961
1996-09-14,10.3,4.9,1.0,21.7,17.86,14.8,86.0,76.0,4.666667,,2.83391098102
1996-09-15,3.8,0.0,2.2,23.1,17.86,15.0,89.75,71.0,3.0,,1.89966563333
1996-09-16,5.6,6.6,0.5,23.9,17.98,14.4,80.5,62.0,3.333333,,3.46348128407
1996-09-17,7.2,7.2,0.0,27.6,20.3,15.9,69.0,50.0,2.0,,4.07157751433
1996-09-18,9.1,7.8,0.0,27.4,21.68,17.0,68.25,57.0,3.666667,,4.58748879246
1996-09-19,2.2,4.8,0.0,25.7,20.26,17.1,79.25,57.0,4.0,,3.47861392922
1996-09-20,4.8,2.0,2.9,21.8,18.12,16.2,93.75,81.0,4.0,,2.08993383449
1996-09-21,1.4,1.5,3.8,20.4,17.24,15.2,96.75,94.0,3.666667,,1.82630834066
1996-09-22,1.1,5.3,3.5,23.1,17.74,14.7,88.25,67.0,2.0,,3.00648456383
1996-09-23,3.0,7.0,0.0,25.5,18.62,15.8,76.25,51.0,4.0,,3.97771338785
1996-09-24,5.6,7.2,0.0,24.7,19.46,15.8,73.75,60.0,4.666667,,4.13721860413
1996-09-25,6.0,8.1,0.0,27.1,20.3,16.0,68.75,46.0,3.0,,4.49881667797
1996-09-26,13.1,10.3,0.0,27.5,20.62,16.4,66.25,45.0,3.333333,,5.12740236829
1996-09-27,10.8,2.9,0.0,26.1,20.14,16.6,72.75,52.0,4.0,,3.49740925343
1996-09-28,7.9,3.6,0.4,24.5,19.82,16.6,80.0,63.0,4.333333,,3.21566544182
1996-09-29,5.6,5.9,2.3,25.1,19.5,16.4,82.0,59.0,4.0,,3.55842261026
1996-09-30,5.4,7.7,1.0,27.0,20.34,16.0,73.75,56.0,2.0,,4.15732840772
1996-10-01,6.5,6.5,0.0,26.9,20.92,17.7,74.25,57.0,2.333333,,4.01142577294
1996-10-02,6.3,7.5,0.0,27.1,21.22,17.2,68.0,51.0,4.333333,,4.76173831742
1996-10-03,8.8,4.3,0.0,25.7,21.36,16.9,64.25,55.0,4.0,,4.17581817759
1996-10-04,5.0,2.6,0.0,26.3,20.98,17.2,80.25,64.0,3.0,,3.0444212632
1996-10-05,5.8,0.7,30.0,26.3,20.76,17.5,86.5,81.0,3.666667,,2.44460568162
1996-10-06,2.9,4.4,0.0,24.6,19.8,17.6,79.5,53.0,2.666667,,3.35158194993
1996-10-07,4.2,4.9,0.0,25.7,19.98,17.2,76.0,54.0,2.333333,,3.57381072795
1996-10-08,7.0,10.2,0.0,26.7,20.78,16.4,67.5,50.0,5.0,,5.32903990393
1996-10-09,9.1,9.0,0.0,25.9,20.18,16.0,73.25,50.0,4.666667,,4.68785141797
1996-10-10,8.8,9.7,0.0,26.6,20.28,16.4,69.75,43.0,3.333333,,4.91828827424
1996-10-11,9.0,8.2,0.0,27.1,20.62,15.2,71.5,52.0,2.333333,,4.41017381528
1996-10-12,7.5,7.6,0.0,27.1,20.58,16.6,68.25,46.0,3.0,,4.56553914436
1996-10-13,7.8,8.2,0.0,27.3,21.1,16.4,67.0,44.0,3.666667,,4.86466697996
1996-10-14,7.9,10.7,0.0,30.1,22.54,15.4,66.0,49.0,1.666667,,5.19524433182
1996-10-15,6.7,7.3,0.0,30.8,22.54,15.4,69.0,42.0,1.333333,,4.35087337732
1996-10-16,8.1,0.0,0.4,23.3,19.94,18.3,85.25,74.0,3.666667,,2.31119353662
1996-10-17,3.0,9.8,0.3,27.1,20.72,15.7,66.75,47.0,5.666667,,5.43616176244
1996-10-18,10.7,5.7,0.0,27.1,20.46,16.6,73.75,56.0,3.0,,4.01181743789
1996-10-19,6.3,7.4,0.1,27.5,20.58,15.2,77.5,48.0,4.0,,4.27113482866
1996-10-20,7.6,6.8,0.4,27.5,20.98,16.6,71.5,53.0,3.333333,,4.40620252425
1996-10-21,8.0,,0.0,27.3,21.58,17.2,67.25,55.0,4.0,,4.63607959627
1996-10-22,7.1,8.2,0.0,27.5,20.7,16.0,68.25,48.0,4.0,,4.90190337251
1996-10-23,9.0,8.9,0.0,28.1,20.94,16.2,62.0,44.0,2.666667,,5.06203903121
1996-10-24,5.0,7.8,0.0,27.8,21.48,16.2,61.5,44.0,3.0,,4.92384413189
1996-10-25,10.9,7.9,0.0,30.3,23.54,18.2,62.0,44.0,3.666667,,5.4253929166
1996-10-26,10.2,10.2,0.0,30.5,22.46,18.6,73.0,46.0,2.0,,5.27085861933
1996-10-27,9.7,6.4,0.0,30.1,22.46,17.6,70.0,47.0,2.333333,,4.43974366392
1996-10-28,6.5,8.6,0.0,31.9,24.9,18.2,61.75,46.0,2.0,,5.21914079916
1996-10-29,8.7,8.8,0.0,31.1,24.32,19.5,65.0,46.0,3.333333,,5.55413297253
1996-10-30,8.7,10.4,0.0,29.5,22.88,18.0,66.75,51.0,4.0,,5.72861618018
1996-10-31,9.7,,0.0,26.9,21.16,16.9,64.75,50.0,2.333333,,4.33803682003
1996-11-01,6.8,7.9,0.0,29.7,23.92,18.7,71.0,53.0,1.333333,,4.58950855203
1996-11-02,8.7,8.7,0.0,27.4,22.34,18.3,73.75,59.0,2.333333,,4.71213843561
1996-11-03,8.4,6.7,0.2,28.3,22.82,18.0,69.0,55.0,3.0,,4.57948775906
1996-11-04,4.6,8.5,0.0,29.9,24.06,18.0,63.5,46.0,2.333333,,5.10664426583
1996-11-05,8.1,10.6,0.0,30.1,23.58,19.4,52.75,30.0,5.0,,6.88462324939
1996-11-06,7.0,5.7,0.0,26.5,21.94,16.2,55.25,50.0,5.333333,,5.37566931645
1996-11-07,9.8,8.0,0.0,29.7,21.42,16.4,60.0,34.0,4.333333,,5.60189595254
1996-11-08,12.9,1.4,5.2,22.1,19.34,16.8,84.75,70.0,5.0,,2.59936810575
1996-11-09,4.0,3.0,8.4,24.5,19.54,16.6,82.75,61.0,5.0,,3.11170549596
1996-11-10,5.2,0.1,3.2,22.7,19.58,16.8,84.25,71.0,4.333333,,2.38903030571
1996-11-11,3.4,2.7,1.8,25.9,20.88,17.9,82.0,60.0,3.666667,,3.14468296435
1996-11-12,5.5,7.2,0.4,25.9,20.68,17.3,70.0,54.0,3.666667,,4.55180921195
1996-11-13,8.9,8.5,0.0,28.3,22.66,17.6,59.5,38.0,3.666667,,5.46622695078
1996-11-14,9.1,8.4,0.0,28.2,21.58,17.6,69.5,42.0,3.333333,,4.96462220978
1996-11-15,8.0,7.6,0.0,27.1,22.2,17.7,60.25,46.0,3.666667,,5.15737976486
1996-11-16,6.7,7.3,0.0,28.4,22.06,17.3,56.0,36.0,3.666667,,5.37725257231
1996-11-17,7.6,0.2,0.0,25.8,20.84,18.1,79.5,59.0,2.333333,,2.57585130314
1996-11-18,3.5,2.3,23.4,24.9,20.9,17.2,83.0,75.0,3.0,,2.91147167473
1996-11-19,2.0,5.3,40.9,25.5,21.34,18.2,83.5,67.0,2.333333,,3.58335040265
1996-11-20,2.0,2.0,0.3,23.5,20.62,18.2,86.25,84.0,4.0,,2.72336774229
1996-11-21,1.6,4.5,1.8,26.3,21.34,18.2,85.25,74.0,2.666667,,3.39838519975
1996-11-22,3.0,0.3,4.0,22.5,20.9,18.2,89.0,88.0,3.0,,2.20983480463
1996-11-23,2.6,4.5,14.0,23.5,20.94,18.0,84.25,80.0,3.666667,,3.29832340042
1996-11-24,3.0,5.2,24.2,25.5,21.26,18.2,89.75,80.0,4.0,,3.30263451464
1996-11-25,3.2,1.5,43.2,26.8,21.28,17.8,84.0,59.0,2.333333,,2.75548186672
1996-11-26,2.2,0.5,25.2,24.6,20.76,18.0,86.0,64.0,2.333333,,2.39742392429
1996-11-27,1.4,0.1,20.4,21.0,18.5,17.3,88.0,80.0,4.0,,2.15728279557
1996-11-28,2.2,6.2,4.4,23.1,19.12,15.8,79.0,64.0,4.0,,3.73653238534
1996-11-29,3.9,3.0,0.0,22.8,18.32,15.0,85.0,69.0,3.666667,,2.82553392469
1996-11-30,3.6,6.2,3.2,24.5,19.76,16.0,76.0,59.0,3.666667,,3.94833143841
1996-12-01,4.7,3.2,0.0,23.9,19.78,17.0,85.25,68.0,4.333333,,2.98874982082
1996-12-02,3.5,6.1,0.4,25.9,20.56,14.7,72.0,49.0,4.0,,4.1796848932
1996-12-03,3.8,7.4,1.6,26.1,20.5,17.0,70.5,48.0,3.0,,4.47975434116
1996-12-04,5.9,10.0,2.0,26.1,20.62,17.4,81.25,59.0,4.0,,4.67450770094
1996-12-05,7.2,9.9,0.0,26.5,21.62,17.8,68.25,47.0,3.0,,5.13718307918
1996-12-06,7.2,,0.0,28.0,21.94,17.9,66.25,47.0,3.333333,,4.70964085733
1996-12-07,6.3,9.7,0.0,30.9,23.78,17.6,60.5,41.0,2.0,,5.41868740367
1996-12-08,8.0,9.0,0.0,31.1,24.0,18.0,59.75,45.0,2.333333,,5.42695206468
1996-12-09,5.6,6.7,0.0,29.3,23.98,19.8,68.75,63.0,2.333333,,4.61102222664
1996-12-10,5.3,8.8,0.0,27.5,22.02,19.2,67.25,51.0,3.666667,,5.22382454064
1996-12-11,6.7,11.0,0.0,29.2,23.28,18.2,55.0,39.0,2.666667,,5.93203035053
1996-12-12,7.7,9.6,0.0,30.5,23.5,17.6,57.75,35.0,1.666667,,5.2903741682
1996-12-13,7.1,11.8,0.0,30.8,23.4,17.1,50.5,24.0,2.333333,,6.17282985858
1996-12-14,9.7,11.6,0.0,31.2,24.64,18.6,45.75,31.0,2.666667,,6.50937761896
1996-12-15,8.3,,0.0,30.7,24.54,17.6,49.0,34.0,4.333333,,6.40797596926
1996-12-16,11.4,10.1,0.0,27.9,21.9,17.6,58.25,41.0,3.333333,,5.70390403527
1996-12-17,9.3,8.1,0.0,29.0,21.84,16.8,67.5,45.0,3.666667,,5.07822676716
1996-12-18,9.4,8.7,0.0,27.7,22.32,18.5,65.5,45.0,3.0,,5.11863829315
1996-12-19,8.7,9.7,0.0,29.5,23.06,18.4,55.0,36.0,3.333333,,5.94239642871
1996-12-20,9.8,6.6,0.0,27.7,21.68,18.2,64.0,46.0,2.666667,,4.63331532369
1996-12-21,6.8,6.0,0.0,26.5,21.42,18.2,66.0,37.0,2.333333,,4.28268374873
1996-12-22,5.9,9.0,0.0,27.8,22.42,17.7,57.5,43.0,3.0,,5.41321859579
1996-12-23,8.2,7.9,0.0,28.6,23.06,19.0,62.75,46.0,3.0,,5.14507751742
1996-12-24,6.9,5.7,0.0,27.4,21.98,18.4,74.75,50.0,4.666667,,4.33361282314
1996-12-25,6.0,3.7,0.0,26.0,21.38,18.0,77.25,60.0,3.333333,,3.5510309744
1996-12-26,5.4,3.8,0.0,25.8,21.24,17.1,64.5,56.0,2.0,,3.68755693973
1996-12-27,6.1,2.4,0.0,26.4,22.38,18.5,68.0,60.0,2.333333,,3.46490266607
1996-12-28,6.1,3.3,0.0,27.3,22.1,19.0,71.25,54.0,4.0,,3.96031930512
1996-12-29,5.2,3.0,0.0,28.1,21.9,18.4,74.5,52.0,2.666667,,3.53946507455
1996-12-30,3.9,7.3,3.4,28.6,22.84,19.0,73.75,54.0,2.333333,,4.53919412881
1996-12-31,4.4,8.6,0.3,29.2,23.82,20.2,61.5,50.0,2.333333,,5.25318707912
1997-01-01,7.6,6.4,0.0,28.4,22.36,19.6,72.5,54.0,2.666667,,4.43719221937
1997-01-02,3.2,2.8,9.2,26.9,22.0,19.7,86.0,78.0,1.666667,,3.04189864605
1997-01-03,2.2,1.6,8.6,25.4,21.26,18.5,84.5,70.0,2.666667,,2.75847576655
1997-01-04,3.0,1.9,3.0,26.8,22.06,19.0,76.5,63.0,2.666667,,3.18164833662
1997-01-05,4.2,7.7,0.5,26.6,22.0,18.7,76.0,57.0,2.333333,,4.42599542061
1997-01-06,4.0,9.3,13.2,28.5,23.14,19.4,71.25,56.0,2.666667,,5.13245020741
1997-01-07,5.6,8.9,0.0,28.4,22.72,19.6,57.5,42.0,3.666667,,5.76473757166
1997-01-08,8.9,10.9,0.0,28.3,22.38,17.2,60.75,42.0,3.0,,5.72491045898
1997-01-09,8.6,8.7,0.0,28.1,22.62,18.0,63.0,49.0,4.0,,5.45871148617
1997-01-10,7.2,6.8,0.0,28.7,23.06,17.8,63.5,47.0,2.666667,,4.75978795814
1997-01-11,6.3,7.7,0.0,27.9,22.62,18.8,63.25,52.0,2.666667,,4.9454773887
1997-01-12,5.2,10.0,0.0,30.9,23.34,16.8,59.0,38.0,3.666667,,6.03529597402
1997-01-13,8.2,7.1,0.0,27.7,22.02,18.5,63.0,51.0,2.333333,,4.70497748849
1997-01-14,5.5,10.3,0.0,29.8,23.16,18.2,57.0,41.0,2.666667,,5.81290795259
1997-01-15,7.0,8.9,0.0,30.0,23.44,19.2,65.0,42.0,2.333333,,5.26109308121
1997-01-16,4.9,6.0,0.0,28.4,22.76,19.4,68.75,51.0,2.333333,,4.39366437309
1997-01-17,5.3,9.1,0.0,29.1,23.28,18.1,61.5,47.0,2.666667,,5.36437968248
1997-01-18,6.7,4.3,0.5,27.7,21.96,17.9,86.25,68.0,2.333333,,3.39394841424
1997-01-19,1.9,1.3,49.2,24.5,20.6,17.3,79.0,60.0,2.333333,,2.777350978
1997-01-20,4.7,0.0,0.0,23.7,20.78,18.6,82.75,79.0,3.666667,,2.50262282691
1997-01-21,1.8,4.9,4.4,25.5,21.14,17.8,73.0,51.0,3.333333,,3.94286724558
1997-01-22,4.8,2.6,0.0,26.3,21.18,18.8,81.5,65.0,2.333333,,3.1080987463
1997-01-23,4.3,6.8,0.0,28.4,22.16,18.6,68.75,49.0,3.666667,,4.81229535206
1997-01-24,6.0,4.8,0.2,27.5,21.54,17.6,73.75,45.0,3.0,,3.96184107787
1997-01-25,3.8,1.8,0.0,24.9,20.62,19.0,88.0,77.0,2.666667,,2.67969896917
1997-01-26,1.6,2.7,33.8,22.9,20.18,17.8,93.25,89.0,2.333333,,2.61387404373
1997-01-27,1.5,9.6,21.8,25.7,21.02,17.8,76.0,53.0,2.666667,,4.77203851979
1997-01-28,5.0,5.7,4.7,26.1,21.02,17.8,77.75,53.0,3.333333,,3.95732534294
1997-01-29,4.1,8.8,0.2,25.9,20.7,17.6,74.0,56.0,4.0,,4.77683412182
1997-01-30,6.0,7.9,0.0,26.4,20.68,16.8,65.75,50.0,4.0,,4.96712386889
1997-01-31,6.9,9.4,0.0,27.5,21.18,16.8,68.75,51.0,2.0,,4.91061071759
1997-02-01,5.0,5.4,0.0,26.5,21.3,18.0,77.25,49.0,2.666667,,3.88173234435
1997-02-02,7.5,8.3,0.0,27.5,21.1,16.2,75.5,50.0,3.333333,,4.61294174927
1997-02-03,8.4,5.7,0.7,25.3,20.7,18.2,85.0,70.0,3.666667,,3.63569182475
1997-02-04,5.2,5.7,0.0,25.1,20.9,17.8,73.75,56.0,3.333333,,4.04663632185
1997-02-05,5.5,7.8,1.0,25.7,20.5,17.6,81.5,55.0,4.666667,,4.22791676861
1997-02-06,6.4,4.0,2.4,24.3,19.98,17.8,87.75,75.0,3.333333,,3.09371988643
1997-02-07,4.2,9.9,2.1,26.7,20.86,16.0,68.25,48.0,2.0,,4.92224209972
1997-02-08,6.6,9.0,0.4,27.5,21.58,17.6,73.0,53.0,2.333333,,4.80780376266
1997-02-09,5.6,7.9,0.0,26.1,20.94,17.6,76.0,56.0,4.666667,,4.56026685741
1997-02-10,6.9,8.6,7.6,27.5,20.66,16.6,84.75,63.0,4.333333,,4.30460000699
1997-02-11,4.4,2.0,7.8,22.5,19.22,17.4,92.25,87.0,4.0,,2.37301628835
1997-02-12,2.6,7.3,4.4,25.5,20.66,17.6,79.0,59.0,4.666667,,4.23594170606
1997-02-13,3.3,5.4,0.5,27.4,20.88,16.8,79.0,59.0,3.666667,,3.89243962021
1997-02-14,0.4,4.1,7.2,25.1,19.94,16.8,83.5,65.0,4.0,,3.29412649664
1997-02-15,3.0,6.6,0.4,25.7,20.66,17.8,81.0,63.0,3.666667,,3.98353467667
1997-02-16,4.4,6.4,1.2,28.1,20.98,17.4,78.25,48.0,2.433333,,4.10379604161
1997-02-17,5.8,10.2,0.4,26.5,20.66,17.4,72.0,55.0,4.666667,,5.21343028744
1997-02-18,5.9,9.2,0.2,27.3,21.34,17.6,78.5,57.0,4.666667,,4.76697081696
1997-02-19,4.0,4.0,4.0,25.8,20.48,17.6,86.25,67.0,4.666667,,3.20408569963
1997-02-20,6.2,7.4,2.1,27.3,21.26,17.6,77.75,57.0,2.0,,4.25394738491
1997-02-21,4.6,8.0,0.0,28.1,21.82,17.6,76.0,47.0,4.333333,,4.69272655827
1997-02-22,5.3,7.8,3.8,27.1,21.1,18.6,84.75,55.0,4.333333,,4.18275769997
1997-02-23,4.2,10.8,2.4,27.1,21.78,17.8,68.25,48.0,2.333333,,5.24795235193
1997-02-24,6.2,8.3,0.0,28.8,23.16,17.8,65.5,50.0,3.0,,5.0579415076
1997-02-25,5.8,6.5,0.0,26.9,22.14,19.2,76.5,60.0,3.666667,,4.27357821919
1997-02-26,4.9,2.9,0.0,25.5,21.82,19.4,70.5,57.0,3.333333,,3.65033525481
1997-02-27,7.0,1.9,0.0,24.9,21.18,18.2,77.0,69.0,3.0,,3.05163724629
1997-02-28,2.6,2.6,7.6,25.3,20.26,18.2,90.75,76.0,4.0,,2.66261517047
1997-03-01,2.0,1.6,32.2,23.9,20.54,17.8,88.5,74.0,4.0,,2.49673863517
1997-03-02,3.4,2.7,0.0,26.1,21.02,18.8,92.75,91.0,3.333333,,2.66061714805
1997-03-03,1.3,,42.8,25.0,20.24,18.2,92.25,84.0,0.666667,,3.10468093958
1997-03-04,1.2,0.0,31.2,21.6,19.14,17.3,93.5,87.0,1.333333,,1.94143679476
1997-03-05,1.1,2.5,0.7,24.7,20.34,17.8,86.5,69.0,3.0,,2.77195011356
1997-03-06,2.9,,0.5,24.5,20.28,17.5,82.75,66.0,3.333333,,3.25783815223
1997-03-07,3.4,3.0,0.0,23.3,19.94,17.2,80.5,72.0,3.666667,,3.05374063334
1997-03-08,3.1,9.1,0.0,26.4,20.16,16.0,78.0,60.0,4.0,,4.49145945293
1997-03-09,4.3,6.1,2.5,24.8,19.68,17.0,85.75,66.0,4.0,,3.49038085457
1997-03-10,3.4,6.5,5.6,23.5,19.54,16.2,81.25,72.0,4.0,,3.64369670525
1997-03-11,3.9,3.9,0.8,24.1,19.3,16.4,84.75,69.0,4.333333,,3.04449509963
1997-03-12,3.2,9.1,0.0,26.1,19.94,17.2,80.75,56.0,3.666667,,4.37661627985
1997-03-13,5.8,9.5,0.0,25.1,20.58,16.8,78.25,57.0,4.666667,,4.47654612867
1997-03-14,4.8,9.0,0.0,25.9,20.86,17.0,78.5,60.0,2.333333,,4.3489704933
1997-03-15,5.0,8.0,0.0,26.3,21.02,18.0,78.0,58.0,2.666667,,4.2387977666
1997-03-16,4.9,4.8,0.0,26.5,20.86,17.8,86.25,59.0,3.0,,3.29189528233
1997-03-17,4.8,1.2,13.1,24.1,20.74,18.6,92.25,91.0,1.666667,,2.2597552888
1997-03-18,0.8,0.0,35.0,23.3,20.02,18.2,93.0,91.0,0.666667,,1.96389537187
1997-03-19,0.5,4.3,34.4,25.9,20.92,17.7,85.0,68.0,3.333333,,3.18512161369
1997-03-20,2.9,2.0,0.0,24.9,20.88,17.8,83.0,69.0,3.0,,2.73254413965
1997-03-21,2.8,3.6,0.6,25.2,20.72,18.8,92.0,89.0,2.0,,2.81273092021
1997-03-22,1.4,0.0,70.6,22.7,19.52,17.2,89.25,81.0,1.0,,1.954289895
1997-03-23,1.2,1.6,0.0,24.9,20.42,17.4,88.25,77.0,2.0,,2.40248333873
1997-03-24,1.2,6.4,5.0,26.5,21.74,18.0,84.0,64.0,3.0,,3.65245972056
1997-03-25,2.5,0.0,62.9,22.7,20.38,19.2,93.25,91.0,2.666667,,1.87927654839
1997-03-26,1.2,3.6,0.8,24.7,20.5,18.6,92.0,84.0,3.0,,2.69783264835
1997-03-27,0.6,0.7,109.4,22.7,19.82,18.6,91.75,82.0,4.0,,2.0326909923
1997-03-28,1.0,5.3,13.6,25.1,20.58,17.8,85.5,65.0,3.333333,,3.25456251788
1997-03-29,4.8,6.9,2.6,25.0,20.28,17.6,82.25,60.0,3.0,,3.65659919805
1997-03-30,5.4,8.9,0.0,25.6,21.0,18.6,84.5,65.0,2.666667,,4.05884556183
1997-03-31,4.8,3.8,0.2,23.5,20.0,17.6,87.0,77.0,2.666667,,2.79329996985
1997-04-01,3.4,8.0,0.0,24.9,20.04,17.5,78.75,58.0,2.666667,,3.92168549966
1997-04-02,4.0,9.6,0.0,26.2,20.82,16.6,79.75,61.0,2.333333,,4.2237108532
1997-04-03,3.4,5.7,16.4,24.8,20.04,16.3,83.25,64.0,2.333333,,3.25435796308
1997-04-04,2.7,8.3,0.0,26.3,20.38,16.8,79.5,60.0,1.666667,,3.92127465786
1997-04-05,3.0,7.0,0.0,26.6,20.14,17.0,81.0,60.0,1.666667,,3.63878224616
1997-04-06,3.1,6.3,0.0,25.7,20.74,17.0,83.75,64.0,4.0,,3.44067763853
1997-04-07,3.5,5.3,12.1,23.5,19.94,16.4,93.25,85.0,3.666667,,2.69973418122
1997-04-08,2.1,2.3,7.4,23.3,19.66,17.4,94.5,93.0,3.666667,,2.12130023347
1997-04-09,2.1,8.7,2.8,25.3,19.98,16.8,78.75,64.0,3.0,,3.96395673883
1997-04-10,2.0,1.6,0.0,24.1,20.34,17.2,83.75,71.0,4.0,,2.50454153509
1997-04-11,2.2,7.8,0.0,25.1,20.22,17.8,76.75,58.0,3.333333,,3.90487073573
1997-04-12,4.6,7.2,2.4,25.7,20.42,16.0,84.5,66.0,2.333333,,3.44390822377
1997-04-13,3.0,7.2,0.0,26.4,21.32,17.8,82.75,66.0,4.0,,3.65082025803
1997-04-14,6.2,3.5,0.0,24.7,20.64,18.4,83.5,67.0,2.666667,,2.8018191404
1997-04-15,2.6,2.6,11.0,22.6,19.36,17.2,86.0,71.0,3.333333,,2.44815914579
1997-04-16,2.3,5.6,0.5,24.3,19.9,17.2,80.0,65.0,4.666667,,3.35460217574
1997-04-17,3.2,1.0,1.1,22.6,19.2,16.6,89.0,70.0,3.0,,2.01892797288
1997-04-18,2.5,5.2,0.0,23.4,19.76,16.4,85.25,73.0,3.0,,2.89175389665
1997-04-19,2.0,9.2,0.0,25.4,20.28,17.2,75.75,56.0,3.0,,4.03689672971
1997-04-20,4.0,7.5,0.0,26.1,20.48,17.4,78.5,55.0,2.666667,,3.66292164951
1997-04-21,3.5,9.6,0.0,26.3,21.46,18.2,77.5,58.0,2.333333,,4.07945096074
1997-04-22,3.2,6.3,0.2,25.3,20.86,18.8,85.75,67.0,3.666667,,3.22325099081
1997-04-23,2.5,4.9,1.7,25.5,20.7,18.0,83.25,65.0,3.333333,,3.0376290807
1997-04-24,2.6,3.7,0.4,26.0,20.96,18.2,87.0,65.0,4.333333,,2.71932984246
1997-04-25,2.2,1.7,8.7,24.5,20.78,18.2,89.5,75.0,2.666667,,2.15878811636
1997-04-26,2.0,4.4,0.0,25.6,21.92,18.8,82.75,68.0,3.333333,,2.97415692315
1997-04-27,1.2,0.0,62.2,21.7,20.18,18.6,95.0,91.0,3.333333,,1.56958339843
1997-04-28,0.2,2.3,16.2,24.1,20.12,18.0,88.75,73.0,3.333333,,2.26173118444
1997-04-29,2.2,5.2,0.0,26.1,21.4,18.9,88.25,70.0,1.0,,2.88423232587
1997-04-30,2.2,5.9,0.0,26.1,21.54,19.3,86.25,69.0,3.666667,,3.10547023398
1997-05-01,2.7,4.6,0.6,24.7,20.08,18.0,92.5,82.0,3.0,,2.51349884469
1997-05-02,1.9,1.3,2.8,23.6,19.82,17.7,91.75,92.0,3.666667,,1.91588407527
1997-05-03,1.5,1.0,1.2,21.9,18.54,17.2,95.5,90.0,4.0,,1.62410565503
1997-05-04,1.2,4.7,2.7,22.7,19.16,16.7,86.0,71.0,4.0,,2.62149077289
1997-05-05,2.5,2.8,0.0,22.3,18.7,16.8,92.25,83.0,4.666667,,2.01986646035
1997-05-06,2.6,0.3,4.1,21.1,18.3,16.8,89.0,84.0,5.0,,1.80016190038
1997-05-07,2.2,1.5,0.0,22.1,18.22,16.2,89.0,76.0,4.333333,,1.96339512922
1997-05-08,1.8,0.0,2.2,21.0,17.72,15.8,95.75,94.0,3.333333,,1.411512033
1997-05-09,1.2,0.0,1.7,20.7,17.94,15.6,89.75,83.0,4.666667,,1.6594361192
1997-05-10,1.4,0.0,0.4,21.1,18.5,16.4,93.25,92.0,3.666667,,1.51142138874
1997-05-11,2.4,2.4,2.3,22.5,18.54,15.4,90.0,76.0,3.333333,,2.0061405363
1997-05-12,1.2,5.5,0.0,23.4,18.72,15.8,85.75,73.0,2.0,,2.63439456687
1997-05-13,2.6,8.6,0.0,25.3,19.38,15.0,81.75,58.0,1.666667,,3.25458144975
1997-05-14,3.2,9.2,0.0,26.5,20.66,15.6,78.5,55.0,1.333333,,3.45137078534
1997-05-15,3.6,1.9,0.0,22.4,18.68,16.9,86.75,81.0,4.0,,2.09989831473
1997-05-16,2.6,2.3,1.5,19.8,16.8,15.0,94.25,90.0,3.666667,,1.69083562939
1997-05-17,1.4,3.1,0.6,20.8,17.68,15.4,89.25,77.0,4.0,,2.03696373045
1997-05-18,2.3,1.6,1.1,20.8,18.08,16.3,94.0,85.0,4.333333,,1.63610870274
1997-05-19,1.0,4.3,5.6,22.4,18.76,16.2,92.5,81.0,4.333333,,2.11435781781
1997-05-20,1.4,3.3,3.2,22.3,19.42,17.0,95.0,92.0,4.666667,,1.85533240803
1997-05-21,1.6,5.0,9.6,23.1,19.34,17.0,90.25,73.0,4.333333,,2.35968645227
1997-05-22,2.0,3.7,3.0,22.3,18.22,16.6,88.25,78.0,4.0,,2.22347319818
1997-05-23,2.2,2.4,3.2,21.5,18.14,16.4,94.25,92.0,4.666667,,1.71665812165
1997-05-24,2.0,4.9,1.1,21.7,17.9,15.4,86.5,69.0,4.333333,,2.38653771764
1997-05-25,2.5,5.2,0.3,22.5,18.02,16.4,86.25,69.0,3.666667,,2.48823013632
1997-05-26,2.8,8.8,0.0,23.2,18.24,14.8,87.5,69.0,2.333333,,2.91410635828
1997-05-27,3.3,4.3,0.0,21.6,18.08,15.8,86.75,77.0,4.0,,2.28566811542
1997-05-28,2.9,5.4,0.0,22.0,18.18,15.6,88.5,79.0,3.333333,,2.35641873558
1997-05-29,2.1,7.4,0.0,23.7,18.74,16.6,85.5,64.0,2.0,,2.82359444834
1997-05-30,3.0,8.3,0.0,24.8,18.2,13.4,83.0,49.0,2.0,,2.94086470074
1997-05-31,3.9,9.1,0.0,23.9,18.18,14.0,75.25,56.0,2.333333,,3.21308191786
1997-06-01,3.6,8.2,0.0,22.7,18.28,15.6,78.0,57.0,3.666667,,3.13469697847
1997-06-02,3.0,7.8,1.0,22.0,17.58,14.8,88.0,74.0,1.333333,,2.66799756352
1997-06-03,2.4,3.0,0.2,21.0,17.32,15.2,91.0,79.0,4.0,,1.86585296539
1997-06-04,1.5,0.4,0.1,20.7,17.68,15.7,92.0,83.0,3.0,,1.49934997427
1997-06-05,1.5,5.6,1.7,24.0,19.14,17.0,89.0,70.0,2.0,,2.45872558601
1997-06-06,1.9,8.8,0.2,28.7,20.26,14.2,79.0,47.0,0.666667,,3.13965920029
1997-06-07,3.5,10.4,0.0,28.5,21.86,16.6,69.25,53.0,2.333333,,3.89425023429
1997-06-08,3.9,7.2,0.0,27.5,22.22,17.4,72.75,56.0,3.333333,,3.49980563905
1997-06-09,5.7,5.1,0.0,27.5,20.82,18.2,84.75,69.0,2.0,,2.64847685017
1997-06-10,3.0,3.5,25.4,22.6,19.08,17.6,92.75,85.0,4.0,,1.95088936307
1997-06-11,2.2,0.0,0.0,20.0,17.52,15.6,94.5,89.0,3.333333,,1.32063844116
1997-06-12,1.6,0.3,2.5,20.1,17.76,16.0,91.75,85.0,2.0,,1.46534942387
1997-06-13,2.0,8.4,2.1,22.5,18.18,16.2,84.0,65.0,3.0,,2.87041441691
1997-06-14,4.5,9.0,0.0,22.1,17.9,15.4,83.75,68.0,3.0,,2.89740478527
1997-06-15,2.8,7.5,0.0,23.5,18.18,16.0,83.5,63.0,1.666667,,2.74547481915
1997-06-16,2.7,7.7,0.0,24.6,19.06,16.4,83.75,63.0,1.666667,,2.83554775533
1997-06-17,2.4,7.6,0.0,24.7,18.96,15.7,82.5,55.0,2.333333,,2.86379426885
1997-06-18,3.6,6.7,0.2,23.0,18.42,15.0,86.5,66.0,3.333333,,2.54380505839
1997-06-19,3.1,6.5,5.2,22.5,18.6,15.9,86.5,68.0,5.0,,2.5482065291
1997-06-20,3.4,2.4,0.0,21.0,17.38,14.3,91.5,84.0,3.666667,,1.71882108918
1997-06-21,1.2,4.3,0.1,22.3,18.52,16.5,90.25,75.0,3.666667,,2.11011591269
1997-06-22,1.5,9.0,2.3,22.6,17.48,14.4,82.0,62.0,2.666667,,2.91320187888
1997-06-23,4.7,9.0,0.0,22.3,17.54,15.1,79.75,57.0,2.666667,,2.98540938515
1997-06-24,3.7,6.7,0.0,22.1,16.82,13.9,81.0,59.0,2.0,,2.56174093733
1997-06-25,2.9,8.5,0.0,23.9,17.2,13.0,82.5,59.0,2.0,,2.82662267684
1997-06-26,3.2,9.0,0.0,22.4,16.68,12.7,76.75,59.0,2.0,,2.91287846484
1997-06-27,4.2,9.2,0.0,23.9,17.98,11.9,82.0,61.0,2.666667,,2.92310847966
1997-06-28,3.0,9.4,0.0,23.6,18.32,15.5,71.75,50.0,2.0,,3.23416136078
1997-06-29,4.6,7.4,0.0,22.6,17.32,13.2,83.5,64.0,2.666667,,2.63411075847
1997-06-30,3.4,8.5,0.0,24.0,18.94,15.1,81.5,62.0,2.0,,2.93761900722
1997-07-01,3.1,6.5,0.0,22.9,18.78,16.2,83.0,64.0,3.0,,2.67567155862
1997-07-02,3.4,3.5,0.0,21.3,18.06,16.2,86.75,75.0,4.333333,,2.13787925762
1997-07-03,2.4,10.4,0.4,23.1,18.26,13.8,78.5,52.0,2.0,,3.15995684316
1997-07-04,4.9,8.0,0.0,23.9,18.26,14.8,73.0,53.0,2.666667,,3.14964261114
1997-07-05,3.8,7.3,0.0,22.1,17.62,14.6,79.5,64.0,3.0,,2.80331898691
1997-07-06,5.2,5.1,2.7,22.5,18.14,14.4,91.0,74.0,4.666667,,2.12658899182
1997-07-07,3.0,7.2,0.7,23.3,18.02,15.2,86.75,62.0,3.333333,,2.65149710854
1997-07-08,3.2,2.4,2.3,20.4,17.18,15.6,95.25,92.0,4.333333,,1.57424727241
1997-07-09,0.8,3.7,7.9,20.5,16.98,14.8,91.75,84.0,3.666667,,1.89031922577
1997-07-10,1.6,2.0,6.1,19.7,16.46,14.4,89.75,82.0,3.666667,,1.73274361076
1997-07-11,1.8,2.5,0.0,21.0,17.72,14.9,83.25,70.0,3.0,,2.07002981046
1997-07-12,2.0,3.2,0.4,21.7,18.02,15.8,85.0,70.0,2.666667,,2.13434604052
1997-07-13,2.7,8.7,0.0,22.3,17.9,14.4,75.0,55.0,3.0,,3.15964041638
1997-07-14,3.4,7.2,0.0,22.7,16.82,13.2,81.25,60.0,2.333333,,2.72136381322
1997-07-15,3.6,8.7,0.0,22.9,17.58,14.2,76.25,53.0,2.333333,,3.09270622422
1997-07-16,4.2,7.3,0.0,21.5,17.38,14.4,78.0,55.0,4.666667,,2.99984883007
1997-07-17,5.3,0.2,0.0,19.5,16.78,14.2,83.25,75.0,4.666667,,1.86667009924
1997-07-18,2.6,3.3,2.9,20.6,17.08,14.2,88.75,83.0,4.666667,,1.9900807423
1997-07-19,3.6,7.2,1.4,23.3,17.66,14.4,82.25,64.0,5.0,,2.92666375875
1997-07-20,5.0,0.5,3.4,19.7,16.62,14.8,92.75,90.0,4.333333,,1.46435986678
1997-07-21,2.6,8.7,0.4,22.2,16.6,12.4,75.25,54.0,3.666667,,3.19067468317
1997-07-22,4.5,8.2,0.0,21.8,17.58,14.0,82.25,70.0,4.0,,2.92800940189
1997-07-23,3.0,6.0,3.0,22.6,17.58,15.5,86.75,67.0,3.333333,,2.56477323527
1997-07-24,3.3,8.9,0.2,21.9,17.14,14.0,76.5,49.0,4.333333,,3.29284900635
1997-07-25,5.1,5.3,0.4,21.2,16.42,13.8,84.25,69.0,5.0,,2.5006684014
1997-07-26,2.9,4.8,7.8,20.8,16.2,13.9,91.5,80.0,4.0,,2.09845618099
1997-07-27,2.2,4.3,1.7,19.8,16.06,14.0,85.75,73.0,4.333333,,2.25236570836
1997-07-28,4.3,8.8,0.0,21.3,16.98,14.0,77.75,63.0,3.0,,3.13966729748
1997-07-29,2.4,2.4,0.0,21.7,17.34,14.8,80.75,66.0,3.0,,2.25459362941
1997-07-30,2.6,7.5,0.0,21.5,16.78,15.0,77.5,59.0,2.0,,2.95999480558
1997-07-31,3.8,8.0,0.0,21.9,16.82,13.0,73.25,59.0,3.0,,3.1990653971
1997-08-01,4.2,8.3,0.0,22.9,16.94,12.6,72.0,51.0,2.666667,,3.28756072568
1997-08-02,4.8,7.9,0.0,23.0,17.04,13.4,72.25,49.0,2.666667,,3.27491566599
1997-08-03,6.3,9.8,0.0,22.9,17.5,13.0,75.0,53.0,4.666667,,3.61476865386
1997-08-04,6.9,9.6,0.0,22.8,17.86,14.4,74.25,55.0,3.0,,3.54094940741
1997-08-05,6.1,9.4,0.0,23.2,17.84,14.4,74.0,56.0,4.333333,,3.69406174526
1997-08-06,8.6,4.2,0.0,21.8,17.92,14.8,83.5,73.0,4.666667,,2.54290990072
1997-08-07,2.7,8.2,0.0,23.0,17.94,15.6,78.25,57.0,4.333333,,3.41239954835
1997-08-08,5.2,8.4,0.0,23.8,17.92,14.8,72.0,49.0,2.666667,,3.52647553663
1997-08-09,4.5,7.3,0.0,23.7,18.02,14.4,77.5,56.0,1.666667,,3.09867969946
1997-08-10,3.8,5.5,0.0,21.5,17.26,15.6,82.25,68.0,5.0,,2.83374926275
1997-08-11,3.7,5.1,0.3,20.9,16.3,13.1,83.75,65.0,4.333333,,2.56986186905
1997-08-12,3.0,8.4,0.0,22.9,16.86,13.8,72.75,52.0,2.666667,,3.45611653292
1997-08-13,3.1,4.6,0.0,22.3,16.22,13.0,74.0,54.0,3.666667,,2.95817726062
1997-08-14,5.8,8.3,0.0,21.0,16.28,13.0,71.25,44.0,2.666667,,3.3550750341
1997-08-15,4.0,1.5,0.6,21.3,16.38,12.8,78.75,66.0,5.0,,2.43352893478
1997-08-16,3.4,8.0,0.0,22.7,17.06,13.4,78.5,50.0,5.666667,,3.4141664311
1997-08-17,4.4,3.2,4.6,21.0,17.0,14.8,84.5,66.0,4.666667,,2.4050816236
1997-08-18,1.8,,4.5,21.4,16.92,14.4,87.5,71.0,4.0,,2.38356546107
1997-08-19,2.8,7.0,1.6,22.0,16.96,14.7,84.5,57.0,4.0,,2.98886614122
1997-08-20,4.1,8.3,3.4,22.2,17.14,14.1,79.5,59.0,4.0,,3.37904399024
1997-08-21,4.3,8.2,0.0,23.2,17.76,14.4,77.75,54.0,2.333333,,3.42033272691
1997-08-22,3.9,8.8,0.0,23.2,16.98,12.6,77.5,52.0,2.333333,,3.4595570649
1997-08-23,4.7,7.6,0.0,24.6,18.02,13.0,68.5,49.0,1.666667,,3.47243989242
1997-08-24,5.9,7.8,0.0,25.0,18.94,15.2,77.5,53.0,2.0,,3.50960243819
1997-08-25,4.6,10.3,0.0,27.9,20.74,15.2,71.0,46.0,1.666667,,4.23495794837
1997-08-26,5.8,7.9,0.0,24.7,18.46,15.4,64.75,43.0,3.666667,,4.18643936048
1997-08-27,5.2,7.3,0.0,23.9,17.7,13.6,64.25,42.0,5.666667,,4.34951936181
1997-08-28,7.9,2.1,0.0,19.9,17.1,15.0,81.25,71.0,4.0,,2.40639860537
1997-08-29,3.8,7.6,1.9,23.4,17.78,15.1,63.5,42.0,4.333333,,4.24529349584
1997-08-30,6.4,8.6,0.0,23.5,17.26,13.8,58.75,41.0,3.666667,,4.3935668204
1997-08-31,5.6,6.4,0.0,23.1,17.46,14.4,54.5,41.0,3.0,,4.04645921312
1997-09-01,5.8,8.4,0.0,22.9,17.82,14.2,69.25,50.0,2.666667,,3.82097943421
1997-09-02,6.1,6.9,0.0,24.1,18.54,15.1,71.0,51.0,2.0,,3.54503425968
1997-09-03,5.2,9.2,0.0,25.6,19.64,16.0,68.5,44.0,2.333333,,4.21194957842
1997-09-04,5.6,6.6,0.0,25.8,20.06,16.8,78.75,55.0,2.333333,,3.53834566383
1997-09-05,4.7,5.7,0.0,24.3,19.26,16.4,81.0,59.0,2.0,,3.20210750519
1997-09-06,3.6,5.4,0.2,24.8,19.28,16.5,83.0,56.0,2.333333,,3.15212306812
1997-09-07,3.2,7.2,0.0,25.8,19.72,16.0,76.25,49.0,2.333333,,3.71936411789
1997-09-08,4.6,9.7,0.0,27.2,21.04,16.1,69.5,49.0,2.333333,,4.47059866536
1997-09-09,4.4,10.4,0.0,29.5,21.98,17.4,71.25,41.0,1.666667,,4.70565544612
1997-09-10,8.3,9.1,0.0,32.3,24.18,16.8,52.5,31.0,1.666667,,4.90521912484
1997-09-11,11.6,9.8,0.0,33.1,25.3,19.2,51.0,23.0,3.0,,5.92881829519
1997-09-12,8.4,4.8,0.0,23.7,19.5,17.6,77.75,61.0,4.0,,3.38807701802
1997-09-13,5.5,8.2,0.0,25.7,19.94,16.4,70.5,60.0,2.333333,,4.1335182749
1997-09-14,7.6,8.7,0.0,26.9,20.34,16.4,63.0,41.0,2.666667,,4.59507055579
1997-09-15,6.1,10.6,0.0,29.9,21.78,14.4,54.25,31.0,2.0,,5.10650115416
1997-09-16,7.1,9.9,0.0,29.9,22.06,17.2,52.0,33.0,3.0,,5.57778646212
1997-09-17,8.7,9.9,0.0,27.6,20.1,15.1,56.5,31.0,2.666667,,5.02691160595
1997-09-18,7.9,8.5,0.0,30.2,21.98,16.2,55.25,30.0,2.0,,4.8173688932
1997-09-19,7.6,10.8,0.0,31.5,22.78,15.0,56.0,35.0,3.333333,,5.84519797605
1997-09-20,8.7,3.0,0.0,25.3,20.28,17.3,67.0,56.0,3.333333,,3.57009832352
1997-09-21,5.7,8.3,0.0,29.3,21.66,16.6,63.0,40.0,2.0,,4.60038216217
1997-09-22,7.4,10.4,0.0,32.5,24.22,16.4,47.5,31.0,2.0,,5.58684570411
1997-09-23,8.8,7.9,0.0,27.5,21.3,17.8,69.5,47.0,4.333333,,4.74827649623
1997-09-24,11.5,9.0,0.0,27.3,21.06,16.2,63.0,47.0,2.666667,,4.78363429886
1997-09-25,12.0,7.8,0.0,28.3,20.38,15.4,53.25,29.0,2.333333,,4.76396972625
1997-09-26,13.1,9.8,0.0,29.1,21.02,15.2,54.0,32.0,2.0,,5.05629758504
1997-09-27,12.6,9.8,0.0,27.7,20.3,16.2,60.0,33.0,4.666667,,5.59357480802
1997-09-28,16.9,2.9,0.0,23.7,19.38,16.8,78.5,62.0,5.0,,3.1811859077
1997-09-29,7.7,9.1,0.0,28.9,21.98,17.2,55.75,31.0,2.666667,,5.23664922451
1997-09-30,7.9,11.0,0.0,31.0,22.48,16.2,47.0,28.0,2.666667,,6.00283655844
1997-10-01,10.0,10.9,0.0,32.2,23.88,15.6,49.25,31.0,1.333333,,5.34266316768
1997-10-02,10.8,9.9,0.0,34.5,25.24,17.4,49.25,35.0,1.0,,5.17711556628
1997-10-03,8.7,10.5,0.0,34.2,25.86,17.9,43.0,26.0,2.0,,6.01585795078
1997-10-04,10.3,7.9,0.0,27.5,21.86,18.4,62.25,43.0,6.333333,,5.64893192698
1997-10-05,9.7,9.4,0.0,27.9,21.42,16.5,66.0,41.0,5.666667,,5.47893634466
1997-10-06,8.5,8.2,0.2,27.5,21.5,17.6,74.75,49.0,4.666667,,4.66599308376
1997-10-07,6.6,8.1,0.0,27.3,20.74,17.6,64.75,41.0,3.0,,4.81077175201
1997-10-08,7.8,7.0,0.0,24.9,19.22,15.8,64.0,41.0,4.333333,,4.63513693763
1997-10-09,8.5,9.2,1.5,25.5,19.22,14.8,68.5,37.0,3.666667,,4.72386472717
1997-10-10,8.2,7.5,0.2,27.3,20.42,15.8,61.25,39.0,4.0,,5.00469456897
1997-10-11,5.6,10.2,0.0,28.5,21.46,17.0,58.0,40.0,2.333333,,5.33708913485
1997-10-12,9.3,10.6,0.0,28.7,23.1,17.2,49.0,41.0,2.333333,,5.64737951363
1997-10-13,9.5,10.6,0.0,29.0,21.92,16.2,54.5,37.0,2.666667,,5.63774338225
1997-10-14,10.1,10.7,0.0,29.7,21.46,14.9,50.5,32.0,3.333333,,6.04779839758
1997-10-15,10.5,7.4,0.0,27.9,22.02,17.7,66.25,47.0,2.333333,,4.56214945048
1997-10-16,7.2,9.7,0.0,32.8,24.44,16.3,62.75,42.0,2.0,,5.39664463092
1997-10-17,8.0,5.6,0.0,32.8,24.5,20.2,84.25,56.0,1.333333,,4.00771374686
1997-10-18,3.7,0.9,59.8,25.0,20.62,18.7,90.5,73.0,2.0,,2.32657051298
1997-10-19,2.1,1.1,17.0,22.7,19.9,18.6,95.25,86.0,3.666667,,2.07317140271
1997-10-20,1.7,7.3,2.0,24.3,19.9,18.0,77.5,55.0,3.0,,4.09382428964
1997-10-21,5.0,9.0,0.0,27.1,21.38,17.4,71.25,49.0,3.0,,4.82666045017
1997-10-22,5.0,10.9,0.0,28.7,22.3,16.0,64.0,44.0,2.333333,,5.37651331097
1997-10-23,6.0,8.1,0.0,29.7,23.06,18.6,67.75,44.0,2.0,,4.80632365276
1997-10-24,7.5,6.1,0.0,30.9,23.34,19.2,75.75,41.0,2.666667,,4.36094177145
1997-10-25,5.2,7.3,33.6,27.7,22.74,18.8,79.5,69.0,2.666667,,4.28793974824
1997-10-26,4.2,9.0,0.0,29.9,23.82,18.8,69.5,44.0,2.0,,5.01429500354
1997-10-27,6.3,5.0,14.0,29.9,22.94,19.1,80.25,64.0,2.333333,,3.85382472377
1997-10-28,2.7,4.8,37.5,27.5,22.54,19.6,89.75,82.0,3.0,,3.39257160005
1997-10-29,3.0,0.0,0.0,22.1,19.84,18.8,92.25,84.0,2.333333,,2.01790987749
1997-10-30,2.0,8.2,0.0,28.7,22.44,18.3,73.25,56.0,3.333333,,4.83221394765
1997-10-31,6.2,,0.0,24.4,19.8,16.6,76.75,67.0,4.333333,,3.72168931366
1997-11-01,5.0,10.2,0.0,27.1,21.02,16.5,64.5,47.0,4.333333,,5.52039324438
1997-11-02,7.3,9.8,0.0,27.3,21.38,17.5,67.5,47.0,3.333333,,5.22870827515
1997-11-03,7.2,9.9,0.0,26.3,20.54,16.0,59.0,42.0,3.333333,,5.37988822892
1997-11-04,7.4,11.7,0.0,30.7,22.18,15.8,54.75,32.0,2.0,,5.84546210978
1997-11-05,13.3,10.8,0.0,27.7,21.5,16.0,61.5,43.0,2.666667,,5.44786283265
1997-11-06,12.6,8.3,0.0,27.5,21.34,17.0,63.0,44.0,4.0,,5.24274808361
1997-11-07,11.6,10.3,0.0,27.7,22.02,18.6,71.25,54.0,1.666667,,5.08277980013
1997-11-08,8.5,8.5,0.0,29.9,23.5,19.6,63.25,43.0,2.666667,,5.28715135546
1997-11-09,8.9,11.5,0.0,31.9,24.94,19.0,55.25,37.0,2.333333,,6.19945853595
1997-11-10,8.6,9.0,0.0,30.6,23.84,18.4,62.0,39.0,2.666667,,5.43960199628
1997-11-11,6.4,3.4,0.0,27.9,22.84,19.2,79.75,72.0,1.333333,,3.29086845076
1997-11-12,3.2,4.5,2.1,27.3,22.1,18.1,81.25,63.0,1.666667,,3.50244196174
1997-11-13,2.0,2.2,12.0,26.9,21.12,18.5,84.25,61.0,2.333333,,2.92617212635
1997-11-14,2.1,4.1,36.3,23.7,20.76,18.3,84.0,74.0,2.666667,,3.22520815422
1997-11-15,4.0,8.0,0.0,25.5,20.66,16.8,73.0,56.0,4.333333,,4.59240990704
1997-11-16,6.3,9.3,0.0,26.9,20.94,17.4,58.5,76.0,3.666667,,5.51881944289
1997-11-17,3.3,6.7,10.2,25.1,20.7,17.4,80.0,39.0,3.333333,,3.97096553735
1997-11-18,1.0,10.5,0.0,26.7,21.22,17.3,69.0,52.0,2.0,,5.0789177594
1997-11-19,9.4,10.5,0.0,28.5,22.26,16.8,67.0,51.0,2.0,,5.23449870438
1997-11-20,4.6,7.9,0.0,27.7,22.1,18.8,77.0,52.0,2.0,,4.47957336395
1997-11-21,5.2,4.2,0.0,25.7,21.02,18.6,78.5,63.0,2.666667,,3.54012099086
1997-11-22,3.9,6.6,0.0,26.3,20.88,17.8,75.0,53.0,3.0,,4.20940403493
1997-11-23,3.8,7.3,0.0,27.1,21.62,18.8,71.75,48.0,3.0,,4.57519112514
1997-11-24,5.2,8.2,0.0,27.9,21.4,16.7,72.75,54.0,2.0,,4.55657680476
1997-11-25,5.0,7.0,0.0,28.6,21.7,17.6,76.5,53.0,1.666667,,4.24773116991
1997-11-26,4.3,8.3,0.0,28.0,22.24,18.4,72.25,58.0,2.333333,,4.72596991199
1997-11-27,5.0,8.2,0.0,28.4,22.0,17.9,74.75,53.0,2.0,,4.60404034492
1997-11-28,5.1,9.1,0.0,29.5,23.14,18.6,68.25,49.0,2.0,,5.06184398131
1997-11-29,5.5,8.1,0.0,31.6,24.62,19.1,60.25,42.0,2.666667,,5.41822077408
1997-11-30,4.5,4.0,10.4,26.2,21.48,19.0,86.75,63.0,1.666667,,3.258424497
1997-12-01,1.9,3.2,8.5,25.1,21.38,18.4,87.5,78.0,2.333333,,2.98642167472
1997-12-02,2.2,6.3,0.0,29.2,22.96,19.2,78.25,53.0,3.0,,4.28503809873
1997-12-03,3.8,1.8,0.0,29.3,22.7,19.6,90.5,85.0,2.666667,,2.75714656037
1997-12-04,2.2,6.1,12.4,28.7,23.18,20.2,82.75,57.0,3.0,,4.08311969424
1997-12-05,3.4,5.8,0.0,29.9,23.78,20.8,79.0,63.0,3.666667,,4.32085121644
1997-12-06,4.0,10.0,1.8,29.1,23.42,18.8,80.5,57.0,2.0,,5.00720763564
1997-12-07,6.4,9.5,0.0,27.2,21.88,17.6,69.25,47.0,3.666667,,5.16641215124
1997-12-08,8.8,10.6,0.0,28.4,22.08,17.2,65.0,46.0,2.666667,,5.45122055746
1997-12-09,8.4,11.2,0.0,31.6,23.68,16.5,58.5,35.0,2.0,,5.80486646963
1997-12-10,7.9,9.1,0.0,31.2,24.34,18.8,65.5,48.0,2.333333,,5.3496756437
1997-12-11,6.9,2.8,0.0,24.8,20.7,16.7,78.25,72.0,2.666667,,3.14127010451
1997-12-12,3.8,5.4,0.9,27.3,21.78,18.2,78.0,55.0,2.666667,,3.89653586435
1997-12-13,5.3,8.8,0.0,28.3,22.5,18.5,70.75,52.0,3.333333,,5.05980794272
1997-12-14,6.1,1.7,0.0,26.5,21.98,19.2,73.75,60.0,4.0,,3.4652042488
1997-12-15,5.3,8.5,0.0,28.9,22.38,16.4,66.5,49.0,2.666667,,4.96763531835
1997-12-16,5.3,8.5,0.0,28.9,22.38,16.4,66.5,49.0,2.666667,,4.96791887263
1997-12-17,6.8,0.3,0.0,28.3,22.18,18.0,70.25,51.0,2.666667,,3.09383752265
1997-12-18,7.2,7.1,5.4,28.5,22.26,17.8,80.5,44.0,4.666667,,4.34983139537
1997-12-19,8.7,7.4,0.0,28.7,22.06,17.8,82.5,64.0,4.0,,4.30434589993
1997-12-20,5.8,7.5,1.0,27.3,21.98,18.8,84.25,63.0,5.0,,4.18609391562
1997-12-21,6.0,9.6,0.4,28.7,21.78,18.2,81.5,52.0,5.333333,,4.855198354
1997-12-22,8.0,8.2,0.5,29.0,22.64,18.4,71.0,50.0,3.666667,,5.02912970644
1997-12-23,8.9,9.1,0.0,26.7,21.86,18.0,74.0,65.0,4.0,,4.90426521907
1997-12-24,6.5,8.5,0.0,29.8,22.66,18.4,67.75,48.0,2.333333,,5.02769433047
1997-12-25,6.0,11.9,0.0,30.1,22.68,17.0,71.75,50.0,2.0,,5.61913217513
1997-12-26,5.6,10.4,0.0,30.4,23.4,17.2,63.0,48.0,2.333333,,5.56645297851
1997-12-27,7.2,10.0,0.0,30.1,23.92,19.5,65.25,44.0,2.0,,5.42880720505
1997-12-28,6.7,8.5,0.0,29.9,23.4,19.1,65.75,48.0,2.333333,,5.12224709944
1997-12-29,7.3,3.7,0.0,28.3,22.98,19.4,67.5,51.0,4.0,,4.31485299054
1997-12-30,6.0,8.1,1.4,28.3,22.18,18.4,77.25,60.0,4.333333,,4.73150884905
1997-12-31,5.6,10.3,0.0,28.9,22.9,18.0,59.25,43.0,2.0,,5.43902267228
1998-01-01,7.2,7.9,0.0,29.1,23.06,18.8,65.25,47.0,2.333333,,4.92777150805
1998-01-02,9.3,7.1,0.0,28.3,22.58,18.0,65.5,54.0,2.0,,4.56474376389
1998-01-03,7.6,6.9,0.0,30.7,23.58,19.0,66.0,46.0,2.0,,4.71379900496
1998-01-04,8.0,,0.0,29.7,23.02,18.0,67.25,45.0,2.0,,4.72052994569
1998-01-05,8.5,8.4,0.0,30.6,23.64,19.6,70.0,51.0,2.333333,,5.07385665537
1998-01-06,7.7,11.2,0.0,30.1,24.42,21.0,64.75,50.0,2.333333,,5.89399870259
1998-01-07,6.2,7.5,0.0,31.6,24.42,19.3,65.0,39.0,2.0,,4.95869716034
1998-01-08,6.7,4.7,0.0,30.6,23.38,19.4,76.0,51.0,1.333333,,3.83237846494
1998-01-09,4.4,3.6,16.0,26.7,22.94,20.5,72.0,62.0,3.0,,3.83153217046
1998-01-10,3.5,9.1,0.0,29.6,22.16,19.0,76.25,49.0,2.666667,,5.00827062664
1998-01-11,5.7,6.0,4.0,27.5,22.28,18.6,74.75,58.0,2.0,,4.08614824287
1998-01-12,5.5,8.3,0.0,28.9,23.0,18.4,69.0,54.0,4.333333,,5.25363675797
1998-01-13,8.0,,0.0,28.9,22.6,16.9,71.0,54.0,2.333333,,4.63603603757
1998-01-14,6.5,7.9,0.0,30.6,23.88,19.5,66.5,43.0,3.333333,,5.29742349128
1998-01-15,6.7,6.5,0.3,29.2,23.58,19.4,73.5,60.0,2.333333,,4.42843444324
1998-01-16,6.3,6.2,0.0,30.1,24.2,20.5,73.5,49.0,3.0,,4.57865684503
1998-01-17,5.6,1.5,0.0,27.1,23.1,20.8,77.75,54.0,2.666667,,3.11691361136
1998-01-18,3.2,3.8,0.0,27.7,22.92,19.2,78.5,59.0,2.333333,,3.5555697938
1998-01-19,3.2,0.2,41.2,24.4,20.64,18.0,91.5,86.0,2.333333,,2.15997270734
1998-01-20,2.2,1.7,1.0,26.4,21.2,19.3,83.5,56.0,4.0,,2.97396689882
1998-01-21,4.0,0.0,0.0,22.6,20.34,18.0,83.5,75.0,3.0,,2.36524189463
1998-01-22,2.1,3.5,0.0,26.9,21.28,18.2,82.5,63.0,3.666667,,3.3730596054
1998-01-23,4.4,2.4,1.2,25.9,21.4,18.0,78.5,63.0,2.666667,,3.15260011726
1998-01-24,4.4,2.6,0.0,27.0,22.64,19.5,78.25,60.0,2.666667,,3.3058043684
1998-01-25,4.3,5.8,0.0,28.1,22.42,19.9,77.5,58.0,2.666667,,4.1437343199
1998-01-26,5.0,6.1,0.0,27.4,22.58,19.3,73.75,57.0,3.666667,,4.40272732621
1998-01-27,5.3,8.0,4.2,28.2,22.88,19.0,70.5,49.0,2.666667,,4.83238786773
1998-01-28,6.7,6.9,0.0,28.4,22.4,18.0,70.25,44.0,3.333333,,4.68212615593
1998-01-29,5.0,6.9,1.6,28.7,22.6,19.0,74.75,53.0,3.0,,4.52947555895
1998-01-30,5.5,10.2,0.0,28.8,23.04,19.0,67.5,49.0,2.666667,,5.46006688966
1998-01-31,7.0,9.2,0.0,29.6,23.28,18.6,72.5,45.0,4.2,,5.33156381695
1998-02-01,7.6,9.8,2.5,29.1,22.76,18.3,66.25,47.0,3.0,,5.46296670429
1998-02-02,7.5,5.4,0.0,28.7,22.54,18.2,67.0,48.0,3.666667,,4.60042164472
1998-02-03,9.3,9.1,0.0,31.0,23.96,19.2,56.5,38.0,3.666667,,6.09122095459
1998-02-04,15.6,9.5,0.0,30.5,23.74,19.4,69.5,44.0,4.0,,5.64093881525
1998-02-05,10.5,8.5,0.0,30.1,23.98,20.0,68.0,44.0,3.0,,5.28637088664
1998-02-06,11.0,11.1,0.0,32.3,25.1,19.0,44.75,31.0,2.0,,6.21290783149
1998-02-07,13.3,10.2,0.0,31.6,23.96,19.2,56.0,37.0,2.666667,,6.03876489011
1998-02-08,10.0,8.5,0.2,31.5,24.94,20.4,61.75,44.0,2.333333,,5.42419254043
1998-02-09,8.3,9.0,0.0,30.9,24.78,20.4,69.5,45.0,2.666667,,5.367424683
1998-02-10,9.4,10.5,0.0,32.1,24.9,19.2,58.0,38.0,2.0,,5.84704474268
1998-02-11,10.2,9.6,0.0,32.1,25.58,20.0,61.25,42.0,1.666667,,5.49142574181
1998-02-12,10.1,6.7,0.0,30.5,24.54,20.4,69.0,52.0,3.0,,4.87540958612
1998-02-13,10.2,4.6,0.6,26.7,21.66,19.2,80.5,62.0,3.333333,,3.69007424016
1998-02-14,7.9,7.4,0.0,29.8,22.68,19.2,72.0,38.0,4.333333,,5.0225865527
1998-02-15,12.0,2.8,0.3,26.7,22.3,19.0,76.0,64.0,2.0,,3.26925421742
1998-02-16,6.5,5.3,1.7,27.9,22.66,18.0,67.75,53.0,3.0,,4.30981314004
1998-02-17,8.6,1.5,0.0,25.5,21.74,19.4,90.0,70.0,3.333333,,2.54569043791
1998-02-18,3.0,3.1,22.1,24.9,21.14,18.2,87.5,70.0,2.333333,,2.93468179892
1998-02-19,6.0,3.8,0.2,25.7,21.54,18.8,79.25,64.0,3.333333,,3.48374808529
1998-02-20,7.3,1.1,0.0,25.5,21.58,19.2,86.0,74.0,4.333333,,2.66200896605
1998-02-21,8.0,7.6,0.0,27.5,22.3,19.0,72.25,51.0,3.666667,,4.7378802027
1998-02-22,10.0,8.6,0.0,28.5,22.62,18.8,68.5,50.0,2.666667,,4.99051201301
1998-02-23,8.9,8.2,0.0,29.3,22.98,18.8,65.0,45.0,2.333333,,4.97903863601
1998-02-24,9.6,10.7,0.0,29.7,23.34,19.2,64.0,40.0,2.666667,,5.69612676485
1998-02-25,9.2,8.1,0.0,30.1,23.14,17.6,62.5,39.0,2.333333,,5.02023978394
1998-02-26,8.5,10.8,0.0,30.5,23.66,18.2,59.5,38.0,2.0,,5.63485911208
1998-02-27,8.8,10.3,0.0,30.7,24.26,19.4,60.75,40.0,2.333333,,5.67668565539
1998-02-28,10.4,8.7,0.0,30.5,23.78,19.4,60.75,38.0,2.666667,,5.40314484711
1998-03-01,11.5,3.2,0.0,27.9,22.74,18.6,73.75,60.0,2.666667,,3.54787779387
1998-03-02,6.8,2.8,0.0,28.7,23.28,20.4,82.75,60.0,4.0,,3.33878084441
1998-03-03,5.4,7.8,1.4,28.9,23.24,19.9,72.75,49.0,3.333333,,4.82133275295
1998-03-04,8.1,9.2,0.5,29.5,23.44,18.5,62.25,41.0,3.0,,5.40655354309
1998-03-05,9.0,9.7,0.0,30.2,23.26,18.4,61.25,37.0,4.0,,5.87137467847
1998-03-06,8.6,10.1,0.0,30.2,23.38,18.4,56.25,41.0,3.666667,,6.06078411279
1998-03-07,9.3,5.0,0.0,27.7,23.02,18.1,66.25,50.0,4.333333,,4.52623146835
1998-03-08,8.2,5.4,0.0,29.0,22.9,18.0,66.0,60.0,4.666667,,4.78798355356
1998-03-09,8.6,5.8,0.7,27.7,22.3,19.0,77.0,56.0,3.666667,,4.0865427124
1998-03-10,7.5,9.7,0.6,30.1,23.1,18.6,67.75,39.0,3.333333,,5.40943516977
1998-03-11,12.8,9.4,0.0,30.5,23.82,19.2,62.0,40.0,2.0,,5.21952271122
1998-03-12,11.1,11.1,0.0,31.7,24.54,18.8,55.5,34.0,2.0,,5.7847169432
1998-03-13,11.0,9.8,0.0,30.7,24.7,20.4,61.25,50.0,3.666667,,5.89467379931
1998-03-14,9.3,10.7,0.0,30.7,24.58,20.0,56.0,38.0,2.333333,,5.7698587533
1998-03-15,10.0,7.6,0.0,31.3,24.62,18.4,58.0,37.0,2.0,,4.89087056147
1998-03-16,9.8,6.2,0.0,28.8,23.42,20.0,68.0,55.0,4.333333,,4.78813430193
1998-03-17,7.3,8.8,0.0,30.6,23.5,18.2,67.5,44.0,5.333333,,5.58310178076
1998-03-18,9.4,4.6,1.2,26.1,21.62,19.4,87.5,68.0,4.666667,,3.22324149816
1998-03-19,3.5,6.8,6.5,27.1,22.16,19.4,80.5,58.0,2.333333,,3.9663189831
1998-03-20,4.8,9.9,1.1,29.5,23.28,19.9,69.75,49.0,2.0,,5.04554383905
1998-03-21,7.4,8.1,0.0,29.8,23.6,19.4,67.0,47.0,3.333333,,5.01077052213
1998-03-22,7.4,9.3,0.0,30.1,23.98,19.9,66.0,45.0,2.333333,,5.09125893221
1998-03-23,7.1,9.5,0.0,30.5,24.06,20.2,67.25,45.0,2.333333,,5.13996194741
1998-03-24,6.8,9.7,0.0,31.9,24.74,20.2,62.5,40.0,2.0,,5.28843953993
1998-03-25,7.4,9.4,0.0,32.3,25.42,20.4,63.75,38.0,2.0,,5.22529138341
1998-03-26,0.9,9.4,0.0,33.1,25.62,19.6,61.25,40.0,3.0,,5.65020237002
1998-03-27,9.0,8.0,0.0,29.9,24.02,21.2,67.75,49.0,5.333333,,5.41308494182
1998-03-28,11.1,8.2,0.0,28.9,22.42,17.8,58.75,42.0,6.0,,5.86465255861
1998-03-29,13.6,8.0,0.0,26.7,22.1,17.8,82.25,66.0,5.333333,,4.04123628748
1998-03-30,6.2,9.9,0.0,29.5,23.22,18.3,61.0,37.0,3.666667,,5.49964755204
1998-03-31,10.1,7.7,0.0,29.8,23.76,19.6,66.0,46.0,3.0,,4.78017069802
1998-04-01,7.4,7.1,1.0,29.9,23.52,19.5,70.5,48.0,2.333333,,4.34382508226
1998-04-02,6.7,9.8,0.0,32.4,25.26,19.7,56.75,37.0,1.666667,,5.15334801077
1998-04-03,9.3,9.4,0.0,30.1,23.36,17.6,66.5,38.0,5.0,,5.42241910961
1998-04-04,9.7,0.0,0.0,23.1,19.54,17.4,90.75,74.0,5.0,,1.89882687248
1998-04-05,3.4,5.3,1.4,25.7,21.46,16.8,77.75,63.0,4.333333,,3.5725042256
1998-04-06,6.0,3.5,0.0,26.3,21.46,17.6,80.0,67.0,5.0,,3.25785008863
1998-04-07,4.2,7.6,0.6,28.1,21.62,18.4,78.75,54.0,3.666667,,4.1027170686
1998-04-08,9.1,10.1,0.0,30.2,23.36,18.6,58.75,40.0,3.0,,5.36632123508
1998-04-09,12.4,6.3,0.0,29.8,23.48,20.0,71.0,52.0,2.666667,,4.15103881247
1998-04-10,7.5,9.4,0.0,30.5,23.82,19.6,59.0,40.0,2.666667,,5.15099383819
1998-04-11,9.6,9.9,0.0,29.7,23.62,19.8,62.0,41.0,2.333333,,4.98526298212
1998-04-12,8.8,9.6,0.0,30.5,23.14,18.4,58.25,32.0,3.666667,,5.47751880054
1998-04-13,10.2,10.2,0.0,30.1,22.92,17.2,55.75,35.0,3.0,,5.32773293504
1998-04-14,7.7,10.0,0.0,30.2,23.2,18.4,59.75,38.0,2.666667,,5.10007192953
1998-04-15,9.8,9.6,0.0,30.3,23.8,19.4,58.0,41.0,2.0,,4.84999859236
1998-04-16,8.7,9.8,0.0,30.9,23.98,19.2,60.75,45.0,1.666667,,4.7352800888
1998-04-17,8.5,7.6,0.0,30.3,23.44,19.1,64.0,47.0,2.0,,4.30310377379
1998-04-18,8.3,7.8,0.0,30.7,23.78,19.0,58.5,35.0,2.0,,4.46456901216
1998-04-19,8.9,8.0,0.0,31.1,23.3,19.4,58.0,37.0,2.333333,,4.68373507307
1998-04-20,8.8,9.1,0.0,29.7,23.42,19.2,63.25,44.0,6.0,,5.60339926576
1998-04-21,10.4,2.8,0.2,24.5,20.66,17.1,89.0,70.0,3.666667,,2.38502750817
1998-04-22,3.3,8.9,1.4,28.3,22.32,18.2,67.0,40.0,5.0,,4.90948817145
1998-04-23,8.6,0.2,2.3,24.5,20.58,18.2,88.25,76.0,3.666667,,1.98792105411
1998-04-24,3.0,9.6,1.8,28.0,22.16,18.2,72.25,52.0,2.666667,,4.33199000829
1998-04-25,6.4,10.3,0.0,31.2,23.62,18.0,61.25,37.0,2.333333,,4.88667613081
1998-04-26,8.3,10.4,0.0,30.9,23.86,18.7,58.75,39.0,2.666667,,5.07397661124
1998-04-27,8.6,7.4,0.0,28.8,22.4,17.9,76.0,54.0,3.0,,3.86880556271
1998-04-28,6.6,8.5,0.0,28.1,22.24,17.8,75.25,55.0,2.333333,,3.92966296184
1998-04-29,5.5,7.8,0.0,30.2,23.38,19.2,66.5,40.0,1.666667,,4.00484346904
1998-04-30,6.1,9.2,0.0,31.2,24.54,19.2,56.0,38.0,1.333333,,4.30220850241
1998-05-01,6.3,2.2,0.0,29.7,24.1,20.4,67.0,51.0,2.0,,3.03781782473
1998-05-02,4.0,3.7,0.7,30.1,23.78,20.6,70.25,47.0,3.0,,3.53435703899
1998-05-03,7.7,4.4,0.0,28.1,22.54,19.4,65.5,42.0,3.0,,3.67385093181
1998-05-04,6.2,9.9,0.0,28.5,22.3,18.2,60.75,39.0,3.666667,,4.8942373459
1998-05-05,9.0,10.3,0.0,29.7,22.54,17.4,59.25,36.0,2.666667,,4.73715603116
1998-05-06,10.9,6.7,0.0,28.5,22.42,19.2,63.25,41.0,3.0,,4.11502889245
1998-05-07,7.7,9.6,0.0,27.5,21.78,18.4,73.0,47.0,5.0,,4.42416573748
1998-05-08,6.9,4.9,0.4,25.1,20.26,17.4,76.75,54.0,4.333333,,3.22712380852
1998-05-09,6.2,6.9,0.0,25.3,20.14,17.0,74.0,60.0,4.666667,,3.67687681138
1998-05-10,4.8,5.6,0.0,24.3,20.02,17.2,70.0,56.0,5.0,,3.69169410439
1998-05-11,8.2,10.3,0.0,27.5,20.4,14.6,66.25,40.0,4.0,,4.45358655764
1998-05-12,8.0,7.2,0.0,27.4,21.22,15.6,74.5,52.0,3.333333,,3.57254417411
1998-05-13,6.0,9.9,1.8,27.6,21.38,18.2,77.25,48.0,4.0,,4.06885896074
1998-05-14,6.8,8.9,0.6,27.0,20.6,17.4,62.0,33.0,3.333333,,4.30751340355
1998-05-15,8.3,9.3,0.0,27.1,20.06,15.7,56.5,34.0,2.433333,,4.15533435602
1998-05-16,8.0,,0.0,25.5,19.7,15.0,66.5,44.0,3.666667,,3.61580947041
1998-05-17,6.8,7.6,0.0,26.2,20.28,16.2,68.75,48.0,4.666667,,3.99435134115
1998-05-18,7.3,6.7,1.5,26.3,20.3,17.8,74.25,53.0,4.333333,,3.61004661091
1998-05-19,9.2,7.2,0.0,26.1,20.34,17.2,67.75,44.0,4.666667,,4.01234670002
1998-05-20,10.0,,0.4,22.4,19.24,17.4,84.0,67.0,3.333333,,2.24668927437
1998-05-21,3.5,3.5,0.2,23.7,19.62,17.6,84.5,66.0,4.333333,,2.48149830635
1998-05-22,2.2,0.7,0.8,21.9,18.86,17.0,86.75,73.0,4.666667,,1.91948414047
1998-05-23,3.6,6.4,1.0,25.1,19.42,16.8,78.0,55.0,4.333333,,3.22470911617
1998-05-24,7.6,9.2,0.0,26.7,20.5,16.2,62.5,42.0,4.0,,4.32442928897
1998-05-25,10.2,8.6,0.0,25.7,19.88,15.3,64.75,47.0,4.333333,,4.09562265834
1998-05-26,8.1,6.7,0.0,25.6,19.72,14.8,73.25,50.0,3.533333,,3.30512584409
1998-05-27,5.8,7.8,0.0,26.7,20.5,18.0,76.5,49.0,2.333333,,3.35000776835
1998-05-28,5.4,9.0,0.0,28.7,21.52,16.8,67.75,37.0,2.666667,,3.91082867634
1998-05-29,7.2,10.3,0.0,27.0,20.78,17.1,61.25,43.0,3.666667,,4.44505365823
1998-05-30,7.7,8.4,0.0,30.0,22.58,17.6,74.0,67.0,2.0,,3.60897084997
1998-05-31,5.0,8.0,0.0,30.5,23.42,17.7,67.75,47.0,1.666667,,3.59787481254
1998-06-01,7.0,6.6,0.0,27.3,20.24,12.5,77.75,51.0,4.666667,,3.23004930881
1998-06-02,4.8,4.3,2.6,23.7,19.7,17.4,86.0,65.0,4.333333,,2.44422287811
1998-06-03,3.3,9.0,2.0,25.3,19.66,16.8,75.0,46.0,5.333333,,3.75178707102
1998-06-04,6.2,9.7,0.0,24.5,19.06,15.0,69.0,48.0,4.666667,,3.90067714882
1998-06-05,6.4,10.0,0.0,24.3,18.9,14.2,70.25,51.0,4.666667,,3.81546621018
1998-06-06,7.0,3.7,0.0,22.1,17.74,14.6,82.25,58.0,5.0,,2.41433365864
1998-06-07,4.5,8.8,0.0,23.4,17.96,14.4,66.5,46.0,4.666667,,3.78876458243
1998-06-08,10.5,5.3,0.0,25.0,18.78,12.3,66.25,45.0,5.333333,,3.60345018973
1998-06-09,9.0,4.1,0.0,24.2,19.48,16.1,77.25,59.0,5.0,,2.88274340687
1998-06-10,4.8,2.9,3.0,23.3,19.08,17.1,93.75,83.0,3.333333,,1.852434271
1998-06-11,1.7,,2.1,25.9,20.08,16.9,76.5,54.0,3.333333,,2.95764444199
1998-06-12,5.2,10.1,0.0,27.5,20.08,15.2,62.25,33.0,3.0,,4.06521127275
1998-06-13,8.8,9.5,0.0,25.1,19.46,16.4,67.0,48.0,5.0,,4.11172379166
1998-06-14,10.9,0.7,1.2,19.9,17.34,15.6,86.0,75.0,5.0,,1.81404393803
1998-06-15,4.5,,0.0,20.0,16.82,14.8,90.0,81.0,4.333333,,1.79087206013
1998-06-16,2.6,0.1,0.8,20.3,17.24,15.0,91.25,80.0,3.666667,,1.45313137466
1998-06-17,1.7,0.7,0.7,22.1,18.58,16.0,89.0,73.0,3.666667,,1.68816166616
1998-06-18,2.2,4.0,3.5,23.6,19.04,16.8,83.0,62.0,7.85,,2.68668547718
1998-06-19,3.2,,0.0,24.7,18.42,14.8,71.25,45.0,2.666667,,2.94198677837
1998-06-20,6.8,9.3,0.0,26.1,19.3,15.0,61.0,39.0,2.0,,3.54887324961
1998-06-21,5.4,9.2,0.0,25.7,19.1,13.8,63.0,42.0,2.666667,,3.62962582949
1998-06-22,9.0,7.9,0.0,25.0,19.36,16.3,68.0,47.0,4.333333,,3.73200794434
1998-06-23,6.7,2.8,2.0,22.0,17.94,15.9,88.0,68.0,4.333333,,2.00293089864
1998-06-24,2.6,5.3,5.0,22.8,18.06,16.1,80.75,56.0,2.666667,,2.54706359329
1998-06-25,3.2,8.1,0.0,27.0,19.52,14.5,65.0,42.0,1.333333,,3.14584268878
1998-06-26,5.2,9.2,0.0,25.1,19.2,15.0,70.25,44.0,2.666667,,3.43738616948
1998-06-27,6.2,2.0,0.0,21.5,18.2,16.2,86.5,74.0,4.0,,1.95849973515
1998-06-28,1.7,1.4,2.3,19.9,17.4,15.6,85.75,77.0,4.666667,,1.88579827479
1998-06-29,2.2,10.2,0.6,23.9,17.98,14.8,67.75,42.0,4.0,,3.7977066058
1998-06-30,5.2,0.4,0.0,22.3,18.02,13.2,74.25,67.0,4.333333,,2.34331044228
1998-07-01,5.2,0.0,0.0,21.0,17.88,15.8,88.75,78.0,4.0,,1.59521128677
1998-07-02,1.4,0.7,1.4,20.5,17.9,16.4,96.5,94.0,4.333333,,1.31542364831
1998-07-03,6.0,4.5,12.0,22.5,18.06,16.4,90.5,69.0,4.0,,2.14083048752
1998-07-04,2.6,3.6,0.4,20.9,17.38,15.4,93.0,83.0,4.666667,,1.81408410337
1998-07-05,2.4,6.2,2.3,21.9,17.3,14.4,78.5,55.0,4.333333,,2.80158030788
1998-07-06,6.6,8.2,1.0,23.4,18.3,15.2,78.5,58.0,2.666667,,3.01610485469
1998-07-07,4.5,5.8,0.0,23.8,18.92,16.5,76.0,56.0,2.666667,,2.84612083203
1998-07-08,4.1,6.7,0.0,25.0,19.16,15.5,76.25,51.0,2.666667,,2.99183425223
1998-07-09,4.7,7.5,0.0,24.2,19.48,16.5,77.0,59.0,2.666667,,3.07510934433
1998-07-10,4.1,5.6,0.0,24.9,19.9,17.5,78.75,55.0,2.666667,,2.83684670307
1998-07-11,4.9,7.9,0.0,25.3,19.58,17.4,71.75,48.0,4.333333,,3.68170130724
1998-07-12,7.1,6.7,0.0,24.6,18.68,15.8,70.25,43.0,4.666667,,3.55041145822
1998-07-13,6.4,7.2,0.0,23.1,18.82,15.2,68.0,54.0,5.0,,3.64468589662
1998-07-14,6.5,5.6,0.0,23.9,18.74,14.6,70.5,54.0,3.333333,,3.09256961315
1998-07-15,7.0,2.5,0.2,22.3,18.22,15.8,86.75,66.0,4.333333,,2.08252766293
1998-07-16,3.2,8.1,0.3,25.3,19.5,15.4,72.75,49.0,5.333333,,3.73637519307
1998-07-17,4.0,5.4,3.6,23.7,18.22,16.0,84.25,56.0,3.333333,,2.60486939696
1998-07-18,3.5,7.3,0.0,24.7,19.18,16.0,79.0,45.0,4.666667,,3.2336135477
1998-07-19,9.4,10.3,0.0,25.1,19.78,16.2,72.5,45.0,3.666667,,3.84645248889
1998-07-20,12.1,8.0,0.0,24.5,19.46,16.9,75.0,53.0,3.666667,,3.44449719782
1998-07-21,5.5,4.5,4.0,23.5,18.42,16.7,88.0,68.0,3.333333,,2.37474987116
1998-07-22,2.6,9.7,1.4,25.2,18.84,15.0,69.75,40.0,3.0,,3.73947594774
1998-07-23,6.2,7.5,0.2,24.8,19.04,16.4,73.5,46.0,5.0,,3.63930400435
1998-07-24,5.9,4.1,1.1,22.1,18.14,15.8,75.75,58.0,3.666667,,2.7585818219
1998-07-25,5.1,10.1,0.0,24.6,18.24,14.5,63.75,42.0,4.666667,,4.29755636375
1998-07-26,6.6,9.1,0.0,24.4,18.12,14.6,70.25,39.0,4.666667,,3.8674895977
1998-07-27,5.6,7.3,0.3,24.6,17.88,14.2,71.25,43.0,3.666667,,3.4581345928
1998-07-28,5.2,6.2,0.0,23.8,17.32,13.4,67.5,41.0,4.0,,3.45788426701
1998-07-29,9.1,9.2,0.0,25.6,18.68,13.2,63.25,35.0,3.0,,3.90786005159
1998-07-30,12.0,6.7,0.0,24.7,19.02,15.8,61.25,41.0,5.0,,4.21784526639
1998-07-31,11.9,1.5,0.0,21.5,17.86,15.6,91.25,63.0,3.5,,1.7809215769
1998-08-01,2.0,0.0,12.9,18.1,16.14,14.6,95.5,95.0,5.0,,1.26116034237
1998-08-02,1.4,1.5,3.9,20.5,17.06,15.0,87.25,71.0,4.666667,,1.94076742685
1998-08-03,3.8,6.7,0.4,23.7,18.42,15.6,79.0,57.0,4.333333,,3.18122886406
1998-08-04,4.5,7.1,0.0,22.8,18.18,15.0,78.5,61.0,4.666667,,3.20783857579
1998-08-05,4.2,2.9,2.7,23.0,19.18,16.7,78.75,63.0,4.666667,,2.73245071303
1998-08-06,4.0,7.0,0.0,23.4,19.56,16.9,79.25,65.0,2.333333,,3.12274618554
1998-08-07,0.7,8.8,0.0,25.2,20.26,17.0,73.5,52.0,4.0,,3.8952711489
1998-08-08,5.5,4.0,2.8,22.7,18.72,17.0,87.5,75.0,3.666667,,2.43639647565
1998-08-09,2.4,8.5,0.0,25.5,18.26,13.2,66.5,43.0,3.666667,,3.96707754848
1998-08-10,6.3,10.7,0.0,26.7,18.86,13.2,72.25,38.0,2.333333,,3.98069516378
1998-08-11,6.4,5.7,1.0,28.3,19.62,16.2,86.5,63.0,2.333333,,2.99321877185
1998-08-12,5.4,10.0,0.0,25.7,19.58,15.6,63.0,46.0,4.0,,4.54408011612
1998-08-13,10.7,9.6,0.0,25.9,19.02,15.0,60.25,34.0,4.666667,,4.76837412359
1998-08-14,9.6,7.6,0.7,26.1,19.78,15.4,73.0,37.0,5.0,,3.94683534653
1998-08-15,17.5,8.1,0.6,25.5,19.14,15.8,78.0,45.0,3.666667,,3.63118392716
1998-08-16,12.5,9.7,0.0,25.1,19.34,15.4,66.75,44.0,3.666667,,4.27743529432
1998-08-17,13.3,8.5,0.0,24.8,18.78,14.5,65.25,39.0,3.333333,,4.04282223849
1998-08-18,7.8,9.5,0.0,25.3,19.02,14.6,68.0,43.0,2.0,,3.89635433998
1998-08-19,7.3,8.7,0.0,25.2,20.46,16.0,71.5,47.0,2.666667,,3.87224182592
1998-08-20,5.8,9.0,0.0,25.7,20.82,16.8,66.5,66.0,3.666667,,4.35341931881
1998-08-21,5.4,8.2,0.0,26.9,20.46,16.0,57.25,38.0,4.0,,4.78078019208
1998-08-22,4.0,0.0,0.4,21.0,18.14,16.2,86.0,60.0,3.666667,,1.90878078236
1998-08-23,1.1,9.5,3.2,25.3,19.34,15.0,57.0,37.0,3.0,,4.51586963474
1998-08-24,4.4,4.4,0.0,25.3,18.86,16.2,61.0,39.0,4.0,,3.97039539124
1998-08-25,6.0,9.7,0.0,25.8,19.4,12.8,60.75,39.0,4.0,,4.64611896681
1998-08-26,6.4,10.9,0.0,26.7,19.98,14.8,57.5,36.0,2.333333,,4.65830767295
1998-08-27,7.3,9.9,0.0,26.7,19.9,16.2,63.25,40.0,2.666667,,4.53025884124
1998-08-28,6.6,7.8,0.0,26.9,19.9,14.2,66.75,37.0,5.333333,,4.5458164919
1998-08-29,7.6,6.4,4.0,24.3,18.7,16.2,72.5,52.0,3.666667,,3.68546814267
1998-08-30,4.6,9.7,0.1,25.3,19.62,15.6,67.25,40.0,4.333333,,4.58141509162
1998-08-31,6.7,8.5,0.2,27.0,20.16,15.8,65.75,38.0,4.333333,,4.64215059209
1998-09-01,7.3,5.0,0.3,21.7,17.9,15.9,86.75,77.0,4.333333,,2.7476393559
1998-09-02,2.3,5.7,0.8,22.8,18.28,15.6,77.0,56.0,4.666667,,3.39328552358
1998-09-03,5.2,9.3,0.0,25.1,19.8,18.0,63.75,36.0,5.333333,,5.03437700329
1998-09-04,7.5,8.7,0.1,25.5,19.66,15.3,62.25,40.0,4.0,,4.65131176238
1998-09-05,6.4,9.4,0.0,27.6,20.34,14.1,55.0,36.0,3.333333,,5.01624803739
1998-09-06,6.3,10.4,0.0,29.2,21.34,15.3,45.5,27.0,1.666667,,4.87661188383
1998-09-07,7.3,10.1,0.0,27.3,20.62,16.6,55.75,35.0,3.666667,,5.32070215533
1998-09-08,8.4,9.5,0.0,27.5,20.74,15.8,52.5,35.0,3.0,,5.10105493915
1998-09-09,7.2,8.8,0.0,28.3,21.14,17.0,53.5,32.0,3.333333,,5.21688297257
1998-09-10,7.5,9.6,0.0,27.1,20.98,16.8,66.25,41.0,5.333333,,5.1476715465
1998-09-11,7.4,2.9,0.8,21.7,18.34,16.0,81.0,76.0,5.333333,,2.8259066203
1998-09-12,1.2,4.2,4.9,23.3,18.3,15.6,76.75,70.0,3.333333,,3.1603970975
1998-09-13,2.8,9.2,1.1,26.1,19.66,15.0,67.5,48.0,3.0,,4.4809023596
1998-09-14,6.0,9.3,0.0,26.6,20.24,15.5,54.5,34.0,4.0,,5.30640686378
1998-09-15,7.7,6.1,0.0,25.7,19.44,16.4,65.75,42.0,2.666667,,3.96576561075
1998-09-16,4.0,10.2,0.6,27.8,20.72,15.0,47.5,27.0,2.666667,,5.31869054509
1998-09-17,4.4,8.9,0.0,27.4,21.12,17.0,59.0,37.0,5.0,,5.49130219164
1998-09-18,7.1,9.9,0.0,27.6,20.24,14.2,54.0,28.0,4.333333,,5.60961839365
1998-09-19,7.9,9.1,0.0,27.8,21.32,16.3,44.25,27.0,2.333333,,5.1387495389
1998-09-20,3.7,9.9,0.0,29.6,22.2,17.6,52.25,33.0,3.666667,,5.86985562501
1998-09-21,2.4,8.9,0.0,28.1,20.66,16.4,51.5,37.0,3.666667,,5.52443498222
1998-09-22,6.9,9.0,0.0,29.3,21.58,14.8,52.0,32.0,3.666667,,5.58541484757
1998-09-23,9.2,9.7,0.0,28.3,21.14,15.8,51.75,32.0,5.333333,,6.21195017953
1998-09-24,8.8,3.8,0.0,23.9,19.06,16.2,83.5,58.0,5.333333,,3.03121554436
1998-09-25,3.1,9.0,0.8,26.2,20.12,15.6,71.0,39.0,5.0,,4.73550990382
1998-09-26,9.0,8.7,0.6,27.3,20.74,16.8,66.25,45.0,4.0,,4.94713526949
1998-09-27,5.2,9.2,0.0,28.1,21.38,16.0,62.75,38.0,3.0,,5.00074889936
1998-09-28,7.9,7.4,0.0,28.4,21.3,15.6,55.0,30.0,4.0,,5.29035455668
1998-09-29,1.5,9.5,0.0,28.0,21.08,14.6,51.25,30.0,5.0,,6.05761184049
1998-09-30,5.9,8.8,0.0,28.0,20.74,15.4,57.0,28.0,4.333333,,5.50268184554
1998-10-01,8.9,10.4,0.0,28.2,21.2,15.4,54.75,29.0,4.666667,,6.00719580265
1998-10-02,9.3,10.0,0.0,27.5,20.94,16.0,57.25,38.0,3.666667,,5.51085768305
1998-10-03,8.5,10.6,0.0,27.6,20.98,15.6,52.75,35.0,3.333333,,5.678650628
1998-10-04,8.8,5.2,0.0,28.6,21.08,15.4,65.5,37.0,3.666667,,4.36715620804
1998-10-05,7.2,5.6,0.7,25.7,20.54,16.6,69.5,55.0,3.333333,,4.04402999688
1998-10-06,5.1,3.3,0.0,28.1,20.98,16.2,61.0,40.0,4.0,,4.31797037259
1998-10-07,6.8,7.3,0.0,28.7,21.86,15.8,49.75,33.0,4.666667,,5.86928266712
1998-10-08,9.8,8.5,0.0,29.5,22.46,16.8,53.75,37.0,4.666667,,6.00985442502
1998-10-09,7.7,5.6,0.3,28.3,21.66,17.0,63.5,43.0,2.666667,,4.32372835097
1998-10-10,8.2,7.9,0.0,28.3,22.86,18.6,52.5,42.0,3.0,,5.33002606592
1998-10-11,6.0,6.6,0.0,29.1,23.18,19.8,61.0,39.0,2.666667,,4.79377119585
1998-10-12,6.0,6.1,0.0,28.2,21.8,17.5,55.25,39.0,2.0,,4.44197330747
1998-10-13,6.9,7.7,0.0,28.7,21.26,15.8,54.25,32.0,3.333333,,5.28384437682
1998-10-14,8.5,9.0,0.0,28.9,21.9,17.3,54.25,32.0,3.333333,,5.62255854772
1998-10-15,7.7,7.0,0.0,29.2,21.66,16.6,48.25,29.0,2.666667,,5.16467223014
1998-10-16,7.4,11.2,0.0,30.1,22.42,15.4,37.5,27.0,2.0,,5.86298327764
1998-10-17,5.1,8.0,0.0,32.0,24.68,15.8,43.5,27.0,2.0,,5.33500916275
1998-10-18,9.0,7.6,0.0,33.0,24.56,19.3,63.25,39.0,3.666667,,5.58383351799
1998-10-19,5.5,4.4,18.9,28.1,22.5,18.8,70.25,57.0,3.666667,,4.15715372476
1998-10-20,5.4,7.7,0.0,25.7,20.78,17.8,78.75,64.0,5.666667,,4.33402622202
1998-10-21,5.0,3.8,0.6,23.1,19.54,17.0,86.5,72.0,5.0,,2.95786887262
1998-10-22,1.9,8.1,1.6,27.1,20.42,16.0,70.0,41.0,5.0,,4.89521947549
1998-10-23,7.4,9.6,0.0,27.1,21.06,16.0,69.0,44.0,5.666667,,5.30193296653
1998-10-24,8.4,9.1,0.5,28.5,21.86,16.4,58.0,38.0,4.666667,,5.83425144398
1998-10-25,8.5,8.9,0.0,28.9,22.02,17.8,64.25,38.0,4.333333,,5.52264479507
1998-10-26,10.1,8.9,0.0,28.4,22.16,16.8,53.5,32.0,5.0,,6.14950694863
1998-10-27,10.5,10.3,0.0,29.5,22.42,16.6,54.0,29.0,4.333333,,6.29471444769
1998-10-28,9.5,7.3,0.0,28.4,22.14,17.5,51.5,36.0,2.666667,,5.14461832323
1998-10-29,7.7,8.7,0.0,30.3,22.8,17.6,46.5,28.0,3.333333,,6.06817276037
1998-10-30,9.9,9.0,0.0,29.9,22.64,17.2,49.75,29.0,2.333333,,5.50263312736
1998-10-31,9.3,8.8,0.0,30.2,23.14,16.7,45.25,35.0,2.333333,,5.57730700797
1998-11-01,9.0,7.9,0.0,29.9,22.8,17.0,53.75,35.0,1.666667,,4.87999588649
1998-11-02,7.4,6.9,0.0,29.5,23.58,18.0,57.5,45.0,3.0,,5.12341174697
1998-11-03,6.3,3.3,0.3,26.3,22.14,18.6,67.25,55.0,3.0,,3.82285574108
1998-11-04,5.6,6.9,0.0,30.1,24.06,19.0,56.0,41.0,2.333333,,5.00605743032
1998-11-05,8.0,4.7,0.0,29.1,22.5,18.4,67.75,42.0,3.0,,4.27040541864
1998-11-06,5.3,4.8,0.0,29.9,24.38,18.0,61.25,55.0,3.333333,,4.69410884784
1998-11-07,5.6,0.6,0.0,26.7,21.86,19.4,74.5,57.0,3.0,,3.01885050654
1998-11-08,4.4,3.3,0.0,28.5,21.54,18.4,77.25,47.0,2.666667,,3.51227344057
1998-11-09,4.5,1.5,12.6,27.7,21.64,18.8,87.5,80.0,2.666667,,2.70392573696
1998-11-10,2.1,2.7,4.6,26.2,22.32,18.7,77.5,56.0,1.666667,,3.12571558498
1998-11-11,1.9,2.4,0.2,26.6,21.32,18.8,78.25,59.0,2.333333,,3.15353142729
1998-11-12,2.6,2.2,2.2,27.6,21.58,18.6,85.0,81.0,1.333333,,2.87332438722
1998-11-13,1.6,2.4,24.8,24.3,20.66,18.2,84.5,73.0,4.0,,2.91814716084
1998-11-14,2.3,6.5,1.2,27.6,21.46,18.0,69.25,46.0,2.666667,,4.42310523896
1998-11-15,5.1,7.3,0.0,27.4,22.14,17.4,62.5,48.0,2.666667,,4.75925173899
1998-11-16,4.6,2.2,0.6,26.1,21.74,18.0,74.25,62.0,4.0,,3.46756777282
1998-11-17,5.2,3.0,0.0,25.7,21.3,17.8,76.25,64.0,3.333333,,3.41491856398
1998-11-18,4.3,10.6,0.0,28.7,22.22,17.6,56.25,43.0,2.333333,,5.62428805411
1998-11-19,6.6,8.7,0.0,30.1,23.54,17.6,56.25,41.0,1.666667,,5.07765923604
1998-11-20,6.2,7.2,0.0,29.7,23.34,19.6,69.25,43.0,2.666667,,4.8024850269
1998-11-21,4.4,4.8,5.4,27.1,22.54,18.2,67.75,53.0,3.333333,,4.23736871361
1998-11-22,6.1,0.2,0.0,23.7,21.22,19.4,82.0,65.0,2.0,,2.42766889058
1998-11-23,1.8,1.6,31.4,25.0,20.16,15.6,81.0,63.0,1.0,,2.6027736767
1998-11-24,2.2,0.9,0.0,24.5,20.1,17.0,83.25,64.0,2.333333,,2.54069281631
1998-11-25,2.2,4.4,17.9,25.1,20.46,17.1,82.75,64.0,3.333333,,3.3804808458
1998-11-26,3.7,5.7,0.2,26.5,20.74,17.2,75.75,52.0,3.0,,3.98064383394
1998-11-27,5.1,6.8,0.0,26.4,20.98,17.6,68.5,49.0,2.0,,4.28062735696
1998-11-28,4.3,11.3,0.0,28.2,21.64,16.6,60.5,40.0,2.333333,,5.58186680731
1998-11-29,5.4,6.6,0.0,26.7,21.38,17.2,71.75,56.0,2.0,,4.16660101363
1998-11-30,4.4,8.0,0.0,28.6,23.76,18.2,68.5,53.0,1.666667,,4.64687334434
1998-12-01,3.8,0.7,34.8,25.7,21.26,18.6,86.25,76.0,1.666667,,2.44942206018
1998-12-02,1.8,6.9,60.3,27.7,22.3,18.6,75.5,54.0,2.0,,4.27220080754
1998-12-03,2.1,0.3,11.8,25.1,20.66,18.8,87.5,82.0,1.666667,,2.31370388402
1998-12-04,0.9,5.8,17.6,26.9,21.62,18.4,76.75,62.0,2.666667,,4.00889185831
1998-12-05,2.9,7.8,0.0,27.9,21.82,18.6,69.0,45.0,2.0,,4.6338700966
1998-12-06,4.4,5.6,0.0,25.7,21.02,18.6,76.0,56.0,2.333333,,3.88837559463
1998-12-07,2.8,4.7,0.0,26.4,21.08,17.6,79.5,62.0,2.333333,,3.589476637
1998-12-08,2.9,1.4,0.0,23.8,19.64,17.6,77.5,60.0,2.666667,,2.86206221472
1998-12-09,3.7,7.1,0.0,27.1,21.04,17.4,73.0,48.0,3.666667,,4.50765702833
1998-12-10,5.2,11.0,0.0,28.2,21.88,17.0,48.75,28.0,2.666667,,5.93600406826
1998-12-11,7.3,9.8,0.0,28.8,22.48,18.0,60.75,41.0,2.0,,5.28313675001
1998-12-12,6.2,6.7,0.0,26.9,21.76,18.1,68.0,52.0,2.666667,,4.46672598499
1998-12-13,4.8,10.8,0.0,28.3,22.38,18.0,72.75,56.0,1.666667,,5.20264509168
1998-12-14,4.9,8.0,0.0,26.8,21.96,18.8,69.0,53.0,2.666667,,4.73911659343
1998-12-15,4.1,5.3,0.0,26.5,21.38,18.0,70.5,57.0,2.666667,,4.06232432388
1998-12-16,3.8,6.3,0.0,28.1,22.74,17.6,67.25,51.0,2.666667,,4.46812103314
1998-12-17,4.0,1.9,0.3,25.7,21.18,18.8,86.0,72.0,2.666667,,2.7882842037
1998-12-18,2.2,5.3,4.0,26.7,21.86,18.6,80.5,62.0,2.333333,,3.75327168421
1998-12-19,2.2,4.2,4.7,26.7,21.1,19.2,79.25,47.0,2.666667,,3.59557189502
1998-12-20,3.6,1.2,3.2,24.5,21.38,18.6,79.75,70.0,3.0,,2.84037728679
1998-12-21,2.6,6.7,0.0,25.3,21.1,17.2,69.25,59.0,3.666667,,4.44400681966
1998-12-22,4.5,8.2,0.0,27.8,21.7,17.7,66.0,42.0,3.666667,,5.10266464346
1998-12-23,5.6,7.5,0.0,27.0,21.56,17.4,58.75,42.0,4.0,,5.27548543615
1998-12-24,6.6,10.2,0.0,28.7,22.2,17.1,61.25,36.0,4.333333,,5.90343560369
1998-12-25,7.6,9.5,0.0,28.0,21.82,17.2,62.5,39.0,5.0,,5.77671365825
1998-12-26,7.4,7.3,0.0,27.3,21.34,17.0,63.75,40.0,3.666667,,4.94371732175
1998-12-27,7.0,7.0,0.0,26.4,20.88,17.2,71.25,57.0,3.333333,,4.45803525937
1998-12-28,7.7,10.7,0.0,30.3,22.98,17.6,58.75,36.0,2.666667,,5.85056534565
1998-12-29,4.4,8.4,0.0,28.7,22.42,17.8,62.0,41.0,1.666667,,4.84085960327
1998-12-30,6.8,10.9,0.0,29.1,22.88,17.9,61.0,42.0,2.0,,5.54986535443
1998-12-31,6.0,4.5,0.0,27.9,21.94,17.8,63.75,42.0,2.666667,,4.20172115841
1999-01-01,5.2,5.8,0.0,28.0,22.16,17.1,60.5,47.0,2.333333,,4.45027293647
1999-01-02,6.5,5.3,0.0,27.2,21.72,18.5,67.25,49.0,2.333333,,4.15958049531
1999-01-03,4.9,7.9,0.0,29.9,23.62,16.8,50.0,37.0,2.666667,,5.45416012541
1999-01-04,6.8,5.1,0.0,29.0,23.1,18.7,64.0,44.0,3.333333,,4.62326683745
1999-01-05,6.3,4.3,0.0,26.3,21.74,18.3,65.75,54.0,2.666667,,4.01553922738
1999-01-06,4.6,6.4,0.0,27.9,22.16,17.9,64.75,49.0,2.333333,,4.49015828069
1999-01-07,4.4,7.0,0.0,28.6,22.08,16.6,62.25,44.0,2.666667,,4.78052389257
1999-01-08,5.3,6.7,0.0,29.3,22.88,16.8,49.25,29.0,3.333333,,5.49260767362
1999-01-09,6.5,8.9,0.0,29.1,22.66,17.9,57.75,32.0,3.666667,,5.73178386459
1999-01-10,5.8,,0.0,27.9,21.62,18.8,77.0,49.0,3.0,,4.14772767428
1999-01-11,2.9,0.3,34.6,23.0,19.94,17.7,89.0,75.0,2.0,,2.21040268732
1999-01-12,1.1,2.9,1.4,24.4,20.38,17.5,87.5,74.0,2.333333,,2.87261964663
1999-01-13,2.5,3.0,0.5,24.7,20.58,17.7,76.0,65.0,2.666667,,3.29817352369
1999-01-14,3.5,7.9,0.0,26.6,21.36,18.0,68.25,48.0,2.0,,4.5775720621
1999-01-15,4.7,7.7,0.0,26.1,21.38,17.6,67.75,54.0,2.333333,,4.55908278557
1999-01-16,4.5,10.9,0.0,27.4,21.48,16.8,70.25,49.0,2.0,,5.20096213164
1999-01-17,4.7,6.0,0.0,26.9,21.54,17.7,61.0,47.0,2.666667,,4.53913621337
1999-01-18,5.1,10.9,0.0,28.4,22.86,17.9,52.25,36.0,2.666667,,5.9204022778
1999-01-19,6.7,7.7,0.0,28.2,22.18,18.0,62.75,47.0,2.333333,,4.85857152626
1999-01-20,5.5,8.5,0.0,28.5,22.7,18.8,64.75,49.0,2.666667,,5.126283465
1999-01-21,5.7,8.3,0.0,28.7,22.22,17.6,57.75,37.0,2.0,,5.0170099218
1999-01-22,5.3,9.4,0.0,28.6,22.92,18.4,54.5,44.0,2.666667,,5.60035479741
1999-01-23,6.3,11.3,0.0,27.7,21.6,16.1,57.25,44.0,3.333333,,5.89698724301
1999-01-24,6.7,11.0,0.0,29.1,22.4,17.1,58.75,36.0,4.0,,6.16156517111
1999-01-25,8.0,9.9,0.0,28.7,22.6,18.0,50.5,35.0,4.0,,6.31671494182
1999-01-26,8.2,10.7,0.0,29.3,22.68,16.8,52.0,37.0,3.0,,6.04806572558
1999-01-27,6.7,8.8,0.0,29.9,23.34,18.0,56.5,40.0,2.333333,,5.39070521944
1999-01-28,7.1,9.5,0.0,29.5,24.06,19.6,51.5,40.0,2.666667,,5.84398616051
1999-01-29,6.7,6.4,0.0,27.7,23.12,18.8,59.25,49.0,2.333333,,4.67067320923
1999-01-30,5.5,10.5,0.0,29.5,23.66,19.0,54.75,40.0,3.333333,,6.17252291693
1999-01-31,7.8,11.0,0.0,29.5,22.9,18.0,45.0,28.0,3.333333,,6.55332818866
1999-02-01,7.8,9.3,0.0,30.3,23.14,16.8,63.75,45.0,3.666667,,5.63381338796
1999-02-02,6.9,3.2,0.0,26.6,22.08,19.6,72.25,58.0,4.0,,3.87445370348
1999-02-03,5.0,3.3,0.5,26.5,21.9,18.6,69.25,67.0,2.333333,,3.6333097056
1999-02-04,3.0,9.8,0.4,27.9,21.34,15.6,65.25,50.0,3.333333,,5.30773746879
1999-02-05,5.6,6.4,0.0,28.5,21.86,17.6,73.5,49.0,4.0,,4.51811274837
1999-02-06,4.7,5.6,0.0,26.9,22.06,18.4,65.0,50.0,4.0,,4.67363757931
1999-02-07,6.8,6.6,0.0,29.3,21.66,18.4,67.5,32.0,4.333333,,5.01922934022
1999-02-08,4.6,9.3,0.8,28.3,22.02,17.6,67.75,41.0,4.0,,5.36200764692
1999-02-09,7.2,3.2,0.0,26.7,21.62,18.2,75.25,63.0,2.666667,,3.4742851717
1999-02-10,3.9,11.2,0.0,29.7,22.62,18.6,63.0,42.0,2.0,,5.68207692921
1999-02-11,6.6,10.0,0.0,31.5,23.94,18.0,51.75,32.0,1.333333,,5.40636918041
1999-02-12,6.0,10.7,0.0,30.3,23.22,18.8,54.75,39.0,2.333333,,5.89890851762
1999-02-13,4.0,9.2,0.0,29.5,23.46,19.0,61.75,40.0,2.333333,,5.34507337334
1999-02-14,7.3,4.9,0.4,27.1,21.78,19.4,79.0,68.0,4.333333,,3.93102906782
1999-02-15,1.8,7.6,7.0,26.5,21.7,18.4,69.0,49.0,5.0,,4.98291250715
1999-02-16,5.8,7.3,1.0,27.3,21.06,17.6,76.75,52.0,3.666667,,4.41156318599
1999-02-17,3.4,9.7,0.4,27.7,22.02,18.0,81.25,70.0,4.333333,,4.7845328702
1999-02-18,4.4,3.4,1.0,27.5,22.06,18.2,75.0,56.0,4.0,,3.75397814397
1999-02-19,4.3,0.7,0.0,25.7,21.7,17.8,71.0,61.0,2.666667,,3.00722850365
1999-02-20,3.6,0.2,0.4,25.1,20.7,18.4,85.25,63.0,4.333333,,2.47952374042
1999-02-21,2.4,0.8,9.6,23.9,20.74,18.2,79.25,70.0,3.0,,2.71246571278
1999-02-22,2.6,7.6,0.0,28.7,22.3,17.8,67.75,45.0,3.333333,,4.89931567677
1999-02-23,5.6,7.1,0.0,28.7,22.9,18.6,59.75,45.0,2.0,,4.70216280777
1999-02-24,4.0,7.1,0.0,28.9,23.38,18.0,60.25,48.0,4.0,,5.30157916954
1999-02-25,6.3,2.2,0.0,27.9,22.9,18.8,62.25,45.0,3.0,,3.871902273
1999-02-26,5.6,6.7,0.0,29.1,23.46,19.0,58.0,40.0,3.333333,,5.16898852383
1999-02-27,6.4,9.4,0.0,28.1,22.58,17.6,59.0,44.0,3.666667,,5.60178651217
1999-02-28,7.6,5.5,0.0,28.7,23.42,18.8,60.25,44.0,1.666667,,4.19792312466
1999-03-01,5.1,8.2,0.0,30.5,23.88,17.9,50.25,37.0,3.333333,,5.83450436061
1999-03-02,7.4,6.6,0.0,29.2,23.9,18.5,56.5,43.0,3.0,,5.05193922599
1999-03-03,5.4,8.6,0.0,30.5,23.26,19.8,65.75,36.0,2.666667,,5.23298848709
1999-03-04,5.0,2.2,6.6,25.6,22.02,18.5,78.0,67.0,0.666667,,2.75505031207
1999-03-05,1.3,2.3,2.1,27.5,21.2,18.3,89.75,80.0,2.0,,2.73575231617
1999-03-06,1.7,2.5,24.2,26.4,21.3,18.6,81.75,64.0,2.666667,,3.01984205416
1999-03-07,2.7,6.6,12.0,26.3,21.26,18.2,70.25,49.0,2.666667,,4.24974123071
1999-03-08,4.0,9.2,0.0,27.7,22.62,18.2,66.5,45.0,5.0,,5.42834171573
1999-03-09,5.2,10.3,0.0,28.1,21.86,17.8,63.25,44.0,3.0,,5.40033918761
1999-03-10,6.0,10.7,0.0,28.9,22.34,17.8,60.75,53.0,2.0,,5.33990190946
1999-03-11,6.5,9.1,0.0,29.7,23.02,17.6,60.5,42.0,2.0,,5.04723352279
1999-03-12,5.6,7.6,0.0,30.7,23.62,18.4,63.5,42.0,1.666667,,4.64623953835
1999-03-13,4.8,8.5,0.0,29.5,23.3,17.8,64.0,46.0,2.0,,4.82243568445
1999-03-14,4.6,2.1,0.0,28.9,22.78,18.6,80.75,68.0,2.666667,,3.03456304713
1999-03-15,2.6,10.2,9.6,27.9,21.74,18.0,61.25,38.0,2.666667,,5.29116806399
1999-03-16,5.7,10.2,0.0,28.4,22.34,18.4,56.0,37.0,2.666667,,5.48477970312
1999-03-17,6.2,10.3,0.0,28.5,22.34,17.2,51.0,36.0,2.333333,,5.43453933788
1999-03-18,7.0,5.7,0.0,27.3,22.14,17.2,61.0,45.0,3.333333,,4.50239754448
1999-03-19,4.3,7.2,0.0,27.9,22.3,18.8,68.75,48.0,3.0,,4.53077845094
1999-03-20,4.4,1.4,16.4,23.4,20.4,18.9,85.0,72.0,3.0,,2.51166650288
1999-03-21,1.8,7.8,3.8,26.6,20.98,17.7,65.0,44.0,2.333333,,4.45037627461
1999-03-22,4.6,9.0,0.0,27.5,21.66,17.6,69.25,53.0,3.666667,,4.86771342435
1999-03-23,4.8,8.6,0.0,27.3,20.98,16.4,71.0,51.0,2.333333,,4.43108931188
1999-03-24,5.9,2.4,0.0,23.7,20.26,16.8,84.5,78.0,3.666667,,2.67899271811
1999-03-25,2.0,,2.3,28.5,22.22,18.6,75.25,51.0,2.0,,3.88886466574
1999-03-26,3.4,6.5,0.2,28.7,22.7,18.6,70.0,51.0,2.666667,,4.2539465427
1999-03-27,5.0,10.8,0.0,27.5,22.1,17.6,62.25,48.0,1.666667,,4.91459477694
1999-03-28,5.6,9.7,0.0,29.7,22.54,16.8,59.25,41.0,2.0,,4.96667598468
1999-03-29,6.5,9.4,0.0,30.7,23.12,17.5,44.5,24.0,2.0,,5.26747274315
1999-03-30,7.4,10.2,0.0,30.5,23.32,18.0,48.5,27.0,2.333333,,5.51204725649
1999-03-31,8.4,9.6,0.0,28.7,22.64,18.8,52.25,33.0,3.666667,,5.72861337521
1999-04-01,7.9,7.9,0.0,27.2,21.96,17.2,62.0,46.0,3.666667,,4.80712649403
1999-04-02,5.2,5.1,6.4,25.9,20.38,17.6,81.25,52.0,3.666667,,3.3949966172
1999-04-03,2.8,9.4,0.3,27.9,21.74,17.4,67.25,35.0,5.333333,,5.19580023482
1999-04-04,6.2,10.1,0.0,28.7,22.26,17.8,64.75,41.0,3.0,,5.06118532069
1999-04-05,5.9,7.5,0.0,28.2,21.56,17.8,72.25,43.0,3.0,,4.25984401404
1999-04-06,5.4,8.2,0.2,28.7,22.3,17.6,56.25,38.0,3.0,,4.95260747546
1999-04-07,6.8,10.2,0.0,29.1,22.42,18.2,54.25,34.0,2.333333,,5.15455062624
1999-04-08,7.6,9.2,0.0,29.0,21.96,17.0,53.25,31.0,2.0,,4.77515540086
1999-04-09,6.3,7.6,0.0,29.7,22.98,18.4,64.5,38.0,3.333333,,4.73114603435
1999-04-10,5.2,3.6,1.6,26.5,22.14,19.0,69.5,57.0,3.0,,3.50905146234
1999-04-11,4.0,4.7,0.2,24.7,20.34,18.0,82.0,71.0,4.666667,,3.20822256512
1999-04-12,2.5,6.5,0.0,26.9,20.52,16.0,76.0,54.0,3.666667,,3.77010904715
1999-04-13,3.5,6.6,0.0,26.6,20.66,16.8,73.0,50.0,1.666667,,3.58866401339
1999-04-14,3.5,7.6,0.0,29.2,22.52,18.4,69.5,44.0,3.0,,4.35845676094
1999-04-15,4.7,9.7,0.0,29.3,23.36,19.8,58.75,40.0,3.0,,5.16105569618
1999-04-16,6.6,7.4,0.0,28.5,22.18,19.2,62.5,40.0,3.0,,4.51903810404
1999-04-17,5.4,8.1,0.0,29.7,22.54,18.8,65.75,41.0,2.0,,4.3118550063
1999-04-18,5.6,5.9,0.0,27.9,22.1,18.2,66.25,51.0,2.0,,3.73159910401
1999-04-19,5.3,7.7,0.0,28.1,21.94,18.0,63.5,43.0,3.0,,4.41536434019
1999-04-20,7.4,10.4,0.0,28.3,21.94,16.6,65.5,40.0,4.0,,4.97096236879
1999-04-21,7.2,5.7,0.0,27.5,21.66,17.8,66.5,49.0,4.666667,,4.28973429782
1999-04-22,4.5,9.8,0.0,28.4,22.0,16.4,62.25,37.0,5.666667,,5.37241079276
1999-04-23,6.4,6.2,4.4,26.5,21.06,17.8,77.5,53.0,2.666667,,3.46166643775
1999-04-24,4.0,9.0,0.0,26.7,21.26,17.0,69.25,53.0,1.666667,,3.95285407534
1999-04-25,4.8,4.5,0.4,26.1,20.7,17.8,77.75,58.0,4.333333,,3.3112564955
1999-04-26,2.7,2.1,0.3,24.1,20.4,17.6,76.25,64.0,3.333333,,2.74615038475
1999-04-27,2.8,0.9,0.0,23.8,19.44,17.2,83.75,70.0,3.666667,,2.2386951354
1999-04-28,1.8,3.3,3.3,22.2,19.08,16.0,81.5,74.0,4.333333,,2.64324815655
1999-04-29,1.8,3.3,0.1,21.7,18.58,17.2,87.5,78.0,5.0,,2.37449180914
1999-04-30,1.3,2.7,5.1,23.8,19.44,16.8,87.0,68.0,3.333333,,2.33791136949
1999-05-01,1.9,5.8,0.3,25.4,20.44,17.3,77.0,63.0,3.666667,,3.35544989171
1999-05-02,3.3,3.8,1.6,24.9,19.58,17.6,87.25,65.0,3.666667,,2.56760647619
1999-05-03,1.7,2.8,5.8,22.7,19.02,16.6,89.5,84.0,3.333333,,2.18410590975
1999-05-04,1.6,4.5,2.6,22.7,18.98,16.8,92.5,79.0,4.0,,2.30366672973
1999-05-05,1.6,4.6,0.0,23.7,19.46,16.0,80.5,59.0,3.333333,,2.8166613423
1999-05-06,2.5,5.8,0.0,26.3,20.78,17.2,76.25,54.0,2.333333,,3.19795361431
1999-05-07,3.8,8.8,0.0,27.9,21.26,15.8,68.25,47.0,2.333333,,3.93214510623
1999-05-08,4.2,8.5,0.0,28.3,21.78,18.0,72.5,44.0,1.666667,,3.74458127728
1999-05-09,4.4,5.7,0.0,25.3,20.94,16.4,78.75,66.0,5.0,,3.26611193482
1999-05-10,2.9,4.6,1.9,24.0,19.92,17.4,86.25,73.0,3.666667,,2.62015142477
1999-05-11,1.4,1.2,4.5,21.2,18.82,17.0,86.75,81.0,4.0,,1.98780770639
1999-05-12,1.1,4.8,2.6,24.0,19.56,16.6,79.0,61.0,2.0,,2.72873267372
1999-05-13,2.1,5.2,0.0,28.4,21.28,16.5,72.25,43.0,0.0,,2.61059629952
1999-05-14,2.4,2.6,0.0,26.3,20.46,18.1,81.25,58.0,4.0,,2.66461666503
1999-05-15,0.2,0.0,5.5,19.5,17.62,16.0,83.0,79.0,5.333333,,1.99562799963
1999-05-16,2.2,1.1,0.0,21.4,17.56,14.6,87.25,74.0,4.0,,1.87046466136
1999-05-17,2.0,2.3,0.2,22.0,18.64,15.0,80.5,72.0,5.0,,2.44159094225
1999-05-18,2.6,0.4,0.0,22.8,18.88,15.6,82.5,69.0,4.0,,2.06077040407
1999-05-19,2.4,3.9,0.2,23.8,19.24,17.2,82.25,65.0,3.0,,2.54955293161
1999-05-20,2.2,6.7,0.0,27.6,21.16,17.6,69.25,45.0,2.0,,3.38302071224
1999-05-21,4.0,8.3,0.0,29.4,22.6,16.4,62.75,46.0,1.666667,,3.70802177686
1999-05-22,3.9,3.2,0.0,26.7,21.14,18.6,81.0,56.0,3.666667,,2.71278209824
1999-05-23,3.4,5.5,0.0,24.5,20.06,18.0,82.5,64.0,4.0,,2.87482845234
1999-05-24,4.2,0.0,1.4,19.5,17.5,16.4,91.75,87.0,1.666667,,1.47033842835
1999-05-25,1.0,9.2,0.0,24.8,19.08,14.8,67.75,48.0,3.666667,,3.81249952465
1999-05-26,4.6,1.1,0.0,22.5,19.12,16.0,89.0,76.0,4.333333,,1.82212487073
1999-05-27,1.6,9.1,6.2,24.3,19.4,15.3,72.25,52.0,5.0,,3.76952589052
1999-05-28,4.1,8.8,0.3,24.5,19.46,16.9,73.5,49.0,4.333333,,3.67337192295
1999-05-29,4.2,5.8,1.9,23.3,18.68,16.0,73.75,56.0,2.666667,,2.91884304005
1999-05-30,2.8,9.0,0.0,26.9,19.24,13.5,60.25,36.0,1.333333,,3.37998375937
1999-05-31,4.9,10.2,0.0,28.9,21.32,15.7,52.0,31.0,1.666667,,3.97002438556
1999-06-01,5.8,7.5,0.0,25.7,20.02,17.6,73.0,51.0,4.666667,,3.67047127522
1999-06-02,3.8,0.7,1.2,22.9,18.5,16.8,86.5,81.0,4.333333,,1.90451510486
1999-06-03,0.4,4.3,5.5,23.3,18.62,15.8,79.5,63.0,4.666667,,2.71315801951
1999-06-04,2.0,1.4,0.0,23.3,18.62,16.4,80.5,69.0,3.666667,,2.2212926112
1999-06-05,1.8,5.0,0.4,23.9,18.94,16.6,81.5,62.0,3.666667,,2.67173912382
1999-06-06,2.8,7.5,0.2,24.9,19.02,15.8,73.75,53.0,4.0,,3.38011591694
1999-06-07,3.4,6.4,0.0,24.0,19.16,16.4,83.5,66.0,4.333333,,2.79357580165
1999-06-08,2.3,5.6,3.3,23.3,18.52,16.1,91.0,86.0,4.666667,,2.27887927191
1999-06-09,2.7,0.6,2.1,19.9,17.34,15.8,92.5,85.0,4.0,,1.47551848486
1999-06-10,0.7,2.3,6.6,20.8,17.94,15.9,92.0,91.0,3.333333,,1.73579675877
1999-06-11,0.1,2.4,4.0,21.5,17.88,16.0,87.75,72.0,4.333333,,1.96294899066
1999-06-12,2.0,6.7,1.2,21.8,17.76,15.6,78.75,64.0,3.666667,,2.82464956894
1999-06-13,2.6,3.7,0.0,21.7,18.1,14.4,77.5,67.0,3.666667,,2.47760887275
1999-06-14,2.3,,0.0,22.3,19.34,16.6,75.25,66.0,3.0,,2.47853627121
1999-06-15,2.6,8.0,0.0,24.9,18.9,15.8,76.0,57.0,2.333333,,3.09898816914
1999-06-16,3.4,8.1,0.0,24.7,18.94,15.8,74.75,55.0,3.333333,,3.27503675525
1999-06-17,3.8,5.9,0.0,25.1,19.3,16.4,71.75,52.0,2.333333,,2.95273584397
1999-06-18,4.2,7.7,0.0,24.9,19.98,17.6,68.5,53.0,2.666667,,3.38311364754
1999-06-19,5.2,7.2,0.0,25.7,20.02,17.2,72.75,52.0,3.333333,,3.3469803594
1999-06-20,2.9,6.7,0.0,25.1,19.5,16.6,73.5,55.0,2.0,,2.95416064989
1999-06-21,3.9,7.4,0.0,26.4,20.18,16.8,68.75,46.0,2.666667,,3.39502816136
1999-06-22,3.6,9.2,0.0,26.4,20.22,17.1,62.0,41.0,2.333333,,3.72212314359
1999-06-23,4.9,8.6,0.0,27.1,20.94,17.2,59.0,41.0,3.0,,4.00857595202
1999-06-24,4.8,5.7,0.0,26.9,20.6,16.8,59.25,39.0,3.0,,3.61823531453
1999-06-25,4.9,7.7,0.0,25.1,19.4,17.1,64.5,45.0,3.333333,,3.66935798634
1999-06-26,4.4,8.4,0.0,25.7,19.54,15.7,65.25,39.0,4.0,,3.87268216283
1999-06-27,5.6,8.7,0.0,24.9,19.22,15.1,63.5,46.0,4.333333,,3.9715984327
1999-06-28,4.3,6.9,0.0,24.3,18.78,15.0,75.0,49.0,4.666667,,3.23332662581
1999-06-29,4.2,5.4,0.0,24.7,19.06,15.2,76.0,56.0,4.0,,2.96135976919
1999-06-30,4.3,9.5,0.0,26.1,19.86,15.8,61.25,43.0,2.666667,,3.82704013491
1999-07-01,4.8,10.3,0.0,25.5,19.62,15.2,66.5,44.0,4.333333,,4.07815438262
1999-07-02,5.6,3.6,2.2,22.9,18.1,15.8,85.25,60.0,3.666667,,2.24296071407
1999-07-03,1.2,2.4,7.8,20.5,17.7,15.8,94.5,93.0,4.666667,,1.59480942979
1999-07-04,1.6,7.1,2.8,23.1,18.22,15.4,71.25,45.0,5.0,,3.4373269306
1999-07-05,4.6,9.8,0.0,24.0,18.36,13.7,64.5,42.0,4.333333,,3.93163637131
1999-07-06,4.5,1.8,1.8,19.7,16.08,14.6,88.0,80.0,4.0,,1.78232125465
1999-07-07,1.5,9.6,0.9,23.5,17.66,13.8,61.75,45.0,6.0,,4.33566372432
1999-07-08,5.7,4.2,0.0,21.7,17.84,14.5,80.25,65.0,3.0,,2.38756435677
1999-07-09,2.2,1.1,1.0,21.6,18.22,16.0,84.5,66.0,3.0,,1.88894963559
1999-07-10,1.4,4.4,0.5,21.8,18.04,16.3,86.5,66.0,4.0,,2.29629462776
1999-07-11,1.8,3.9,0.5,22.5,17.7,14.4,76.75,56.0,5.333333,,2.78501818786
1999-07-12,4.0,4.0,0.0,22.5,17.46,14.6,78.0,68.0,4.0,,2.6061376476
1999-07-13,2.7,9.5,0.0,23.3,17.68,13.2,76.25,45.0,4.333333,,3.35125303763
1999-07-14,3.6,4.7,0.2,22.9,17.82,14.8,80.25,56.0,3.666667,,2.59843226288
1999-07-15,3.6,5.5,2.0,23.1,18.02,15.4,81.25,59.0,2.666667,,2.61805887308
1999-07-16,1.6,7.1,0.4,24.1,18.3,15.4,75.0,54.0,2.333333,,3.02703051222
1999-07-17,2.7,0.7,1.0,21.3,18.02,15.8,89.75,83.0,3.666667,,1.67327389643
1999-07-18,0.3,5.4,1.2,23.5,18.46,15.8,83.75,76.0,4.666667,,2.67559698731
1999-07-19,2.5,5.3,1.4,22.7,18.0,15.8,76.5,47.0,5.0,,3.02352613598
1999-07-20,3.0,2.7,0.3,21.4,16.86,14.2,90.75,84.0,4.333333,,1.86136828337
1999-07-21,1.0,10.1,1.7,23.2,17.56,13.7,69.5,54.0,3.666667,,3.69365324316
1999-07-22,4.1,4.7,,20.9,16.76,13.3,77.25,66.0,3.666667,,2.61269710182
1999-07-23,2.9,1.6,0.4,19.9,16.96,13.7,87.0,77.0,4.333333,,1.85264239844
1999-07-24,2.7,6.1,0.0,23.8,17.62,14.7,75.25,49.0,3.333333,,3.04359374232
1999-07-25,4.0,7.1,0.0,23.7,18.94,15.6,68.0,42.0,5.333333,,3.83209299223
1999-07-26,6.0,5.6,0.0,23.3,18.42,15.4,67.0,43.0,6.0,,3.79693837079
1999-07-27,4.9,9.0,0.0,23.9,18.38,15.0,71.0,49.0,5.0,,3.85052750111
1999-07-28,5.0,,0.0,24.1,18.3,14.0,70.5,46.0,2.666667,,3.09750001292
1999-07-29,5.0,2.2,0.0,21.1,17.18,14.6,81.0,64.0,4.0,,2.2770710243
1999-07-30,2.4,3.4,3.8,21.1,17.22,14.4,86.75,74.0,4.333333,,2.1834961633
1999-07-31,1.4,3.0,2.1,21.3,17.26,14.6,87.5,74.0,3.666667,,2.10706869005
1999-08-01,1.4,3.4,5.4,20.3,16.78,15.4,92.5,91.0,4.333333,,1.93084524424
1999-08-02,1.3,5.4,2.2,21.7,16.68,14.7,83.5,59.0,3.666667,,2.62298047783
1999-08-03,2.6,9.2,0.0,23.2,17.2,14.2,77.0,47.0,3.333333,,3.43337394253
1999-08-04,3.7,2.9,0.0,20.9,17.14,14.2,70.5,55.0,3.666667,,2.7788289539
1999-08-05,3.7,2.9,0.0,21.5,17.34,14.2,71.5,52.0,4.666667,,2.93109678019
1999-08-06,3.5,7.9,1.0,18.3,16.14,14.6,90.5,84.0,4.666667,,2.50160446805
1999-08-07,0.7,2.0,1.0,21.1,16.62,14.2,90.0,74.0,4.0,,1.8948027088
1999-08-08,1.2,2.9,5.5,21.2,16.98,14.6,85.5,68.0,2.666667,,2.18957965705
1999-08-09,2.1,2.8,0.0,21.9,17.78,14.8,85.75,69.0,4.0,,2.25225415731
1999-08-10,2.0,5.5,1.3,23.1,18.34,15.2,80.5,62.0,4.666667,,2.98030340329
1999-08-11,3.0,6.2,1.2,23.5,18.18,15.2,82.75,58.0,3.333333,,2.94616451963
1999-08-12,2.3,7.4,0.0,23.3,18.1,15.2,68.75,51.0,3.666667,,3.6837915131
1999-08-13,4.2,8.3,0.0,25.3,18.42,13.4,73.25,48.0,2.666667,,3.58067983196
1999-08-14,4.4,8.4,0.0,27.7,19.58,15.8,63.0,52.0,2.666667,,4.17010412292
1999-08-15,5.4,9.9,0.0,27.5,20.1,14.6,61.5,35.0,3.333333,,4.58229418565
1999-08-16,7.5,9.3,0.0,25.3,18.84,13.4,66.5,42.0,6.333333,,4.57536280266
1999-08-17,4.6,6.0,0.4,22.7,17.26,14.6,76.25,64.0,6.333333,,3.40285815548
1999-08-18,3.7,7.8,0.0,22.4,17.24,13.9,81.0,62.0,4.333333,,3.23739188186
1999-08-19,2.7,3.2,1.9,22.5,17.66,15.3,83.75,60.0,4.333333,,2.52874392145
1999-08-20,2.2,3.2,0.7,21.2,16.46,14.4,86.5,68.0,4.0,,2.31411067828
1999-08-21,1.7,2.8,3.3,21.0,16.8,14.2,93.5,89.0,4.333333,,1.92944646868
1999-08-22,1.0,5.0,7.4,20.3,16.02,13.6,83.25,64.0,5.0,,2.6738879801
1999-08-23,2.4,6.0,2.5,19.7,16.14,13.8,85.5,72.0,4.666667,,2.68088436135
1999-08-24,2.6,7.3,0.0,22.7,17.3,13.4,75.5,52.0,4.666667,,3.50134047371
1999-08-25,4.3,8.2,0.2,25.1,19.18,15.0,74.5,49.0,4.0,,3.87958958023
1999-08-26,4.4,5.1,10.4,22.1,17.94,15.8,90.75,82.0,4.666667,,2.52577988991
1999-08-27,1.4,10.1,1.6,23.3,16.98,13.8,72.5,45.0,3.0,,3.97957046735
1999-08-28,4.8,10.6,0.0,23.8,17.08,12.2,54.5,43.0,2.333333,,4.36018994607
1999-08-29,5.6,10.6,0.0,25.0,17.92,13.0,47.25,37.0,3.333333,,5.0569724666
1999-08-30,6.5,9.6,0.0,23.7,17.42,12.0,64.5,44.0,4.666667,,4.41297787734
1999-08-31,5.5,10.4,0.0,24.4,18.22,12.8,63.5,41.0,4.333333,,4.63371443901
1999-09-01,5.7,2.6,0.0,21.6,16.4,12.6,82.5,61.0,4.0,,2.44886354741
1999-09-02,2.6,7.9,0.6,23.3,18.06,14.4,74.25,55.0,3.333333,,3.71468106611
1999-09-03,4.0,7.7,0.1,23.7,17.74,15.2,72.25,48.0,2.333333,,3.69900505019
1999-09-04,4.0,9.8,0.0,25.5,18.84,14.2,57.75,39.0,2.333333,,4.48728461615
1999-09-05,5.7,8.9,0.0,25.4,18.94,15.0,61.5,42.0,4.0,,4.70195141973
1999-09-06,6.0,0.0,0.0,26.1,19.38,15.2,55.0,35.0,3.666667,,3.59945276857
1999-09-07,5.8,8.0,0.0,26.3,19.7,14.4,51.5,39.0,3.0,,4.71429085649
1999-09-08,9.5,8.1,0.0,26.9,20.58,16.2,61.25,44.0,3.333333,,4.64308744727
1999-09-09,6.4,8.1,0.0,27.1,21.06,17.0,66.75,42.0,4.333333,,4.70145435642
1999-09-10,,7.6,0.0,25.5,19.22,15.4,59.75,44.0,4.333333,,4.74281113438
1999-09-11,6.5,8.5,0.0,24.5,19.5,15.0,64.0,46.0,5.333333,,4.75601528739
1999-09-12,6.4,7.6,0.0,26.3,19.7,15.6,60.25,39.0,4.0,,4.74009517304
1999-09-13,6.3,6.4,0.0,26.2,20.24,16.2,61.0,44.0,2.0,,3.96097330187
1999-09-14,5.3,9.2,0.3,25.8,20.3,16.5,64.75,46.0,4.0,,4.82910076915
1999-09-15,5.3,8.8,0.0,26.0,19.76,16.0,59.0,39.0,3.333333,,4.8372244222
1999-09-16,9.4,9.6,0.0,26.9,20.16,15.0,51.0,31.0,3.666667,,5.41569472591
1999-09-17,5.2,8.3,0.0,26.5,20.12,15.4,63.0,39.0,4.333333,,4.86413115546
1999-09-18,6.6,6.8,0.0,25.1,19.4,16.2,71.25,49.0,5.0,,4.23367544128
1999-09-19,4.9,6.7,0.0,24.4,18.68,15.2,72.25,45.0,3.666667,,3.91394702558
1999-09-20,4.6,7.0,0.7,23.9,18.78,15.4,81.0,62.0,4.333333,,3.61311476024
1999-09-21,3.6,6.2,1.2,25.7,19.02,15.0,77.0,51.0,3.666667,,3.72777843272
1999-09-22,4.4,7.2,0.0,29.5,22.1,15.0,50.5,40.0,1.666667,,4.4442997106
1999-09-23,6.0,0.5,0.0,23.7,19.82,18.0,92.75,50.0,2.666667,,2.00729229153
1999-09-24,0.1,0.0,26.3,18.9,16.26,14.8,93.5,93.0,4.333333,,1.64112886764
1999-09-25,0.2,0.0,7.2,15.5,14.06,12.8,94.75,93.0,3.0,,1.52042018486
1999-09-26,1.4,0.0,0.0,18.3,16.06,13.2,95.0,94.0,3.333333,,1.57435754581
1999-09-27,1.6,6.9,1.3,23.6,17.82,14.5,78.25,59.0,3.666667,,3.68337292852
1999-09-28,3.5,9.2,0.0,24.8,19.04,15.8,69.75,50.0,4.333333,,4.66721725086
1999-09-29,4.8,8.5,0.0,25.9,19.58,15.4,67.0,48.0,2.666667,,4.4740262271
1999-09-30,5.1,8.8,0.0,29.9,21.38,15.2,50.0,23.0,3.333333,,5.65187516671
1999-10-01,8.3,9.7,0.0,27.0,20.2,15.2,56.5,37.0,4.0,,5.47960545151
1999-10-02,7.8,2.0,0.0,28.9,21.18,16.2,55.25,30.0,2.333333,,3.71865015031
1999-10-03,6.7,9.4,0.0,30.0,21.74,16.6,56.25,24.0,3.333333,,5.62545673818
1999-10-04,8.2,9.2,0.0,26.7,20.66,16.4,53.25,35.0,5.0,,5.88464837409
1999-10-05,7.1,3.4,0.3,23.3,18.62,15.0,78.0,59.0,5.333333,,3.25312862294
1999-10-06,3.4,0.0,4.2,19.5,16.78,15.2,93.0,86.0,4.333333,,1.73060097808
1999-10-07,0.6,1.0,5.4,20.9,16.94,14.2,83.0,67.0,3.666667,,2.3612538499
1999-10-08,2.0,6.2,0.6,23.8,17.36,14.2,81.0,56.0,2.666667,,3.48843504264
1999-10-09,2.8,6.7,0.0,25.4,18.8,14.2,75.75,48.0,2.0,,3.78523517884
1999-10-10,2.6,7.4,0.0,28.3,20.42,15.0,65.25,39.0,3.0,,4.6382305233
1999-10-11,7.4,9.3,0.0,26.5,20.7,16.6,68.25,49.0,5.666667,,5.2174310471
1999-10-12,6.9,10.1,0.0,27.0,20.24,15.6,68.75,40.0,5.0,,5.24568867411
1999-10-13,6.8,4.9,3.4,25.1,18.6,16.0,72.5,42.0,6.666667,,4.16696068804
1999-10-14,5.1,3.6,0.0,23.5,18.7,14.2,68.5,57.0,4.666667,,3.74054513651
1999-10-15,4.1,4.9,2.0,24.4,18.78,15.6,83.75,61.0,4.666667,,3.29859947311
1999-10-16,1.8,6.0,4.1,24.7,19.3,16.2,81.5,58.0,3.333333,,3.62907734249
1999-10-17,2.7,10.6,0.3,28.8,21.48,16.2,60.5,39.0,1.666667,,5.19031428012
1999-10-18,6.0,9.4,0.0,30.6,21.68,15.4,63.0,38.0,3.0,,5.38621749272
1999-10-19,6.0,9.4,0.0,30.6,21.68,15.4,63.0,38.0,3.0,,5.39094828437
1999-10-20,5.8,7.7,0.0,26.2,20.44,16.7,62.5,45.0,3.666667,,4.90225067204
1999-10-21,5.3,5.7,0.0,25.3,19.58,15.4,70.75,55.0,2.333333,,3.84668538402
1999-10-22,4.0,5.8,0.0,28.9,22.3,17.6,64.75,42.0,1.666667,,4.15299934086
1999-10-23,4.6,8.1,0.0,31.9,23.7,18.6,64.75,35.0,2.666667,,5.23389438042
1999-10-24,4.6,2.1,12.2,27.2,20.96,17.8,82.25,65.0,3.333333,,3.01339826333
1999-10-25,1.8,0.0,0.6,19.6,17.68,15.8,86.25,83.0,3.333333,,2.08458306067
1999-10-26,0.8,3.2,0.2,23.4,18.82,15.5,79.5,67.0,3.333333,,3.09203862874
1999-10-27,2.6,0.0,0.0,19.2,17.3,15.0,88.25,82.0,3.0,,1.9744134196
1999-10-28,0.7,0.4,0.0,23.0,19.08,16.1,86.75,73.0,3.333333,,2.26369179244
1999-10-29,1.7,1.4,0.0,24.5,20.56,17.8,87.75,85.0,4.0,,2.53748015254
1999-10-30,1.9,0.7,0.7,23.1,19.7,18.1,93.5,88.0,3.0,,2.11633124292
1999-10-31,0.6,0.0,57.4,19.1,17.24,16.6,93.0,86.0,3.333333,,1.83806200821
1999-11-01,0.8,0.0,2.6,19.7,16.74,14.6,90.75,88.0,4.333333,,1.87934149437
1999-11-02,0.6,0.1,0.2,19.9,16.98,14.6,89.25,85.0,4.333333,,1.97454630539
1999-11-03,1.0,0.0,0.3,21.1,17.98,14.8,88.75,81.0,3.0,,2.01709222959
1999-11-04,1.2,2.0,3.3,23.5,19.6,16.8,85.25,70.0,3.333333,,2.6917176674
1999-11-05,2.0,4.4,2.0,23.9,19.82,17.8,81.0,70.0,3.333333,,3.40161275908
1999-11-06,2.2,8.5,0.0,27.7,21.54,16.8,74.75,55.0,3.0,,4.66255892783
1999-11-07,7.4,6.3,0.0,26.9,21.74,17.0,79.75,66.0,3.0,,3.97072092224
1999-11-08,4.3,7.7,0.0,26.3,21.5,18.1,71.5,54.0,4.666667,,4.77902168108
1999-11-09,5.4,9.9,0.0,26.9,21.28,17.2,71.75,51.0,3.333333,,5.0536501675
1999-11-10,6.2,9.3,0.0,27.1,21.38,17.3,60.75,46.0,2.333333,,5.09597219511
1999-11-11,6.0,10.6,0.0,26.8,20.8,16.6,59.5,44.0,4.333333,,5.81491048895
1999-11-12,6.9,10.7,0.0,26.5,20.32,15.2,65.25,44.0,4.333333,,5.4538815193
1999-11-13,5.1,6.8,0.0,26.8,20.88,17.0,68.25,49.0,2.0,,4.28073583685
1999-11-14,4.0,7.9,0.0,28.4,22.76,18.2,64.75,50.0,2.333333,,4.84603107681
1999-11-15,4.8,6.7,0.0,27.8,23.68,18.6,66.5,62.0,2.0,,4.43061541105
1999-11-16,3.2,0.0,4.2,24.0,19.82,18.5,92.75,68.0,2.666667,,2.05437275487
1999-11-17,0.6,0.3,7.0,19.9,18.38,17.2,92.5,93.0,3.0,,1.97728890741
1999-11-18,0.8,0.0,1.2,21.7,18.86,16.6,93.0,87.0,3.666667,,1.91285123965
1999-11-19,1.0,0.0,0.2,20.9,18.54,16.6,94.5,93.0,3.666667,,1.82645205039
1999-11-20,0.6,0.0,3.7,20.1,18.66,17.0,92.75,86.0,2.666667,,1.92182658236
1999-11-21,0.4,1.4,53.0,23.3,19.54,17.2,84.25,78.0,2.666667,,2.59711328449
1999-11-22,1.0,6.4,0.0,25.8,21.04,17.4,82.75,71.0,2.0,,3.82681808735
1999-11-23,2.7,6.4,0.0,25.4,20.68,18.0,79.5,61.0,2.0,,3.90419589571
1999-11-24,3.8,4.5,0.0,24.6,20.44,18.4,79.5,64.0,2.666667,,3.50814121127
1999-11-25,2.5,2.6,0.0,25.6,20.76,17.9,79.25,63.0,2.333333,,3.10297163147
1999-11-26,2.2,2.5,1.6,25.2,21.72,17.6,72.75,68.0,1.666667,,3.11691605293
1999-11-27,3.0,4.4,0.2,26.6,21.02,17.7,77.75,54.0,2.0,,3.54827417336
1999-11-28,2.9,2.2,2.9,25.6,22.0,18.6,81.0,77.0,1.666667,,2.91671739386
1999-11-29,2.2,3.0,11.8,25.4,21.56,19.4,91.0,80.0,2.0,,2.89419434868
1999-11-30,0.5,1.6,12.8,22.9,20.14,18.4,91.25,82.0,1.666667,,2.45860473829
1999-12-01,1.4,5.7,0.0,24.3,20.26,17.8,79.5,63.0,2.333333,,3.70205265533
1999-12-02,3.4,0.2,0.5,23.5,20.02,16.8,80.5,61.0,3.666667,,2.57944938314
1999-12-03,3.0,7.6,0.0,26.3,21.02,17.6,77.5,61.0,3.0,,4.32478641279
1999-12-04,5.2,5.9,0.0,24.9,20.34,16.6,75.75,59.0,3.333333,,3.9262483036
1999-12-05,3.4,3.0,3.8,24.5,20.34,17.8,83.75,63.0,3.666667,,3.06292197271
1999-12-06,2.8,1.3,0.0,23.0,19.7,17.7,83.5,71.0,3.333333,,2.64838387389
1999-12-07,2.5,7.6,0.0,26.7,21.0,17.4,66.5,47.0,3.333333,,4.78706116471
1999-12-08,4.5,9.6,0.0,25.9,20.62,16.4,69.0,46.0,4.0,,5.0550533273
1999-12-09,5.6,8.7,0.0,27.2,20.84,16.4,73.75,45.0,4.0,,4.78642750532
1999-12-10,5.2,9.6,0.0,26.5,21.24,17.2,68.5,54.0,3.0,,5.03494065134
1999-12-11,4.2,7.4,0.0,26.6,20.66,16.8,66.25,47.0,3.0,,4.65343560821
1999-12-12,4.2,9.6,0.0,28.8,22.08,16.6,57.5,35.0,2.0,,5.23674984787
1999-12-13,7.3,8.7,0.0,28.5,22.78,18.6,70.0,54.0,2.333333,,4.9208786312
1999-12-14,5.6,5.9,0.0,28.7,22.42,17.2,69.5,52.0,1.666667,,4.11256412652
1999-12-15,4.4,5.1,0.0,29.9,23.3,19.0,74.25,45.0,3.333333,,4.25655289618
1999-12-16,3.4,0.3,9.3,24.3,20.7,18.6,92.5,87.0,2.666667,,2.14930931666
1999-12-17,1.9,4.4,1.4,27.5,22.78,18.6,79.5,65.0,2.666667,,3.65117492498
1999-12-18,4.0,2.1,17.8,27.8,21.64,18.8,90.0,84.0,3.0,,2.76951341145
1999-12-19,2.0,0.0,30.6,22.7,20.3,18.6,94.5,91.0,0.666667,,2.07667887873
1999-12-20,1.1,0.8,19.0,22.4,19.16,17.8,88.25,86.0,2.333333,,2.32550838609
1999-12-21,1.1,0.6,16.5,23.2,19.42,17.0,87.5,75.0,3.0,,2.3250825702
1999-12-22,1.8,10.0,3.0,24.8,20.2,17.3,76.75,60.0,3.333333,,4.73756346872
1999-12-23,4.6,6.3,0.0,25.8,20.72,17.5,80.75,64.0,2.666667,,3.88895203198
1999-12-24,2.8,4.3,6.0,24.9,20.42,17.3,87.25,74.0,4.0,,3.17277160991
1999-12-25,2.8,8.6,8.8,25.5,20.42,17.2,83.25,70.0,4.333333,,4.24621503972
1999-12-26,4.7,10.9,0.0,25.7,20.82,17.7,79.75,67.0,4.333333,,4.90997388221
1999-12-27,2.2,10.2,1.4,25.9,21.02,16.6,72.25,57.0,1.666667,,4.82769553784
1999-12-28,3.4,5.6,0.2,26.3,21.54,17.0,74.5,63.0,3.666667,,4.07022302506
1999-12-29,2.6,2.3,0.0,24.7,20.74,18.8,85.0,74.0,3.333333,,2.90159099117
1999-12-30,1.0,1.6,1.2,24.3,20.5,17.6,89.5,81.0,1.0,,2.53150269944
1999-12-31,0.4,4.0,19.0,25.9,19.66,17.6,86.0,59.0,2.0,,3.22346403284
2000-01-01,0.6,6.7,40.4,25.1,20.72,17.2,79.75,68.0,2.0,,3.92359608776
2000-01-02,0.9,0.8,0.0,23.6,19.64,17.5,85.0,70.0,2.333333,,2.45701061474
2000-01-03,0.5,0.6,0.0,22.5,19.6,17.6,86.0,79.0,2.666667,,2.36502708415
2000-01-04,0.5,8.1,0.0,26.8,21.06,17.7,79.0,53.0,3.0,,4.43261259373
2000-01-05,3.1,6.6,0.0,26.3,20.88,17.5,78.5,57.0,4.0,,4.14729099937
2000-01-06,3.8,3.9,0.0,25.1,19.86,17.6,86.25,68.0,3.0,,3.16456473138
2000-01-07,1.8,8.2,0.8,25.2,20.34,17.2,80.75,61.0,2.666667,,4.25419341662
2000-01-08,4.0,6.8,0.0,25.8,20.64,17.6,80.0,64.0,4.0,,4.08981404294
2000-01-09,4.0,2.3,0.0,24.2,19.92,17.2,77.0,66.0,2.333333,,3.03389337715
2000-01-10,3.3,7.3,0.5,25.7,20.5,17.3,87.25,66.0,4.0,,3.83786836364
2000-01-11,3.0,8.2,0.4,25.8,20.04,17.7,86.5,62.0,4.0,,4.08553694389
2000-01-12,2.5,6.7,3.7,26.0,20.64,17.3,83.75,56.0,3.0,,3.89779683059
2000-01-13,3.2,6.4,0.3,25.4,20.68,17.8,81.0,65.0,2.0,,3.8803412741
2000-01-14,2.7,10.3,0.0,26.9,21.4,17.4,68.25,54.0,2.666667,,5.20374956854
2000-01-15,3.8,10.0,0.0,27.6,21.42,17.2,69.75,50.0,2.333333,,5.09744096644
2000-01-16,4.1,11.3,0.0,30.4,22.56,16.5,61.25,38.0,1.666667,,5.59778284522
2000-01-17,4.8,11.6,0.0,27.2,21.9,17.2,66.75,59.0,2.0,,5.42452099015
2000-01-18,3.7,9.8,0.0,28.0,22.44,18.3,69.5,56.0,2.666667,,5.20526084543
2000-01-19,4.4,9.1,0.0,30.8,24.36,18.7,60.75,36.0,2.666667,,5.56477437411
2000-01-20,4.7,5.6,0.0,30.4,24.1,20.4,68.75,46.0,3.0,,4.63710986613
2000-01-21,4.8,2.6,0.0,25.0,22.1,20.0,82.5,71.0,2.666667,,3.08705830478
2000-01-22,1.5,0.7,18.8,26.8,20.9,17.8,80.25,57.0,3.0,,2.78810955789
2000-01-23,2.9,5.6,0.4,28.2,21.88,18.6,76.25,58.0,3.333333,,4.16926069194
2000-01-24,4.4,3.3,93.2,25.5,21.56,18.3,84.0,78.0,0.666667,,3.06263294912
2000-01-25,1.6,8.1,0.1,27.4,22.12,19.0,80.25,64.0,2.0,,4.47553010789
2000-01-26,3.1,8.4,0.1,27.4,22.06,19.5,77.5,53.0,2.333333,,4.6552722482
2000-01-27,3.3,8.2,0.0,28.8,22.68,17.6,72.25,51.0,1.0,,4.53383052458
2000-01-28,3.0,4.7,5.6,27.6,23.08,18.9,80.0,69.0,1.333333,,3.6127562255
2000-01-29,2.2,10.3,1.1,27.0,21.98,18.7,74.25,59.0,3.666667,,5.20528426991
2000-01-30,4.6,10.1,0.0,26.7,21.86,18.5,67.75,50.0,2.666667,,5.22739158877
2000-01-31,5.8,9.8,0.0,27.5,22.12,18.3,67.75,49.0,2.666667,,5.21690839532
2000-02-01,4.2,7.6,0.0,27.5,21.5,17.4,80.5,60.0,1.666667,,4.26779617042
2000-02-02,3.0,11.2,0.4,31.9,24.74,17.6,56.75,31.0,0.666667,,5.39391543015
2000-02-03,6.7,9.7,0.0,30.9,24.82,20.8,69.0,49.0,4.333333,,5.8869234682
2000-02-04,4.8,3.3,0.0,27.7,22.22,19.4,89.5,75.0,3.0,,3.09129713201
2000-02-05,2.2,5.0,29.6,28.7,22.34,18.6,80.0,57.0,3.0,,3.8787894544
2000-02-06,2.4,8.2,23.2,28.1,22.86,18.6,76.25,56.0,2.0,,4.60727575119
2000-02-07,4.2,6.9,0.4,27.9,22.5,19.6,79.5,59.0,2.0,,4.25659197698
2000-02-08,5.9,11.3,0.0,26.7,21.58,17.6,78.25,61.0,1.666667,,5.12579292739
2000-02-09,5.0,7.9,0.0,26.7,21.46,18.4,79.75,59.0,2.666667,,4.38276214433
2000-02-10,4.0,9.7,0.0,27.5,21.7,18.2,81.25,56.0,4.333333,,4.79565315307
2000-02-11,5.2,10.1,0.0,27.1,22.22,19.0,78.25,64.0,3.333333,,5.00481382334
2000-02-12,4.1,10.6,0.0,26.9,21.58,17.6,76.0,58.0,4.333333,,5.13788518879
2000-02-13,6.0,9.1,0.0,27.5,21.78,18.2,81.25,57.0,4.666667,,4.66728258706
2000-02-14,5.0,3.2,6.2,26.3,20.94,17.8,84.75,61.0,4.666667,,3.17254032348
2000-02-15,3.2,8.0,2.6,26.7,21.5,18.0,79.0,58.0,4.666667,,4.48197932026
2000-02-16,3.6,8.0,0.0,28.1,21.66,17.8,79.25,51.0,4.666667,,4.56934541205
2000-02-17,3.9,0.2,0.2,25.3,21.3,18.2,81.0,67.0,3.666667,,2.65035322816
2000-02-18,2.6,2.8,2.4,23.9,20.78,18.8,88.25,76.0,3.666667,,2.8166685656
2000-02-19,2.0,9.7,1.9,25.7,20.86,17.0,81.5,59.0,4.0,,4.54298357213
2000-02-20,3.8,5.7,0.0,26.5,20.86,17.8,79.5,60.0,3.666667,,3.90018993892
2000-02-21,4.2,5.9,0.5,25.7,20.14,17.0,87.75,79.0,4.666667,,3.46282082481
2000-02-22,3.8,5.3,0.2,25.1,20.74,17.8,88.5,83.0,4.666667,,3.30160846265
2000-02-23,2.5,4.4,1.6,26.0,20.76,17.6,87.5,68.0,3.333333,,3.23032812183
2000-02-24,3.0,6.7,7.4,25.3,20.9,17.8,81.5,71.0,2.333333,,3.8928888029
2000-02-25,3.5,8.1,0.0,27.3,22.0,19.0,77.25,54.0,2.0,,4.4709570724
2000-02-26,4.1,6.6,0.0,27.9,22.1,18.8,83.0,59.0,3.666667,,4.05484675801
2000-02-27,4.4,8.7,0.0,27.3,22.06,18.0,78.25,58.0,3.666667,,4.62055401334
2000-02-28,4.8,4.0,0.0,25.3,21.58,19.2,83.0,70.0,3.0,,3.32214865614
2000-02-29,2.9,7.0,0.0,28.1,22.18,16.8,73.5,57.0,3.333333,,4.42087825118
2000-03-01,4.0,6.6,0.4,26.7,21.42,18.4,81.5,62.0,4.333333,,4.02506622584
2000-03-02,3.0,7.9,1.2,27.5,21.66,18.8,81.25,57.0,4.666667,,4.38684881209
2000-03-03,3.8,6.3,0.2,27.1,21.58,18.2,77.75,48.0,4.0,,4.13696797327
2000-03-04,3.2,7.6,0.2,26.1,21.38,18.0,71.0,56.0,4.0,,4.61636263834
2000-03-05,3.8,4.0,3.0,24.9,20.78,18.6,88.25,78.0,4.333333,,3.03969050484
2000-03-06,2.0,2.8,1.3,25.4,20.8,17.2,78.5,66.0,4.0,,3.24312726209
2000-03-07,3.3,8.6,0.0,27.2,21.7,17.3,66.75,50.0,2.0,,4.64087751453
2000-03-08,4.9,8.2,0.0,28.4,23.22,18.7,65.75,51.0,3.0,,4.95956095874
2000-03-09,4.2,5.5,4.4,27.8,22.38,19.3,75.0,53.0,3.666667,,4.12692645626
2000-03-10,3.8,6.5,0.0,27.7,21.86,19.0,79.0,54.0,4.666667,,4.20290057429
2000-03-11,3.2,4.3,2.4,27.0,22.08,19.0,80.5,55.0,2.0,,3.40897458156
2000-03-12,2.5,0.7,0.0,26.3,21.64,19.5,86.75,84.0,1.666667,,2.37278633622
2000-03-13,1.9,2.8,1.8,27.6,21.46,18.5,87.75,76.0,2.666667,,2.88225849823
2000-03-14,2.1,5.5,2.0,26.3,22.18,18.6,84.5,68.0,3.0,,3.53436743612
2000-03-15,1.4,2.4,41.5,23.9,20.98,18.6,88.5,85.0,2.333333,,2.61409153019
2000-03-16,1.2,10.5,1.6,25.7,20.9,17.6,76.0,59.0,2.666667,,4.7299588229
2000-03-17,4.2,9.6,0.0,26.7,20.62,17.0,68.25,46.0,2.0,,4.67743871327
2000-03-18,5.8,10.2,0.0,27.3,20.7,16.4,68.5,45.0,2.0,,4.80149845718
2000-03-19,4.0,7.8,0.0,27.7,22.3,18.0,72.25,56.0,2.0,,4.31163185861
2000-03-20,3.8,6.6,0.0,27.8,22.28,19.1,74.0,52.0,3.666667,,4.3040749923
2000-03-21,4.7,4.2,0.2,24.4,20.46,18.4,70.0,60.0,3.333333,,3.69195151452
2000-03-22,4.3,7.3,0.0,25.4,20.26,17.8,84.25,65.0,3.333333,,3.7616910608
2000-03-23,3.3,9.4,0.6,26.3,21.12,16.9,70.25,50.0,3.666667,,4.74126288113
2000-03-24,4.7,9.5,0.0,27.3,21.76,17.2,67.25,46.0,3.666667,,4.97117815683
2000-03-25,4.6,8.5,0.0,27.3,21.68,16.6,68.75,47.0,4.333333,,4.79184130623
2000-03-26,5.9,7.3,0.3,24.6,21.7,17.8,68.75,64.0,4.333333,,4.40977450081
2000-03-27,3.8,6.7,0.4,27.7,21.78,18.4,78.25,55.0,4.0,,4.06050051271
2000-03-28,4.0,6.3,0.0,26.5,21.62,18.6,77.25,55.0,4.666667,,4.00733654658
2000-03-29,3.8,6.2,0.0,25.3,20.94,17.6,78.5,61.0,5.333333,,3.82555339338
2000-03-30,3.9,6.6,0.6,26.5,20.74,17.6,79.5,53.0,4.0,,3.8324533939
2000-03-31,5.4,7.0,2.0,26.9,21.66,17.4,74.5,56.0,4.0,,4.14681544461
2000-04-01,6.2,8.5,0.0,26.7,21.94,18.8,72.5,58.0,4.0,,4.55570407694
2000-04-02,4.4,4.9,0.5,25.5,21.18,19.2,86.25,73.0,3.666667,,3.17119591734
2000-04-03,2.5,6.3,0.6,25.8,21.12,18.2,81.75,67.0,4.666667,,3.64163829412
2000-04-04,3.7,4.5,0.3,25.0,20.22,18.0,90.0,84.0,4.333333,,2.82251998738
2000-04-05,3.3,5.3,3.3,23.7,20.02,18.0,89.5,76.0,4.333333,,2.91809585998
2000-04-06,2.0,7.9,8.7,25.5,20.86,17.8,84.5,66.0,4.333333,,3.70921223255
2000-04-07,3.0,10.1,0.1,26.5,21.06,17.6,72.5,46.0,3.333333,,4.60468330945
2000-04-08,6.5,8.1,0.0,25.5,20.9,17.2,74.5,54.0,3.666667,,4.1008201081
2000-04-09,3.5,4.6,0.7,25.4,20.56,17.6,84.25,62.0,4.0,,3.08020095812
2000-04-10,2.8,0.5,1.4,23.7,20.28,18.2,82.25,66.0,3.333333,,2.33341050433
2000-04-11,2.2,,0.6,25.9,20.5,17.0,74.75,54.0,2.666667,,3.45748695999
2000-04-12,3.6,7.8,0.0,26.7,21.5,18.2,76.0,54.0,3.333333,,4.0355798724
2000-04-13,4.0,4.3,0.0,26.7,21.3,19.2,85.0,64.0,3.666667,,3.06652800198
2000-04-14,2.0,5.4,3.2,25.3,20.22,17.8,84.25,67.0,3.333333,,3.15360041778
2000-04-15,3.0,8.6,0.0,26.5,21.62,18.4,78.25,58.0,3.0,,4.02618509403
2000-04-16,3.1,5.3,0.6,25.9,20.98,18.2,78.5,62.0,2.666667,,3.31866473406
2000-04-17,2.7,5.1,0.0,25.5,20.98,18.4,78.0,61.0,3.0,,3.31212821212
2000-04-18,2.7,7.4,0.3,26.4,21.04,18.7,74.5,55.0,2.666667,,3.85273657742
2000-04-19,3.4,5.8,0.0,26.9,21.52,18.6,74.5,56.0,1.666667,,3.39794710936
2000-04-20,3.0,9.2,0.0,28.5,22.5,18.8,71.0,48.0,2.333333,,4.34227018048
2000-04-21,3.8,7.5,0.0,29.9,23.68,18.7,68.5,53.0,1.666667,,3.98101724171
2000-04-22,3.9,6.5,0.0,30.2,21.92,18.3,78.5,53.0,3.333333,,3.81274809826
2000-04-23,2.7,3.3,80.2,25.5,21.2,17.7,83.25,72.0,2.666667,,2.69109883382
2000-04-24,1.7,0.7,4.2,22.3,19.54,18.4,92.25,91.0,4.666667,,1.81304786067
2000-04-25,0.6,6.5,2.9,24.1,19.54,17.2,87.25,72.0,3.666667,,3.01616998511
2000-04-26,2.8,9.7,0.0,24.9,19.62,15.6,76.0,53.0,3.0,,3.88359158984
2000-04-27,3.4,8.7,0.0,25.5,20.22,17.2,70.5,55.0,2.0,,3.81988883175
2000-04-28,3.6,3.7,0.4,24.1,19.86,17.2,83.5,66.0,3.666667,,2.69247523231
2000-04-29,0.9,3.4,1.6,24.3,20.14,17.8,91.75,76.0,4.0,,2.29500087067
2000-04-30,2.0,8.3,0.3,24.5,20.22,17.2,80.25,63.0,4.333333,,3.5863644956
2000-05-01,3.0,5.2,1.2,23.5,19.98,17.8,87.75,76.0,4.0,,2.71570514748
2000-05-02,1.5,2.6,0.5,22.9,19.48,17.1,88.0,73.0,4.0,,2.24666131607
2000-05-03,1.7,3.9,1.5,22.4,19.46,17.3,86.0,80.0,4.0,,2.51132223423
2000-05-04,1.8,5.9,2.6,23.2,19.2,16.6,87.5,73.0,3.666667,,2.74497093191
2000-05-05,1.7,5.9,3.0,24.0,19.72,17.2,88.75,77.0,3.333333,,2.75019028877
2000-05-06,1.8,3.9,3.7,23.7,19.76,17.4,87.0,72.0,2.333333,,2.46085028213
2000-05-07,1.4,7.3,0.3,25.2,20.44,18.0,82.0,64.0,2.666667,,3.26624133866
2000-05-08,2.5,7.7,0.0,26.2,21.22,18.6,80.75,60.0,3.666667,,3.51349597493
2000-05-09,3.6,8.2,0.0,26.0,20.8,18.0,80.0,62.0,2.333333,,3.46912112113
2000-05-10,2.3,8.5,0.0,26.9,21.06,18.4,80.25,56.0,2.666667,,3.59975306346
2000-05-11,3.2,6.7,0.0,25.3,20.46,17.6,82.0,61.0,3.333333,,3.1551429527
2000-05-12,3.0,4.8,0.2,22.5,19.18,16.8,79.0,66.0,3.666667,,2.83386745677
2000-05-13,2.8,8.2,0.0,23.1,17.98,15.4,82.25,57.0,4.333333,,3.16050621898
2000-05-14,2.8,1.8,0.2,21.3,18.3,15.4,84.0,73.0,3.333333,,2.08932634582
2000-05-15,1.9,7.0,5.7,23.0,18.04,15.3,84.25,59.0,3.333333,,2.85936588221
2000-05-16,2.3,7.2,0.0,24.4,18.76,15.6,77.5,56.0,1.666667,,3.02851770601
2000-05-17,2.2,7.4,0.0,26.5,20.02,16.2,77.75,52.0,1.666667,,3.17623630096
2000-05-18,2.3,5.8,0.0,26.5,21.14,17.6,76.75,58.0,1.666667,,2.96779518879
2000-05-19,2.6,3.7,0.0,26.9,21.78,18.4,78.75,55.0,0.666667,,2.43088938139
2000-05-20,2.7,7.7,0.0,26.5,21.6,18.6,71.25,58.0,2.0,,3.46152829411
2000-05-21,4.3,5.6,0.0,25.5,19.92,17.0,80.75,54.0,4.666667,,3.04675080975
2000-05-22,2.4,0.0,0.9,19.7,17.82,16.8,94.25,88.0,5.333333,,1.36333860368
2000-05-23,0.4,0.8,6.2,19.9,17.5,15.8,93.5,88.0,4.0,,1.50153791696
2000-05-24,0.8,5.5,1.5,21.1,17.54,15.2,85.75,71.0,3.666667,,2.44202766974
2000-05-25,2.0,0.2,0.2,20.3,17.7,15.6,91.5,81.0,3.0,,1.50780610947
2000-05-26,1.0,3.6,2.4,21.7,17.98,15.8,87.0,77.0,2.666667,,2.15559763228
2000-05-27,1.6,7.4,0.2,24.4,19.12,16.4,79.25,62.0,2.0,,2.9897550653
2000-05-28,3.7,7.7,0.0,25.7,19.74,15.2,76.75,51.0,2.666667,,3.19356640257
2000-05-29,2.5,7.4,0.0,27.6,21.18,17.7,73.25,48.0,0.666667,,3.01880937632
2000-05-30,3.3,8.6,0.0,24.9,19.9,17.4,74.0,57.0,2.333333,,3.36808985882
2000-05-31,3.4,7.7,0.0,25.5,19.66,17.2,77.75,56.0,2.333333,,3.1653948143
2000-06-01,3.1,8.5,0.0,26.3,19.82,15.4,62.25,36.0,1.666667,,3.40940656855
2000-06-02,6.0,8.6,0.0,25.7,19.96,16.4,72.25,52.0,4.0,,3.67997770119
2000-06-03,3.8,10.2,0.0,24.9,19.44,16.8,74.5,49.0,4.333333,,3.77825041095
2000-06-04,4.5,0.2,0.0,21.3,18.18,16.6,91.25,86.0,4.0,,1.54169865294
2000-06-05,4.9,0.0,2.4,19.3,16.62,14.6,91.0,81.0,5.666667,,1.45383870422
2000-06-06,1.4,3.2,0.5,20.5,16.9,14.4,88.75,86.0,3.333333,,1.92924996886
2000-06-07,0.8,5.1,1.3,22.3,17.26,14.8,85.25,60.0,3.333333,,2.37226651931
2000-06-08,2.0,2.0,0.8,22.9,18.22,16.0,89.75,76.0,3.666667,,1.85776076883
2000-06-09,1.6,8.3,2.6,22.5,18.38,15.4,84.25,67.0,4.666667,,2.86243735522
2000-06-10,2.2,3.5,2.3,21.7,17.94,16.2,89.5,74.0,4.333333,,2.02487941474
2000-06-11,0.6,0.8,1.0,21.3,18.34,16.2,92.75,90.0,3.666667,,1.5279882281
2000-06-12,1.0,2.5,6.1,21.8,18.42,16.4,91.75,83.0,2.666667,,1.81297667436
2000-06-13,0.5,7.4,3.7,23.0,17.42,15.5,81.25,55.0,3.0,,2.8254006799
2000-06-14,2.5,8.4,0.0,22.4,17.16,14.0,80.5,66.0,2.666667,,2.86073440736
2000-06-15,2.3,7.0,0.0,23.2,17.58,14.2,78.75,52.0,3.0,,2.81510291695
2000-06-16,2.8,5.0,0.3,23.2,18.06,15.4,83.0,61.0,3.0,,2.46056648318
2000-06-17,1.9,5.7,0.0,23.8,18.22,15.7,82.25,62.0,1.666667,,2.50785284423
2000-06-18,2.3,6.3,0.4,24.5,18.96,16.4,80.0,60.0,2.666667,,2.79336774536
2000-06-19,2.2,7.8,0.0,25.7,19.62,17.0,79.75,57.0,2.0,,3.02394666618
2000-06-20,2.6,6.8,1.4,25.1,19.54,16.8,84.0,59.0,3.333333,,2.81967866356
2000-06-21,2.8,9.7,0.0,26.7,20.74,17.6,78.25,54.0,3.666667,,3.59526860779
2000-06-22,3.2,0.4,0.0,25.3,19.82,16.6,80.25,59.0,3.0,,2.06260567287
2000-06-23,4.1,0.8,0.0,21.7,17.9,16.0,92.75,84.0,4.0,,1.52498432229
2000-06-24,1.4,0.5,5.5,18.7,16.14,14.6,91.75,86.0,5.0,,1.43264382033
2000-06-25,2.4,1.7,0.0,20.7,16.46,14.4,85.0,71.0,3.666667,,1.89694951404
2000-06-26,2.8,8.1,0.2,22.7,17.22,12.4,73.0,58.0,2.666667,,2.98490120487
2000-06-27,4.3,2.3,0.0,21.6,17.14,14.1,86.5,74.0,2.666667,,1.88747427568
2000-06-28,2.8,2.5,0.0,20.5,17.66,15.7,89.0,77.0,4.0,,1.86198965943
2000-06-29,1.8,4.3,5.5,21.0,17.42,15.0,86.0,74.0,3.333333,,2.18272095785
2000-06-30,2.9,3.3,1.0,22.3,18.48,16.4,88.5,71.0,2.666667,,2.04098932893
2000-07-01,1.5,9.6,0.1,24.3,17.6,14.3,69.75,47.0,2.666667,,3.43573614068
2000-07-02,5.1,9.8,0.0,23.5,17.22,11.2,75.0,52.0,3.333333,,3.22428856564
2000-07-03,4.3,8.3,0.0,22.8,17.72,14.4,82.5,62.0,4.333333,,2.91009800382
2000-07-04,3.0,8.4,1.6,22.9,17.38,14.2,77.75,54.0,5.0,,3.18434321025
2000-07-05,3.6,5.7,5.6,21.5,16.42,13.2,82.5,59.0,3.666667,,2.47292743329
2000-07-06,2.4,4.6,0.3,21.2,17.24,14.2,80.75,61.0,4.666667,,2.50695388226
2000-07-07,3.9,10.0,1.4,22.3,17.46,14.6,79.25,61.0,4.333333,,3.24242269223
2000-07-08,3.2,2.7,3.4,20.5,17.34,15.0,86.75,76.0,3.0,,1.95377151336
2000-07-09,1.8,5.4,1.2,22.3,17.86,15.0,83.75,66.0,3.333333,,2.4874361493
2000-07-10,2.1,3.4,0.0,21.3,17.92,15.3,87.5,74.0,3.666667,,2.0747885984
2000-07-11,1.9,10.2,1.7,23.4,17.9,15.1,75.5,56.0,2.666667,,3.38826169742
2000-07-12,3.8,8.5,0.2,23.1,17.86,15.8,78.0,65.0,3.0,,3.14681955726
2000-07-13,3.2,5.4,0.0,22.2,17.96,14.2,87.0,74.0,3.666667,,2.36033755101
2000-07-14,2.1,7.3,2.2,22.3,17.2,15.4,83.0,59.0,3.0,,2.78483756464
2000-07-15,2.2,7.3,0.5,22.7,17.26,15.0,79.5,53.0,2.666667,,2.88272647166
2000-07-16,2.7,7.4,0.0,27.7,18.76,13.1,68.25,33.0,1.666667,,3.21025945765
2000-07-17,6.8,9.6,0.0,30.0,22.44,14.2,,31.0,1.333333,,4.362553632
2000-07-18,5.5,1.9,0.0,23.0,19.12,17.6,86.5,67.0,4.666667,,2.12538113708
2000-07-19,1.4,3.1,2.6,22.5,18.06,16.6,85.5,69.0,3.666667,,2.24350798859
2000-07-20,2.0,8.3,0.2,25.3,19.22,16.0,71.25,45.0,1.666667,,3.28426380403
2000-07-21,4.6,8.9,0.0,23.7,19.18,16.2,75.0,50.0,3.333333,,3.45875558466
2000-07-22,4.9,7.8,0.0,27.5,21.06,15.8,58.75,50.0,2.333333,,3.80843760194
2000-07-23,3.0,5.7,1.6,25.2,19.52,15.8,69.0,45.0,2.333333,,3.12192063832
2000-07-24,3.6,8.8,0.0,26.7,19.64,15.6,68.5,43.0,2.333333,,3.67147320115
2000-07-25,4.9,9.1,0.0,24.5,18.74,16.1,66.0,45.0,3.333333,,3.88718178698
2000-07-26,4.7,8.5,0.0,24.4,18.14,14.5,68.0,46.0,3.666667,,3.73632824385
2000-07-27,6.2,5.6,0.0,24.0,18.7,14.5,66.0,50.0,4.333333,,3.57619568599
2000-07-28,4.7,4.4,0.0,22.4,17.38,15.5,91.5,69.0,4.0,,2.18089850465
2000-07-29,2.1,0.9,5.1,18.5,15.6,13.5,82.0,69.0,3.0,,1.87820315578
2000-07-30,2.9,8.2,0.0,22.9,16.62,12.7,73.0,52.0,3.0,,3.28339579372
2000-07-31,4.4,6.4,0.2,23.6,16.86,12.7,74.25,48.0,4.0,,3.18525547144
2000-08-01,4.3,8.5,0.0,23.2,18.34,14.7,66.0,52.0,4.333333,,3.91688677292
2000-08-02,5.0,6.8,0.2,23.5,18.28,15.3,71.5,53.0,4.333333,,3.51678029426
2000-08-03,4.4,7.1,0.3,23.2,17.5,15.1,69.5,53.0,2.333333,,3.27742887034
2000-08-04,3.6,6.5,1.3,24.2,18.42,14.9,72.0,47.0,2.666667,,3.24607047956
2000-08-05,3.4,6.8,0.2,22.5,18.52,16.7,75.0,56.0,5.0,,3.44925682186
2000-08-06,3.5,6.3,0.0,22.8,17.82,14.5,71.0,53.0,5.0,,3.52117761111
2000-08-07,3.5,0.0,0.0,20.8,17.6,15.1,85.75,78.0,3.333333,,1.79695347992
2000-08-08,0.9,6.7,6.4,24.0,19.02,16.8,83.0,64.0,4.0,,3.10751540436
2000-08-09,2.0,8.2,0.6,24.8,18.82,16.1,72.0,50.0,3.666667,,3.79088974554
2000-08-10,3.9,6.1,0.1,24.9,18.84,16.2,74.0,50.0,3.333333,,3.37810527236
2000-08-11,3.2,6.5,0.0,24.7,18.58,15.7,74.0,51.0,2.333333,,3.26994589958
2000-08-12,2.9,9.5,0.0,26.0,19.98,15.8,66.25,46.0,3.333333,,4.2530903082
2000-08-13,4.4,4.0,0.0,22.6,18.14,15.9,80.5,65.0,4.333333,,2.7854061699
2000-08-14,2.9,6.0,0.0,21.7,16.4,14.1,76.0,51.0,6.0,,3.28312702485
2000-08-15,4.0,2.8,0.0,19.6,15.42,12.7,75.0,58.0,4.666667,,2.66238035788
2000-08-16,2.4,8.1,1.1,22.8,16.5,13.7,75.0,51.0,3.666667,,3.4957024052
2000-08-17,3.8,8.8,0.0,22.8,17.22,12.7,73.5,56.0,5.333333,,3.75852698448
2000-08-18,4.0,8.2,0.4,24.7,17.84,13.7,62.75,40.0,2.0,,3.73233303745
2000-08-19,3.8,9.7,0.0,25.0,18.9,14.9,68.0,42.0,4.0,,4.30417934351
2000-08-20,4.7,5.5,0.0,24.6,18.9,15.9,73.0,51.0,4.0,,3.49604796002
2000-08-21,3.9,6.2,0.4,24.8,18.42,14.8,71.75,40.0,4.0,,3.63503662047
2000-08-22,4.0,5.0,1.9,23.9,18.12,14.8,84.5,60.0,3.333333,,2.81976862662
2000-08-23,2.6,5.9,3.5,24.1,18.7,16.2,80.75,59.0,3.333333,,3.18180901447
2000-08-24,2.4,8.6,0.3,24.8,19.22,15.5,77.25,55.0,4.666667,,3.86793874277
2000-08-25,3.9,8.2,0.0,26.0,19.66,15.5,78.5,53.0,3.333333,,3.76088405142
2000-08-26,4.3,8.2,0.0,26.9,19.84,17.3,67.75,42.0,3.333333,,4.32030005354
2000-08-27,5.6,10.4,0.0,27.0,19.74,15.3,59.25,39.0,2.333333,,4.61635647005
2000-08-28,6.8,9.4,0.0,28.2,20.74,16.1,58.0,38.0,2.0,,4.50025731044
2000-08-29,6.2,,0.0,29.0,21.86,17.3,59.5,43.0,2.666667,,4.40586799707
2000-08-30,8.7,7.9,0.0,26.7,20.16,17.7,58.0,43.0,4.0,,4.88887955242
2000-08-31,8.0,5.2,0.4,23.3,17.96,14.7,86.25,56.0,3.0,,2.83852265321
2000-09-01,2.8,,0.8,25.8,19.18,15.1,61.75,42.0,3.0,,4.06158722578
2000-09-02,6.1,6.7,0.0,26.2,19.92,16.8,68.0,51.0,2.666667,,3.92636435257
2000-09-03,6.4,6.1,0.0,26.2,19.9,16.7,69.25,49.0,2.0,,3.64315086955
2000-09-04,5.0,,0.0,27.9,20.72,16.0,61.25,43.0,2.0,,4.10311788391
2000-09-05,6.7,,0.0,22.7,19.1,16.5,77.75,62.0,4.0,,3.02661293417
2000-09-06,2.9,,0.2,26.1,19.6,16.1,77.5,58.0,4.0,,3.65904809501
2000-09-07,4.7,2.1,1.4,23.4,18.42,15.3,84.25,66.0,4.0,,2.50238333611
2000-09-08,2.4,0.6,3.3,20.0,16.92,15.1,89.5,80.0,2.666667,,1.89144537592
2000-09-09,1.5,2.8,0.0,24.2,18.8,15.3,78.5,58.0,3.666667,,2.90609955019
2000-09-10,2.7,3.7,1.3,23.6,19.16,16.0,82.25,64.0,3.666667,,2.90015770469
2000-09-11,2.4,3.3,1.6,23.4,19.1,16.3,78.5,54.0,3.0,,2.93454326017
2000-09-12,2.4,3.6,2.8,22.6,18.74,16.7,89.0,75.0,3.333333,,2.59568150576
2000-09-13,1.4,1.3,0.4,23.6,18.86,15.9,86.75,68.0,3.0,,2.27881296634
2000-09-14,1.1,6.3,2.2,25.4,20.1,16.9,72.5,53.0,4.333333,,4.03395273719
2000-09-15,5.6,6.9,0.0,25.3,19.32,16.1,76.75,56.0,5.0,,3.94420839318
2000-09-16,4.4,6.6,1.8,25.6,20.04,16.8,79.0,51.0,4.333333,,3.79553877344
2000-09-17,4.6,7.1,0.0,25.6,19.9,16.9,75.75,53.0,4.666667,,4.08495157194
2000-09-18,5.3,7.9,0.0,25.8,19.62,16.6,68.0,40.0,5.333333,,4.72780005511
2000-09-19,5.9,8.3,0.0,25.6,19.34,15.1,69.5,40.0,4.0,,4.4437996515
2000-09-20,4.6,5.5,0.6,24.4,18.5,15.1,80.75,56.0,4.666667,,3.40940808827
2000-09-21,3.5,2.9,3.3,22.7,17.36,14.9,75.5,62.0,4.0,,3.07549161719
2000-09-22,2.4,7.8,1.0,24.7,17.9,13.5,68.0,47.0,3.0,,4.14507966478
2000-09-23,4.5,9.5,0.0,26.3,19.38,13.6,58.25,33.0,3.0,,4.89866013802
2000-09-24,6.5,8.3,0.0,27.1,20.08,15.7,60.25,41.0,3.0,,4.79672512328
2000-09-25,7.4,9.5,0.0,29.2,21.46,16.3,57.75,37.0,3.0,,5.32537949551
2000-09-26,5.2,8.4,0.0,25.2,19.54,16.7,64.5,52.0,4.333333,,4.8504277288
2000-09-27,5.4,5.3,0.6,24.9,18.68,15.9,74.25,52.0,5.0,,3.862936904
2000-09-28,5.1,2.1,0.0,23.2,17.62,14.7,81.75,67.0,4.333333,,2.72861631998
2000-09-29,4.8,5.5,0.4,22.1,18.48,14.9,82.25,73.0,4.666667,,3.23992205148
2000-09-30,2.2,4.6,0.2,25.0,18.84,15.4,84.0,56.0,3.666667,,3.17524809023
2000-10-01,3.0,5.8,1.6,25.2,19.58,15.9,72.5,53.0,4.0,,3.97094251359
2000-10-02,4.8,6.3,0.0,26.2,19.9,16.7,69.0,46.0,2.666667,,4.09850967922
2000-10-03,4.8,6.9,0.0,27.5,19.98,15.2,63.5,41.0,2.666667,,4.4224301847
2000-10-04,4.3,10.4,0.0,30.4,22.3,17.1,50.5,30.0,2.0,,5.51501113904
2000-10-05,6.5,9.1,0.0,32.0,23.14,16.1,49.25,26.0,1.666667,,5.20074259685
2000-10-06,5.5,8.7,0.0,31.4,23.06,17.3,55.5,31.0,2.0,,5.17818747858
2000-10-07,8.0,9.8,0.0,29.0,22.2,18.3,51.75,35.0,3.0,,5.75507944055
2000-10-08,6.7,9.9,0.0,28.2,21.46,16.5,49.0,24.0,3.333333,,5.8368585029
2000-10-09,7.6,10.2,0.0,28.1,21.28,16.7,57.0,29.0,3.666667,,5.71535838787
2000-10-10,8.4,8.9,0.0,26.7,20.64,16.9,64.25,40.0,3.0,,4.92709943253
2000-10-11,5.9,9.1,0.0,27.3,20.8,15.7,65.75,49.0,4.0,,5.10138701319
2000-10-12,7.0,7.4,0.0,27.1,21.36,16.7,67.25,46.0,3.666667,,4.69317783654
2000-10-13,6.6,9.2,0.0,27.8,21.26,17.1,57.5,37.0,4.0,,5.61896210278
2000-10-14,6.7,7.6,0.0,28.9,20.8,15.5,77.0,44.0,3.0,,4.35777825206
2000-10-15,5.6,10.5,0.0,26.5,20.24,15.9,62.5,42.0,4.0,,5.45248020483
2000-10-16,6.3,7.8,0.0,27.2,20.26,15.8,62.5,38.0,4.666667,,5.17140026038
2000-10-17,6.4,10.2,0.0,28.4,21.26,16.4,54.25,29.0,5.333333,,6.37235797009
2000-10-18,6.8,7.8,0.0,28.4,21.0,17.1,53.75,34.0,3.333333,,5.38000343962
2000-10-19,6.7,9.9,0.0,28.2,20.98,14.9,55.25,32.0,5.0,,6.07531960029
2000-10-20,7.2,10.3,0.0,29.8,21.74,16.4,42.75,32.0,2.0,,5.65178803164
2000-10-21,7.0,10.6,0.0,30.6,22.2,15.8,47.0,26.0,2.666667,,6.02811510799
2000-10-22,7.7,7.6,0.0,30.4,21.7,17.2,46.75,27.0,3.0,,5.65952501093
2000-10-23,7.4,9.1,0.0,27.7,21.78,17.6,60.5,39.0,3.666667,,5.44612976114
2000-10-24,9.3,3.0,0.0,26.5,21.12,17.9,61.25,42.0,3.666667,,4.16267388323
2000-10-25,8.6,0.9,0.0,24.4,20.06,16.7,68.5,60.0,3.666667,,3.26643914361
2000-10-26,7.8,8.0,0.0,26.9,21.36,16.7,57.5,44.0,4.0,,5.34071999209
2000-10-27,8.3,8.9,0.0,26.9,20.76,15.5,60.25,42.0,3.333333,,5.16304264231
2000-10-28,8.2,6.4,0.0,29.3,23.08,17.5,52.0,37.0,2.0,,4.71876225632
2000-10-29,8.8,5.7,0.0,28.5,23.22,18.8,76.0,53.0,3.666667,,4.22655710284
2000-10-30,2.4,6.3,8.1,28.5,22.2,18.5,70.75,46.0,4.0,,4.63490857276
2000-10-31,5.9,4.9,0.0,26.9,21.54,17.6,67.25,54.0,4.333333,,4.42769500939
2000-11-01,5.7,10.4,0.0,29.8,22.12,15.4,45.25,26.0,2.333333,,5.80643936238
2000-11-02,8.1,3.6,0.0,27.9,22.12,16.9,54.0,41.0,3.333333,,4.56087826578
2000-11-03,5.5,,1.9,25.4,21.4,18.4,76.5,58.0,3.0,,3.63321344821
2000-11-04,2.9,3.4,0.0,28.0,22.84,19.0,68.25,51.0,2.0,,3.66161817727
2000-11-05,3.3,0.0,77.8,24.0,20.22,18.1,89.25,72.0,1.333333,,2.13619192029
2000-11-06,1.2,4.2,3.2,26.7,21.64,18.1,81.75,64.0,1.666667,,3.3873874167
2000-11-07,1.6,2.4,0.4,25.5,21.72,19.7,88.0,89.0,0.666667,,2.81810743935
2000-11-08,1.0,3.8,76.6,25.6,21.34,18.1,87.0,81.0,2.333333,,3.13834796963
2000-11-09,1.6,0.6,24.8,23.6,20.3,18.7,91.0,90.0,1.333333,,2.25402942764
2000-11-10,1.2,,7.5,27.5,21.72,18.1,79.0,57.0,2.333333,,3.97523259283
2000-11-11,1.8,2.5,4.8,25.2,21.02,18.3,83.5,68.0,1.666667,,2.90078169189
2000-11-12,0.5,2.9,13.8,27.1,22.24,17.5,83.5,64.0,1.666667,,3.04592002955
2000-11-13,1.5,0.0,33.5,23.6,20.36,18.6,88.5,71.0,1.333333,,2.15902427334
2000-11-14,0.8,7.7,3.8,28.0,22.34,18.6,78.0,60.0,1.333333,,4.36282816109
2000-11-15,4.1,9.1,0.0,29.6,23.26,18.5,71.5,56.0,1.0,,4.8183920536
2000-11-16,4.1,10.1,1.2,27.1,21.56,19.2,73.25,49.0,5.333333,,5.35202956138
2000-11-17,6.0,11.1,0.0,26.4,21.1,17.6,70.25,59.0,5.0,,5.50265670506
2000-11-18,6.1,9.3,0.0,26.6,21.3,17.6,71.0,48.0,4.333333,,5.07764610308
2000-11-19,5.5,9.5,0.0,26.9,20.8,17.1,77.5,56.0,4.0,,4.78899498925
2000-11-20,5.0,8.3,0.0,28.0,21.3,18.7,63.75,44.0,3.333333,,5.20512724772
2000-11-21,5.8,10.6,0.0,27.6,21.78,18.9,65.25,44.0,4.666667,,5.83539234812
2000-11-22,6.2,6.4,0.8,26.3,21.12,18.3,73.0,53.0,4.666667,,4.46999636323
2000-11-23,4.3,8.5,0.0,25.1,20.64,16.9,72.75,59.0,5.0,,4.72916626324
2000-11-24,4.6,4.0,0.6,25.8,20.46,17.7,77.25,57.0,4.0,,3.65190705083
2000-11-25,3.0,8.3,2.0,26.3,21.08,18.1,68.75,52.0,2.333333,,4.67820475298
2000-11-26,5.0,8.2,0.0,27.1,21.76,18.5,66.5,46.0,2.666667,,4.86129111909
2000-11-27,4.6,8.0,0.0,26.8,20.56,17.1,66.25,45.0,3.666667,,4.93138559747
2000-11-28,5.6,9.7,0.0,26.6,21.2,17.1,64.0,48.0,2.666667,,5.13259778719
2000-11-29,5.7,8.2,0.0,26.8,20.78,17.3,68.75,55.0,3.0,,4.76987683824
2000-11-30,4.7,4.9,0.0,26.3,20.82,17.3,74.0,54.0,2.333333,,3.77264113839
2000-12-01,3.2,7.6,0.0,29.9,22.7,16.8,60.75,41.0,2.333333,,4.94458535763
2000-12-02,5.3,6.3,0.0,29.5,24.32,19.5,54.75,47.0,1.666667,,4.60352621493
2000-12-03,5.3,6.0,0.0,28.5,23.48,20.5,66.5,53.0,2.666667,,4.5775797744
2000-12-04,5.0,6.4,0.0,28.3,21.92,19.1,73.75,58.0,2.333333,,4.30757072573
2000-12-05,4.8,4.6,0.0,28.0,22.58,17.7,69.25,61.0,1.666667,,3.7970017758
2000-12-06,5.0,3.8,0.0,26.5,21.68,17.9,76.5,63.0,2.666667,,3.53851130143
2000-12-07,4.3,4.3,0.0,27.9,22.84,19.7,78.75,64.0,3.666667,,3.82075645578
2000-12-08,3.6,3.6,33.4,24.9,20.36,17.1,86.75,71.0,3.0,,3.04545914194
2000-12-09,2.6,,0.0,26.1,20.72,17.5,74.5,55.0,2.666667,,3.94127828037
2000-12-10,4.6,10.0,0.0,27.1,21.84,16.9,68.75,52.0,1.666667,,4.9299890697
2000-12-11,4.1,1.2,0.0,25.9,20.4,17.7,74.25,64.0,2.666667,,3.02559840604
2000-12-12,2.3,3.0,2.1,25.1,20.84,17.9,82.5,63.0,2.666667,,3.09580720492
2000-12-13,1.5,0.6,3.8,23.0,20.54,18.9,88.75,85.0,2.333333,,2.31239901178
2000-12-14,1.1,0.0,19.4,22.1,19.6,18.5,91.0,83.0,3.333333,,2.0700711244
2000-12-15,0.7,1.3,14.9,22.8,19.9,18.3,91.5,84.0,3.333333,,2.33191276942
2000-12-16,1.0,0.0,19.5,21.0,18.94,17.8,92.0,91.0,3.666667,,1.97461768182
2000-12-17,0.9,0.0,17.4,19.5,18.04,16.9,90.75,88.0,4.333333,,1.9551865689
2000-12-18,1.1,2.6,8.4,26.5,21.12,17.1,85.0,71.0,2.0,,2.93201610101
2000-12-19,2.0,7.9,0.8,26.9,21.84,16.9,79.25,73.0,2.0,,4.29312515255
2000-12-20,3.0,7.1,0.1,27.5,22.44,19.1,73.5,58.0,1.666667,,4.32556050892
2000-12-21,3.6,8.8,0.0,28.1,22.52,18.7,75.75,53.0,2.333333,,4.7761616262
2000-12-22,4.0,8.0,0.0,26.9,21.04,18.5,81.75,55.0,2.333333,,4.34480341746
2000-12-23,3.0,10.2,0.0,26.0,21.22,17.7,73.25,61.0,3.333333,,5.02516830636
2000-12-24,5.3,6.3,0.0,24.9,20.96,18.7,86.25,75.0,3.0,,3.71139454463
2000-12-25,3.1,7.6,9.4,26.0,20.34,17.1,74.0,50.0,2.333333,,4.33243047054
2000-12-26,5.4,9.6,0.0,26.4,20.76,17.0,77.5,59.0,4.0,,4.76784663233
2000-12-27,5.7,11.0,0.0,27.3,21.24,17.1,70.25,53.0,2.0,,5.21154760723
2000-12-28,4.0,7.1,0.0,25.7,20.76,18.3,78.0,59.0,2.333333,,4.15822614928
2000-12-29,2.9,10.7,0.0,26.2,21.28,18.0,75.75,59.0,2.0,,5.00803894574
2000-12-30,3.4,10.5,0.0,28.5,22.64,17.1,61.5,42.0,2.0,,5.36407466923
2000-12-31,4.8,2.0,0.0,26.7,21.8,19.3,76.5,64.0,1.666667,,3.03926216636
2001-01-01,2.6,4.1,0.2,28.3,21.84,19.0,75.5,50.0,2.0,,3.67732348505
2001-01-02,2.8,9.0,1.2,27.8,21.56,18.4,65.25,40.0,2.0,,4.97490778471
2001-01-03,5.7,10.3,0.0,27.3,21.24,16.7,61.25,44.0,3.333333,,5.54000790369
2001-01-04,6.1,0.3,0.0,21.6,19.3,17.7,87.25,66.0,3.333333,,2.2524519188
2001-01-05,1.1,0.8,6.0,22.8,19.18,16.6,87.0,69.0,4.0,,2.38542033552
2001-01-06,2.0,8.6,1.2,26.5,20.92,17.4,77.25,55.0,3.666667,,4.60015561775
2001-01-07,3.4,9.0,0.2,27.4,21.26,17.7,72.25,53.0,2.666667,,4.86186725458
2001-01-08,5.2,8.3,0.0,26.9,20.74,17.2,63.5,45.0,2.666667,,4.90685877233
2001-01-09,5.5,11.2,0.0,27.9,21.72,17.1,72.25,48.0,4.333333,,5.50187320672
2001-01-10,5.5,8.3,0.0,27.7,21.56,17.9,70.0,43.0,4.0,,5.01813635969
2001-01-11,5.7,9.2,0.0,27.0,21.16,17.9,67.5,49.0,4.0,,5.24870651695
2001-01-12,4.9,8.1,0.0,27.9,20.88,16.7,77.25,61.0,5.0,,4.65707881229
2001-01-13,3.7,0.3,4.4,22.1,18.26,16.4,84.25,74.0,3.333333,,2.35605457817
2001-01-14,1.8,1.6,3.9,23.7,19.08,16.1,82.5,64.0,3.333333,,2.7353995599
2001-01-15,2.7,8.5,1.0,25.4,20.1,17.2,76.25,53.0,4.0,,4.55043344465
2001-01-16,5.0,8.8,0.0,27.0,20.96,16.8,63.0,44.0,3.333333,,5.17117956115
2001-01-17,5.1,9.3,0.0,26.6,20.54,16.3,69.0,54.0,3.666667,,5.03485481664
2001-01-18,6.2,7.1,0.0,25.7,20.2,16.9,77.75,57.0,4.0,,4.21630764922
2001-01-19,2.8,,11.4,26.5,20.62,17.3,70.0,53.0,3.333333,,4.31385667962
2001-01-20,4.0,7.3,0.0,27.0,20.98,17.5,70.25,45.0,2.666667,,4.52544877913
2001-01-21,3.8,7.2,0.0,27.3,21.22,18.1,74.75,49.0,2.333333,,4.3755354958
2001-01-22,4.3,10.8,0.0,27.9,21.74,16.8,62.75,47.0,2.666667,,5.51954603053
2001-01-23,5.1,10.0,0.0,27.1,21.6,17.1,65.0,49.0,2.666667,,5.23758603036
2001-01-24,4.9,7.1,0.0,27.5,21.32,17.3,65.0,50.0,3.333333,,4.82621577835
2001-01-25,5.1,8.7,0.0,28.5,21.94,17.4,58.25,36.0,2.333333,,5.18378758545
2001-01-26,5.8,8.6,0.0,28.6,21.68,17.8,65.0,38.0,3.333333,,5.25273443534
2001-01-27,5.5,9.6,0.0,28.6,22.24,17.9,59.0,42.0,2.666667,,5.49277455342
2001-01-28,4.9,10.8,0.0,29.3,22.5,17.2,57.25,41.0,2.333333,,5.71280745192
2001-01-29,6.6,11.5,0.0,28.8,22.4,17.4,60.0,43.0,2.0,,5.67229600353
2001-01-30,5.3,10.6,0.0,28.3,22.24,16.9,56.0,46.0,2.666667,,5.70313482971
2001-01-31,6.3,10.4,0.0,29.3,22.48,17.6,55.75,35.0,2.333333,,5.68015394233
2001-02-01,5.9,11.9,0.0,30.4,22.84,15.8,47.0,34.0,1.666667,,5.86734230944
2001-02-02,6.6,9.3,0.0,30.1,23.36,16.3,54.25,41.0,1.333333,,5.06887605417
2001-02-03,5.4,10.6,0.0,29.7,23.68,18.3,58.25,45.0,1.333333,,5.38737769099
2001-02-04,6.0,11.2,0.0,29.9,23.2,17.3,57.0,41.0,1.666667,,5.62642270488
2001-02-05,5.9,10.7,0.0,29.7,23.8,19.5,56.25,36.0,2.666667,,5.98009240008
2001-02-06,6.2,,0.0,31.7,23.96,17.1,50.0,37.0,2.0,,5.53751661747
2001-02-07,7.8,11.6,0.0,31.9,24.2,16.9,51.0,36.0,1.0,,5.59943219826
2001-02-08,10.5,9.3,0.0,29.7,22.88,18.5,64.0,42.0,2.0,,5.22590551586
2001-02-09,7.6,10.5,0.0,30.3,22.92,17.3,52.75,34.0,2.0,,5.6940223308
2001-02-10,10.2,10.5,0.0,29.3,22.28,16.1,54.5,41.0,3.0,,5.88248484521
2001-02-11,8.3,10.6,0.0,29.9,22.4,16.1,50.75,29.0,4.0,,6.45935429186
2001-02-12,9.6,10.1,0.0,29.7,22.84,16.5,50.5,35.0,3.0,,5.9849122928
2001-02-13,8.2,8.7,0.0,29.9,22.56,17.3,58.25,41.0,2.666667,,5.39029131981
2001-02-14,7.3,5.3,0.0,26.9,22.72,18.5,62.25,51.0,3.666667,,4.6504863342
2001-02-15,6.8,9.1,0.0,28.1,22.88,17.9,56.5,47.0,2.333333,,5.27549859296
2001-02-16,7.4,9.6,0.0,30.1,23.12,17.7,60.25,45.0,2.333333,,5.44937142869
2001-02-17,7.3,8.6,0.0,29.5,22.48,16.9,56.5,39.0,4.0,,5.7999334227
2001-02-18,7.8,7.8,0.0,27.5,21.92,17.9,58.5,43.0,3.0,,5.11193482447
2001-02-19,7.8,1.3,0.0,25.8,21.18,17.3,75.25,61.0,4.0,,3.18603714717
2001-02-20,4.9,5.3,0.0,27.5,22.04,17.9,63.0,44.0,2.666667,,4.3446425016
2001-02-21,7.4,3.2,0.0,27.5,22.52,18.7,65.0,50.0,4.0,,4.22715666527
2001-02-22,7.8,7.0,0.0,28.7,23.12,18.7,60.0,41.0,5.333333,,5.67284107928
2001-02-23,8.9,11.2,0.0,30.6,23.1,17.5,55.25,34.0,4.333333,,6.59745476211
2001-02-24,8.4,9.4,0.0,30.7,23.54,17.6,59.5,35.0,4.333333,,6.04940452402
2001-02-25,8.4,8.5,0.0,28.7,22.8,17.7,64.25,43.0,5.0,,5.55981074705
2001-02-26,8.1,5.8,0.0,29.5,22.06,17.8,73.0,42.0,4.0,,4.45258539536
2001-02-27,5.4,4.5,1.2,28.3,22.48,18.5,72.75,49.0,4.0,,4.13066856793
2001-02-28,6.0,8.5,0.2,28.5,22.72,18.3,64.75,43.0,4.333333,,5.39810760656
2001-03-01,7.8,5.7,3.6,28.1,22.36,17.9,71.25,54.0,4.0,,4.40094606446
2001-03-02,6.1,1.6,4.4,25.8,21.44,18.2,82.0,66.0,3.666667,,2.87971850534
2001-03-03,4.0,9.8,3.6,29.1,22.48,17.9,67.0,50.0,4.0,,5.50493297051
2001-03-04,7.4,8.8,0.0,29.1,22.88,18.5,63.75,43.0,3.0,,5.23725627908
2001-03-05,8.8,10.7,0.0,30.3,23.74,18.0,56.0,38.0,2.666667,,5.84455146542
2001-03-06,9.2,8.0,0.0,29.7,23.16,19.1,58.5,37.0,2.333333,,5.07801998804
2001-03-07,8.3,7.8,0.0,29.9,22.88,18.4,52.0,32.0,2.333333,,5.17674958432
2001-03-08,8.2,9.5,0.0,31.8,23.38,16.7,44.25,22.0,1.666667,,5.39398783965
2001-03-09,10.1,10.0,0.0,31.8,23.88,18.5,51.5,30.0,3.666667,,6.39024251292
2001-03-10,8.2,5.3,0.0,28.5,22.14,19.0,83.25,53.0,1.666667,,3.6480507726
2001-03-11,2.5,0.4,5.6,25.4,21.22,18.8,83.5,77.0,2.0,,2.38111429869
2001-03-12,2.4,0.0,0.2,22.7,20.52,18.3,80.5,74.0,2.333333,,2.32378083732
2001-03-13,1.4,0.2,3.0,24.4,20.42,18.0,84.75,73.0,3.333333,,2.34325571128
2001-03-14,2.2,2.4,0.2,25.4,20.3,17.7,79.75,67.0,2.666667,,2.95489356529
2001-03-15,1.8,4.6,10.7,25.2,20.36,17.8,89.75,83.0,3.666667,,3.03881916565
2001-03-16,2.2,5.9,3.2,25.8,20.34,16.7,78.25,57.0,5.333333,,3.89062521894
2001-03-17,2.0,0.8,0.9,24.8,20.38,18.1,80.5,68.0,3.0,,2.60790796316
2001-03-18,1.4,6.4,10.9,27.5,21.12,18.1,75.5,51.0,3.0,,4.07679796639
2001-03-19,4.3,10.1,0.0,28.7,22.0,17.8,67.5,41.0,2.666667,,5.11439574089
2001-03-20,5.4,9.9,0.0,28.2,22.16,18.8,66.0,42.0,2.333333,,5.03819696673
2001-03-21,5.6,5.5,0.0,25.6,21.16,19.0,80.25,75.0,3.333333,,3.64092401256
2001-03-22,2.1,9.8,6.3,27.3,21.0,17.1,69.5,47.0,3.333333,,4.91590978123
2001-03-23,4.8,,0.0,26.7,21.26,18.1,76.75,54.0,3.333333,,3.74232897731
2001-03-24,3.6,3.2,0.0,26.8,21.7,18.7,77.0,60.0,1.666667,,3.09071967644
2001-03-25,4.4,9.1,0.0,28.8,22.64,19.2,64.5,39.0,3.666667,,5.24775744944
2001-03-26,7.5,10.1,0.0,29.0,21.72,16.8,62.75,39.0,2.0,,4.95331363195
2001-03-27,7.2,10.3,0.0,30.6,22.46,17.9,62.0,23.0,2.666667,,5.38158685438
2001-03-28,5.9,7.8,0.0,27.9,22.68,19.1,68.5,52.0,4.0,,4.77752428095
2001-03-29,5.4,9.0,0.0,27.9,22.4,19.3,66.5,49.0,3.0,,4.88303499462
2001-03-30,5.2,11.0,0.0,28.1,22.04,17.3,69.25,45.0,3.666667,,5.18695582548
2001-03-31,5.8,5.3,0.4,27.7,22.0,18.7,71.25,53.0,4.333333,,4.17127604311
2001-04-01,7.3,7.1,0.0,26.4,21.38,17.1,63.75,57.0,3.333333,,4.44461359059
2001-04-02,5.5,6.5,0.4,28.2,21.62,18.0,72.5,46.0,2.666667,,4.04061125064
2001-04-03,5.4,6.9,0.0,28.3,21.88,18.3,70.5,50.0,2.333333,,4.12166963446
2001-04-04,6.1,4.4,0.0,26.3,21.46,18.3,78.75,59.0,4.333333,,3.47117322036
2001-04-05,4.0,4.8,0.0,25.6,21.12,17.9,83.75,67.0,4.0,,3.20920543055
2001-04-06,2.8,4.9,0.2,25.0,20.18,17.6,85.25,58.0,4.333333,,3.10919734192
2001-04-07,2.3,3.3,4.8,26.3,20.4,17.7,80.5,52.0,4.333333,,3.13408382053
2001-04-08,3.4,7.0,0.9,26.7,20.54,17.2,76.5,44.0,3.333333,,3.88625001267
2001-04-09,4.4,6.6,0.0,27.1,21.32,17.3,71.75,46.0,4.0,,4.12619056309
2001-04-10,6.0,8.0,0.0,27.5,21.52,17.1,62.0,42.0,3.0,,4.5534985899
2001-04-11,7.9,8.4,0.0,27.5,21.52,17.1,64.75,45.0,3.666667,,4.67751362472
2001-04-12,7.3,8.5,0.0,30.1,22.3,17.6,58.5,28.0,2.333333,,4.7223499864
2001-04-13,8.1,9.0,0.0,28.5,21.62,15.8,63.0,38.0,2.666667,,4.58748859122
2001-04-14,4.9,2.5,0.0,26.7,20.32,16.1,76.5,55.0,5.0,,3.20767039486
2001-04-15,4.4,2.8,0.0,25.8,21.02,17.5,78.0,57.0,4.0,,3.04014004876
2001-04-16,3.6,6.0,0.7,26.0,21.0,17.9,83.25,65.0,3.333333,,3.33333414872
2001-04-17,2.3,5.0,0.7,26.9,20.88,17.7,80.75,55.0,3.0,,3.25424849304
2001-04-18,3.5,8.4,0.0,26.3,21.24,17.0,70.0,53.0,3.0,,4.15477152417
2001-04-19,4.0,4.2,0.0,27.8,21.7,18.4,70.75,54.0,3.333333,,3.60861261999
2001-04-20,3.6,2.1,0.0,26.1,21.8,18.7,73.5,60.0,3.0,,2.96795868017
2001-04-21,4.0,5.2,0.0,28.0,22.14,18.9,65.25,46.0,3.333333,,4.01944286007
2001-04-22,4.7,7.4,0.0,28.9,22.38,18.5,68.75,38.0,5.0,,4.64103691174
2001-04-23,7.0,9.7,0.0,27.5,21.28,17.9,64.5,43.0,5.333333,,5.12877150061
2001-04-24,10.1,6.8,0.0,26.7,20.88,17.7,75.5,53.0,4.666667,,3.87949116241
2001-04-25,5.0,8.4,7.2,24.8,20.14,17.3,75.0,58.0,4.666667,,3.97914329845
2001-04-26,6.4,7.8,0.8,25.8,20.26,17.1,69.5,52.0,3.666667,,4.05540281963
2001-04-27,3.9,2.3,0.0,24.2,19.54,15.9,80.75,68.0,4.666667,,2.66211319746
2001-04-28,2.4,10.3,2.0,25.8,20.22,16.5,72.75,53.0,5.0,,4.40655028524
2001-04-29,5.0,9.0,0.0,26.5,20.46,16.6,68.5,46.0,3.333333,,4.20946768696
2001-04-30,5.3,9.4,0.5,27.4,21.1,17.3,72.25,45.0,4.666667,,4.416093451
2001-05-01,5.3,5.7,4.0,24.8,20.46,18.1,83.25,66.0,3.666667,,3.07250805747
2001-05-02,2.3,7.1,0.2,26.3,20.98,17.2,73.25,48.0,4.0,,3.80797109552
2001-05-03,4.1,6.0,4.1,25.5,20.02,17.8,78.5,55.0,3.666667,,3.32803684736
2001-05-04,3.4,8.8,2.3,25.8,19.86,17.7,67.5,43.0,2.666667,,4.00179859072
2001-05-05,4.5,7.1,0.0,27.6,20.92,17.6,71.25,44.0,2.333333,,3.65077329064
2001-05-06,3.8,8.3,0.0,30.7,23.16,18.7,59.25,36.0,0.666667,,3.65344147118
2001-05-07,4.6,8.0,0.0,31.3,23.02,17.0,65.5,31.0,1.333333,,3.81949258568
2001-05-08,4.7,6.8,0.0,33.6,24.28,20.1,68.75,49.0,2.333333,,4.11074905446
2001-05-09,6.2,5.0,0.0,28.1,22.8,19.7,77.5,55.0,1.666667,,3.05703228673
2001-05-10,5.2,1.7,0.0,27.1,22.56,19.7,78.0,59.0,2.333333,,2.51792354268
2001-05-11,4.0,7.7,0.0,29.5,23.34,19.8,65.0,42.0,2.0,,3.93279159723
2001-05-12,4.3,10.4,0.0,31.1,23.68,17.7,57.25,34.0,1.666667,,4.40256821042
2001-05-13,6.6,10.1,0.0,30.3,23.24,18.9,60.0,36.0,1.0,,4.00636054761
2001-05-14,6.0,7.3,0.0,28.5,21.86,19.1,65.0,43.0,2.0,,3.74050783781
2001-05-15,4.8,7.8,0.0,27.9,21.16,17.7,74.25,42.0,4.333333,,3.90880252498
2001-05-16,4.9,7.1,0.7,26.3,20.22,17.7,83.25,55.0,3.333333,,3.19028708683
2001-05-17,3.8,8.6,0.0,30.3,22.82,17.6,57.25,36.0,1.333333,,3.82280807405
2001-05-18,6.9,7.8,0.0,31.2,23.04,16.7,55.25,28.0,1.333333,,3.73140086054
2001-05-19,6.3,3.5,0.0,29.7,23.02,19.1,65.75,41.0,0.0,,2.28370359294
2001-05-20,5.1,0.0,13.6,23.3,19.22,17.6,81.5,71.0,3.333333,,2.03555604885
2001-05-21,1.9,9.5,0.0,24.6,19.04,15.2,72.5,50.0,2.666667,,3.56685198653
2001-05-22,4.0,4.5,0.4,23.6,19.06,15.9,79.25,61.0,1.666667,,2.51283599651
2001-05-23,2.4,5.7,0.6,24.6,18.94,16.3,75.75,53.0,2.0,,2.86067031126
2001-05-24,3.0,9.9,0.0,25.9,19.36,15.7,66.5,45.0,2.0,,3.70016653528
2001-05-25,4.2,9.1,0.0,26.5,20.12,15.7,65.5,42.0,2.333333,,3.72620417467
2001-05-26,4.6,7.3,0.0,25.8,19.82,16.5,68.75,49.0,1.666667,,3.20402823442
2001-05-27,4.3,6.1,0.0,28.5,22.16,18.1,66.0,46.0,1.666667,,3.25425538388
2001-05-28,6.2,5.4,0.0,27.0,21.14,18.5,73.0,50.0,2.333333,,3.0995397621
2001-05-29,4.7,7.6,0.0,27.6,22.04,18.5,67.75,52.0,2.333333,,3.59652088176
2001-05-30,5.3,6.3,0.0,25.9,21.28,19.2,72.0,56.0,3.0,,3.35636631893
2001-05-31,4.4,5.5,0.0,25.8,20.46,17.8,80.25,59.0,3.666667,,2.95703816033
2001-06-01,2.2,5.3,1.2,24.6,19.62,17.1,81.75,57.0,3.0,,2.71801359474
2001-06-02,2.7,8.7,0.6,25.7,20.44,17.3,77.75,64.0,4.666667,,3.56234176702
2001-06-03,5.0,6.7,2.6,24.9,19.92,17.1,86.25,73.0,5.0,,2.80788765188
2001-06-04,3.0,0.1,9.8,20.8,18.74,17.7,92.25,90.0,4.0,,1.49522778042
2001-06-05,0.6,8.3,16.6,24.2,19.1,16.1,82.5,66.0,4.0,,3.07478669173
2001-06-06,3.2,5.2,0.3,22.8,18.7,16.5,84.75,64.0,3.666667,,2.50361008157
2001-06-07,2.2,6.7,0.0,24.6,19.02,15.5,81.25,66.0,5.333333,,3.00033389031
2001-06-08,4.2,7.4,0.2,22.8,18.26,16.1,79.25,57.0,5.333333,,3.0992897296
2001-06-09,3.3,0.5,0.0,22.6,17.98,15.9,82.0,71.0,4.333333,,2.05860988212
2001-06-10,2.6,1.1,1.2,21.4,17.82,15.9,90.0,83.0,4.0,,1.68880637775
2001-06-11,0.7,4.8,4.6,22.8,17.42,15.3,82.5,64.0,3.333333,,2.46637868266
2001-06-12,2.5,9.0,0.4,23.0,17.92,15.2,68.75,50.0,5.0,,3.74201108806
2001-06-13,4.2,6.0,0.3,23.6,18.08,14.9,82.25,51.0,4.0,,2.68805521816
2001-06-14,2.9,8.0,0.3,24.4,18.38,15.7,76.75,47.0,3.333333,,3.17234332075
2001-06-15,3.5,4.6,0.0,22.4,17.16,13.8,79.0,57.0,3.333333,,2.49823632327
2001-06-16,1.8,2.6,1.0,22.4,18.2,14.9,81.75,69.0,3.333333,,2.18533506776
2001-06-17,2.1,1.4,0.3,21.8,18.1,15.3,93.0,87.0,3.333333,,1.58521364478
2001-06-18,0.8,8.8,3.0,23.8,18.02,15.7,76.75,49.0,3.666667,,3.26160565317
2001-06-19,4.4,9.6,0.0,24.0,18.18,14.3,76.25,46.0,4.0,,3.36146141699
2001-06-20,4.8,8.1,0.0,24.4,18.58,15.3,80.25,57.0,2.666667,,2.98181758575
2001-06-21,3.4,7.1,0.0,25.4,18.9,14.7,75.25,48.0,2.333333,,2.97886140741
2001-06-22,3.4,3.6,0.0,23.0,19.22,15.1,83.25,73.0,3.333333,,2.27652131987
2001-06-23,1.4,2.7,7.9,19.9,17.8,16.7,92.75,92.0,4.333333,,1.71831776665
2001-06-24,1.9,0.6,2.2,21.0,18.1,16.1,90.25,83.0,3.666667,,1.59332273432
2001-06-25,2.0,4.8,4.7,21.2,17.5,16.1,90.5,82.0,4.333333,,2.10050239073
2001-06-26,2.1,5.9,0.3,22.4,17.14,13.5,83.0,64.0,2.666667,,2.45677826765
2001-06-27,3.6,4.6,0.0,22.6,18.04,15.3,87.5,73.0,2.333333,,2.21291431325
2001-06-28,2.9,1.5,0.9,22.8,18.76,16.8,89.5,71.0,3.666667,,1.80782382741
2001-06-29,2.0,3.6,1.1,22.8,17.72,15.8,78.0,59.0,3.333333,,2.49599785738
2001-06-30,3.8,1.9,0.1,20.1,17.38,15.7,92.0,84.0,3.666667,,1.65095321056
2001-07-01,1.3,5.7,1.8,22.9,17.48,15.2,85.75,65.0,3.0,,2.44554418223
2001-07-02,1.9,7.0,0.0,24.2,18.42,15.3,75.75,50.0,2.666667,,2.97167593766
2001-07-03,3.0,6.9,0.0,23.8,18.54,16.1,74.75,53.0,2.666667,,2.99791920946
2001-07-04,5.2,4.6,0.0,23.2,18.82,16.3,80.75,66.0,2.0,,2.42766534936
2001-07-05,3.2,5.8,0.2,23.8,18.82,15.9,81.0,59.0,4.0,,2.77631542721
2001-07-06,4.1,6.9,0.5,23.6,18.22,15.9,82.5,61.0,4.0,,2.84043247726
2001-07-07,3.7,0.0,4.4,20.2,17.54,16.1,93.25,91.0,5.0,,1.38008075077
2001-07-08,1.4,7.1,4.6,22.8,16.9,14.9,84.5,64.0,4.666667,,2.72203967978
2001-07-09,0.9,2.3,0.2,21.1,17.06,14.3,92.75,89.0,4.0,,1.67723693386
2001-07-10,1.6,8.9,0.5,23.4,18.2,15.0,76.0,52.0,5.0,,3.42119569831
2001-07-11,4.4,7.5,0.4,24.5,18.48,15.3,77.0,55.0,2.666667,,3.05830524939
2001-07-12,2.9,9.0,0.0,26.6,19.54,14.9,74.0,50.0,2.333333,,3.41750956353
2001-07-13,3.7,8.4,0.0,26.1,19.64,16.4,70.0,46.0,2.333333,,3.46133083896
2001-07-14,4.4,4.5,0.0,22.1,17.66,15.6,83.75,68.0,3.666667,,2.41977312253
2001-07-15,2.2,4.8,1.6,20.6,16.68,14.2,84.0,66.0,4.0,,2.35176193852
2001-07-16,2.9,8.6,0.0,23.2,18.12,13.6,75.0,55.0,4.0,,3.29998190735
2001-07-17,5.4,1.9,1.8,21.8,17.82,15.1,90.25,81.0,3.666667,,1.80583501906
2001-07-18,0.7,6.6,6.4,23.7,18.56,15.3,79.75,62.0,3.0,,2.88749902869
2001-07-19,3.3,0.2,3.5,20.4,17.46,16.1,89.5,79.0,2.666667,,1.5826435257
2001-07-20,1.6,7.8,0.0,23.6,17.26,13.1,78.75,54.0,3.0,,3.00753914183
2001-07-21,3.8,9.5,0.0,24.4,19.14,14.7,69.25,56.0,2.333333,,3.52385738693
2001-07-22,4.4,8.5,0.0,27.7,20.06,15.8,64.0,41.0,2.0,,3.67752795619
2001-07-23,5.4,9.5,0.0,25.4,19.2,15.7,74.5,48.0,5.333333,,3.88258880685
2001-07-24,5.9,8.7,0.0,23.8,17.96,15.0,72.75,45.0,4.666667,,3.65288084242
2001-07-25,3.8,7.7,0.6,23.8,18.04,15.1,79.0,59.0,4.666667,,3.23981945688
2001-07-26,5.6,9.7,0.0,24.0,17.96,14.0,64.0,40.0,4.333333,,4.10816452911
2001-07-27,5.7,6.3,0.3,23.3,17.3,14.3,75.5,54.0,3.666667,,3.08065151002
2001-07-28,4.3,9.5,0.4,24.6,18.16,14.0,64.5,40.0,2.0,,3.60757825109
2001-07-29,5.9,8.5,0.0,24.5,18.6,15.3,66.0,41.0,3.666667,,3.87557721944
2001-07-30,6.0,9.4,0.0,24.6,18.1,15.1,64.5,40.0,4.666667,,4.2599172463
2001-07-31,5.7,6.4,1.0,21.9,17.8,15.3,78.0,61.0,5.333333,,3.11395675876
2001-08-01,3.6,3.2,5.8,21.2,17.06,15.1,89.75,84.0,3.666667,,2.05939671166
2001-08-02,1.6,6.9,8.0,21.6,17.22,14.3,80.5,59.0,4.666667,,2.96490927986
2001-08-03,3.8,8.5,0.6,21.4,17.42,13.5,75.5,63.0,4.333333,,3.3257837247
2001-08-04,2.6,4.1,3.4,21.6,16.74,13.7,84.5,60.0,5.0,,2.42887833654
2001-08-05,2.8,2.7,1.4,21.6,17.02,15.1,87.75,73.0,4.666667,,2.13010449679
2001-08-06,0.7,2.7,2.6,20.5,16.58,14.6,84.75,79.0,4.0,,2.2006615665
2001-08-07,1.9,8.0,0.1,22.9,16.7,13.6,73.5,40.0,4.0,,3.46617231256
2001-08-08,4.1,1.1,1.4,19.7,16.56,13.3,92.5,89.0,4.666667,,1.59476007449
2001-08-09,0.7,4.7,4.8,21.2,16.4,14.0,85.25,64.0,3.0,,2.45649545735
2001-08-10,2.2,7.6,0.0,23.4,17.42,13.9,71.25,52.0,3.666667,,3.54263761525
2001-08-11,3.9,0.9,0.8,20.5,16.44,14.5,95.0,79.0,3.0,,1.57475307511
2001-08-12,0.7,1.0,2.8,19.1,15.76,14.1,92.0,87.0,4.333333,,1.63371317479
2001-08-13,0.7,1.1,3.4,19.4,15.58,14.1,87.0,79.0,4.666667,,1.89843114245
2001-08-14,1.2,7.4,2.6,20.6,15.9,13.1,84.25,68.0,4.666667,,2.85524145427
2001-08-15,2.8,1.0,1.6,19.6,16.14,13.7,85.75,77.0,4.666667,,1.95312676582
2001-08-16,2.6,8.5,0.0,22.4,16.82,13.3,74.0,49.0,3.333333,,3.5005043783
2001-08-17,4.3,8.1,0.0,22.8,17.06,13.5,73.5,54.0,4.0,,3.57760860856
2001-08-18,4.0,4.8,2.0,22.2,17.62,14.5,80.0,58.0,4.666667,,2.90085550203
2001-08-19,3.2,2.5,1.8,20.6,17.12,15.0,92.25,84.0,5.333333,,1.91273063079
2001-08-20,1.1,5.1,7.0,22.0,17.14,14.7,82.5,66.0,4.0,,2.80908772058
2001-08-21,2.7,7.4,0.3,23.8,17.8,14.3,74.25,53.0,2.666667,,3.45042913925
2001-08-22,3.5,8.3,0.7,24.7,19.36,16.1,82.75,58.0,4.333333,,3.52951839603
2001-08-23,3.3,9.4,0.8,25.1,18.6,15.3,76.5,43.0,4.333333,,3.99135790455
2001-08-24,8.0,8.2,0.0,23.9,19.3,15.0,76.75,60.0,4.666667,,3.7296419661
2001-08-25,5.5,8.0,0.4,25.0,18.6,15.6,68.25,45.0,3.333333,,4.02441970302
2001-08-26,7.5,6.2,0.0,24.8,18.4,15.4,70.25,45.0,3.0,,3.59928404242
2001-08-27,6.9,8.5,0.2,26.0,19.18,16.1,68.5,42.0,4.0,,4.33450376196
2001-08-28,7.3,5.8,0.1,23.8,18.42,15.1,83.5,59.0,4.0,,3.06053568552
2001-08-29,2.5,7.0,0.8,23.3,18.44,15.3,80.25,67.0,4.0,,3.3797839902
2001-08-30,3.8,9.7,0.1,24.6,18.82,14.9,71.75,48.0,5.0,,4.3470824036
2001-08-31,5.5,5.4,0.6,24.4,18.1,15.3,79.0,51.0,4.0,,3.27030709849
2001-09-01,3.8,3.5,0.4,22.2,18.3,15.1,88.5,76.0,4.666667,,2.42314275304
2001-09-02,1.6,4.5,3.6,22.6,17.66,15.1,87.25,77.0,5.333333,,2.66306030865
2001-09-03,1.7,4.4,6.3,23.4,17.78,15.1,81.25,58.0,4.0,,2.97072368948
2001-09-04,3.2,9.0,0.0,25.1,18.46,14.7,72.25,51.0,2.666667,,4.05072545135
2001-09-05,4.7,8.6,0.0,25.7,19.62,16.4,71.75,47.0,4.0,,4.30892747964
2001-09-06,4.8,9.1,0.0,25.2,18.54,14.1,70.0,42.0,3.0,,4.18577378841
2001-09-07,5.1,8.8,0.0,24.0,18.86,16.1,77.75,63.0,3.0,,3.90869607516
2001-09-08,3.8,6.5,0.8,24.7,18.36,15.3,82.25,53.0,4.0,,3.4011615507
2001-09-09,3.4,7.7,0.2,26.3,19.14,15.0,72.75,42.0,3.333333,,4.056243264
2001-09-10,5.0,9.7,0.0,27.1,20.6,16.1,63.5,42.0,2.0,,4.54379852663
2001-09-11,5.9,8.8,0.0,28.5,21.72,17.7,60.75,36.0,2.333333,,4.7202210801
2001-09-12,5.6,10.1,0.0,28.1,21.36,16.9,73.5,47.0,2.0,,4.57229291727
2001-09-13,5.6,5.9,0.0,25.4,20.38,16.3,71.75,54.0,5.333333,,4.08917835427
2001-09-14,5.4,8.8,0.0,26.7,20.32,16.3,67.25,50.0,3.333333,,4.60199279691
2001-09-15,6.9,10.3,0.0,28.7,20.84,14.9,61.0,38.0,2.0,,4.8449981817
2001-09-16,8.2,5.8,0.0,31.5,23.2,16.7,69.75,65.0,2.666667,,4.19766680738
2001-09-17,5.0,8.2,33.2,28.2,21.6,18.1,77.25,54.0,3.0,,4.32061958844
2001-09-18,4.3,1.6,0.1,22.2,18.58,17.1,79.25,67.0,4.0,,2.71678321637
2001-09-19,2.5,0.9,0.0,22.3,17.34,14.2,81.0,63.0,4.333333,,2.46218058375
2001-09-20,4.2,3.5,0.0,23.0,18.42,15.3,82.25,63.0,4.0,,2.88933019749
2001-09-21,2.9,1.2,1.0,21.4,17.38,15.2,89.25,71.0,4.666667,,2.11286709291
2001-09-22,2.1,7.0,1.8,24.6,18.82,15.5,79.75,60.0,4.333333,,3.74114939139
2001-09-23,3.7,6.4,1.2,25.2,19.26,16.1,81.25,57.0,5.0,,3.6616357519
2001-09-24,5.7,5.9,0.2,24.3,19.08,15.7,75.5,58.0,3.333333,,3.6642644836
2001-09-25,6.4,9.0,0.0,25.4,19.5,15.7,71.25,52.0,3.666667,,4.51098191919
2001-09-26,7.8,8.8,0.0,26.5,20.32,16.7,69.0,48.0,2.666667,,4.55473184529
2001-09-27,7.5,9.5,0.0,27.6,21.1,16.7,60.5,38.0,3.0,,5.11982152028
2001-09-28,8.0,7.8,0.0,28.9,21.28,18.5,68.5,42.0,5.0,,5.09831306464
2001-09-29,6.0,8.9,0.0,26.3,20.36,15.7,67.75,51.0,4.0,,4.79521706066
2001-09-30,6.1,9.5,0.0,26.9,20.4,16.5,62.0,42.0,3.666667,,5.18512898045
2001-10-01,8.3,7.6,0.0,27.9,20.38,14.8,55.75,36.0,3.666667,,5.12244197986
2001-10-02,9.2,9.9,0.0,29.2,22.0,16.5,49.75,31.0,3.333333,,5.85918456642
2001-10-03,8.4,7.8,0.0,29.9,21.46,16.7,52.75,27.0,2.666667,,5.17192604707
2001-10-04,7.9,8.5,0.0,30.5,22.88,18.1,49.5,28.0,2.0,,5.18662430474
2001-10-05,8.2,10.5,0.0,32.2,24.08,16.7,31.5,25.0,3.666667,,7.19886127239
2001-10-06,11.9,9.8,0.0,31.6,23.98,16.7,44.75,26.0,3.0,,6.15140329356
2001-10-07,9.1,8.4,0.0,28.7,21.88,17.7,59.25,38.0,2.333333,,4.95960897345
2001-10-08,6.3,9.3,0.0,28.5,22.72,18.3,56.25,39.0,3.0,,5.46965098896
2001-10-09,7.8,7.8,0.0,29.6,22.14,17.7,63.0,42.0,4.0,,5.28163530259
2001-10-10,7.0,10.1,0.0,28.5,22.38,17.8,64.5,46.0,3.333333,,5.42695637027
2001-10-11,5.5,3.2,0.0,26.3,20.24,17.7,82.5,63.0,4.333333,,3.20827912756
2001-10-12,3.4,7.7,2.1,25.4,19.68,15.6,81.0,61.0,5.333333,,4.01617285355
2001-10-13,3.4,0.7,1.2,22.6,18.82,16.1,79.5,69.0,4.0,,2.63474469285
2001-10-14,2.6,8.0,0.0,26.1,19.8,14.9,80.75,57.0,4.666667,,4.10179989043
2001-10-15,4.2,3.7,0.3,25.1,19.48,16.3,87.75,67.0,4.333333,,2.9337215934
2001-10-16,2.2,2.3,1.5,23.2,18.9,16.8,91.5,82.0,3.666667,,2.43541055933
2001-10-17,0.7,1.4,5.4,23.6,19.34,16.5,88.75,76.0,3.333333,,2.38792366143
2001-10-18,1.9,2.8,0.2,25.4,20.26,17.1,83.5,71.0,3.0,,2.96775574552
2001-10-19,3.2,5.0,0.0,26.8,21.5,18.2,76.75,58.0,3.333333,,3.83976850627
2001-10-20,4.6,1.0,0.0,26.7,21.76,18.3,72.0,55.0,2.0,,2.91073032599
2001-10-21,3.7,8.9,0.0,30.5,23.76,18.9,61.0,40.0,4.0,,5.80494950009
2001-10-22,6.8,8.8,0.0,32.6,24.7,18.3,56.75,40.0,3.333333,,5.94254871123
2001-10-23,6.9,5.0,0.0,29.6,22.66,19.1,71.25,44.0,3.333333,,4.30212232859
2001-10-24,5.6,3.2,0.2,26.2,21.08,18.8,73.5,56.0,4.666667,,3.80935149509
2001-10-25,5.0,9.0,0.0,27.1,21.28,16.5,70.0,55.0,5.333333,,5.13440155635
2001-10-26,5.4,3.0,0.2,26.0,20.38,17.1,76.0,51.0,4.0,,3.47434999624
2001-10-27,5.9,8.0,0.1,25.8,19.9,15.7,71.0,47.0,4.666667,,4.66422731312
2001-10-28,9.6,10.8,0.0,27.1,20.64,14.1,60.5,43.0,3.333333,,5.45740265696
2001-10-29,11.4,8.8,0.0,29.7,22.12,16.4,59.0,36.0,3.666667,,5.60006139893
2001-10-30,10.7,9.0,0.0,28.8,22.4,17.9,62.5,43.0,4.0,,5.56117438603
2001-10-31,11.4,7.9,0.0,28.7,21.88,17.7,62.75,43.0,3.666667,,5.2336669903
2001-11-01,6.9,5.9,0.0,29.2,21.5,16.9,59.25,34.0,2.666667,,4.66944942304
2001-11-02,7.2,6.6,0.0,29.3,22.5,18.0,56.25,38.0,3.0,,5.08970573277
2001-11-03,6.6,7.8,0.0,28.6,22.12,17.8,61.75,40.0,2.333333,,4.88460085066
2001-11-04,9.6,9.9,0.0,32.3,24.24,17.6,47.5,27.0,1.666667,,5.6192270519
2001-11-05,7.9,11.4,0.0,31.9,24.2,17.9,51.0,33.0,1.666667,,5.89007489673
2001-11-06,8.4,10.0,0.0,32.5,25.16,19.3,51.25,31.0,3.0,,6.33373475819
2001-11-07,14.1,10.3,0.0,28.7,22.44,17.3,58.25,43.0,3.666667,,5.88562421498
2001-11-08,11.4,8.4,0.0,28.9,22.12,17.9,59.75,40.0,4.666667,,5.76970321137
2001-11-09,9.9,9.0,0.0,29.5,22.44,16.1,65.5,36.0,4.333333,,5.48175770399
2001-11-10,7.0,6.1,0.4,28.7,21.84,18.1,58.5,36.0,3.666667,,5.09403609525
2001-11-11,7.6,9.7,0.0,29.8,22.22,15.3,43.5,24.0,1.666667,,5.34577508261
2001-11-12,3.7,10.6,0.0,32.5,24.06,18.1,42.75,25.0,2.666667,,6.48783388369
2001-11-13,14.2,8.9,0.0,30.9,23.66,18.5,48.75,32.0,2.0,,5.49919452148
2001-11-14,8.5,8.7,0.0,31.8,24.34,19.1,50.75,37.0,2.0,,5.51666267966
2001-11-15,8.1,7.3,0.0,29.2,23.16,18.3,60.25,46.0,2.333333,,4.89696850757
2001-11-16,6.3,4.1,0.0,27.5,22.2,18.3,68.5,53.0,2.0,,3.77429231523
2001-11-17,4.5,7.8,0.0,30.8,23.34,18.3,58.25,36.0,1.666667,,4.92184105221
2001-11-18,7.8,7.4,0.0,29.8,23.0,18.4,56.0,41.0,2.333333,,5.08117401448
2001-11-19,7.0,8.0,0.0,29.7,22.88,18.3,53.75,40.0,3.0,,5.52828129417
2001-11-20,10.7,10.7,0.0,30.7,22.8,16.1,47.5,30.0,3.333333,,6.4202387091
2001-11-21,14.8,9.3,0.0,29.7,22.4,15.7,43.75,35.0,3.0,,5.99887882136
2001-11-22,10.9,6.3,0.0,27.3,21.96,17.3,68.75,42.0,5.0,,4.76346782316
2001-11-23,9.2,5.5,0.0,28.4,22.94,17.5,54.5,43.0,3.666667,,5.10943999413
2001-11-24,9.5,5.3,0.0,29.3,23.26,18.2,54.75,43.0,3.0,,4.90725956058
2001-11-25,7.8,2.8,0.2,26.9,21.68,18.3,64.75,50.0,3.0,,3.85641546454
2001-11-26,5.8,9.8,0.0,28.7,22.48,17.9,65.5,45.0,5.0,,5.77840528596
2001-11-27,9.8,7.2,0.0,28.7,22.36,18.1,64.0,41.0,3.666667,,5.08080271111
2001-11-28,8.2,7.6,0.0,29.7,22.38,17.4,60.5,40.0,3.333333,,5.27413894642
2001-11-29,9.5,4.5,0.0,28.9,23.28,17.7,56.0,45.0,2.0,,4.2353998181
2001-11-30,7.2,1.2,0.0,25.2,21.94,19.9,82.75,56.0,4.0,,2.86471885338
2001-12-01,2.8,2.1,3.6,27.4,22.3,19.1,84.25,,2.666667,,2.96975207922
2001-12-02,2.3,1.5,5.6,26.3,21.54,19.1,92.75,,2.0,,2.50974499081
2001-12-03,1.2,6.4,42.9,26.0,20.68,18.8,81.75,,5.0,,4.01411774331
2001-12-04,6.4,5.2,0.0,24.6,20.06,16.9,76.25,,2.666667,,3.69800681253
2001-12-05,5.1,9.4,0.0,27.5,21.82,17.8,71.25,,3.333333,,5.06095049368
2001-12-06,8.4,6.8,0.0,27.5,21.6,17.7,68.0,,3.666667,,4.70812806359
2001-12-07,7.4,10.0,0.0,27.5,21.68,17.9,69.0,,4.0,,5.36742059952
2001-12-08,7.9,9.6,0.0,26.7,20.28,17.3,70.0,,5.333333,,5.28611168204
2001-12-09,7.0,9.1,0.0,27.5,21.12,16.5,69.75,,4.666667,,5.16290691659
2001-12-10,6.8,8.4,0.0,27.9,21.7,17.7,67.25,,4.333333,,5.21219051305
2001-12-11,7.0,9.4,0.0,27.4,21.18,17.7,71.25,,4.333333,,5.16524150306
2001-12-12,6.3,10.0,0.0,27.7,21.56,16.9,64.0,,3.0,,5.34903940467
2001-12-13,7.1,7.7,0.0,26.9,21.38,17.4,70.75,,3.666667,,4.70885222266
2001-12-14,5.2,8.5,0.1,28.9,22.66,18.1,61.5,,2.666667,,5.19621589469
2001-12-15,7.0,9.6,0.0,28.9,23.1,18.9,60.0,,2.666667,,5.51286214921
2001-12-16,7.7,8.8,0.0,29.4,23.06,18.9,64.25,,2.666667,,5.25992915635
2001-12-17,6.7,8.1,0.0,28.7,23.16,19.5,70.75,,2.0,,4.76408299671
2001-12-18,5.8,4.9,0.0,30.8,23.98,19.9,69.0,,3.333333,,4.53863584578
2001-12-19,6.8,7.6,0.0,29.5,22.96,19.1,66.5,,4.0,,5.24699993017
2001-12-20,8.9,4.5,0.3,28.1,22.32,19.1,73.0,,3.0,,4.00724717776
2001-12-21,8.0,2.4,0.0,27.3,22.58,19.2,70.0,,3.333333,,3.70262234719
2001-12-22,8.4,10.3,0.0,29.3,22.8,18.7,62.5,,3.333333,,5.7886289868
2001-12-23,11.5,7.3,0.0,29.1,22.72,17.7,60.0,,3.333333,,5.19775896574
2001-12-24,12.1,7.0,0.0,28.2,22.3,18.5,63.75,,3.333333,,4.95086792549
2001-12-25,11.3,9.6,0.0,29.4,22.9,18.3,58.75,,5.333333,,6.31012089792
2001-12-26,14.8,10.8,0.0,29.5,22.76,17.6,56.25,42.0,4.333333,,6.37769133935
2001-12-27,12.7,7.6,0.0,28.9,22.6,18.5,61.5,,4.666667,,5.57104981956
2001-12-28,11.3,2.2,0.0,25.0,21.82,18.3,65.75,,2.666667,,3.50885009136
2001-12-29,6.7,0.0,0.0,25.4,20.54,18.0,90.75,,3.0,,2.16488591872
2001-12-30,1.8,2.0,16.9,25.6,20.64,17.9,87.75,,2.666667,,2.72198758017
2001-12-31,2.6,2.0,24.8,25.2,20.42,18.1,84.5,,2.666667,,2.82580265913
2002-01-01,2.3,4.0,15.7,27.5,22.48,18.9,74.25,55.0,1.333333,,3.51696533021
2002-01-02,3.4,1.2,25.6,25.4,20.94,19.2,85.25,71.0,3.0,,2.68070074051
2002-01-03,1.8,0.0,12.7,23.9,20.3,17.9,85.0,78.0,2.333333,,2.30319553838
2002-01-04,2.2,0.0,19.1,22.8,20.26,17.9,89.75,86.0,3.333333,,2.1307180107
2002-01-05,1.5,4.4,30.2,26.7,21.58,18.8,80.75,62.0,3.333333,,3.62961916654
2002-01-06,3.9,9.0,0.0,28.5,22.46,19.1,78.0,55.0,2.333333,,4.82703159058
2002-01-07,4.7,1.1,45.1,24.7,20.54,18.7,92.75,84.0,3.333333,,2.31520993228
2002-01-08,1.5,6.3,23.0,24.7,20.46,17.8,86.0,72.0,4.666667,,3.63706770298
2002-01-09,2.7,7.3,1.1,25.6,20.76,18.2,76.75,57.0,4.666667,,4.39967251779
2002-01-10,6.4,7.6,2.1,25.8,20.4,17.4,85.25,69.0,4.0,,4.00258183016
2002-01-11,4.7,3.8,4.4,25.4,20.54,18.3,94.25,89.0,4.333333,,2.77927139265
2002-01-12,2.2,3.4,3.9,25.5,20.78,18.3,86.25,73.0,4.333333,,3.11799925205
2002-01-13,3.9,7.6,0.9,27.0,21.16,18.0,82.0,55.0,3.333333,,4.26068275766
2002-01-14,5.4,4.3,0.0,26.3,21.34,19.0,79.25,61.0,2.0,,3.53696606369
2002-01-15,3.1,0.3,11.1,23.9,20.5,18.8,88.5,79.0,2.333333,,2.28253036081
2002-01-16,2.2,1.7,7.2,24.6,20.48,18.6,89.0,82.0,2.666667,,2.60019294447
2002-01-17,2.4,2.4,3.1,26.6,21.52,18.6,80.0,60.0,2.666667,,3.15117860956
2002-01-18,1.7,3.8,8.2,24.9,20.72,19.1,87.5,71.0,2.0,,3.15689651192
2002-01-19,2.4,11.0,0.0,26.8,21.48,17.9,74.25,52.0,3.333333,,5.25853690792
2002-01-20,5.5,5.8,0.0,26.3,21.06,18.0,81.75,73.0,3.333333,,3.83998605247
2002-01-21,3.0,8.3,1.0,28.0,21.72,18.4,82.75,59.0,4.0,,4.48543096612
2002-01-22,4.0,6.2,1.8,26.0,20.22,17.5,81.0,59.0,2.666667,,3.88811282449
2002-01-23,3.3,10.6,0.0,28.4,21.62,17.2,69.0,47.0,2.0,,5.26511530209
2002-01-24,5.1,8.9,0.0,29.1,22.22,18.4,72.25,50.0,3.333333,,5.11321010931
2002-01-25,6.0,8.4,0.0,29.5,23.06,19.3,76.5,56.0,3.0,,4.88556734243
2002-01-26,6.8,8.6,0.0,28.5,22.3,19.1,74.25,53.0,2.333333,,4.84330042778
2002-01-27,7.1,10.2,0.0,27.9,21.48,18.2,66.5,45.0,3.0,,5.42943417458
2002-01-28,8.5,11.6,0.0,28.9,21.88,16.6,64.75,52.0,2.333333,,5.65035447846
2002-01-29,6.9,10.1,0.0,28.7,21.66,17.3,67.75,44.0,3.0,,5.38972569451
2002-01-30,6.1,10.1,0.0,29.6,21.78,16.3,63.25,38.0,3.0,,5.5697626677
2002-01-31,7.3,8.2,0.0,27.5,21.32,17.5,75.5,60.0,2.333333,,4.56729519271
2002-02-01,6.5,8.6,0.0,28.0,22.18,19.1,71.25,,1.666667,,4.77199029879
2002-02-02,7.6,5.4,0.0,28.6,22.8,18.4,78.75,,1.666667,,3.87206323589
2002-02-03,3.8,7.9,26.4,29.2,24.5,19.7,57.25,,2.333333,,5.19337136029
2002-02-04,5.0,1.1,3.8,24.8,21.06,19.7,88.25,,2.019253,,2.51012482278
2002-02-05,0.9,1.8,25.0,23.8,19.98,18.1,90.25,,2.0,,2.54333220051
2002-02-06,0.8,0.2,48.4,21.8,19.26,17.7,86.75,,2.666667,,2.22974980434
2002-02-07,0.8,7.8,3.8,25.0,20.58,17.5,81.25,,3.333333,,4.16739295455
2002-02-08,4.4,9.7,0.0,25.2,20.34,16.7,73.5,,3.666667,,4.83211158752
2002-02-09,5.4,9.5,0.0,25.6,20.58,16.1,71.5,,2.333333,,4.73074407483
2002-02-10,4.4,9.6,0.0,26.6,21.18,17.9,74.25,,4.0,,4.99208220593
2002-02-11,4.6,7.9,7.2,26.4,19.66,17.2,75.25,,3.333333,,4.49315909053
2002-02-12,5.9,8.6,0.0,25.0,20.2,16.8,72.25,,3.666667,,4.64912081174
2002-02-13,6.6,10.9,0.0,26.6,20.5,15.9,64.5,,2.333333,,5.24615050695
2002-02-14,9.4,10.0,0.0,27.0,21.58,17.3,68.75,,2.0,,5.00901961667
2002-02-15,6.9,8.1,0.0,27.0,22.1,18.5,67.0,,2.0,,4.6794732647
2002-02-16,6.0,4.9,0.4,26.5,21.88,19.3,77.25,,2.666667,,3.80240721603
2002-02-17,5.0,6.5,0.0,26.0,21.38,18.7,75.0,,2.666667,,4.16872222078
2002-02-18,4.8,8.5,0.0,28.2,22.18,17.9,67.25,,2.0,,4.81069795387
2002-02-19,6.3,10.1,0.0,27.6,22.26,19.7,66.0,,2.333333,,5.30997662236
2002-02-20,8.2,10.1,0.0,26.8,21.78,18.3,61.25,,4.0,,5.67070262506
2002-02-21,9.2,10.9,0.0,27.0,21.72,17.8,58.75,,2.0,,5.38277617197
2002-02-22,6.9,10.0,0.0,28.8,22.26,17.9,60.75,,2.0,,5.29975715846
2002-02-23,6.4,9.4,0.0,29.6,22.5,17.7,60.75,,2.0,,5.2174947281
2002-02-24,7.2,11.7,0.0,29.5,23.64,16.9,48.75,,1.666667,,5.70567628082
2002-02-25,10.3,9.3,0.0,28.6,20.98,15.9,62.25,34.0,2.666667,,5.17512810475
2002-02-26,9.6,10.8,0.0,27.0,20.9,16.7,59.25,,2.666667,,5.45370816443
2002-02-27,9.3,8.8,0.0,26.3,20.92,17.5,62.5,,3.0,,5.02233418721
2002-02-28,7.0,11.1,0.0,26.5,20.84,15.9,61.25,44.0,3.0,,5.43509699194
2002-03-01,7.4,8.5,0.0,26.8,21.06,17.7,65.75,47.0,3.333333,,4.96330695151
2002-03-02,6.9,10.4,0.0,26.9,21.64,17.5,64.5,47.0,4.0,,5.49947010787
2002-03-03,8.6,7.7,0.0,26.4,21.46,18.3,66.25,49.0,4.666667,,5.02170733043
2002-03-04,6.0,6.7,1.9,26.3,21.14,18.4,77.25,59.0,4.666667,,4.24435394947
2002-03-05,5.2,0.9,0.4,24.9,20.38,18.1,84.75,64.0,3.333333,,2.53797144575
2002-03-06,2.7,6.4,0.0,27.5,21.64,18.4,81.5,63.0,3.666667,,3.99142842953
2002-03-07,4.2,7.2,0.9,27.5,21.66,18.5,78.25,63.0,4.0,,4.32410023774
2002-03-08,4.6,7.5,1.9,26.8,20.78,18.1,78.5,53.0,3.333333,,4.25443655441
2002-03-09,5.2,7.9,0.0,26.3,21.48,17.7,71.75,55.0,2.333333,,4.38839164583
2002-03-10,4.3,11.0,0.0,27.1,21.72,16.9,71.5,55.0,3.666667,,5.20587839881
2002-03-11,6.6,2.9,0.0,25.8,21.14,17.3,77.75,65.0,4.333333,,3.34135076552
2002-03-12,4.2,5.6,0.2,26.7,20.84,17.9,78.5,53.0,3.333333,,3.81706591895
2002-03-13,4.8,7.2,0.0,27.6,21.74,17.7,68.25,47.0,3.666667,,4.65647249985
2002-03-14,6.7,7.8,0.0,28.2,22.1,18.7,66.0,48.0,1.666667,,4.47753452275
2002-03-15,7.5,7.5,0.0,27.7,22.24,18.7,71.25,55.0,1.666667,,4.28391040699
2002-03-16,5.8,7.1,0.0,27.5,21.24,18.5,71.0,56.0,1.666667,,4.16868368905
2002-03-17,5.6,2.3,0.0,25.0,21.06,18.3,80.25,69.0,2.0,,2.82911300155
2002-03-18,2.8,4.4,0.0,26.9,21.22,17.6,71.0,57.0,3.0,,3.77454153528
2002-03-19,4.4,7.7,0.0,29.3,22.46,19.0,73.0,45.0,2.666667,,4.54700349831
2002-03-20,5.5,7.2,0.6,28.4,22.34,18.9,75.25,55.0,2.666667,,4.29033857851
2002-03-21,4.0,7.2,0.2,28.5,22.56,19.5,72.25,55.0,2.333333,,4.34841127422
2002-03-22,4.0,7.6,0.0,28.9,22.54,19.1,65.0,43.0,2.666667,,4.71457855273
2002-03-23,5.0,9.3,0.0,28.3,22.32,18.6,67.5,48.0,3.0,,4.97927974808
2002-03-24,5.8,10.0,0.0,29.7,22.46,17.7,62.0,38.0,3.333333,,5.45453579483
2002-03-25,5.9,8.5,0.2,28.7,22.76,18.9,66.0,49.0,2.333333,,4.72927120039
2002-03-26,5.2,11.0,0.0,26.7,21.68,17.3,66.75,56.0,2.0,,4.90582422335
2002-03-27,6.9,9.8,0.0,28.1,22.64,18.7,63.5,43.0,4.333333,,5.45629230565
2002-03-28,9.0,9.2,0.0,26.0,21.42,16.9,67.25,59.0,4.333333,,4.86232272048
2002-03-29,7.2,5.7,8.2,25.0,20.26,17.7,81.0,65.0,5.0,,3.57159509208
2002-03-30,3.9,4.9,4.8,24.4,20.22,17.9,88.0,85.0,4.666667,,3.00924035411
2002-03-31,2.4,8.9,40.4,24.2,20.06,17.3,83.75,77.0,3.0,,3.90487121655
2002-04-01,3.1,3.8,1.3,25.1,20.9,18.2,72.0,,3.333333,,3.49020174344
2002-04-02,4.4,4.3,0.0,25.4,21.08,18.7,83.75,,4.333333,,3.17784843177
2002-04-03,3.7,7.8,0.0,25.8,20.84,18.0,76.25,,3.666667,,4.10896672596
2002-04-04,5.7,7.5,0.0,26.1,20.34,16.6,76.0,,1.666667,,3.79513985419
2002-04-05,4.8,7.3,0.0,26.8,21.14,18.1,77.0,,2.666667,,3.93820848038
2002-04-06,5.2,8.3,0.0,26.7,21.2,17.7,70.75,,2.666667,,4.27942445697
2002-04-07,5.9,4.1,1.3,26.0,21.22,18.9,83.5,,3.0,,3.07948153853
2002-04-08,4.0,8.9,0.3,27.5,21.68,18.3,75.0,,3.0,,4.36931984924
2002-04-09,4.5,6.4,0.0,27.3,21.88,18.9,76.0,,3.0,,3.85317161431
2002-04-10,5.0,6.3,0.0,27.1,21.88,18.9,73.0,,2.666667,,3.858809052
2002-04-11,5.0,1.3,0.0,25.6,21.34,18.7,76.75,,2.666667,,2.68819892501
2002-04-12,3.6,2.4,0.0,25.8,21.42,18.8,76.75,,2.333333,,2.84395172892
2002-04-13,3.0,5.9,0.0,26.9,21.84,18.7,73.25,,3.666667,,3.88529764394
2002-04-14,4.1,8.3,0.0,26.7,22.0,18.9,73.0,,4.333333,,4.39470667083
2002-04-15,4.7,2.9,3.2,24.9,20.66,18.1,87.5,,4.0,,2.57313571262
2002-04-16,3.1,9.5,1.8,26.5,21.1,17.1,80.25,,3.666667,,4.08952936046
2002-04-17,4.2,9.4,0.0,28.2,22.04,18.6,68.0,,2.333333,,4.48328723717
2002-04-18,6.1,6.4,0.0,27.0,21.5,18.3,79.75,,4.0,,3.65120304215
2002-04-19,3.7,8.5,0.2,26.9,21.3,18.1,72.5,,5.0,,4.44811064152
2002-04-20,5.8,10.4,0.0,26.9,21.18,17.6,67.5,,4.666667,,4.92039976427
2002-04-21,6.2,5.5,0.0,26.3,20.64,18.1,82.75,,4.0,,3.26784627222
2002-04-22,2.6,8.4,0.0,25.4,19.92,15.8,78.25,,4.0,,3.78185295144
2002-04-23,4.4,8.7,3.0,24.8,19.98,17.3,80.5,,4.333333,,3.76239306889
2002-04-24,3.9,6.7,2.0,25.6,19.88,16.8,84.25,,3.666667,,3.26514751216
2002-04-25,3.2,10.1,0.3,25.6,20.7,17.3,74.0,,2.333333,,4.09532902684
2002-04-26,4.4,3.1,0.0,23.6,20.02,17.7,82.0,73.0,2.666667,,2.60149177629
2002-04-27,2.4,5.7,0.4,24.6,20.3,17.3,83.0,,2.0,,2.99958084281
2002-04-28,3.0,10.6,0.0,26.7,20.16,15.5,68.75,,1.666667,,4.11264469187
2002-04-29,6.0,10.1,0.0,26.5,20.0,15.6,75.0,,3.666667,,4.1370026028
2002-04-30,5.2,8.9,0.0,26.7,20.64,16.9,68.5,,3.0,,4.14282864033
2002-05-01,4.7,9.5,0.0,26.7,21.0,16.3,72.0,55.0,2.0,,3.92153860284
2002-05-02,4.4,9.1,0.0,28.0,21.58,17.7,67.25,51.0,4.0,,4.54174026768
2002-05-03,5.1,7.8,0.0,27.8,21.66,17.9,69.0,51.0,2.666667,,3.95580321313
2002-05-04,4.2,8.4,0.0,28.2,22.02,18.9,71.5,53.0,2.333333,,3.97210781791
2002-05-05,4.4,9.1,0.0,26.7,20.48,17.1,70.5,50.0,3.333333,,4.10885441518
2002-05-06,4.5,6.6,0.0,26.9,20.68,15.7,76.75,57.0,4.333333,,3.54487537471
2002-05-07,3.4,3.4,1.2,23.4,19.54,17.7,93.75,85.0,3.0,,2.15111200889
2002-05-08,1.0,8.4,3.1,25.5,19.76,16.1,80.0,63.0,2.0,,3.39417281789
2002-05-09,3.2,8.5,0.2,26.5,20.48,17.3,71.0,55.0,2.333333,,3.75471059613
2002-05-10,5.0,8.3,0.0,20.5,19.04,17.3,65.25,47.0,2.333333,,3.49026899782
2002-05-11,7.5,3.2,0.0,24.0,20.34,17.7,83.25,66.0,4.333333,,2.5854422649
2002-05-12,4.4,6.3,2.0,25.6,20.1,17.3,83.75,58.0,3.666667,,3.04549285812
2002-05-13,4.7,8.0,2.5,24.8,19.92,17.0,82.0,66.0,5.0,,3.36158429562
2002-05-14,5.1,7.3,3.0,24.3,19.38,16.8,85.5,65.0,5.333333,,3.03104989495
2002-05-15,4.3,6.3,1.2,24.9,19.56,16.5,78.0,65.0,4.333333,,3.2526347146
2002-05-16,4.5,9.3,0.0,26.5,20.22,16.3,71.25,51.0,2.333333,,3.74341886904
2002-05-17,5.6,10.2,0.0,28.0,21.18,16.1,69.5,55.0,2.333333,,4.00795562524
2002-05-18,6.7,9.5,0.0,26.7,20.66,17.6,69.75,53.0,3.333333,,4.05465772046
2002-05-19,7.2,8.7,0.0,26.8,20.82,17.3,71.0,56.0,3.0,,3.8144711707
2002-05-20,5.2,7.7,0.0,26.3,20.8,18.1,74.75,55.0,2.0,,3.36939619027
2002-05-21,5.1,8.9,0.0,27.1,21.86,18.4,70.75,52.0,1.666667,,3.61303064534
2002-05-22,6.6,1.7,0.0,25.8,21.24,18.4,73.25,62.0,1.666667,,2.34462153554
2002-05-23,5.4,3.7,0.0,24.8,20.7,19.1,80.25,57.0,2.666667,,2.62752971796
2002-05-24,3.5,,0.6,20.4,17.86,16.3,90.75,81.0,3.0,,1.76135455534
2002-05-25,2.4,1.3,7.4,21.6,17.58,15.5,88.5,81.0,3.0,,1.79894226235
2002-05-26,3.2,10.0,0.8,23.0,17.74,14.5,73.25,55.0,4.333333,,3.6217245089
2002-05-27,5.7,10.4,0.0,24.1,18.08,13.7,67.5,49.0,3.333333,,3.78712387545
2002-05-28,5.9,7.7,0.0,25.6,18.64,14.4,61.0,39.0,2.333333,,3.51515283377
2002-05-29,6.6,9.8,0.0,26.4,19.1,13.8,60.0,34.0,1.333333,,3.4791764175
2002-05-30,5.9,9.6,0.0,25.6,19.58,15.5,67.25,51.0,2.666667,,3.71724147756
2002-05-31,5.0,4.0,0.0,25.5,20.02,17.3,78.5,61.0,3.0,,2.70369118782
2002-06-01,4.1,6.0,0.0,26.4,20.16,17.2,72.75,,2.666667,,3.16421134152
2002-06-02,4.5,8.6,0.0,25.3,19.4,16.7,75.5,,3.666667,,3.48997568126
2002-06-03,5.3,6.3,0.0,24.6,19.78,15.7,77.0,,3.666667,,3.04110438707
2002-06-04,5.6,6.4,0.0,25.2,19.78,17.3,83.25,,2.333333,,2.80047161549
2002-06-05,4.8,7.6,0.8,25.2,19.9,16.7,79.5,,3.666667,,3.17270384921
2002-06-06,5.0,7.2,0.0,25.4,19.98,15.9,80.0,,4.666667,,3.15514294
2002-06-07,5.9,9.6,0.0,25.6,19.26,15.3,74.0,,4.333333,,3.69378032254
2002-06-08,5.4,3.1,0.3,24.2,18.86,16.3,90.75,,4.0,,2.01556769576
2002-06-09,4.6,1.8,0.8,22.4,18.54,16.3,89.0,,3.666667,,1.85574094238
2002-06-10,2.8,5.4,0.4,22.6,18.74,14.7,78.75,,4.0,,2.71694693785
2002-06-11,3.5,5.2,0.6,23.7,18.84,16.3,84.75,,3.333333,,2.50625785264
2002-06-12,2.8,2.5,5.7,23.7,19.22,16.6,93.75,,4.333333,,1.7676523395
2002-06-13,1.1,3.1,1.1,22.6,,,92.25,,4.0,,
2002-06-14,1.3,1.3,1.7,21.0,18.46,16.9,96.75,,4.0,,1.41058834106
2002-06-15,0.7,4.7,2.0,,,15.9,88.25,,4.0,,
2002-06-16,2.4,4.3,0.1,23.9,18.8,14.9,82.25,,4.666667,,2.53804785943
2002-06-17,2.8,5.1,4.8,23.0,18.1,15.3,82.25,,4.0,,2.55556732561
2002-06-18,3.4,9.6,0.4,23.8,18.66,14.9,76.0,,4.333333,,3.41672237812
2002-06-19,4.6,8.3,0.0,23.8,18.58,15.7,79.5,,4.333333,,3.1415164607
2002-06-20,3.8,2.7,1.2,21.6,17.94,15.7,87.25,,4.666667,,2.016966064
2002-06-21,2.9,0.9,0.6,21.6,18.14,15.7,92.25,,3.333333,,1.55204207593
2002-06-22,1.6,6.5,1.0,22.4,17.94,15.5,83.0,,4.0,,2.6637858668
2002-06-23,3.8,3.0,1.4,22.2,17.98,14.9,83.25,,3.666667,,2.18865959469
2002-06-24,3.1,3.1,0.1,21.9,17.38,13.9,85.75,,4.333333,,2.08512695348
2002-06-25,2.8,3.1,0.0,22.4,18.18,15.5,87.0,,3.666667,,2.06955079179
2002-06-26,2.3,0.4,0.7,21.4,17.74,16.3,93.25,,3.666667,,1.45382661453
2002-06-27,1.0,1.0,1.8,21.1,17.68,16.1,93.0,,4.666667,,1.5211724391
2002-06-28,1.3,4.5,1.6,22.0,17.78,15.3,89.5,74.0,3.666667,,2.12205202845
2002-06-29,1.2,1.3,3.4,20.4,17.02,15.6,93.25,,4.0,,1.52543567672
2002-06-30,1.2,4.9,2.3,21.6,17.78,15.1,85.5,,4.0,,2.3229430664
2002-07-01,1.9,3.4,1.2,23.2,18.06,15.3,83.75,64.0,3.666667,,2.27687215567
2002-07-02,2.7,7.0,2.1,23.4,18.02,15.9,83.25,65.0,3.666667,,2.78115726972
2002-07-03,3.8,2.1,0.0,20.8,16.82,15.1,93.75,87.0,4.0,,1.60494202186
2002-07-04,1.8,6.5,4.0,21.0,17.26,14.7,91.5,87.0,4.666667,,2.20464419587
2002-07-05,1.6,1.0,0.8,20.6,16.9,15.1,90.0,80.0,3.666667,,1.6329431941
2002-07-06,1.6,8.2,0.5,23.0,18.06,15.3,81.0,56.0,2.666667,,2.92811090165
2002-07-07,3.0,8.5,0.0,23.6,18.1,14.5,73.5,52.0,2.0,,3.08021818278
2002-07-08,3.3,8.2,0.0,26.2,18.44,13.8,72.5,46.0,2.333333,,3.25483072124
2002-07-09,3.7,10.2,0.0,27.3,19.4,13.3,65.0,38.0,2.666667,,3.85430085949
2002-07-10,4.7,2.6,0.0,22.9,18.2,13.7,89.75,76.0,3.666667,,1.89258045309
2002-07-11,1.5,1.6,2.2,22.0,18.04,16.0,92.25,78.0,3.666667,,1.68737673856
2002-07-12,1.2,9.1,0.0,25.0,18.36,13.9,80.75,48.0,2.0,,3.10782924253
2002-07-13,3.4,7.6,0.4,26.7,19.6,16.2,80.25,52.0,1.666667,,3.04889622283
2002-07-14,2.7,8.9,0.2,27.3,19.32,14.7,76.75,48.0,1.666667,,3.29661572998
2002-07-15,3.8,8.8,0.0,26.5,20.28,17.1,79.0,57.0,3.666667,,3.49582522268
2002-07-16,4.0,1.7,0.4,22.6,19.38,17.1,85.75,73.0,3.0,,2.00473829047
2002-07-17,2.9,5.0,0.2,24.4,18.5,15.9,87.25,69.0,3.333333,,2.46347282561
2002-07-18,3.0,5.3,0.7,23.4,18.9,16.9,87.25,68.0,4.333333,,2.51507955808
2002-07-19,4.1,9.3,0.0,22.2,17.5,14.9,83.5,66.0,4.0,,3.05134761347
2002-07-20,3.7,7.6,0.0,22.6,17.14,13.3,84.5,64.0,3.333333,,2.75438433197
2002-07-21,3.6,7.5,0.0,22.6,18.22,15.1,81.25,71.0,3.0,,2.91541787388
2002-07-22,2.7,5.7,0.3,24.0,18.62,15.7,82.25,61.0,3.333333,,2.75947558449
2002-07-23,2.6,7.6,0.8,25.0,19.3,16.1,81.75,62.0,2.666667,,3.08252957506
2002-07-24,4.3,8.9,0.5,25.9,19.76,16.1,70.25,46.0,4.666667,,4.01653222331
2002-07-25,8.2,7.1,0.0,24.3,19.36,16.6,80.0,60.0,5.666667,,3.27380072397
2002-07-26,5.8,3.2,0.9,22.6,17.76,15.7,83.25,65.0,3.333333,,2.34093360266
2002-07-27,3.4,1.3,0.5,22.5,18.74,16.2,85.0,73.0,3.333333,,2.02507276359
2002-07-28,1.9,6.7,0.0,26.6,19.98,17.3,80.0,59.0,2.0,,3.10934878643
2002-07-29,5.4,8.3,0.0,24.6,19.5,15.3,80.0,59.0,4.666667,,3.36591643406
2002-07-30,4.6,6.9,0.6,24.4,18.58,15.9,84.0,57.0,5.0,,3.0096950919
2002-07-31,4.4,3.2,1.0,21.6,17.94,15.9,92.0,80.0,3.666667,,1.99734141546
2002-08-01,1.2,8.6,4.4,24.6,18.58,14.9,78.0,,2.0,,3.29854157348
2002-08-02,3.4,7.6,0.0,25.5,18.68,15.3,77.75,,1.666667,,3.18697344871
2002-08-03,4.4,9.4,0.0,25.6,19.42,15.7,69.5,,2.0,,3.70558405545
2002-08-04,7.9,10.0,0.0,25.4,19.06,15.7,65.0,,2.0,,3.87955718248
2002-08-05,7.9,6.4,0.0,24.9,17.82,14.2,74.25,,2.666667,,3.18047866592
2002-08-06,6.3,8.8,0.0,25.4,18.58,15.0,63.5,,3.666667,,4.15735310682
2002-08-07,6.2,5.7,0.0,25.0,19.18,14.2,75.75,,4.333333,,3.26511537901
2002-08-08,3.9,9.5,0.3,24.1,18.36,15.1,71.25,,6.0,,4.15497800843
2002-08-09,5.6,9.6,0.3,24.9,18.1,14.4,74.5,,4.0,,3.84453321552
2002-08-10,5.4,6.1,0.0,23.5,17.68,15.3,78.75,,3.666667,,3.10076240423
2002-08-11,4.0,7.5,1.4,23.9,17.64,15.3,75.5,,3.333333,,3.4312492727
2002-08-12,4.5,8.0,0.0,23.4,18.18,13.9,81.25,,4.0,,3.24277561937
2002-08-13,3.4,8.0,2.2,23.6,18.18,15.3,77.25,,2.666667,,3.38937262876
2002-08-14,4.2,8.4,0.0,25.4,19.54,16.3,76.25,,3.0,,3.68400547579
2002-08-15,4.4,8.8,1.2,25.2,19.18,14.9,73.5,,3.666667,,3.85530736375
2002-08-16,8.9,2.6,2.1,21.0,17.86,15.9,92.0,,4.0,,1.99360173986
2002-08-17,1.4,7.0,3.0,22.2,18.06,15.3,82.75,,5.333333,,3.10622828184
2002-08-18,5.8,6.2,2.4,22.4,17.62,14.9,84.25,,4.333333,,2.90821210486
2002-08-19,4.6,3.0,5.2,21.0,17.34,15.3,88.5,,5.333333,,2.21051211693
2002-08-20,1.7,2.1,2.8,21.0,17.12,15.0,95.5,,5.666667,,1.68322404371
2002-08-21,1.4,8.3,2.4,23.0,17.44,14.0,79.25,,5.0,,3.48934953269
2002-08-22,4.6,4.8,1.4,23.0,17.98,15.7,83.5,,4.666667,,2.85093344568
2002-08-23,3.4,9.6,2.4,23.0,17.44,14.5,77.75,,3.333333,,3.71745599447
2002-08-24,4.1,9.3,0.0,23.7,18.18,14.4,78.75,,5.0,,3.75957231731
2002-08-25,5.0,4.0,0.3,20.9,16.74,15.0,93.75,,4.0,,2.16409267611
2002-08-26,0.7,7.6,5.4,23.7,18.08,14.3,79.25,,4.333333,,3.479563918
2002-08-27,5.1,7.6,0.4,23.6,17.82,14.9,76.75,,4.0,,3.6018785581
2002-08-28,5.4,7.8,0.3,23.8,18.1,14.9,74.5,,5.0,,3.84212400085
2002-08-29,5.8,6.8,0.0,23.8,18.18,15.3,73.5,,3.666667,,3.63527607121
2002-08-30,5.6,10.2,0.0,24.6,18.74,15.3,64.75,44.0,3.333333,,4.50898862966
2002-08-31,6.3,8.0,0.6,24.6,19.3,16.3,69.25,48.0,2.362213,,3.89578343299
2002-09-01,5.8,9.0,0.0,27.5,20.76,16.9,64.75,,1.666667,,4.23391604027
2002-09-02,6.9,9.4,0.0,32.4,23.46,15.7,56.75,,1.333333,,4.599564496
2002-09-03,8.7,4.0,0.0,26.0,21.2,19.3,84.5,,4.0,,3.04218658563
2002-09-04,2.5,2.6,0.0,24.7,20.56,17.5,75.0,,3.666667,,3.08191993716
2002-09-05,4.8,2.2,0.0,23.9,19.16,16.8,81.75,,4.0,,2.68597555662
2002-09-06,4.2,6.3,0.0,25.5,19.58,16.4,78.25,,3.0,,3.54489799675
2002-09-07,4.2,6.4,0.2,27.5,20.12,16.5,74.0,,2.666667,,3.80404810527
2002-09-08,4.2,2.4,0.2,24.7,18.9,15.9,78.25,,4.333333,,2.95166725444
2002-09-09,3.8,7.0,0.0,24.1,18.96,13.7,75.0,,5.333333,,3.81016006556
2002-09-10,5.9,3.1,0.4,22.2,17.9,15.7,92.75,,4.0,,2.25761690112
2002-09-11,3.0,8.9,0.7,24.2,18.3,14.9,75.75,,4.666667,,4.10270986967
2002-09-12,8.0,5.9,0.3,24.8,18.3,13.7,82.75,,4.666667,,3.26985322261
2002-09-13,4.2,8.0,0.0,25.8,19.58,15.5,70.5,50.0,2.666667,,4.11800123363
2002-09-14,4.9,9.2,0.0,28.7,21.2,16.5,63.5,,1.666667,,4.5405107442
2002-09-15,6.6,9.4,0.0,29.7,21.76,16.7,63.75,,2.0,,4.77223017345
2002-09-16,8.8,8.6,0.0,25.9,19.82,15.7,67.5,,5.0,,4.75214986934
2002-09-17,7.2,9.0,0.0,25.8,18.76,14.0,73.75,,4.666667,,4.36743781221
2002-09-18,6.4,10.3,0.0,25.6,18.6,13.6,61.0,,4.666667,,5.1684801699
2002-09-19,7.6,7.0,0.0,25.4,19.0,14.6,82.0,,4.333333,,3.62282112869
2002-09-20,3.6,6.8,4.8,23.9,18.44,15.7,90.25,,3.666667,,3.19735778439
2002-09-21,2.4,9.2,0.2,29.4,21.28,16.4,67.75,,3.0,,4.90611302655
2002-09-22,6.3,7.9,0.0,29.5,22.36,18.0,63.25,,2.333333,,4.69750000759
2002-09-23,6.3,8.0,0.0,26.9,20.8,17.3,77.75,,2.0,,4.1131677515
2002-09-24,4.6,8.7,0.0,28.7,22.36,16.7,63.5,,2.666667,,4.84832635398
2002-09-25,6.0,1.4,1.4,26.0,21.66,18.1,76.75,,1.333333,,2.6087981434
2002-09-26,3.0,0.1,0.0,22.9,19.5,18.2,90.5,,3.666667,,2.00655927526
2002-09-27,2.1,0.7,0.0,23.2,20.06,16.9,83.0,,3.0,,2.38785551116
2002-09-28,4.2,2.5,0.0,24.2,19.7,17.7,92.25,,4.333333,,2.40963340015
2002-09-29,2.8,0.3,2.2,22.6,18.66,16.7,88.75,,4.666667,,2.10420490663
2002-09-30,3.6,8.0,0.2,26.7,20.2,15.7,71.75,,4.0,,4.49751694872
2002-10-01,8.8,9.8,0.0,27.6,20.98,17.2,66.25,,3.0,,5.05584096652
2002-10-02,7.8,10.5,0.0,28.8,21.52,17.1,64.75,,3.0,,5.35384987637
2002-10-03,8.5,8.2,0.0,27.9,21.14,16.6,61.25,,3.333333,,5.01133061945
2002-10-04,9.8,10.2,0.0,29.2,21.9,15.5,60.0,,3.333333,,5.51544159432
2002-10-05,10.2,8.9,0.0,27.3,20.92,17.6,64.25,,4.0,,5.18757423119
2002-10-06,6.3,9.5,0.0,28.8,22.26,16.9,57.25,,3.666667,,5.62881344993
2002-10-07,8.6,8.7,0.0,28.1,21.52,17.1,64.0,,5.0,,5.42707921647
2002-10-08,7.8,6.6,0.0,27.1,20.68,16.3,68.25,,5.666667,,4.78245822351
2002-10-09,11.1,10.6,0.0,28.7,20.88,15.7,64.5,,3.0,,5.3575915603
2002-10-10,10.8,8.8,0.0,27.9,21.68,16.7,65.5,,3.666667,,5.08844740145
2002-10-11,10.9,8.0,0.0,27.5,20.92,16.5,63.0,,4.333333,,5.14825507878
2002-10-12,12.0,9.2,0.0,27.1,20.56,15.9,62.25,,4.666667,,5.40228346072
2002-10-13,10.9,5.6,0.0,27.9,20.72,16.3,67.0,,3.666667,,4.40303111153
2002-10-14,9.8,8.9,0.0,28.4,21.18,16.5,66.5,,4.0,,5.18713965171
2002-10-15,8.6,8.2,0.0,26.7,20.42,16.1,58.0,,3.333333,,5.07660477441
2002-10-16,9.5,9.1,0.0,29.6,21.78,16.0,48.75,,2.333333,,5.41382323225
2002-10-17,9.2,6.3,0.0,27.1,20.58,17.1,69.75,,2.333333,,4.16482581985
2002-10-18,6.2,8.9,0.0,28.8,21.48,16.7,68.5,,4.333333,,5.21681417832
2002-10-19,10.0,8.1,0.0,27.7,21.82,17.7,68.75,,5.0,,5.1045761932
2002-10-20,9.9,9.8,0.0,28.8,21.22,16.6,64.25,,4.666667,,5.6662185759
2002-10-21,10.7,8.0,0.0,28.5,21.32,16.3,59.0,38.0,2.0,,4.77338133989
2002-10-22,8.4,10.4,0.0,31.1,22.52,15.7,48.5,,2.0,,5.66981137181
2002-10-23,10.2,8.0,0.0,28.3,22.08,17.9,62.5,,4.666667,,5.45130832162
2002-10-24,8.3,8.9,0.0,28.3,22.0,17.1,55.25,,3.0,,5.43146080137
2002-10-25,8.4,10.8,0.0,28.7,21.96,16.5,52.5,,1.233333,,5.19016206763
2002-10-26,7.8,10.6,0.0,29.7,22.44,15.9,49.25,,2.0,,5.59566780441
2002-10-27,9.3,10.7,0.0,31.5,23.0,15.3,52.0,,3.0,,6.14445899326
2002-10-28,9.7,7.1,0.0,27.7,22.18,18.3,66.25,,3.0,,4.71543930056
2002-10-29,7.2,5.7,0.0,28.6,22.42,18.5,60.25,,3.666667,,4.92739653448
2002-10-30,7.2,6.5,0.0,29.3,22.44,18.1,61.75,,2.666667,,4.76626621513
2002-10-31,5.9,6.2,0.0,30.1,23.08,18.1,64.75,,2.333333,,4.56905895321
2002-11-01,6.9,7.0,0.0,32.6,24.0,18.1,66.75,,3.0,,5.07008290268
2002-11-02,5.1,4.9,0.2,29.0,23.84,19.0,68.25,,2.333333,,4.14143127189
2002-11-03,6.1,2.3,0.0,28.7,23.04,18.7,71.75,,2.0,,3.33753174722
2002-11-04,6.0,1.1,2.5,26.5,22.08,19.1,82.25,,2.333333,,2.72772115629
2002-11-05,2.8,7.0,7.2,28.7,22.84,19.5,77.25,,3.333333,,4.48024778164
2002-11-06,5.4,7.6,1.3,29.1,22.72,18.9,67.5,,3.0,,4.9328196309
2002-11-07,6.9,0.1,0.2,23.8,20.62,18.1,82.5,,3.333333,,2.47623043944
2002-11-08,8.6,6.2,0.6,27.3,20.84,17.7,80.0,,4.666667,,4.08910379422
2002-11-09,2.2,5.2,0.6,26.4,20.58,16.3,80.75,,4.666667,,3.7256374356
2002-11-10,6.0,7.5,1.0,27.7,21.76,17.5,76.75,,3.0,,4.41712316978
2002-11-11,7.3,10.9,0.4,28.6,21.74,15.3,64.0,,3.666667,,5.65781989894
2002-11-12,2.0,10.9,0.0,29.3,21.86,16.7,63.0,,5.0,,6.11704462733
2002-11-13,9.8,10.0,0.0,28.1,21.46,16.9,59.25,,5.666667,,6.17392788645
2002-11-14,12.1,11.0,0.0,29.3,21.88,17.4,68.25,,5.666667,,5.97451129402
2002-11-15,11.4,6.6,0.6,28.4,21.18,17.1,63.75,,3.333333,,4.81223234298
2002-11-16,9.0,10.0,0.0,30.0,21.86,15.0,50.75,,2.0,,5.47665982181
2002-11-17,11.9,11.8,0.0,31.3,22.72,14.7,43.0,,2.333333,,6.27102869108
2002-11-18,11.9,9.7,0.0,31.4,22.98,15.9,53.75,,2.333333,,5.6626845468
2002-11-19,11.0,7.6,0.0,29.9,22.44,16.5,61.25,,3.333333,,5.22115353481
2002-11-20,8.7,6.1,0.0,29.7,22.24,16.5,67.0,,4.0,,4.80833948881
2002-11-21,8.6,7.7,0.0,30.2,22.74,18.3,64.0,,3.666667,,5.32611133754
2002-11-22,10.2,8.6,0.0,27.7,22.64,17.9,63.0,,2.0,,4.88803427403
2002-11-23,8.9,7.0,0.0,30.1,22.2,18.1,79.0,,5.0,,4.57650457684
2002-11-24,6.6,8.5,1.6,28.1,22.6,18.3,69.5,,5.333333,,5.31105685392
2002-11-25,7.4,11.1,0.2,28.9,22.4,17.3,56.0,34.0,5.333333,,6.61368681156
2002-11-26,12.5,9.6,0.0,29.1,22.54,17.7,53.75,,4.0,,6.11683282178
2002-11-27,10.4,10.3,0.0,29.7,22.9,17.4,57.75,,3.0,,5.82485924621
2002-11-28,8.9,8.9,0.0,29.7,23.02,18.5,64.0,,4.666667,,5.76410431534
2002-11-29,9.5,9.8,0.0,29.6,23.24,18.2,59.0,,5.666667,,6.42375454854
2002-11-30,10.7,9.8,0.0,29.9,22.72,18.4,64.0,,4.666667,,5.957971813
2002-12-01,8.9,10.7,0.0,29.8,23.0,17.7,54.0,40.0,2.666667,,5.92775377919
2002-12-02,7.8,8.1,0.0,29.7,22.2,17.9,58.25,38.0,1.666667,,4.89839748383
2002-12-03,7.2,11.2,0.0,30.1,22.76,18.1,53.25,31.0,2.666667,,6.10015185987
2002-12-04,11.1,9.2,0.0,29.9,23.28,16.5,52.0,35.0,3.0,,5.76779819629
2002-12-05,11.2,7.4,0.0,29.8,23.1,18.5,57.0,41.0,2.666667,,5.18952974279
2002-12-06,9.9,11.1,0.0,32.4,24.94,17.1,45.0,32.0,1.0,,5.4984712911
2002-12-07,12.4,3.3,0.0,31.7,23.44,18.9,69.25,37.0,2.666667,,4.01124839228
2002-12-08,8.5,3.0,9.2,26.5,21.6,19.3,80.25,65.0,2.333333,,3.25045702552
2002-12-09,3.5,0.4,13.6,25.6,21.54,18.6,80.75,69.0,1.666667,,2.50650173463
2002-12-10,2.7,2.7,6.4,27.9,21.96,18.7,86.5,82.0,0.666667,,2.97243796802
2002-12-11,3.3,8.6,1.2,28.5,22.32,18.6,73.5,53.0,2.666667,,4.85159949322
2002-12-12,9.0,9.2,0.0,29.4,22.46,18.4,61.5,41.0,2.666667,,5.40168482732
2002-12-13,10.0,5.6,0.0,26.2,21.18,17.4,75.75,62.0,2.666667,,3.91380402275
2002-12-14,6.6,8.5,0.0,27.9,22.52,18.5,70.75,58.0,2.666667,,4.8616591675
2002-12-15,6.7,5.4,0.3,29.1,22.96,19.3,69.5,51.0,3.0,,4.40945749128
2002-12-16,7.3,8.5,0.0,30.4,23.66,18.3,56.0,42.0,2.666667,,5.49664920779
2002-12-17,11.6,10.2,0.0,31.2,24.1,18.5,60.5,42.0,2.0,,5.60087632639
2002-12-18,9.6,3.8,0.0,28.3,22.24,18.9,72.5,58.0,2.0,,3.67488747939
2002-12-19,6.5,6.0,0.0,29.1,22.56,18.7,67.75,57.0,2.666667,,4.50362824783
2002-12-20,8.4,9.3,0.0,30.5,23.36,17.9,55.75,43.0,3.0,,5.78943293526
2002-12-21,9.6,11.6,0.0,31.4,23.82,17.9,48.5,32.0,2.0,,6.10748702607
2002-12-22,10.9,11.9,0.0,33.2,25.18,16.9,40.75,30.0,2.0,,6.41815473975
2002-12-23,13.8,8.2,0.0,33.4,25.3,18.7,49.25,31.0,0.666667,,4.74658011093
2002-12-24,7.3,6.3,0.0,32.2,25.68,19.7,60.5,49.0,3.333333,,5.32321705491
2002-12-25,5.7,6.0,0.0,29.5,23.94,20.2,81.25,64.0,3.666667,,4.21278960947
2002-12-26,3.1,3.3,5.3,28.5,21.96,18.7,83.0,68.0,3.666667,,3.40086028822
2002-12-27,2.6,2.1,10.4,25.9,21.56,18.3,89.25,73.0,1.333333,,2.72183026455
2002-12-28,1.9,3.1,4.4,26.4,20.44,18.0,86.0,77.0,2.666667,,3.0641848533
2002-12-29,1.9,0.0,7.6,22.8,19.62,18.0,93.5,84.0,3.0,,1.98589022898
2002-12-30,1.4,0.3,15.8,24.4,20.82,18.5,88.75,77.0,3.333333,,2.29890812163
2002-12-31,3.5,7.2,0.2,27.9,21.4,17.7,77.5,59.0,3.0,,4.36499583806
2003-01-01,6.5,9.9,0.0,29.7,23.34,17.6,67.75,52.0,2.333333,,5.30388526747
2003-01-02,7.5,9.0,0.0,30.3,24.76,19.7,62.5,44.0,2.666667,,5.48112410939
2003-01-03,7.7,7.8,7.2,29.5,23.62,19.4,72.25,54.0,2.0,,4.72228236837
2003-01-04,7.2,9.6,0.0,29.4,23.2,19.1,64.5,52.0,2.333333,,5.36837619408
2003-01-05,6.1,6.9,0.0,30.7,23.52,18.7,67.25,40.0,2.0,,4.67476355794
2003-01-06,6.9,9.5,0.0,32.6,25.32,19.1,57.5,31.0,1.666667,,5.51845680484
2003-01-07,4.4,11.8,0.0,33.0,26.12,19.1,48.75,31.0,1.333333,,6.00421589881
2003-01-08,8.8,11.2,0.0,31.9,25.8,20.4,52.5,40.0,2.333333,,6.28925483228
2003-01-09,8.7,8.2,0.0,29.0,22.86,18.4,64.5,51.0,3.0,,5.1638885644
2003-01-10,5.8,9.6,0.0,30.4,23.02,18.4,55.5,35.0,2.666667,,5.76728443692
2003-01-11,8.2,7.9,0.0,31.4,24.06,19.2,63.75,44.0,2.0,,5.06586044397
2003-01-12,5.7,7.0,0.0,31.9,25.2,19.1,56.25,47.0,1.0,,4.57717612896
2003-01-13,5.8,7.8,0.0,31.4,25.14,20.3,65.5,45.0,3.0,,5.33500969089
2003-01-14,7.2,5.6,0.0,28.9,22.46,19.6,88.5,74.0,2.666667,,3.75990396926
2003-01-15,2.9,6.0,12.8,29.7,23.34,19.3,75.0,56.0,0.666667,,4.01223256648
2003-01-16,2.9,6.7,20.8,26.7,21.62,19.0,83.0,65.0,2.0,,4.03382646302
2003-01-17,3.2,9.3,0.0,28.5,22.24,17.9,73.75,56.0,1.666667,,4.87258467164
2003-01-18,4.1,10.4,0.0,26.8,22.58,18.9,71.75,64.0,3.333333,,5.28203560268
2003-01-19,4.2,3.8,0.0,28.0,21.76,18.0,76.75,56.0,2.333333,,3.58199973596
2003-01-20,3.2,9.5,0.0,29.5,23.14,18.4,62.75,42.0,2.0,,5.28187419465
2003-01-21,6.4,7.3,0.0,28.5,22.22,18.6,79.5,56.0,4.0,,4.47195410429
2003-01-22,6.6,6.7,22.0,26.7,21.46,17.5,79.25,64.0,2.333333,,4.07652991153
2003-01-23,6.3,10.0,0.4,28.1,21.38,17.5,71.75,54.0,3.666667,,5.27018771172
2003-01-24,7.0,7.5,0.0,26.6,22.3,19.0,74.75,65.0,2.333333,,4.44034093474
2003-01-25,6.1,11.2,0.0,29.5,22.9,18.6,64.75,46.0,2.0,,5.64656928413
2003-01-26,7.4,8.4,0.0,28.5,22.28,18.8,73.75,50.0,3.0,,4.8777170361
2003-01-27,6.3,8.2,0.0,28.8,22.98,18.7,66.75,49.0,2.666667,,5.02142023925
2003-01-28,5.8,3.0,0.0,27.0,22.48,19.0,72.5,58.0,2.0,,3.4417403473
2003-01-29,3.4,8.6,0.4,29.3,22.2,18.9,81.5,54.0,3.333333,,4.72784736424
2003-01-30,4.1,9.3,19.4,27.5,22.1,18.5,74.75,55.0,4.333333,,5.05790376697
2003-01-31,5.0,7.3,0.3,26.5,21.28,18.6,83.5,76.0,4.666667,,4.13812773126
2003-02-01,3.4,6.4,0.2,27.1,20.32,17.7,82.75,58.0,5.0,,3.99758270434
2003-02-02,7.4,1.9,12.7,23.6,20.3,16.9,87.5,79.0,5.333333,,2.62153396191
2003-02-03,1.8,9.5,0.7,26.9,21.84,18.1,80.5,58.0,4.0,,4.73921767089
2003-02-04,5.0,8.2,0.0,27.7,22.12,19.1,80.0,58.0,4.0,,4.6057860182
2003-02-05,3.9,10.2,0.0,27.9,21.84,17.1,73.25,55.0,3.0,,5.14550067724
2003-02-06,5.8,11.0,0.0,26.7,22.36,20.9,71.75,63.0,2.0,,5.37762158728
2003-02-07,4.6,10.0,0.0,28.1,22.84,18.7,68.5,51.0,2.433333,,5.26471465746
2003-02-08,6.6,11.0,0.0,28.3,22.48,17.9,66.5,55.0,5.0,,5.93024393858
2003-02-09,6.1,11.6,0.0,27.1,22.04,16.9,63.5,49.0,2.666667,,5.5896335578
2003-02-10,6.6,5.2,0.0,28.3,22.04,17.1,69.5,51.0,2.0,,4.00958362561
2003-02-11,5.0,7.5,0.0,27.3,22.04,17.3,67.75,54.0,3.0,,4.70928308013
2003-02-12,5.6,9.4,0.0,28.7,22.48,17.1,60.75,41.0,2.0,,5.15838784518
2003-02-13,5.9,6.4,0.0,28.5,22.48,18.9,75.5,52.0,3.666667,,4.43301795911
2003-02-14,5.6,6.7,0.0,28.4,22.58,19.3,66.25,55.0,3.333333,,4.84060414202
2003-02-15,5.8,5.8,0.0,27.9,22.32,18.1,67.5,53.0,2.0,,4.19518880751
2003-02-16,5.4,10.5,0.0,29.7,23.48,18.5,58.25,40.0,2.666667,,5.80592044778
2003-02-17,9.1,7.8,0.0,29.3,23.24,18.1,59.75,44.0,2.333333,,5.01655728227
2003-02-18,9.2,9.3,0.0,28.1,22.84,19.1,69.25,56.0,2.666667,,5.12338031165
2003-02-19,5.8,10.7,0.0,30.1,23.44,18.5,64.0,45.0,2.0,,5.5498663314
2003-02-20,8.3,8.7,0.0,29.9,24.08,20.1,66.75,48.0,3.666667,,5.47305182747
2003-02-21,9.6,9.4,0.0,28.7,23.28,18.9,60.5,43.0,4.666667,,5.95021259529
2003-02-22,7.0,1.7,0.0,23.6,21.58,19.3,89.75,64.0,3.666667,,2.51499288226
2003-02-23,3.1,4.4,5.1,25.8,21.46,18.3,78.25,63.0,4.666667,,3.74039182918
2003-02-24,5.2,9.7,0.0,28.7,22.76,17.3,69.75,50.0,4.0,,5.32686031527
2003-02-25,7.0,7.0,0.0,27.9,22.2,18.7,75.25,60.0,3.0,,4.40625578531
2003-02-26,5.2,11.7,0.0,29.5,22.6,16.7,59.5,39.0,2.0,,5.67035972405
2003-02-27,10.1,11.8,0.0,29.9,23.04,15.9,57.5,46.0,2.0,,5.71599645556
2003-02-28,10.0,10.1,0.0,29.5,23.44,18.1,61.75,46.0,4.333333,,5.95008864978
2003-03-01,6.9,8.3,0.0,27.5,22.2,18.5,68.0,52.0,2.666667,,4.81223812396
2003-03-02,6.0,5.8,0.0,27.5,22.16,18.1,77.5,55.0,5.0,,4.16546796052
2003-03-03,4.8,8.6,0.0,29.3,22.84,17.5,68.25,51.0,4.0,,5.20296356092
2003-03-04,6.8,9.0,0.0,29.7,23.34,18.3,61.0,44.0,5.0,,5.94461433565
2003-03-05,7.0,8.9,0.0,29.6,23.38,19.2,61.5,43.0,4.333333,,5.76735455303
2003-03-06,7.2,10.3,0.0,30.4,23.48,18.3,62.0,37.0,4.333333,,6.04795441124
2003-03-07,7.3,6.8,0.0,28.7,22.54,18.0,64.5,44.0,4.333333,,5.04311591091
2003-03-08,10.0,10.0,0.0,29.5,22.66,17.1,56.25,42.0,3.666667,,5.88410999462
2003-03-09,2.0,9.8,0.0,29.8,23.4,18.0,57.25,43.0,4.0,,5.97727146228
2003-03-10,6.9,4.5,0.0,29.9,22.72,18.5,78.25,51.0,3.666667,,3.86861230005
2003-03-11,5.6,9.6,0.1,30.3,23.28,20.5,72.0,51.0,4.0,,5.43676072296
2003-03-12,6.4,8.2,0.0,30.7,24.24,19.3,60.25,48.0,2.0,,4.99547612558
2003-03-13,6.6,5.5,0.0,29.8,23.54,20.1,66.0,52.0,2.0,,4.22158083308
2003-03-14,4.9,7.9,0.0,29.9,23.72,20.3,70.75,49.0,3.0,,4.87792356318
2003-03-15,6.8,9.0,0.0,29.9,22.84,19.7,76.75,54.0,3.666667,,4.93888503519
2003-03-16,5.6,10.2,0.0,30.1,23.34,18.8,68.75,41.0,3.666667,,5.4917351213
2003-03-17,6.9,6.5,0.0,30.6,23.52,19.7,69.75,46.0,4.0,,4.81732456674
2003-03-18,4.4,5.4,0.2,30.5,23.52,19.2,72.75,61.0,3.0,,4.21076975259
2003-03-19,5.2,2.9,1.0,28.4,22.16,18.7,76.5,57.0,4.333333,,3.56820048105
2003-03-20,3.4,4.4,5.3,26.5,21.84,18.8,80.25,68.0,3.666667,,3.49436991417
2003-03-21,3.6,4.2,0.1,27.3,22.28,18.8,70.75,55.0,2.333333,,3.64561026739
2003-03-22,4.4,7.0,0.3,29.4,23.5,19.2,65.75,51.0,2.333333,,4.51555042165
2003-03-23,5.0,1.7,1.4,25.4,20.5,18.3,89.0,66.0,2.666667,,2.45150999896
2003-03-24,1.9,9.2,11.6,26.6,22.06,18.7,76.5,56.0,3.666667,,4.57499524894
2003-03-25,5.0,10.0,1.6,27.1,22.04,18.5,73.25,55.0,3.666667,,4.87993002051
2003-03-26,5.4,5.7,0.0,27.5,21.96,17.7,75.0,54.0,2.0,,3.71394306566
2003-03-27,3.8,6.5,0.3,27.9,22.2,18.9,77.25,53.0,4.666667,,4.180177393
2003-03-28,5.5,6.2,0.8,26.3,21.44,18.7,86.25,66.0,4.0,,3.50664245608
2003-03-29,5.0,3.4,0.0,25.0,21.06,17.9,90.5,86.0,4.333333,,2.64563166873
2003-03-30,3.4,3.0,0.4,25.9,21.04,17.7,85.0,64.0,2.666667,,2.81276214101
2003-03-31,5.0,7.2,0.0,28.4,22.54,19.1,74.5,55.0,3.666667,,4.3453610918
2003-04-01,6.4,5.8,0.0,27.5,22.42,19.2,73.5,57.0,4.333333,,4.14571564007
2003-04-02,3.8,9.7,0.0,28.9,22.74,18.2,65.75,49.0,3.333333,,5.09403596171
2003-04-03,6.2,8.0,0.0,29.6,22.74,18.8,67.25,45.0,3.0,,4.70769474068
2003-04-04,6.9,10.1,0.0,28.4,22.38,17.9,67.0,53.0,3.333333,,5.0361603775
2003-04-05,6.0,10.1,0.0,30.4,23.58,17.3,61.0,47.0,2.666667,,5.19437669451
2003-04-06,5.1,6.0,0.0,32.0,25.0,20.0,62.5,42.0,0.666667,,3.73889054154
2003-04-07,4.8,5.6,0.0,32.2,24.66,20.3,72.25,50.0,2.333333,,4.07502939568
2003-04-08,3.0,8.0,10.2,29.1,23.24,19.7,74.5,56.0,2.0,,4.23886505649
2003-04-09,4.0,7.3,0.0,29.3,23.34,19.8,66.5,47.0,3.333333,,4.62588938605
2003-04-10,5.8,10.1,0.0,30.1,23.32,18.5,60.25,36.0,2.0,,4.93564326162
2003-04-11,5.9,10.5,0.0,30.5,23.76,18.3,59.75,39.0,1.333333,,4.77644464821
2003-04-12,6.0,10.6,0.0,31.4,24.7,18.5,58.0,42.0,1.666667,,5.00787434079
2003-04-13,7.0,7.2,0.0,29.3,23.84,20.5,62.75,45.0,4.0,,4.93177216201
2003-04-14,6.1,8.2,0.0,28.7,22.88,19.0,75.25,57.0,3.333333,,4.30774713618
2003-04-15,4.0,7.1,0.2,28.6,22.82,19.4,73.0,52.0,3.0,,4.12696651391
2003-04-16,8.3,3.2,0.4,26.7,21.1,19.0,87.0,73.0,2.1,,2.68894478381
2003-04-17,2.0,6.5,1.8,27.6,21.72,18.2,79.5,59.0,3.666667,,3.69960545848
2003-04-18,3.3,5.4,0.0,26.3,20.88,17.7,81.75,62.0,4.0,,3.31360854831
2003-04-19,2.6,4.7,0.2,26.6,20.92,18.2,80.0,62.0,3.333333,,3.24006930724
2003-04-20,2.9,9.7,0.4,27.7,21.92,17.9,74.0,54.0,5.0,,4.60467134726
2003-04-21,4.8,9.1,0.0,28.1,22.28,18.1,70.0,45.0,5.666667,,4.86302951718
2003-04-22,6.3,8.4,0.2,27.7,21.76,17.7,71.25,45.0,5.0,,4.51216309159
2003-04-23,7.0,0.7,0.0,25.2,21.22,17.9,78.75,72.0,5.0,,2.7051461556
2003-04-24,4.2,6.0,0.3,26.2,21.26,17.5,79.25,61.0,2.666667,,3.33076173018
2003-04-25,,8.9,0.0,28.3,22.16,17.7,70.5,48.0,2.666667,,4.24121551848
2003-04-26,5.1,4.6,0.0,27.3,22.32,19.1,75.5,54.0,2.233333,,3.21735653465
2003-04-27,4.8,8.3,0.0,28.9,22.56,17.7,73.5,52.0,3.333333,,4.16933400839
2003-04-28,5.8,8.4,0.0,27.9,21.74,17.1,70.75,52.0,3.333333,,4.17449861238
2003-04-29,4.9,5.7,0.0,27.9,21.86,18.3,67.0,45.0,3.333333,,3.91272381483
2003-04-30,5.0,8.8,0.0,27.6,22.12,18.5,68.5,53.0,3.666667,,4.40517622221
2003-05-01,5.9,8.5,0.0,29.7,22.76,18.3,60.0,,2.666667,,4.51955451353
2003-05-02,6.6,8.4,0.0,31.6,23.92,17.6,54.5,,1.333333,,4.11294984111
2003-05-03,6.8,7.0,3.6,31.6,24.5,19.5,59.0,,2.333333,,4.31640866171
2003-05-04,4.4,0.0,1.7,25.6,19.92,18.1,94.75,,4.0,,1.60228022122
2003-05-05,0.7,2.5,2.5,23.2,19.62,17.9,89.5,,4.333333,,2.18384316393
2003-05-06,1.0,5.8,1.8,25.2,19.86,17.3,83.25,,2.666667,,2.97470073929
2003-05-07,2.8,7.6,0.0,27.5,21.12,17.7,81.5,,1.666667,,3.39069195988
2003-05-08,3.4,8.8,0.0,28.7,22.2,17.3,72.75,,2.0,,3.8587262759
2003-05-09,4.4,8.6,0.0,26.7,21.72,18.9,73.25,,1.666667,,3.67652136406
2003-05-10,,6.7,0.0,26.5,20.56,17.9,79.25,,4.0,,3.42701280564
2003-05-11,3.5,5.6,0.0,26.2,20.66,17.5,72.5,,5.0,,3.69179394508
2003-05-12,5.0,0.8,0.1,23.5,19.68,16.5,81.5,,3.333333,,2.17063982936
2003-05-13,2.2,1.4,0.3,24.6,19.82,16.8,85.0,,3.666667,,2.17763774216
2003-05-14,1.8,4.0,1.4,23.8,20.04,17.5,87.0,,3.666667,,2.45963917152
2003-05-15,2.1,3.1,4.4,23.2,19.38,17.2,87.5,,4.333333,,2.28114139188
2003-05-16,1.3,0.6,2.7,21.3,18.18,16.9,87.0,,3.666667,,1.85382223571
2003-05-17,1.4,9.0,0.9,25.1,19.2,15.6,76.5,,4.0,,3.61366637719
2003-05-18,3.6,2.6,0.4,23.3,18.84,15.9,89.5,,4.0,,2.05691009587
2003-05-19,1.3,7.2,1.0,23.8,19.46,16.9,85.0,,5.0,,2.97091669885
2003-05-20,2.8,1.5,3.0,21.6,18.38,16.3,88.5,,2.333333,,1.84993562245
2003-05-21,1.8,7.6,0.0,24.8,19.54,16.5,79.25,,2.333333,,3.13973559622
2003-05-22,3.4,3.8,0.3,25.6,20.22,17.7,83.0,,2.666667,,2.55011838722
2003-05-23,3.2,5.9,0.0,24.2,19.94,17.9,78.5,,2.0,,2.86468941259
2003-05-24,2.8,8.1,0.0,30.3,22.52,17.7,74.25,,1.666667,,3.5622853086
2003-05-25,3.8,6.8,0.0,28.3,22.12,17.7,80.5,,2.0,,3.14577901873
2003-05-26,6.8,2.1,16.2,26.1,21.86,19.0,83.75,,1.566667,,2.16730374954
2003-05-27,1.4,1.0,20.5,23.8,19.8,17.8,95.0,,3.0,,1.61237985172
2003-05-28,1.2,3.6,1.6,24.8,20.54,18.1,94.25,,3.0,,2.07593363851
2003-05-29,1.0,0.0,1.0,20.7,18.54,17.4,96.0,96.0,3.333333,,1.33646287378
2003-05-30,0.7,2.5,0.6,23.6,18.82,15.5,85.75,,4.666667,,2.18964413991
2003-05-31,1.9,0.0,0.0,20.4,18.18,16.6,95.25,,3.333333,,1.34057519866
2003-06-01,0.6,4.4,2.1,23.6,19.1,16.6,91.5,75.0,4.0,,2.16823957306
2003-06-02,1.7,4.9,2.2,23.4,19.62,17.7,88.25,78.0,4.666667,,2.41392810915
2003-06-03,1.8,0.5,2.8,20.8,18.46,17.7,88.75,85.0,3.333333,,1.68899291873
2003-06-04,0.8,6.7,0.8,24.2,18.96,16.8,85.75,60.0,4.333333,,2.76461774896
2003-06-05,2.8,4.1,1.4,23.2,18.54,16.9,86.25,72.0,4.666667,,2.3666098527
2003-06-06,2.3,3.6,2.4,22.2,18.1,16.3,88.25,73.0,2.0,,2.08932328259
2003-06-07,1.9,5.4,0.1,23.1,18.76,16.1,86.0,77.0,4.0,,2.48356695358
2003-06-08,2.0,3.4,0.3,21.6,17.86,15.3,90.75,83.0,4.333333,,1.9312429139
2003-06-09,0.8,0.9,5.8,19.8,17.26,16.1,90.0,84.0,3.666667,,1.6217373111
2003-06-10,1.4,8.7,2.3,22.9,18.82,15.1,88.25,79.0,4.0,,2.74212713127
2003-06-11,2.2,8.9,2.0,24.3,19.3,16.7,83.75,64.0,4.333333,,3.11344224299
2003-06-12,4.8,1.4,0.3,21.9,18.28,16.7,91.0,87.0,2.333333,,1.69469882056
2003-06-13,2.5,10.3,0.2,24.0,18.4,14.2,76.75,57.0,2.666667,,3.30975910088
2003-06-14,6.7,9.5,0.0,24.4,18.5,15.3,78.5,57.0,3.666667,,3.31066260935
2003-06-15,6.5,9.3,0.0,24.4,18.52,15.3,75.25,60.0,3.0,,3.32867479362
2003-06-16,6.2,9.4,0.0,23.8,17.82,13.7,75.5,48.0,2.333333,,3.14896342451
2003-06-17,5.9,8.1,0.0,23.6,18.5,15.5,81.5,62.0,4.333333,,3.0079767922
2003-06-18,4.4,7.9,0.0,24.6,18.7,16.1,78.75,53.0,2.333333,,3.00642206076
2003-06-19,5.2,1.2,0.0,21.2,18.42,16.7,90.0,82.0,3.333333,,1.69122402264
2003-06-20,1.4,3.3,2.2,23.0,18.3,16.3,86.25,68.0,2.0,,2.09141073669
2003-06-21,2.8,5.3,0.5,23.2,18.32,16.0,85.5,68.0,2.0,,2.38919630478
2003-06-22,3.4,5.6,0.0,22.2,18.3,15.7,82.5,67.0,2.0,,2.44675277906
2003-06-23,3.3,7.6,0.0,23.3,18.3,15.4,78.25,61.0,2.666667,,2.9161720752
2003-06-24,4.9,8.4,0.0,24.6,19.42,15.3,79.25,60.0,4.333333,,3.19936648164
2003-06-25,4.9,5.6,0.8,23.8,19.08,17.0,87.25,71.0,3.333333,,2.47789466046
2003-06-26,3.2,1.0,2.3,21.4,17.86,16.5,95.25,88.0,4.0,,1.43863188949
2003-06-27,1.2,8.8,5.0,23.3,18.2,14.8,79.75,57.0,4.666667,,3.14063939929
2003-06-28,5.1,3.9,0.0,21.8,17.66,14.0,84.0,71.0,3.333333,,2.20771901418
2003-06-29,2.8,8.6,0.0,23.8,17.96,15.0,78.75,59.0,2.0,,2.98875649028
2003-06-30,4.1,6.9,0.0,22.4,17.7,15.1,86.0,68.0,4.666667,,2.58670553679
2003-07-01,3.6,7.2,0.0,22.4,17.18,12.5,84.5,,5.0,,2.60401386781
2003-07-02,3.6,0.3,1.0,20.4,16.42,15.1,90.75,,2.333333,,1.48645112003
2003-07-03,1.8,8.7,0.0,25.0,18.38,14.7,79.75,,2.0,,3.0511175442
2003-07-04,3.8,6.6,0.0,22.6,16.86,15.1,76.25,,3.0,,2.86275747561
2003-07-05,4.3,10.1,0.0,23.0,16.86,12.9,77.5,,3.333333,,3.21641332856
2003-07-06,6.5,9.3,0.0,23.6,17.9,13.7,71.75,,2.0,,3.18286121769
2003-07-07,7.1,9.0,1.0,24.8,18.52,15.3,74.75,,2.666667,,3.31741133611
2003-07-08,5.3,5.9,0.0,23.7,18.0,15.5,75.25,,3.0,,2.89633490325
2003-07-09,3.3,9.5,0.0,24.3,17.76,14.0,68.0,,3.0,,3.55961949216
2003-07-10,4.4,8.1,0.0,24.3,18.84,12.4,75.25,,4.333333,,3.25921497648
2003-07-11,4.2,2.3,0.1,22.6,18.78,16.6,89.75,,4.0,,1.9243489149
2003-07-12,1.6,8.4,0.8,25.6,19.06,16.6,81.5,,4.0,,3.25744378545
2003-07-13,4.0,4.2,0.0,22.6,17.48,15.1,88.5,,4.0,,2.19037586916
2003-07-14,1.6,6.2,2.0,22.4,17.78,14.5,84.25,,5.333333,,2.63823561048
2003-07-15,1.6,0.6,0.4,20.4,17.18,15.5,91.0,,6.0,,1.58752569522
2003-07-16,0.9,0.0,0.8,17.9,16.16,14.5,95.5,,4.666667,,1.21122290274
2003-07-17,0.4,0.0,3.4,19.6,16.62,14.9,93.75,,4.666667,,1.34333401117
2003-07-18,0.8,5.9,3.2,21.2,16.82,13.5,88.75,,3.666667,,2.30761569512
2003-07-19,1.0,0.3,0.8,19.6,16.3,15.1,89.0,,3.0,,1.58320361242
2003-07-20,1.8,7.5,0.3,22.2,17.3,13.9,81.5,,4.0,,2.87779245225
2003-07-21,3.2,2.8,0.0,20.6,16.66,12.0,87.0,,3.333333,,1.94096625295
2003-07-22,1.5,8.2,2.4,22.4,17.2,15.5,85.25,,6.333333,,2.91293827044
2003-07-23,4.3,5.5,0.2,21.5,17.04,14.0,89.75,,5.0,,2.25438062315
2003-07-24,2.6,8.7,5.4,23.1,18.74,15.3,83.25,,5.333333,,3.12691699236
2003-07-25,3.5,3.2,3.7,21.6,18.04,16.3,90.0,,4.0,,2.05330253364
2003-07-26,1.3,4.6,0.6,22.7,18.06,15.8,85.5,,4.0,,2.47603503487
2003-07-27,1.9,9.3,0.2,23.0,17.82,15.1,83.0,,4.666667,,3.21351224133
2003-07-28,3.0,5.7,0.1,21.9,17.2,14.5,87.75,,3.166667,,2.45928203208
2003-07-29,2.0,5.9,1.3,21.7,17.32,14.7,84.25,69.0,3.666667,,2.62685226437
2003-07-30,2.4,5.8,0.8,22.8,17.06,13.9,90.0,,2.666667,,2.44615319167
2003-07-31,2.4,6.0,0.2,22.2,17.14,15.5,81.5,,2.666667,,2.76262295428
2003-08-01,3.0,10.1,0.1,23.8,18.02,14.5,69.0,48.0,2.666667,,3.74739113341
2003-08-02,4.4,6.5,0.0,22.2,17.38,13.7,81.0,65.0,4.333333,,2.88774070183
2003-08-03,2.4,3.3,2.6,21.8,17.3,15.1,81.75,69.0,3.0,,2.38934377305
2003-08-04,1.7,1.3,0.2,20.5,16.9,14.1,90.0,81.0,4.0,,1.76284685205
2003-08-05,1.2,6.4,1.0,23.4,18.04,15.3,86.25,66.0,3.666667,,2.78660340267
2003-08-06,3.1,8.9,0.0,24.7,18.14,15.3,71.0,47.0,3.0,,3.73630562867
2003-08-07,4.5,8.4,0.0,25.2,18.04,14.8,73.75,54.0,3.0,,3.60111330324
2003-08-08,4.2,7.6,0.0,25.6,19.38,15.7,75.75,48.0,4.0,,3.60497755763
2003-08-09,4.5,8.5,0.7,24.5,18.24,14.7,70.25,54.0,2.666667,,3.64353643163
2003-08-10,4.3,7.4,0.0,24.3,17.96,15.1,79.0,56.0,2.666667,,3.24387425986
2003-08-11,2.3,7.7,0.1,25.0,18.54,14.5,79.5,52.0,3.666667,,3.37426601146
2003-08-12,4.1,5.7,0.2,24.6,18.46,14.9,78.25,56.0,2.333333,,2.99745976387
2003-08-13,3.7,8.4,0.0,24.4,18.3,14.1,77.5,54.0,4.333333,,3.56916406027
2003-08-14,3.8,4.3,0.2,20.8,17.26,15.1,86.0,72.0,3.0,,2.43679969444
2003-08-15,2.2,9.3,0.0,25.8,19.46,15.7,67.5,51.0,2.0,,3.90861560242
2003-08-16,4.8,7.2,0.0,27.6,20.1,15.9,71.75,50.0,2.0,,3.60555558221
2003-08-17,4.2,8.3,0.0,28.1,21.36,16.3,70.0,49.0,1.666667,,3.81989076485
2003-08-18,4.7,7.8,0.0,25.0,20.32,17.8,75.25,61.0,4.0,,3.82569722727
2003-08-19,4.3,1.7,1.7,21.6,17.26,15.6,95.25,83.0,4.0,,1.74361981364
2003-08-20,1.2,6.0,0.5,22.5,17.58,15.3,71.0,57.0,4.666667,,3.57558558319
2003-08-21,3.5,0.3,0.1,21.6,17.54,14.5,89.75,70.0,4.0,,1.77006415064
2003-08-22,1.4,7.2,1.3,24.7,19.1,15.6,84.0,63.0,3.666667,,3.26649973802
2003-08-23,2.3,1.0,3.8,20.1,17.42,15.4,92.25,84.0,3.333333,,1.76301570901
2003-08-24,0.8,7.4,0.1,23.9,17.46,12.1,86.0,61.0,4.0,,3.04226429003
2003-08-25,4.9,8.1,0.6,23.6,18.9,16.3,84.5,65.0,2.333333,,3.39582557262
2003-08-26,4.2,6.0,0.1,26.7,19.4,16.7,79.5,50.0,2.0,,3.31475888843
2003-08-27,5.0,6.1,0.0,25.0,19.14,16.3,76.75,49.0,2.666667,,3.38209697126
2003-08-28,5.8,7.2,0.0,26.0,20.42,16.5,67.25,49.0,2.333333,,3.8616736144
2003-08-29,5.5,6.0,0.0,24.6,19.22,16.5,77.25,61.0,2.0,,3.28314408817
2003-08-30,4.0,6.9,0.0,25.0,19.58,16.7,72.75,49.0,3.333333,,3.78985038347
2003-08-31,6.2,3.4,0.0,25.8,19.54,16.3,78.0,48.0,4.0,,3.10779840001
2003-09-01,3.3,6.9,2.8,25.5,19.24,16.3,85.25,63.0,4.333333,,3.3565361798
2003-09-02,4.5,7.3,0.0,24.9,19.52,16.0,71.75,58.0,5.0,,4.10760493424
2003-09-03,4.5,9.0,0.0,25.9,19.2,14.7,66.25,40.0,5.0,,4.68809666196
2003-09-04,6.2,4.7,0.0,23.9,18.62,15.6,88.25,74.0,4.333333,,2.75179524665
2003-09-05,2.4,0.0,9.6,19.7,16.66,14.7,92.5,82.0,4.0,,1.63033945237
2003-09-06,1.0,0.7,0.8,20.9,16.82,14.6,93.5,89.0,4.0,,1.73067933025
2003-09-07,1.0,4.3,1.2,21.8,17.2,14.6,89.75,81.0,4.0,,2.51335651913
2003-09-08,1.8,6.1,3.7,22.6,17.38,14.5,85.5,64.0,5.0,,3.0253110396
2003-09-09,3.0,6.1,0.0,23.6,18.5,15.1,83.25,61.0,3.666667,,3.21758718554
2003-09-10,2.9,8.1,1.0,24.4,19.18,15.9,83.25,62.0,4.333333,,3.65904679081
2003-09-11,3.4,6.6,0.5,25.2,19.1,16.3,84.0,61.0,3.333333,,3.43562074328
2003-09-12,3.6,8.7,0.4,24.4,19.18,15.5,74.0,58.0,4.333333,,4.18772041207
2003-09-13,5.2,8.7,0.0,24.0,18.06,13.5,69.75,55.0,2.666667,,4.04433776166
2003-09-14,4.6,9.8,0.0,25.0,19.18,15.3,72.25,47.0,3.333333,,4.41098950573
2003-09-15,6.3,5.7,0.2,23.8,18.42,16.1,74.75,55.0,5.0,,3.73964217163
2003-09-16,2.6,6.9,1.6,24.3,18.3,14.6,80.75,55.0,3.666667,,3.54293648065
2003-09-17,3.6,10.0,0.0,25.7,20.2,16.4,66.75,47.0,4.0,,4.8980689213
2003-09-18,5.3,6.9,0.0,26.2,19.74,16.9,72.5,49.0,4.0,,4.18191606259
2003-09-19,5.1,6.4,0.0,24.8,19.64,16.4,68.25,51.0,4.333333,,4.22156464713
2003-09-20,4.6,3.8,0.2,23.5,18.84,15.7,82.25,62.0,4.0,,2.98158706551
2003-09-21,3.3,7.2,0.4,24.7,19.26,15.3,75.0,51.0,5.333333,,4.06945144188
2003-09-22,5.2,8.4,0.0,26.1,19.0,13.5,76.5,50.0,5.333333,,4.21431424008
2003-09-23,5.8,8.5,0.2,25.6,18.98,14.5,63.75,46.0,1.666667,,4.2077063073
2003-09-24,6.0,9.3,0.0,27.5,20.24,15.1,58.25,37.0,2.666667,,4.94006436539
2003-09-25,6.5,10.7,0.0,29.9,21.76,15.9,54.75,32.0,1.666667,,5.16749362967
2003-09-26,7.6,10.4,0.0,29.1,21.04,15.3,57.0,33.0,2.0,,5.12277646657
2003-09-27,7.8,8.7,0.0,30.7,22.72,16.7,58.0,37.0,2.0,,4.95961910741
2003-09-28,6.7,6.9,0.0,31.4,23.98,18.9,71.25,60.0,3.666667,,4.77478374067
2003-09-29,4.0,6.6,1.4,28.8,22.1,18.1,66.0,45.0,2.333333,,4.37259323361
2003-09-30,5.3,4.2,0.1,25.2,20.56,17.9,74.0,59.0,2.666667,,3.49098563058
2003-10-01,3.3,6.7,0.0,27.6,21.74,18.2,68.0,42.0,5.0,,4.81140537213
2003-10-02,6.7,8.8,0.0,26.2,21.08,17.4,66.5,49.0,6.333333,,5.29424682766
2003-10-03,7.2,9.1,0.0,26.3,20.86,16.7,66.25,50.0,6.266667,,5.32314127667
2003-10-04,7.8,10.0,0.2,26.8,20.6,15.7,66.5,42.0,4.333333,,5.18463820625
2003-10-05,7.8,10.2,0.0,27.6,20.72,15.0,67.25,43.0,4.333333,,5.23460088934
2003-10-06,6.7,6.4,0.2,26.2,20.9,19.1,75.25,57.0,2.666667,,4.05051402067
2003-10-07,5.2,10.3,0.0,28.1,21.6,16.5,60.25,42.0,4.666667,,5.80869659195
2003-10-08,8.6,10.2,0.0,29.1,21.6,16.1,60.0,40.0,5.0,,5.97910180425
2003-10-09,11.7,9.8,0.0,29.6,22.1,16.7,62.25,44.0,2.0,,5.12530466423
2003-10-10,10.2,1.0,0.0,27.0,20.94,17.1,61.25,42.0,1.666667,,3.02547011097
2003-10-11,6.9,10.5,0.0,29.0,21.26,15.1,52.25,35.0,2.0,,5.34677119934
2003-10-12,8.0,8.9,0.0,29.5,22.84,17.1,54.25,39.0,3.0,,5.51759728855
2003-10-13,8.0,10.4,0.0,27.5,21.42,16.2,60.75,50.0,4.0,,5.6117489991
2003-10-14,6.0,2.6,0.0,25.7,20.26,15.9,73.75,58.0,4.0,,3.41348104215
2003-10-15,4.8,9.4,0.0,26.4,20.42,16.5,65.5,46.0,4.0,,5.14228498442
2003-10-16,6.2,2.8,0.3,23.5,18.72,15.1,73.5,62.0,4.0,,3.30830004539
2003-10-17,5.0,6.4,0.0,26.0,19.08,15.3,72.0,48.0,4.0,,4.21041032452
2003-10-18,5.4,7.6,0.0,25.7,19.34,15.1,74.0,54.0,4.0,,4.31349163588
2003-10-19,5.9,8.6,0.0,28.5,20.46,14.4,60.75,37.0,3.666667,,5.24035504722
2003-10-20,7.2,7.9,0.0,27.6,20.78,15.3,64.75,46.0,2.666667,,4.68166335622
2003-10-21,5.8,7.9,0.0,27.7,21.92,17.3,58.75,44.0,2.666667,,4.96105992901
2003-10-22,6.3,8.1,0.0,28.9,22.24,15.9,53.75,40.0,2.333333,,5.0585036447
2003-10-23,8.0,10.6,0.0,30.3,23.08,16.9,48.0,34.0,3.333333,,6.32358336357
2003-10-24,10.0,7.7,0.0,29.3,22.72,18.3,61.5,41.0,4.0,,5.40215876664
2003-10-25,10.9,7.8,1.0,28.0,21.38,16.7,69.25,47.0,5.333333,,5.06128408156
2003-10-26,12.0,9.9,0.0,27.3,21.32,16.5,51.5,36.0,4.666667,,6.1798111214
2003-10-27,12.3,10.2,0.0,27.6,21.46,16.7,66.25,42.0,4.333333,,5.48825406275
2003-10-28,7.7,3.9,0.2,25.5,22.4,16.7,70.5,56.0,4.333333,,3.92340173868
2003-10-29,5.1,5.4,0.4,26.1,20.68,16.7,72.5,54.0,4.333333,,4.14769910538
2003-10-30,5.6,9.4,0.0,26.5,21.0,16.5,65.5,52.0,3.333333,,5.0896444028
2003-10-31,6.4,5.8,0.0,27.5,21.38,17.3,67.25,45.0,4.333333,,4.6323113956
2003-11-01,6.2,10.0,0.0,28.6,22.38,16.0,58.25,,3.0,,5.54911654656
2003-11-02,6.9,6.3,0.0,29.8,23.7,18.3,54.0,,2.333333,,4.87757700709
2003-11-03,5.7,2.1,0.2,27.7,22.56,19.7,77.75,,2.0,,3.11250562902
2003-11-04,2.0,0.0,79.2,26.8,19.58,17.3,96.0,,3.0,,1.95089108306
2003-11-05,0.2,0.0,14.4,27.7,19.32,15.9,95.75,,3.333333,,1.93897821172
2003-11-06,0.4,2.0,0.4,21.2,18.34,15.9,91.5,,4.333333,,2.28993732622
2003-11-07,1.6,4.1,0.0,23.6,19.86,16.9,84.75,71.0,4.0,,3.15115919931
2003-11-08,2.8,0.0,1.3,23.2,20.02,16.7,88.25,,3.333333,,2.15762838588
2003-11-09,1.6,1.2,0.2,25.2,20.78,18.5,87.25,,3.666667,,2.57506660058
2003-11-10,2.4,5.4,0.1,25.7,20.82,17.5,71.5,,2.666667,,3.97080146218
2003-11-11,4.5,10.2,0.0,26.4,20.98,17.3,72.75,,4.666667,,5.15396457005
2003-11-12,6.8,9.7,0.0,26.8,21.7,17.5,63.25,,3.666667,,5.40020668238
2003-11-13,6.2,8.9,0.0,28.2,21.96,16.7,63.75,,2.0,,4.91579941609
2003-11-14,5.3,8.9,0.0,30.5,23.62,18.6,66.0,,3.333333,,5.45865103049
2003-11-15,7.0,9.1,0.0,27.8,21.84,18.1,70.0,,4.666667,,5.2677567082
2003-11-16,6.6,5.7,0.0,26.4,21.24,17.3,88.25,,4.0,,3.48714987413
2003-11-17,2.5,6.4,1.2,26.9,21.76,18.5,78.75,,4.666667,,4.21365345232
2003-11-18,4.2,8.1,2.7,27.9,22.08,18.5,78.5,,2.666667,,4.53586636405
2003-11-19,6.2,9.4,0.0,28.5,22.44,17.7,63.75,,3.666667,,5.49555516719
2003-11-20,7.4,9.0,0.0,28.7,22.28,17.3,59.5,,2.666667,,5.30210536758
2003-11-21,6.9,8.4,0.0,28.2,22.14,17.3,70.25,,4.666667,,5.1130916575
2003-11-22,8.0,2.9,0.0,28.7,21.44,18.1,83.5,,2.666667,,3.20664330997
2003-11-23,3.0,5.9,0.2,26.0,20.66,16.9,84.0,,5.0,,3.69483770136
2003-11-24,4.1,6.9,0.2,26.5,21.1,16.9,65.25,,2.666667,,4.50827317862
2003-11-25,4.9,7.9,0.0,27.7,21.54,17.7,69.25,,3.333333,,4.83721468542
2003-11-26,5.8,10.4,0.0,27.6,22.02,17.5,64.75,,2.666667,,5.36204362594
2003-11-27,6.5,8.9,0.0,28.4,22.02,17.5,63.5,,2.333333,,5.06558520484
2003-11-28,6.7,11.5,0.0,28.3,21.84,17.5,70.5,,3.0,,5.54203040569
2003-11-29,5.9,8.4,0.0,27.6,22.02,17.9,63.5,,2.666667,,5.00039665183
2003-11-30,7.0,9.3,0.0,28.5,22.56,17.7,62.5,,4.0,,5.60466526623
2003-12-01,7.0,5.8,0.0,27.7,21.76,17.3,68.0,,2.666667,,4.29557149692
2003-12-02,8.9,8.1,0.0,29.6,22.82,18.7,70.0,,7.666667,,5.67854932288
2003-12-03,7.4,5.0,0.0,27.0,21.86,19.1,71.0,,2.0,,3.92240079936
2003-12-04,7.4,5.5,0.0,28.4,21.78,18.1,76.0,,2.0,,3.95685397285
2003-12-05,7.7,6.2,0.0,28.0,21.74,17.7,72.5,,2.0,,4.16147641277
2003-12-06,9.2,10.1,0.0,29.8,23.42,16.7,59.25,,2.0,,5.39755917088
2003-12-07,9.8,9.2,0.0,30.8,23.38,16.7,64.0,,2.0,,5.18765782827
2003-12-08,6.3,9.3,0.0,29.2,23.72,20.1,63.0,,2.666667,,5.44922458947
2003-12-09,7.0,10.6,0.0,30.4,23.78,17.9,54.25,,2.333333,,5.83845267324
2003-12-10,7.2,6.9,0.0,27.4,21.48,18.1,65.25,,2.666667,,4.62865889707
2003-12-11,5.8,10.2,0.0,29.0,23.3,17.9,56.0,,4.0,,6.13254233202
2003-12-12,15.3,9.6,0.0,29.1,23.06,17.4,52.5,,3.666667,,6.04077888114
2003-12-13,13.4,11.7,0.0,29.6,22.86,16.9,51.5,,3.333333,,6.38922787822
2003-12-14,8.1,11.1,0.0,29.7,22.68,17.5,64.0,,3.333333,,5.87051777612
2003-12-15,7.2,7.8,0.5,28.9,22.6,18.3,75.5,,4.666667,,4.82754607267
2003-12-16,5.6,9.7,0.0,29.4,23.22,18.7,64.5,,2.666667,,5.43969082132
2003-12-17,6.9,10.3,0.0,29.4,23.34,18.9,58.5,,2.0,,5.52835422253
2003-12-18,7.8,10.8,0.0,29.5,22.72,17.5,59.75,,3.333333,,5.94347908044
2003-12-19,8.4,9.0,0.0,28.7,22.92,17.9,66.25,,5.0,,5.58601480709
2003-12-20,7.7,9.3,0.0,28.1,22.76,18.3,66.25,,4.333333,,5.4926039946
2003-12-21,6.8,10.9,0.0,30.0,23.22,16.5,52.25,,3.0,,6.11009771059
2003-12-22,8.5,10.6,0.0,31.5,24.78,18.0,51.5,,2.0,,5.85752878387
2003-12-23,7.3,6.9,0.2,30.0,23.92,19.7,62.0,,2.333333,,4.88911782781
2003-12-24,5.6,2.0,0.2,24.5,21.06,18.9,77.25,,2.333333,,3.024287085
2003-12-25,3.3,9.7,0.0,29.2,22.26,16.0,63.5,,4.666667,,5.75903126382
2003-12-26,7.8,10.8,0.0,29.3,23.22,18.0,58.0,,4.333333,,6.29462283103
2003-12-27,4.5,4.5,0.0,27.4,22.66,17.6,55.75,42.0,2.666667,,4.42325476822
2003-12-28,7.7,4.7,0.0,28.4,23.2,18.0,58.75,,4.0,,4.89952763811
2003-12-29,7.0,0.3,0.3,25.2,21.14,18.9,83.25,,2.333333,,2.48821248753
2003-12-30,5.5,3.0,0.0,26.7,22.52,18.1,65.0,,4.0,,4.13675076742
2003-12-31,11.4,9.9,0.0,29.8,23.46,18.3,65.25,,5.0,,5.96588927573
2004-01-01,7.4,10.1,0.0,30.4,24.28,16.8,51.75,41.0,2.0,,5.60458467254
2004-01-02,7.0,8.4,0.0,32.1,25.34,19.7,55.75,37.0,1.9,,5.37193481526
2004-01-03,7.5,9.3,0.0,29.7,24.26,20.5,64.5,49.0,2.0,,5.30452790063
2004-01-04,6.4,6.4,0.0,28.0,23.0,19.0,62.5,50.0,2.666667,,4.70259928441
2004-01-05,7.4,10.6,0.0,30.4,23.5,18.1,56.5,37.0,4.0,,6.36954517307
2004-01-06,13.0,7.9,0.0,29.6,22.36,17.4,57.25,36.0,3.666667,,5.57670777112
2004-01-07,9.6,9.3,0.0,28.5,22.38,17.7,71.75,51.0,3.666667,,5.15926458595
2004-01-08,6.3,6.0,0.0,29.8,23.5,18.7,67.5,44.0,4.333333,,4.95343061321
2004-01-09,6.9,5.8,0.0,31.1,24.38,19.0,57.25,38.0,3.333333,,5.23872393925
2004-01-10,7.3,3.1,0.0,28.4,22.62,19.2,77.5,51.0,3.333333,,3.59447258192
2004-01-11,2.7,0.0,5.3,22.3,20.84,19.5,89.5,88.0,1.666667,,2.14966236179
2004-01-12,0.7,6.1,14.9,28.4,23.46,19.9,68.5,49.0,3.0,,4.59295586701
2004-01-13,4.0,2.1,30.6,26.0,22.22,19.4,84.0,69.0,3.0,,2.96199871265
2004-01-14,1.3,1.9,21.1,25.6,21.28,19.1,87.5,70.0,2.0,,2.73552595269
2004-01-15,2.1,4.0,4.0,26.1,22.16,18.5,85.75,80.0,2.333333,,3.2825212515
2004-01-16,2.0,1.5,5.5,23.5,21.44,20.1,87.75,91.0,2.333333,,2.60012131867
2004-01-17,1.0,2.8,23.8,26.4,22.48,18.9,78.0,65.0,3.333333,,3.39259378229
2004-01-18,2.3,0.0,25.4,21.9,20.16,19.1,93.5,87.0,3.333333,,1.97928386898
2004-01-19,0.6,0.0,12.5,22.1,20.04,18.8,92.5,90.0,2.333333,,2.04300731857
2004-01-20,0.5,2.2,31.8,23.6,21.0,18.4,88.25,80.0,3.666667,,2.69206625058
2004-01-21,1.4,0.2,12.8,23.6,20.46,18.2,91.75,86.0,3.0,,2.12419315756
2004-01-22,0.6,1.4,21.6,24.1,21.3,18.4,88.25,75.0,2.666667,,2.53641328664
2004-01-23,1.4,3.9,20.1,24.6,20.52,18.0,88.5,72.0,3.666667,,3.06300134578
2004-01-24,2.1,6.3,4.1,26.2,21.7,18.3,77.0,62.0,3.333333,,4.14323978068
2004-01-25,3.2,5.9,3.0,26.2,20.94,18.1,76.25,55.0,2.666667,,4.01151785731
2004-01-26,3.7,5.3,0.0,26.4,21.22,18.1,77.0,59.0,2.0,,3.79512567556
2004-01-27,3.6,4.9,1.1,25.4,20.78,18.2,85.25,68.0,3.333333,,3.46376722585
2004-01-28,2.7,7.4,0.2,25.6,21.22,17.8,85.25,64.0,4.0,,3.97609464501
2004-01-29,3.6,7.3,0.5,26.2,20.8,17.5,81.0,59.0,3.133333,,4.15526783789
2004-01-30,4.7,6.5,4.2,25.4,21.28,18.1,82.0,66.0,3.0,,3.92113115488
2004-01-31,2.6,2.4,2.4,23.8,19.86,18.5,89.0,76.0,4.0,,2.70530259034
2004-02-01,1.5,5.3,0.8,25.0,20.42,18.1,80.25,63.0,4.333333,,3.7693364233
2004-02-02,3.2,4.8,0.2,25.4,20.82,17.9,79.75,66.0,4.333333,,3.71088099688
2004-02-03,3.8,7.8,0.0,25.4,21.3,17.7,75.75,65.0,4.333333,,4.48728947286
2004-02-04,4.6,6.4,0.3,26.5,21.2,17.9,77.75,62.0,3.666667,,4.15733416319
2004-02-05,3.8,8.4,0.0,28.4,21.78,17.1,79.5,56.0,3.333333,,4.59375860798
2004-02-06,3.8,5.8,0.0,25.0,22.58,18.7,80.0,73.0,3.333333,,3.85717913352
2004-02-07,4.3,4.5,6.2,27.5,22.2,19.5,80.5,56.0,3.0,,3.70937116455
2004-02-08,3.0,2.3,18.6,25.4,21.42,19.1,85.0,74.0,3.333333,,2.93764421041
2004-02-09,2.0,4.7,1.7,26.0,21.02,17.5,87.0,66.0,3.333333,,3.34388328472
2004-02-10,4.2,8.5,0.2,25.8,21.2,18.8,82.25,69.0,2.666667,,4.40045251129
2004-02-11,6.8,10.6,0.0,26.3,21.8,16.9,76.75,56.0,4.666667,,5.01631919244
2004-02-12,4.9,10.6,0.0,26.7,21.36,17.9,77.5,65.0,4.0,,5.05819545389
2004-02-13,5.4,8.7,0.0,26.9,21.24,17.5,73.0,49.0,4.0,,4.86324855959
2004-02-14,5.6,10.7,0.0,26.5,20.96,16.9,71.25,54.0,3.0,,5.16582296303
2004-02-15,5.2,7.3,0.0,27.7,22.32,18.5,76.25,56.0,3.333333,,4.48015113459
2004-02-16,5.1,3.7,0.0,27.2,22.54,19.7,80.75,60.0,2.666667,,3.4641267376
2004-02-17,5.0,0.7,0.6,25.8,22.1,20.1,85.5,73.0,2.333333,,2.53305600367
2004-02-18,2.8,9.6,12.2,26.7,22.04,18.9,79.0,60.0,2.666667,,4.79122954291
2004-02-19,6.0,10.5,0.0,26.5,21.36,17.9,74.25,59.0,2.666667,,5.04651749767
2004-02-20,7.2,6.8,0.0,26.7,21.68,18.5,80.5,60.0,3.333333,,4.12001953586
2004-02-21,3.9,6.5,0.0,25.4,21.1,17.9,74.25,59.0,3.0,,4.14286143662
2004-02-22,4.8,10.6,0.5,26.8,21.42,17.7,72.0,55.0,3.666667,,5.23015526246
2004-02-23,5.0,6.7,0.0,28.3,22.12,18.1,68.5,46.0,3.0,,4.59134912237
2004-02-24,4.4,6.2,0.0,28.1,22.44,18.9,74.0,56.0,2.0,,4.14999721675
2004-02-25,3.8,3.8,0.0,26.0,22.1,19.3,71.0,60.0,2.0,,3.57169985413
2004-02-26,3.5,7.0,0.0,26.8,21.9,18.9,73.25,56.0,3.0,,4.40489911758
2004-02-27,4.6,7.8,0.0,29.3,23.04,17.9,70.25,50.0,2.666667,,4.75551663097
2004-02-28,3.2,6.5,2.8,23.2,21.78,18.9,82.25,80.0,2.666667,,3.74853188446
2004-02-29,1.8,3.6,20.8,26.5,21.2,17.9,84.5,66.0,2.666667,,3.17256594251
2004-03-01,1.8,8.7,1.7,26.5,22.08,17.9,78.25,,2.666667,,4.48756960588
2004-03-02,3.6,2.7,3.6,25.0,21.4,19.1,83.75,,3.0,,2.98303767144
2004-03-03,2.2,4.4,0.0,25.7,21.32,18.5,79.0,,2.0,,3.43503442532
2004-03-04,2.2,6.9,0.0,26.7,21.68,18.7,78.0,,3.333333,,4.18926798959
2004-03-05,4.0,7.9,0.0,24.9,20.78,16.6,75.25,,4.0,,4.31043487389
2004-03-06,4.2,9.1,0.4,25.8,20.82,16.5,78.5,,3.333333,,4.43261836431
2004-03-07,4.2,6.5,0.0,26.0,20.84,18.1,81.25,,3.333333,,3.88555014405
2004-03-08,2.3,4.2,0.6,25.2,20.3,17.3,82.0,,3.333333,,3.29733327773
2004-03-09,1.8,9.2,0.7,27.5,21.76,17.9,73.25,,3.333333,,4.83413125986
2004-03-10,3.8,8.6,9.2,26.2,21.3,18.1,74.25,,3.0,,4.54145163464
2004-03-11,4.3,9.1,0.0,26.4,22.06,18.5,68.75,,2.333333,,4.73629410313
2004-03-12,4.4,7.2,0.2,26.6,22.22,19.7,77.0,,2.666667,,4.21699711675
2004-03-13,3.8,4.9,0.0,27.1,22.32,19.7,71.25,,3.0,,3.99171957402
2004-03-14,3.6,5.6,0.0,28.7,22.4,19.1,73.0,,3.0,,4.14455110074
2004-03-15,6.3,7.6,19.3,26.9,22.14,19.2,75.5,58.0,3.0,,4.35550560533
2004-03-16,3.1,5.2,0.0,28.5,22.5,19.2,79.5,,3.0,,3.79023853052
2004-03-17,3.5,6.2,0.0,27.8,22.44,19.0,82.5,,3.0,,3.83974874488
2004-03-18,2.5,2.5,19.5,25.7,21.52,19.3,86.75,,3.333333,,2.78685946231
2004-03-19,1.9,1.5,1.6,23.5,20.92,18.9,89.0,,2.666667,,2.38062162724
2004-03-20,0.9,1.1,20.7,23.8,20.52,18.5,86.5,,2.0,,2.3474488042
2004-03-21,1.5,8.3,1.2,26.5,22.14,18.5,75.75,,2.0,,4.26925151629
2004-03-22,8.8,6.1,0.0,27.1,22.44,19.3,82.5,,3.0,,3.74478269541
2004-03-23,2.8,0.3,0.0,23.6,20.96,19.0,88.75,,3.666667,,2.14930908849
2004-03-24,1.5,3.4,0.7,24.8,20.58,18.9,93.5,,3.666667,,2.58247317508
2004-03-25,1.4,2.7,37.5,23.6,19.82,16.7,88.5,,4.0,,2.53847297054
2004-03-26,3.0,6.6,0.0,25.2,20.3,17.3,81.75,,4.333333,,3.67880053434
2004-03-27,3.6,8.6,0.0,25.4,20.9,17.9,81.25,,5.0,,4.11454347118
2004-03-28,4.2,6.8,0.0,25.2,20.98,18.1,78.5,,3.333333,,3.82495194567
2004-03-29,3.9,10.5,0.0,25.7,20.54,16.8,73.5,,2.333333,,4.56223012331
2004-03-30,4.1,9.3,0.0,26.5,21.36,16.9,70.0,,3.0,,4.56884045073
2004-03-31,3.9,7.0,0.0,25.6,21.2,18.5,76.0,,2.0,,3.82134827707
2004-04-01,3.2,6.8,0.0,26.3,21.08,17.6,75.25,55.0,2.333333,,3.83244431713
2004-04-02,3.9,7.4,0.0,25.2,21.08,18.3,76.25,64.0,0.766667,,3.69261074781
2004-04-03,3.3,9.6,0.0,26.3,21.5,18.1,72.75,52.0,2.666667,,4.48814056751
2004-04-04,5.2,7.5,0.0,26.8,21.22,18.3,73.0,53.0,2.333333,,4.05461624783
2004-04-05,4.2,7.9,0.0,27.5,21.04,17.1,72.0,52.0,3.0,,4.25007734439
2004-04-06,5.9,8.4,0.0,27.5,21.24,17.9,75.5,52.0,2.0,,4.13078859945
2004-04-07,4.8,8.9,0.0,28.5,22.72,18.5,72.5,54.0,3.0,,4.53859767341
2004-04-08,4.2,8.0,0.0,27.2,21.96,18.8,76.5,57.0,2.0,,4.02110658203
2004-04-09,3.8,8.1,0.0,27.5,22.08,18.9,74.25,53.0,2.0,,4.09759610284
2004-04-10,4.2,7.5,0.0,26.9,21.72,18.1,73.0,55.0,3.0,,4.07999013058
2004-04-11,3.9,6.3,0.0,26.5,22.16,18.9,73.5,52.0,3.0,,3.8369830296
2004-04-12,7.5,5.6,0.0,26.0,21.62,19.1,76.75,59.0,4.0,,3.67799994372
2004-04-13,3.2,9.6,0.2,26.6,22.36,19.0,69.75,55.0,2.666667,,4.49214312587
2004-04-14,5.0,7.6,0.0,26.3,21.54,19.0,83.75,62.0,3.333333,,3.68879320499
2004-04-15,2.8,8.6,2.0,25.1,20.34,16.1,83.0,66.0,3.333333,,3.67012032791
2004-04-16,3.0,5.7,0.3,24.9,20.68,17.5,81.5,63.0,3.666667,,3.27838373853
2004-04-17,2.6,5.9,3.5,24.0,20.12,18.0,89.75,79.0,3.333333,,2.93853150451
2004-04-18,4.3,6.8,2.3,25.2,20.76,18.1,79.0,59.0,2.333333,,3.48121950789
2004-04-19,2.6,5.7,0.0,25.6,20.94,17.9,79.5,62.0,3.333333,,3.35923101956
2004-04-20,3.2,7.5,0.0,26.0,21.42,18.1,77.25,63.0,3.666667,,3.81191961272
2004-04-21,3.2,8.2,0.0,25.6,20.9,17.5,70.5,54.0,3.666667,,4.13385421825
2004-04-22,4.8,6.3,0.0,24.6,20.62,17.7,79.25,67.0,5.333333,,3.51681113309
2004-04-23,3.0,4.6,0.4,23.6,19.78,17.3,90.0,86.0,3.666667,,2.58740610759
2004-04-24,3.3,4.9,0.2,24.6,20.62,17.9,80.0,66.0,2.666667,,3.03463817145
2004-04-25,4.2,7.6,0.0,28.1,22.24,18.5,75.5,52.0,3.0,,3.91282797313
2004-04-26,5.0,8.0,13.4,27.7,21.88,18.9,82.25,61.0,2.666667,,3.71226701725
2004-04-27,4.2,7.4,3.8,25.9,20.96,18.3,81.75,63.0,2.0,,3.4288396145
2004-04-28,4.5,3.1,0.0,22.8,20.36,18.6,91.25,82.0,3.333333,,2.2587322669
2004-04-29,1.5,0.6,8.6,20.8,18.56,17.1,92.75,83.0,3.333333,,1.68815789423
2004-04-30,1.6,3.7,1.2,22.4,19.28,17.1,85.75,77.0,3.666667,,2.50124160023
2004-05-01,1.4,4.1,0.2,23.6,19.68,17.2,88.75,72.0,3.333333,,2.48183479751
2004-05-02,2.9,5.8,1.0,24.2,19.66,17.5,86.5,88.0,3.333333,,2.8724548981
2004-05-03,2.2,5.4,1.1,22.1,19.4,16.9,86.75,80.0,4.333333,,2.67192634266
2004-05-04,1.8,5.8,2.4,23.2,19.58,17.7,87.0,66.0,3.666667,,2.79291530347
2004-05-05,2.2,2.3,0.3,22.2,18.86,16.7,93.0,85.0,4.0,,1.9133502961
2004-05-06,0.8,8.2,1.8,24.4,19.7,16.7,79.25,64.0,4.333333,,3.51706367977
2004-05-07,2.8,8.5,0.0,24.2,19.98,17.5,81.0,62.0,2.333333,,3.39337248406
2004-05-08,3.0,8.0,0.0,25.2,19.78,16.7,71.0,56.0,2.0,,3.50518276422
2004-05-09,3.6,7.8,0.0,26.3,19.76,14.7,74.75,48.0,2.0,,3.37410185097
2004-05-10,3.3,9.1,0.0,26.6,19.76,14.8,72.5,46.0,1.666667,,3.57630547215
2004-05-11,3.6,9.6,0.0,25.6,19.88,14.8,70.5,56.0,2.0,,3.67287981582
2004-05-12,4.1,3.4,0.0,24.2,20.4,17.9,86.0,70.0,3.666667,,2.44976772345
2004-05-13,2.0,3.5,0.5,22.8,19.8,17.7,94.5,86.0,3.333333,,2.04741100933
2004-05-14,0.7,1.4,1.5,24.0,20.3,17.7,88.75,75.0,2.333333,,1.95400352683
2004-05-15,1.2,6.4,1.7,25.4,20.8,18.7,82.5,64.0,2.666667,,3.05481967699
2004-05-16,2.2,6.5,0.0,25.2,20.34,18.3,88.0,84.0,2.0,,2.8675301116
2004-05-17,3.0,4.2,0.0,23.4,19.66,15.9,79.25,68.0,4.0,,2.74826960321
2004-05-18,4.1,2.9,2.0,22.8,19.34,17.7,89.25,76.0,3.666667,,2.13400686482
2004-05-19,1.8,9.0,2.6,24.0,19.94,16.9,80.25,60.0,4.0,,3.40803592776
2004-05-20,5.0,8.2,0.1,24.4,19.26,16.7,74.5,58.0,2.666667,,3.37894058977
2004-05-21,5.4,6.7,0.0,24.2,19.42,16.3,82.0,61.0,4.0,,2.98821530603
2004-05-22,4.6,2.7,1.2,21.8,18.78,16.7,90.5,80.0,3.666667,,1.96700226057
2004-05-23,0.7,8.8,6.5,23.2,19.1,16.9,87.75,66.0,3.666667,,2.98417340241
2004-05-24,2.5,3.6,0.4,23.4,19.24,16.7,87.75,78.0,3.666667,,2.25484338319
2004-05-25,2.5,8.9,0.0,24.2,19.14,16.3,77.75,59.0,2.333333,,3.27802811162
2004-05-26,3.4,9.6,0.0,26.3,20.08,16.8,71.5,45.0,2.666667,,3.73036505583
2004-05-27,3.4,9.1,0.0,26.3,20.32,16.1,73.25,50.0,1.666667,,3.39820286216
2004-05-28,3.8,9.1,0.0,25.2,20.3,17.2,71.75,55.0,4.333333,,3.84967323952
2004-05-29,4.4,7.8,0.0,24.8,19.62,16.7,79.75,62.0,5.0,,3.29970836115
2004-05-30,3.2,5.6,0.0,24.6,19.16,17.0,84.75,60.0,4.0,,2.70309001036
2004-05-31,2.5,8.2,2.2,24.4,19.58,16.7,80.0,63.0,3.666667,,3.20696860123
2004-06-01,2.8,3.5,0.0,24.0,19.02,15.1,83.0,,4.333333,,2.42988675071
2004-06-02,2.4,2.1,1.0,24.2,19.3,16.7,85.0,,3.333333,,2.1358728139
2004-06-03,1.0,6.3,3.4,24.2,19.18,15.9,81.75,,2.0,,2.70200204954
2004-06-04,2.4,8.2,0.0,25.4,19.58,16.9,75.25,,2.0,,3.20461804908
2004-06-05,2.8,7.4,0.0,26.8,20.7,17.1,76.0,,2.0,,3.15045749238
2004-06-06,3.2,9.4,0.0,25.0,20.34,17.1,79.0,,5.0,,3.52518966619
2004-06-07,3.9,7.4,1.0,23.4,19.18,17.1,88.0,,4.333333,,2.70108472744
2004-06-08,2.1,0.0,0.9,18.8,17.6,16.5,98.0,,4.0,,1.14805960113
2004-06-09,0.5,5.3,4.9,22.6,18.28,16.1,89.0,,3.666667,,2.30661175714
2004-06-10,2.2,8.9,0.0,23.9,18.74,16.5,84.0,,5.0,,3.08366137192
2004-06-11,3.6,10.1,4.6,22.8,18.04,15.4,76.75,,3.666667,,3.35343126625
2004-06-12,3.6,6.4,0.0,22.2,18.44,16.1,88.0,,3.666667,,2.46129758873
2004-06-13,5.5,9.4,0.0,23.0,17.96,14.9,81.5,,2.666667,,3.0319156031
2004-06-14,3.3,4.7,0.6,23.0,18.66,16.1,86.25,,4.333333,,2.36866874874
2004-06-15,2.9,2.8,0.7,21.8,18.34,16.5,92.75,,3.666667,,1.79932452029
2004-06-16,2.4,6.1,2.7,22.0,18.02,15.5,87.75,,5.0,,2.39951726742
2004-06-17,3.4,5.7,1.7,22.0,17.82,15.1,83.0,,4.0,,2.53686899336
2004-06-18,4.2,4.1,0.0,22.2,17.82,15.3,84.75,,3.666667,,2.27172905768
2004-06-19,4.0,5.2,0.3,22.4,18.22,15.3,84.25,,4.666667,,2.47626513314
2004-06-20,3.4,0.9,0.6,20.6,17.06,15.5,93.5,,5.0,,1.45230913116
2004-06-21,1.5,6.5,3.2,22.4,17.44,14.9,84.0,,4.0,,2.59893535543
2004-06-22,4.0,7.3,0.0,22.6,17.94,14.7,80.75,,3.666667,,2.812591818
2004-06-23,5.6,7.0,0.0,21.4,17.7,14.3,83.5,,3.666667,,2.59332081897
2004-06-24,4.2,4.9,0.0,20.8,16.66,13.6,85.75,,3.666667,,2.21391998192
2004-06-25,3.7,8.1,1.3,22.5,17.48,14.5,79.5,,2.333333,,2.84317784734
2004-06-26,4.0,3.3,0.0,22.0,18.34,15.9,87.75,,4.0,,2.06929654489
2004-06-27,2.0,6.5,0.1,23.6,18.56,15.6,81.25,,4.333333,,2.83403550827
2004-06-28,3.3,1.4,0.4,20.4,17.66,15.3,89.25,,4.333333,,1.71465781441
2004-06-29,1.6,7.9,1.4,22.2,17.5,15.1,83.5,64.0,5.0,,2.81942023803
2004-06-30,2.8,0.6,0.0,21.2,17.38,15.5,90.25,,4.333333,,1.60348057858
2004-07-01,1.2,4.3,1.5,21.6,18.02,15.1,86.5,72.0,3.333333,,2.19512382674
2004-07-02,1.8,2.6,2.2,21.4,17.82,16.5,92.75,92.0,4.333333,,1.7575046828
2004-07-03,1.0,3.2,2.4,21.2,16.5,13.9,89.0,74.0,4.0,,1.92830755061
2004-07-04,1.8,7.8,0.1,21.4,17.66,14.7,83.5,68.0,4.333333,,2.74342109453
2004-07-05,2.7,6.4,0.3,23.8,18.68,15.7,84.0,63.0,2.333333,,2.63994627905
2004-07-06,2.3,9.6,0.0,24.8,18.96,15.6,74.5,54.0,2.333333,,3.36893136027
2004-07-07,3.5,6.7,1.9,22.2,17.7,16.0,85.5,68.0,2.333333,,2.58895945276
2004-07-08,1.8,6.6,1.3,23.5,18.02,15.6,85.75,65.0,1.666667,,2.60177386725
2004-07-09,3.4,7.5,0.0,25.0,19.74,16.9,78.25,54.0,2.0,,3.02532077072
2004-07-10,3.8,7.8,0.4,25.7,19.88,17.3,77.75,54.0,2.0,,3.13835319336
2004-07-11,3.5,8.2,0.0,26.2,20.08,16.3,74.25,57.0,2.666667,,3.37936384191
2004-07-12,3.6,5.6,0.0,22.2,18.42,16.5,78.25,67.0,4.666667,,2.90529663642
2004-07-13,3.4,4.4,0.0,22.0,17.5,15.5,76.25,71.0,5.0,,2.85659951138
2004-07-14,3.7,4.5,0.5,22.0,17.38,14.9,88.5,74.0,5.0,,2.20970480528
2004-07-15,2.8,4.9,1.0,22.6,18.1,15.5,82.5,68.0,4.0,,2.57109709938
2004-07-16,3.6,7.6,0.1,23.6,18.5,15.5,70.5,50.0,2.666667,,3.25271327226
2004-07-17,4.2,8.1,0.2,23.4,18.02,14.9,72.25,49.0,2.333333,,3.1869371513
2004-07-18,5.8,7.0,1.6,23.2,18.18,15.7,78.0,55.0,4.666667,,3.14453321299
2004-07-19,3.9,6.3,0.1,22.8,17.58,14.7,80.25,63.0,2.333333,,2.72336889929
2004-07-20,4.3,9.9,0.0,23.8,18.5,13.9,71.5,56.0,2.333333,,3.45525449321
2004-07-21,4.7,7.9,0.2,23.0,18.06,15.7,80.0,58.0,3.333333,,3.08568240268
2004-07-22,4.6,7.4,0.0,21.7,16.34,13.9,74.25,54.0,3.333333,,3.08237874665
2004-07-23,5.6,10.5,0.0,22.4,16.34,12.1,68.0,44.0,3.666667,,3.69007986881
2004-07-24,4.0,7.5,0.0,19.4,15.74,12.6,78.25,68.0,4.0,,2.83248783066
2004-07-25,3.2,5.3,0.0,20.4,14.54,10.9,76.0,58.0,3.666667,,2.64701821439
2004-07-26,3.9,10.2,0.0,21.7,15.64,10.7,76.5,58.0,3.333333,,3.24922653396
2004-07-27,3.0,1.8,0.0,18.3,14.92,11.1,91.25,84.0,4.333333,,1.59145307391
2004-07-28,2.0,5.3,0.3,20.2,15.34,12.9,82.0,56.0,4.333333,,2.52829079298
2004-07-29,3.0,6.3,0.0,21.4,16.06,12.3,79.0,57.0,3.333333,,2.76231926439
2004-07-30,3.0,0.8,0.0,19.8,15.74,13.7,87.75,74.0,3.666667,,1.737525689
2004-07-31,2.8,5.1,1.0,22.4,17.74,13.9,80.25,59.0,3.0,,2.66209756351
2004-08-01,3.9,,0.3,22.2,17.02,14.9,88.75,67.0,3.0,,2.27869037903
2004-08-02,5.0,8.3,0.0,23.5,18.46,15.3,73.75,58.0,4.333333,,3.60669961044
2004-08-03,7.1,8.4,0.0,23.8,17.9,15.3,71.25,48.0,3.666667,,3.6727820172
2004-08-04,6.7,3.6,0.0,20.6,16.4,13.1,82.5,67.0,4.0,,2.36235880761
2004-08-05,3.1,1.9,0.0,20.0,16.74,13.7,85.25,72.0,4.0,,2.03073502044
2004-08-06,4.2,7.6,0.5,22.0,17.52,14.6,82.5,63.0,4.0,,3.0263190971
2004-08-07,4.9,7.2,0.2,23.6,17.74,15.1,77.25,57.0,2.666667,,3.2010971124
2004-08-08,4.9,7.8,0.5,25.1,18.66,15.4,72.25,47.0,2.666667,,3.54973575049
2004-08-09,6.0,7.5,0.0,25.2,19.74,15.7,69.0,48.0,2.666667,,3.62849781374
2004-08-10,6.5,0.9,0.0,25.2,17.5,14.9,91.5,78.0,5.333333,,1.84175997425
2004-08-11,1.6,6.0,1.0,20.4,15.3,13.1,83.75,61.0,2.666667,,2.64121998697
2004-08-12,4.6,9.1,0.0,22.6,16.66,12.9,67.0,47.0,4.333333,,3.93335765123
2004-08-13,6.4,8.5,0.0,21.8,16.3,13.3,70.0,46.0,4.666667,,3.73607671118
2004-08-14,7.8,10.0,0.0,22.4,15.98,10.7,64.75,47.0,3.333333,,3.88175355143
2004-08-15,4.7,7.5,0.2,22.4,16.1,11.9,71.0,52.0,2.0,,3.21703252601
2004-08-16,3.9,8.8,0.0,24.0,17.8,13.7,72.25,51.0,3.666667,,3.78513398488
2004-08-17,4.5,7.8,0.0,24.5,17.96,13.4,70.25,48.0,3.666667,,3.75741780974
2004-08-18,4.7,5.1,0.1,22.4,17.56,14.6,77.75,64.0,2.666667,,2.90244045154
2004-08-19,3.4,5.8,0.0,24.6,18.76,14.8,78.75,56.0,4.0,,3.22893139183
2004-08-20,3.7,6.4,0.0,23.4,18.06,15.7,85.0,64.0,3.666667,,3.01636085067
2004-08-21,3.2,8.5,0.8,25.4,18.98,15.1,78.0,48.0,3.666667,,3.74187107025
2004-08-22,4.7,6.8,0.2,24.2,18.66,15.1,74.75,55.0,2.666667,,3.42009096206
2004-08-23,3.6,7.5,0.0,26.3,19.88,15.7,67.25,44.0,2.333333,,3.8500783161
2004-08-24,4.6,7.2,0.0,29.1,21.76,17.3,62.75,40.0,1.666667,,3.94752858131
2004-08-25,5.4,9.9,0.0,26.5,19.6,15.1,65.25,45.0,2.666667,,4.39562804653
2004-08-26,5.7,9.2,0.0,27.1,19.24,14.9,59.0,44.0,2.666667,,4.50774927971
2004-08-27,6.0,8.8,0.0,26.4,19.98,15.7,67.0,44.0,2.0,,4.06283020104
2004-08-28,5.6,9.6,0.0,28.9,21.16,14.7,56.5,36.0,1.0,,4.14314359106
2004-08-29,5.2,9.6,0.0,32.6,23.1,13.9,46.75,26.0,2.0,,5.05242582459
2004-08-30,7.0,4.4,0.0,28.4,21.88,18.0,68.0,45.0,3.0,,3.74663178321
2004-08-31,5.9,4.1,0.0,23.2,19.26,16.2,76.75,65.0,4.333333,,3.17388662199
2004-09-01,3.6,4.7,0.1,23.0,18.72,15.1,76.0,52.0,5.333333,,3.34489182326
2004-09-02,6.0,7.0,0.0,23.6,18.5,15.6,65.25,50.0,5.666667,,4.39848180186
2004-09-03,5.7,9.4,0.0,24.6,17.98,13.3,61.75,43.0,2.666667,,4.3048760112
2004-09-04,5.1,9.0,0.0,27.0,18.8,13.1,53.5,26.0,2.666667,,4.67080333228
2004-09-05,8.0,8.1,0.0,23.8,17.9,13.3,67.0,49.0,4.0,,4.14006700303
2004-09-06,7.3,8.4,0.0,25.8,19.54,15.1,71.0,47.0,3.333333,,4.1854905345
2004-09-07,7.2,9.5,0.0,25.8,19.22,14.9,65.25,44.0,3.666667,,4.64270051495
2004-09-08,5.6,9.3,0.0,25.2,18.78,13.9,63.5,46.0,3.666667,,4.58859892858
2004-09-09,5.6,9.1,0.0,25.8,19.42,14.7,69.25,44.0,4.333333,,4.52694017304
2004-09-10,6.6,8.7,0.0,25.2,19.1,14.1,76.5,47.0,2.333333,,3.91876835318
2004-09-11,8.1,8.1,0.2,24.8,18.94,14.7,68.0,49.0,2.666667,,4.09018922966
2004-09-12,5.8,9.6,0.2,27.2,19.34,15.1,70.75,41.0,2.666667,,4.49325191207
2004-09-13,6.4,7.4,2.2,23.8,18.08,14.5,78.25,56.0,4.666667,,3.72114885878
2004-09-14,4.7,6.0,1.6,23.1,18.76,15.6,77.25,57.0,3.666667,,3.48961849404
2004-09-15,3.7,8.0,0.0,25.4,19.56,15.9,74.25,53.0,4.0,,4.16899252818
2004-09-16,4.9,7.4,0.0,26.3,19.64,15.1,60.25,42.0,3.333333,,4.5599371083
2004-09-17,6.3,10.8,0.0,27.3,20.08,12.9,60.25,40.0,3.333333,,5.13776419745
2004-09-18,7.4,9.3,0.0,26.4,19.78,17.0,68.5,47.0,4.333333,,4.86833883912
2004-09-19,6.1,8.6,0.0,25.4,19.8,14.6,70.0,57.0,4.666667,,4.51285429061
2004-09-20,4.8,4.8,1.0,24.4,19.02,16.3,80.0,59.0,3.666667,,3.31987896719
2004-09-21,3.6,9.9,0.0,26.4,20.1,15.7,70.5,42.0,4.333333,,4.8375249291
2004-09-22,6.4,3.5,0.6,25.2,19.7,15.9,74.75,61.0,3.0,,3.26213420856
2004-09-23,6.1,8.1,0.8,26.7,20.2,15.9,71.75,43.0,4.333333,,4.51772649287
2004-09-24,10.2,9.2,0.0,26.8,20.18,15.9,70.5,44.0,2.333333,,4.51409871599
2004-09-25,10.2,6.8,0.0,24.5,19.56,15.3,66.0,54.0,3.666667,,4.25316446668
2004-09-26,11.9,3.1,0.0,24.8,19.36,15.8,76.75,52.0,3.0,,3.11371068613
2004-09-27,8.1,7.1,2.0,25.6,19.42,15.5,78.5,51.0,4.666667,,3.95357463713
2004-09-28,5.2,6.2,0.0,26.5,19.94,15.7,64.5,44.0,2.0,,3.9934945493
2004-09-29,5.1,9.7,0.0,29.1,21.72,16.4,57.5,38.0,2.666667,,5.29516833497
2004-09-30,6.6,7.2,0.0,28.3,20.62,16.3,66.0,37.0,4.0,,4.78755970386
2004-10-01,6.4,6.6,0.2,25.8,19.14,15.9,71.0,52.0,2.666667,,4.02888483637
2004-10-02,8.5,7.5,0.0,25.6,19.38,15.0,64.0,49.0,2.666667,,4.36362194234
2004-10-03,8.5,9.6,0.0,29.9,22.1,16.6,54.5,35.0,2.0,,5.20903843806
2004-10-04,10.7,6.9,0.0,29.1,21.6,16.3,63.25,42.0,2.133333,,4.44484934507
2004-10-05,6.3,8.4,0.0,28.1,21.28,15.7,62.25,44.0,2.666667,,4.83576704342
2004-10-06,6.6,0.8,0.0,25.4,20.9,16.9,71.5,59.0,2.666667,,2.9075388854
2004-10-07,4.0,3.8,1.7,25.6,20.74,18.1,74.0,57.0,2.333333,,3.42759683381
2004-10-08,1.8,4.7,1.2,26.3,20.88,18.1,80.5,58.0,4.333333,,3.61521504185
2004-10-09,3.4,1.1,0.3,26.0,20.14,17.3,78.25,52.0,4.333333,,2.99420180483
2004-10-10,1.9,6.6,1.1,27.7,21.0,16.9,74.0,58.0,2.666667,,4.16201855666
2004-10-11,5.3,8.0,0.0,28.9,22.2,17.7,59.25,39.0,4.0,,5.44531622004
2004-10-12,7.1,9.5,0.0,28.6,21.96,17.2,61.5,35.0,5.333333,,5.87587075954
2004-10-13,8.7,11.3,0.0,26.7,20.86,15.5,55.5,40.0,4.333333,,5.95797621498
2004-10-14,9.3,10.3,0.0,29.6,21.8,15.0,53.25,32.0,4.0,,6.10220353595
2004-10-15,7.6,9.7,0.0,28.8,21.74,17.7,65.5,38.0,4.0,,5.50158106176
2004-10-16,7.6,7.5,0.0,28.7,20.54,15.3,66.25,38.0,4.333333,,4.97960184967
2004-10-17,6.5,8.2,0.0,28.8,21.24,16.8,53.75,21.0,3.666667,,5.59489439069
2004-10-18,5.8,10.1,0.0,29.1,21.8,14.7,59.25,42.0,1.666667,,5.06912976235
2004-10-19,6.6,6.3,0.0,28.7,22.2,17.1,64.75,46.0,2.0,,4.32594100074
2004-10-20,6.0,3.6,0.0,26.0,21.06,18.1,68.5,56.0,2.0,,3.53582088974
2004-10-21,5.1,9.5,0.0,28.3,22.04,16.5,62.0,37.0,3.666667,,5.45459665901
2004-10-22,8.8,2.7,0.0,24.2,19.54,16.7,85.5,68.0,4.666667,,2.8558870982
2004-10-23,2.6,4.4,2.7,24.8,19.54,17.1,89.25,82.0,3.666667,,3.05768341432
2004-10-24,1.8,8.0,1.3,25.2,20.34,16.5,77.25,51.0,3.0,,4.2469785015
2004-10-25,7.1,10.7,0.0,28.8,22.5,16.9,57.5,39.0,2.333333,,5.55126521437
2004-10-26,6.5,4.2,0.0,27.2,21.9,18.8,69.5,52.0,3.0,,3.97356000421
2004-10-27,4.3,8.6,0.0,29.1,22.88,18.9,69.75,48.0,3.333333,,5.11304129942
2004-10-28,5.5,5.5,0.0,27.9,21.84,18.3,73.5,56.0,2.333333,,4.02402777711
2004-10-29,4.2,7.3,0.2,27.7,21.24,17.7,72.0,44.0,4.333333,,4.7173858081
2004-10-30,6.2,8.0,0.0,27.0,20.96,17.0,69.25,52.0,3.666667,,4.79620558026
2004-10-31,7.0,9.9,0.1,27.5,21.78,17.0,52.75,38.0,3.666667,,5.87544353344
2004-11-01,6.9,10.5,0.0,29.4,21.82,15.7,53.5,36.0,4.0,,6.2052971347
2004-11-02,7.8,8.3,0.0,27.9,21.12,15.9,67.5,41.0,5.666667,,5.27097587183
2004-11-03,5.3,10.6,0.0,27.7,21.04,15.3,66.25,42.0,6.0,,5.73832780938
2004-11-04,7.6,9.3,0.0,28.5,22.32,17.1,59.5,38.0,4.333333,,5.77796521547
2004-11-05,8.2,10.7,0.0,29.3,23.04,17.3,58.25,37.0,3.666667,,6.02574246912
2004-11-06,9.3,9.1,0.0,29.1,23.04,18.9,56.5,36.0,2.666667,,5.51004184229
2004-11-07,8.2,6.3,0.0,28.7,22.72,18.9,72.0,50.0,4.333333,,4.6716690806
2004-11-08,6.7,8.5,1.3,28.9,21.96,18.2,70.0,40.0,4.666667,,5.25553180517
2004-11-09,4.9,10.4,0.0,28.6,21.22,16.8,60.0,37.0,4.666667,,6.03758364281
2004-11-10,9.5,10.1,0.0,26.1,20.66,15.7,62.0,43.0,4.333333,,5.48285188207
2004-11-11,9.9,9.2,0.0,29.0,22.88,17.1,56.0,46.0,2.333333,,5.33633094098
2004-11-12,6.4,9.1,0.0,31.3,24.34,17.1,49.5,34.0,2.0,,5.50621256399
2004-11-13,9.3,11.3,0.0,33.5,25.44,18.7,39.0,23.0,1.666667,,6.16526002165
2004-11-14,10.5,9.7,0.0,30.4,23.64,20.2,61.25,34.0,5.0,,6.32578275369
2004-11-15,8.9,9.8,0.0,29.5,23.32,18.5,56.75,40.0,3.666667,,6.00375510064
2004-11-16,9.8,10.5,0.0,29.3,22.92,17.1,56.75,44.0,2.666667,,5.73276499129
2004-11-17,8.2,11.5,0.0,30.3,23.68,16.9,53.0,36.0,1.666667,,5.7204274492
2004-11-18,9.3,11.0,0.0,32.0,24.74,17.1,49.25,38.0,1.666667,,5.81100326496
2004-11-19,7.8,8.2,0.0,34.2,26.34,19.9,55.0,35.0,1.666667,,5.38228423245
2004-11-20,6.8,4.1,0.0,30.3,23.32,20.3,80.25,59.0,3.333333,,3.83611248939
2004-11-21,2.9,0.5,40.8,24.2,19.94,18.3,91.0,74.0,3.0,,2.22781435147
2004-11-22,1.4,4.2,10.4,24.5,20.58,18.2,88.5,70.0,3.0,,3.12907644998
2004-11-23,1.6,0.0,51.6,21.2,19.26,17.7,94.5,92.0,2.333333,,1.9256495909
2004-11-24,0.5,0.5,6.1,22.5,19.3,17.6,95.5,93.0,3.333333,,1.96995383989
2004-11-25,0.8,1.3,13.5,22.8,19.22,16.7,87.0,74.0,3.666667,,2.47051328972
2004-11-26,2.2,2.5,3.6,24.1,20.04,17.1,84.5,68.0,3.833333,,2.88978711048
2004-11-27,3.0,6.1,0.2,25.8,21.12,17.3,76.75,62.0,3.0,,3.98850718357
2004-11-28,3.6,2.8,0.2,25.4,21.34,19.0,85.25,73.0,3.333333,,3.02863197847
2004-11-29,2.9,5.6,0.0,27.5,23.32,19.1,70.75,58.0,2.0,,4.09207043673
2004-11-30,3.8,6.7,0.0,27.7,23.56,19.9,76.0,62.0,2.666667,,4.35159162797
2004-12-01,3.7,5.5,0.0,27.3,22.32,20.3,82.0,64.0,3.666667,,3.92466717305
2004-12-02,4.2,11.3,0.0,29.7,22.8,18.3,63.0,38.0,4.0,,6.14001244429
2004-12-03,7.6,11.0,0.0,28.3,22.52,17.9,61.75,43.0,4.666667,,6.09978978451
2004-12-04,8.2,10.7,0.0,28.3,22.84,18.7,59.5,46.0,3.333333,,5.8777593396
2004-12-05,6.7,9.5,0.0,27.7,22.36,17.7,57.75,41.0,2.666667,,5.38938740794
2004-12-06,7.2,10.2,0.0,28.6,21.9,16.3,58.0,43.0,2.0,,5.32307647779
2004-12-07,6.6,11.1,0.0,28.5,22.42,17.0,59.25,45.0,1.666667,,5.41417809775
2004-12-08,6.4,11.3,0.0,28.3,22.58,17.1,61.0,49.0,3.0,,5.7738911366
2004-12-09,6.0,8.3,0.0,28.2,22.52,17.8,69.75,53.0,2.0,,4.71519469841
2004-12-10,4.7,9.9,0.0,31.4,24.66,18.4,54.25,35.0,2.0,,5.65949723935
2004-12-11,6.8,4.3,0.0,27.7,22.9,20.0,79.5,60.0,3.333333,,3.75640304469
2004-12-12,3.0,4.4,5.0,28.2,22.88,19.9,79.25,57.0,3.666667,,3.84636473383
2004-12-13,3.0,3.7,0.0,25.8,21.86,19.7,82.25,66.0,2.666667,,3.35539085822
2004-12-14,3.1,3.3,0.0,24.2,21.06,18.9,80.25,75.0,2.666667,,3.2307150981
2004-12-15,3.8,4.8,0.0,24.4,20.1,16.9,72.75,61.0,3.333333,,3.81064858606
2004-12-16,4.0,3.6,0.0,26.8,20.26,14.9,72.5,44.0,2.68592,,3.54850066552
2004-12-17,7.5,9.3,0.0,26.0,20.94,16.7,66.75,55.0,2.333333,,4.84740957277
2004-12-18,4.8,7.8,0.0,26.9,21.64,16.7,67.0,54.0,2.666667,,4.66367327163
2004-12-19,4.5,7.1,0.0,27.4,21.78,18.1,73.0,57.0,3.333333,,4.52472258732
2004-12-20,5.2,7.4,0.0,28.0,22.34,17.5,63.25,44.0,2.666667,,4.81521765081
2004-12-21,5.5,9.5,0.0,29.1,23.0,18.7,63.0,45.0,1.333333,,5.04001569655
2004-12-22,5.3,6.8,0.0,26.7,21.92,17.9,72.0,60.0,2.333333,,4.2933883107
2004-12-23,4.0,9.9,0.0,28.1,22.1,17.7,59.5,43.0,2.666667,,5.46261163476
2004-12-24,5.5,7.8,0.0,28.0,21.2,16.0,61.25,42.0,3.333333,,5.07423390432
2004-12-25,5.8,7.2,0.0,28.4,22.34,18.5,67.0,52.0,2.0,,4.5774467952
2004-12-26,5.2,10.6,0.0,28.7,22.48,18.7,60.0,39.0,2.0,,5.5065109994
2004-12-27,5.6,9.9,0.0,29.9,23.24,17.9,60.75,46.0,2.0,,5.39778707749
2004-12-28,5.7,9.6,0.0,29.5,22.24,16.7,59.75,37.0,1.666667,,5.15325957534
2004-12-29,6.2,7.9,0.0,28.5,22.6,17.9,60.5,46.0,1.666667,,4.7443708312
2004-12-30,5.0,7.7,0.0,29.4,22.74,17.1,55.75,39.0,1.666667,,4.80773718304
2004-12-31,6.2,7.3,0.0,28.9,23.0,17.9,59.75,48.0,3.0,,5.10207858993
2005-01-01,6.2,7.9,0.0,27.4,22.66,19.1,71.0,53.0,4.333333,,4.96942272661
2005-01-02,4.9,2.7,0.6,26.1,22.0,18.9,67.75,55.0,2.666667,,3.62321222372
2005-01-03,5.6,6.5,0.0,26.9,21.66,17.7,68.25,51.0,4.0,,4.6596117942
2005-01-04,5.0,8.2,0.2,28.5,22.22,18.4,71.75,49.0,4.0,,5.00806021327
2005-01-05,6.3,7.5,0.0,27.1,21.28,17.1,64.75,50.0,3.333333,,4.8636176158
2005-01-06,5.7,11.2,0.0,29.0,22.22,15.9,54.25,40.0,3.333333,,6.09487499855
2005-01-07,7.1,9.8,0.0,29.2,23.38,18.3,50.25,35.0,3.333333,,6.11197774415
2005-01-08,7.7,10.0,0.0,29.6,22.82,17.3,63.0,40.0,2.0,,5.33464479165
2005-01-09,7.3,9.9,0.0,30.2,23.76,18.2,53.5,40.0,2.0,,5.58222644999
2005-01-10,7.5,9.5,0.0,30.4,24.16,19.8,55.25,38.0,2.666667,,5.82066935491
2005-01-11,7.0,8.4,0.0,28.6,23.54,20.1,60.75,44.0,2.0,,5.07817236168
2005-01-12,5.4,8.9,0.0,30.5,24.08,18.8,66.25,43.0,2.0,,5.16432607124
2005-01-13,4.2,0.2,33.9,25.2,20.36,18.4,84.0,64.0,3.666667,,2.5343991209
2005-01-14,1.3,4.3,1.9,26.1,21.76,18.3,79.75,64.0,2.666667,,3.5465055751
2005-01-15,3.0,0.4,0.3,24.5,21.0,19.4,92.5,88.0,3.0,,2.19388201462
2005-01-16,1.0,6.7,4.9,26.6,21.62,18.4,83.25,63.0,2.333333,,3.9994452254
2005-01-17,3.2,4.0,0.0,25.5,21.14,18.1,80.75,66.0,3.333333,,3.45529273261
2005-01-18,2.9,3.7,0.0,25.0,20.54,17.7,78.25,66.0,3.666667,,3.48273135275
2005-01-19,3.3,9.2,0.0,29.1,22.82,18.9,67.25,48.0,3.333333,,5.39393408325
2005-01-20,5.1,9.5,0.0,30.0,24.28,19.4,59.75,43.0,3.666667,,5.94828799527
2005-01-21,6.5,8.3,0.0,30.0,23.48,19.2,66.75,45.0,3.0,,5.2390273965
2005-01-22,3.5,5.9,0.2,29.5,24.28,20.9,70.25,51.0,4.0,,4.80960476644
2005-01-23,4.8,3.6,0.0,28.5,23.58,20.2,73.75,54.0,3.0,,3.85571415484
2005-01-24,3.4,7.9,0.0,30.6,24.82,20.0,60.5,44.0,2.666667,,5.34922547101
2005-01-25,5.5,8.5,0.0,32.6,25.86,20.0,58.0,37.0,2.0,,5.4646190025
2005-01-26,5.9,8.2,0.0,31.6,24.66,21.1,69.5,44.0,3.333333,,5.41782572273
2005-01-27,3.9,8.6,3.6,29.7,24.58,19.4,66.25,59.0,3.0,,5.30962576117
2005-01-28,4.6,6.2,0.0,26.9,22.82,19.9,77.75,66.0,4.333333,,4.29643484745
2005-01-29,5.0,0.6,0.0,23.7,21.48,19.5,85.5,81.0,3.333333,,2.50588403754
2005-01-30,1.4,5.6,3.4,26.3,22.12,19.1,79.0,70.0,3.333333,,3.95689159147
2005-01-31,3.4,8.2,0.0,27.6,22.64,19.4,69.25,53.0,2.333333,,4.82748898105
2005-02-01,5.4,6.3,0.0,28.7,22.84,19.1,67.0,52.0,2.0,,4.43265647635
2005-02-02,5.5,6.5,0.0,27.7,23.12,18.5,63.75,52.0,4.0,,4.98465743498
2005-02-03,6.4,8.9,0.0,28.2,22.9,18.9,66.5,51.0,2.666667,,5.14311530172
2005-02-04,5.4,9.8,0.0,29.1,23.08,18.7,61.5,46.0,2.666667,,5.54674494638
2005-02-05,6.4,10.3,0.0,29.9,23.4,18.1,61.75,42.0,2.666667,,5.68870355848
2005-02-06,5.7,6.9,0.0,30.9,23.84,19.3,64.25,42.0,3.0,,5.08836972206
2005-02-07,5.8,10.3,0.0,29.9,23.52,18.5,67.0,45.0,2.233333,,5.46915868202
2005-02-08,6.4,7.8,0.0,26.9,22.2,19.1,80.0,64.0,5.333333,,4.50011453065
2005-02-09,4.4,8.5,0.4,28.7,22.2,16.7,65.5,45.0,5.333333,,5.53791906692
2005-02-10,6.5,7.7,0.0,29.3,23.28,17.5,63.0,46.0,2.0,,4.80386673018
2005-02-11,5.6,7.8,0.0,29.7,24.08,19.5,78.25,68.0,2.666667,,4.66834317348
2005-02-12,4.0,2.4,74.6,26.7,21.52,18.7,88.25,72.0,3.0,,2.85471186154
2005-02-13,1.8,7.8,0.0,27.4,22.74,19.9,82.0,65.0,3.666667,,4.42720812955
2005-02-14,4.0,4.2,9.2,27.3,22.32,19.5,83.75,64.0,4.0,,3.53506578125
2005-02-15,2.9,0.9,23.8,24.4,20.74,18.9,92.25,82.0,2.0,,2.30598779603
2005-02-16,1.6,2.2,1.6,24.4,21.22,19.3,82.75,68.0,2.666667,,2.91766186695
2005-02-17,2.0,1.3,10.2,25.6,21.22,18.7,90.5,73.0,3.0,,2.46580738142
2005-02-18,2.6,3.1,10.0,26.0,21.1,17.9,79.5,64.0,2.0,,3.17451327153
2005-02-19,4.2,9.6,0.0,28.1,21.8,17.7,75.75,51.0,2.0,,4.86959677043
2005-02-20,4.2,7.2,0.0,29.7,22.56,19.3,79.25,46.0,2.666667,,4.45816716012
2005-02-21,4.0,3.6,1.2,25.6,21.94,19.9,92.5,78.0,2.333333,,2.98140458449
2005-02-22,0.9,1.2,50.8,25.4,21.34,18.3,92.75,87.0,2.666667,,2.33693603607
2005-02-23,1.0,3.0,0.5,25.8,21.58,18.9,91.0,77.0,3.0,,2.82821932867
2005-02-24,2.6,5.3,0.2,25.8,21.74,19.7,88.5,68.0,3.0,,3.46977356466
2005-02-25,3.4,10.5,0.2,27.4,22.3,18.5,80.75,67.0,1.333333,,4.94282735259
2005-02-26,4.6,8.7,0.0,27.9,22.76,19.1,79.0,57.0,2.0,,4.61597797297
2005-02-27,4.2,9.9,0.0,29.3,23.44,19.7,72.75,51.0,1.666667,,5.10668708348
2005-02-28,5.4,8.6,0.0,29.2,23.46,19.3,73.0,52.0,2.0,,4.80683809614
2005-03-01,4.1,10.5,0.0,30.5,24.24,19.9,65.5,44.0,2.0,,5.52577606591
2005-03-02,4.8,10.7,0.0,27.4,22.94,19.7,75.25,62.0,3.0,,5.20822708982
2005-03-03,4.0,8.5,0.0,27.7,22.32,18.5,69.0,54.0,2.666667,,4.82870898277
2005-03-04,5.6,6.8,0.0,26.0,21.78,18.1,71.5,60.0,2.666667,,4.24745712664
2005-03-05,4.0,8.5,0.0,27.7,22.72,19.1,72.0,57.0,2.0,,4.65564375666
2005-03-06,4.1,5.8,0.0,27.5,22.04,18.1,77.5,61.0,2.0,,3.85584798567
2005-03-07,4.1,6.5,0.0,28.3,22.98,19.0,70.0,52.0,3.0,,4.47244935479
2005-03-08,4.5,4.2,0.0,26.4,22.38,20.2,82.75,63.0,3.333333,,3.44953393047
2005-03-09,3.1,3.1,2.2,26.7,22.64,19.0,72.25,58.0,2.666667,,3.49129463719
2005-03-10,3.9,3.6,0.0,26.7,22.14,19.6,82.0,62.0,3.0,,3.30754927691
2005-03-11,2.2,7.3,3.4,28.5,23.48,19.8,74.75,58.0,3.0,,4.50016353966
2005-03-12,3.5,2.4,0.0,27.4,22.28,19.8,83.25,73.0,3.0,,3.02075622068
2005-03-13,2.0,4.9,12.9,26.6,21.74,19.5,82.5,61.0,2.666667,,3.52789688505
2005-03-14,2.2,6.9,0.4,27.7,22.56,18.9,80.5,72.0,2.666667,,4.06746371737
2005-03-15,3.4,7.2,1.7,26.9,22.32,19.5,79.25,58.0,4.333333,,4.24735959622
2005-03-16,4.0,6.9,0.0,27.3,22.48,19.1,72.0,53.0,4.0,,4.50703550712
2005-03-17,4.8,7.8,0.0,27.7,22.68,18.7,69.0,52.0,3.0,,4.64393434158
2005-03-18,4.9,7.2,0.0,27.8,22.42,18.7,70.75,53.0,2.0,,4.27031186267
2005-03-19,4.0,7.8,0.0,28.5,23.36,19.7,68.5,52.0,2.0,,4.52980546638
2005-03-20,5.4,6.3,0.0,28.7,23.36,18.9,78.5,70.0,2.666667,,4.0097688572
2005-03-21,3.6,9.4,17.9,27.4,22.64,19.1,72.5,57.0,4.0,,4.93678431314
2005-03-22,4.6,8.4,0.0,26.5,22.3,18.9,77.75,71.0,4.0,,4.4120794869
2005-03-23,3.3,9.7,0.0,27.5,22.78,18.4,70.75,54.0,4.666667,,5.10549106496
2005-03-24,5.4,6.8,0.0,27.0,22.44,19.1,74.25,59.0,3.666667,,4.24817552917
2005-03-25,3.6,9.4,0.4,28.0,22.16,17.3,67.75,48.0,2.666667,,4.81166140451
2005-03-26,4.9,7.2,0.0,28.2,22.4,18.5,67.75,47.0,1.666667,,4.18416490707
2005-03-27,4.0,9.1,0.0,29.4,23.78,19.5,63.75,45.0,3.0,,5.15171161051
2005-03-28,4.1,6.3,0.0,27.3,22.56,19.3,83.5,68.0,2.666667,,3.7030081794
2005-03-29,2.5,0.3,0.8,25.8,21.7,19.7,89.0,77.0,3.0,,2.17397166071
2005-03-30,1.4,6.1,1.1,26.0,21.78,18.9,84.0,70.0,2.666667,,3.53343155247
2005-03-31,2.8,7.0,0.2,26.7,21.52,19.3,86.25,67.0,3.666667,,3.69004873707
2005-04-01,2.8,7.5,0.0,26.5,21.6,18.5,82.5,73.0,3.0,,3.86851538035
2005-04-02,3.0,7.4,0.0,26.3,21.6,19.1,75.0,64.0,4.666667,,4.29622235541
2005-04-03,2.0,5.6,2.2,25.8,21.12,18.8,88.5,75.0,3.0,,3.22277576871
2005-04-04,2.4,5.6,1.2,26.4,21.64,19.3,84.25,63.0,3.333333,,3.42862469171
2005-04-05,2.8,2.1,2.7,23.9,20.72,18.9,84.0,65.0,4.0,,2.66080072736
2005-04-06,2.6,6.3,0.2,26.5,21.82,19.2,85.0,64.0,4.666667,,3.53820280067
2005-04-07,2.2,6.9,4.6,25.8,20.56,18.9,83.5,56.0,4.0,,3.64365504198
2005-04-08,3.3,10.3,0.4,25.9,20.84,15.9,75.5,60.0,0.6,,4.1537944706
2005-04-09,4.6,6.3,0.1,25.1,20.12,17.3,82.75,62.0,5.0,,3.46146273168
2005-04-10,3.0,7.7,0.6,24.8,20.96,17.7,78.75,66.0,4.666667,,3.88101837576
2005-04-11,3.0,6.0,1.4,25.6,20.78,18.5,83.25,62.0,3.666667,,3.40427756925
2005-04-12,3.0,9.6,0.4,26.3,21.4,17.7,73.25,53.0,5.0,,4.60097151527
2005-04-13,3.8,1.3,0.2,22.4,19.86,18.3,94.25,83.0,3.0,,1.9406456056
2005-04-14,0.3,5.6,7.1,24.2,20.18,17.9,84.75,67.0,4.666667,,3.15235206329
2005-04-15,0.8,2.3,1.4,23.3,20.0,17.5,91.0,77.0,4.0,,2.22054296961
2005-04-16,2.2,6.6,10.4,24.2,20.26,18.1,87.25,71.0,4.0,,3.18625690214
2005-04-17,1.8,6.2,0.2,25.0,20.94,18.9,86.25,68.0,3.333333,,3.22790610962
2005-04-18,1.9,3.4,0.8,24.1,20.58,18.6,87.75,71.0,4.0,,2.60580253283
2005-04-19,1.5,5.9,0.4,23.7,19.92,17.1,83.25,69.0,4.0,,3.1444791526
2005-04-20,2.8,6.4,0.0,25.6,20.7,17.9,82.25,62.0,3.333333,,3.37488115215
2005-04-21,2.6,5.2,0.0,25.2,21.1,18.7,85.5,72.0,3.333333,,3.03370832402
2005-04-22,2.6,5.0,0.6,25.8,20.78,18.8,85.25,66.0,3.0,,3.0195464795
2005-04-23,2.1,8.6,0.0,26.5,21.16,18.6,79.0,60.0,2.333333,,3.85889772683
2005-04-24,3.1,7.3,0.0,25.8,20.92,17.5,78.75,63.0,3.666667,,3.63801481008
2005-04-25,,5.5,0.0,25.2,20.78,18.5,74.75,55.0,2.666667,,3.35586932106
2005-04-26,3.2,9.5,0.0,28.7,22.72,17.9,65.25,45.0,1.666667,,4.23787940745
2005-04-27,3.8,2.5,0.0,25.0,22.02,18.7,77.0,71.0,2.0,,2.631774202
2005-04-28,1.6,2.5,3.0,23.8,20.38,18.7,94.0,80.0,3.666667,,2.07633342604
2005-04-29,1.0,3.5,4.6,24.7,20.72,18.7,85.25,69.0,2.666667,,2.61182248177
2005-04-30,1.4,4.3,0.0,26.2,21.74,18.9,77.0,58.0,2.666667,,3.08738619884
2005-05-01,2.2,2.8,0.2,24.0,21.54,19.7,84.25,78.0,3.333333,,2.55445920656
2005-05-02,1.6,0.0,2.8,21.4,18.78,17.8,93.25,88.0,3.333333,,1.59110858543
2005-05-03,0.5,4.1,1.0,23.0,19.28,16.5,81.0,69.0,3.333333,,2.72404705966
2005-05-04,2.5,3.4,0.0,22.7,19.54,16.7,80.25,68.0,3.333333,,2.63278768209
2005-05-05,2.6,2.0,0.0,21.8,18.96,16.5,80.75,73.0,3.333333,,2.35666523347
2005-05-06,1.8,5.4,0.0,23.7,20.0,16.1,73.75,61.0,3.666667,,3.23337021256
2005-05-07,3.3,5.6,0.0,23.2,19.3,16.7,83.0,69.0,4.0,,2.88355566007
2005-05-08,2.4,0.8,0.0,22.2,19.2,16.6,88.5,75.0,4.0,,1.88792982989
2005-05-09,1.6,5.0,2.4,22.8,19.1,17.3,85.25,71.0,5.0,,2.70767585084
2005-05-10,1.6,1.6,5.5,22.0,18.98,16.1,90.75,82.0,3.333333,,1.86736253527
2005-05-11,2.6,8.7,,23.6,19.06,17.1,77.5,55.0,4.333333,,3.58753137519
2005-05-12,2.6,4.7,0.2,23.6,18.86,16.9,86.25,68.0,4.333333,,2.59821056475
2005-05-13,2.0,3.7,1.2,23.4,19.26,17.1,88.5,73.0,5.0,,2.34167380582
2005-05-14,2.2,7.3,2.4,23.2,19.14,16.3,79.25,76.0,5.333333,,3.28741717881
2005-05-15,2.9,6.5,0.8,23.8,19.46,16.7,84.5,66.0,5.0,,2.9298871355
2005-05-16,3.0,8.2,0.7,24.4,20.02,16.7,77.5,56.0,4.0,,3.47302782023
2005-05-17,3.5,5.6,0.0,23.7,20.04,17.5,85.0,66.0,3.666667,,2.75118607826
2005-05-18,1.9,8.5,0.2,25.4,20.08,17.8,80.75,55.0,2.666667,,3.38373147405
2005-05-19,2.9,9.5,0.0,25.0,19.46,15.9,71.75,46.0,3.666667,,3.81972109817
2005-05-20,3.7,9.9,0.0,26.5,20.6,16.3,67.0,45.0,1.666667,,3.71448846684
2005-05-21,4.1,6.1,0.0,27.8,20.4,14.9,75.75,46.0,2.333333,,3.11630571177
2005-05-22,2.8,7.4,0.0,28.3,21.76,16.9,76.75,60.0,2.0,,3.32890699532
2005-05-23,1.1,3.3,0.0,26.5,21.54,16.7,79.0,70.0,1.666667,,2.45679840097
2005-05-24,2.0,7.7,0.2,26.2,21.66,17.7,74.25,62.0,3.0,,3.48764056728
2005-05-25,3.6,8.5,0.0,28.1,22.16,18.7,71.25,58.0,2.666667,,3.79514550122
2005-05-26,4.4,8.0,0.0,28.1,21.92,18.7,75.75,49.0,2.666667,,3.57514399277
2005-05-27,3.4,4.9,9.3,23.4,20.1,17.9,87.0,76.0,4.666667,,2.51686115833
2005-05-28,1.6,1.5,1.0,21.8,18.7,16.7,88.0,75.0,5.0,,1.93031067406
2005-05-29,0.9,9.5,1.1,23.6,19.26,16.3,77.5,60.0,6.0,,3.59737284079
2005-05-30,4.4,7.3,0.0,22.2,18.7,16.5,83.0,74.0,5.333333,,2.909451207
2005-05-31,2.0,6.0,2.0,22.5,18.74,16.5,92.0,86.0,5.0,,2.28108087027
2005-06-01,2.3,8.2,5.1,23.3,19.24,16.7,82.0,61.0,5.333333,,3.134466626
2005-06-02,1.9,6.8,4.1,22.6,18.38,15.5,83.25,64.0,5.0,,2.79074355233
2005-06-03,2.2,3.4,2.0,21.2,17.92,15.7,87.0,74.0,4.666667,,2.12841766057
2005-06-04,1.4,0.0,3.4,19.8,17.36,16.1,92.0,87.0,5.0,,1.44337022254
2005-06-05,0.7,2.4,7.7,21.2,17.84,16.3,93.5,89.0,4.666667,,1.69250544484
2005-06-06,1.1,2.5,2.0,21.2,18.22,16.1,92.0,88.0,5.0,,1.76895746198
2005-06-07,1.4,2.6,5.9,21.6,18.34,16.7,94.0,90.0,3.666667,,1.73787206082
2005-06-08,1.0,3.9,3.4,21.6,17.98,15.7,84.75,64.0,3.333333,,2.23953712641
2005-06-09,1.8,6.2,1.2,21.8,17.86,15.3,78.25,61.0,4.0,,2.81324020664
2005-06-10,1.9,6.2,0.2,21.4,17.3,15.1,80.5,60.0,2.666667,,2.59101514826
2005-06-11,2.8,5.4,0.0,22.2,18.1,14.7,83.75,65.0,4.333333,,2.4924630588
2005-06-12,2.2,1.8,2.1,21.6,17.58,15.9,92.25,87.0,3.333333,,1.6805037686
2005-06-13,1.1,8.7,2.1,22.8,19.16,17.0,84.0,63.0,4.0,,2.98528624106
2005-06-14,2.7,3.3,0.6,22.6,18.8,16.8,91.75,80.0,3.333333,,1.94759371853
2005-06-15,1.3,3.6,1.5,22.4,18.64,16.6,85.5,68.0,3.666667,,2.23088656274
2005-06-16,2.2,0.7,0.1,20.2,18.1,16.7,93.5,84.0,3.666667,,1.4630549855
2005-06-17,1.0,8.3,0.9,25.0,18.74,14.8,81.5,55.0,3.0,,3.01364424673
2005-06-18,2.7,8.8,0.0,24.4,19.1,15.9,77.5,58.0,2.0,,3.10148377645
2005-06-19,3.0,9.5,0.0,26.7,21.04,16.9,71.75,53.0,1.666667,,3.41316678355
2005-06-20,3.9,6.3,0.0,24.8,20.02,17.3,79.75,57.0,2.0,,2.77119880582
2005-06-21,3.0,7.2,0.0,25.8,20.54,18.1,76.25,54.0,2.666667,,3.15880805799
2005-06-22,3.4,7.5,0.0,24.2,19.66,17.7,72.0,68.0,4.333333,,3.5049576577
2005-06-23,3.4,0.3,2.0,20.4,17.9,16.5,88.5,72.0,3.666667,,1.62430334462
2005-06-24,1.4,0.5,0.0,20.0,17.5,15.7,88.5,81.0,3.333333,,1.60939701643
2005-06-25,0.8,2.4,0.6,22.0,18.54,16.9,86.75,70.0,4.333333,,2.04425095476
2005-06-26,1.4,1.4,0.0,21.2,18.46,16.7,85.5,71.0,4.666667,,1.97112266035
2005-06-27,1.2,5.4,1.2,22.6,18.8,17.0,91.75,86.0,4.0,,2.21309970795
2005-06-28,1.8,6.4,0.7,22.7,18.68,16.6,81.5,58.0,6.0,,2.89403852206
2005-06-29,2.9,7.1,1.2,21.8,18.0,15.3,84.0,68.0,5.666667,,2.7057831427
2005-06-30,2.5,6.6,0.0,22.2,17.8,15.0,85.75,66.0,3.666667,,2.53264092456
2005-07-01,3.0,8.0,0.2,23.6,18.3,15.4,82.0,,3.666667,,2.94499063625
2005-07-02,2.5,1.8,0.5,21.6,17.8,16.1,89.75,,4.0,,1.79366761546
2005-07-03,2.2,6.4,0.1,22.7,17.6,15.0,88.5,,4.0,,2.42891200126
2005-07-04,2.7,4.2,0.2,21.8,17.54,15.3,80.5,57.0,2.666667,,2.36369539045
2005-07-05,2.2,7.8,0.0,25.0,18.86,14.7,76.0,,2.0,,3.01094778659
2005-07-06,3.0,8.4,0.2,23.8,18.66,15.9,81.75,,3.0,,3.02010370764
2005-07-07,2.8,4.0,0.0,22.6,19.94,15.1,85.0,,4.333333,,2.31262931835
2005-07-08,2.0,0.6,0.7,21.2,17.58,15.9,90.0,,4.666667,,1.64282845278
2005-07-09,2.1,0.5,0.0,20.0,15.86,13.3,79.0,,4.0,,2.0128764298
2005-07-10,3.0,9.4,0.0,21.4,16.14,12.9,77.25,,5.0,,3.17606154081
2005-07-11,3.7,7.2,0.0,21.7,17.38,12.4,81.5,,4.666667,,2.73011667308
2005-07-12,2.7,0.2,0.3,20.2,16.68,15.1,97.0,,3.666667,,1.24788482785
2005-07-13,0.4,3.5,6.3,19.7,16.48,14.3,89.0,,3.666667,,1.94785982166
2005-07-14,1.6,6.9,1.3,21.4,16.84,13.9,83.0,,4.666667,,2.6828058239
2005-07-15,2.5,0.1,1.1,18.6,16.28,14.1,94.75,,4.0,,1.27823401109
2005-07-16,0.5,1.9,2.1,19.8,16.68,14.0,91.0,,4.0,,1.68238645051
2005-07-17,1.1,5.9,0.0,23.0,17.2,15.0,82.25,,2.666667,,2.63682717298
2005-07-18,2.5,8.4,0.0,24.4,17.78,13.3,77.0,,2.0,,3.07473596872
2005-07-19,2.8,9.5,0.0,25.6,19.18,12.9,68.0,,2.666667,,3.61729130798
2005-07-20,4.1,2.7,0.0,23.4,19.1,16.1,88.5,,4.0,,2.08742775188
2005-07-21,1.8,3.2,4.8,20.6,17.24,15.4,91.75,,5.333333,,1.86894766949
2005-07-22,2.0,6.8,0.4,22.2,17.94,14.7,86.0,,5.0,,2.65498849249
2005-07-23,1.8,5.6,1.8,21.0,17.18,15.1,89.5,,4.333333,,2.30656554753
2005-07-24,2.4,2.6,0.6,20.2,16.26,13.1,95.25,,2.666667,,1.68015128031
2005-07-25,1.0,6.3,3.1,21.6,17.1,14.5,83.0,,2.333333,,2.63045110263
2005-07-26,2.1,7.9,0.2,23.4,17.76,14.4,79.5,,2.0,,3.01173967979
2005-07-27,3.1,8.0,0.0,22.4,17.88,15.7,83.5,,3.666667,,2.99411440032
2005-07-28,3.0,9.0,0.2,23.2,17.98,15.6,75.0,,3.666667,,3.50652971508
2005-07-29,4.4,9.1,0.0,23.2,18.36,14.8,81.0,,4.333333,,3.29038223367
2005-07-30,3.9,7.4,0.0,22.7,18.1,15.2,83.5,,4.333333,,2.9533348832
2005-07-31,2.8,3.3,0.5,19.8,16.08,14.4,85.0,,4.0,,2.19376197522
2005-08-01,3.2,5.5,2.0,21.0,17.18,14.1,83.5,,3.666667,,2.57234455144
2005-08-02,2.0,6.3,0.7,21.2,16.98,14.9,85.75,,3.666667,,2.63819884371
2005-08-03,1.4,0.0,2.4,18.4,16.1,14.9,96.75,,3.666667,,1.27353565094
2005-08-04,1.6,4.4,10.2,20.4,16.98,15.1,90.0,,5.0,,2.17844483252
2005-08-05,2.4,7.4,2.4,22.0,16.18,13.9,86.25,,4.0,,2.79480096311
2005-08-06,2.8,8.0,0.0,22.6,17.82,13.9,82.75,,4.333333,,3.07183010357
2005-08-07,1.4,4.7,0.6,21.4,17.52,14.6,87.25,,4.0,,2.40367409069
2005-08-08,3.2,8.5,0.8,22.6,17.3,13.7,67.25,,3.666667,,3.72460020446
2005-08-09,3.0,8.7,0.0,23.4,17.84,14.7,76.5,,2.333333,,3.39798408956
2005-08-10,3.7,7.5,0.0,23.2,17.92,15.1,77.5,,2.0,,3.176141031
2005-08-11,2.6,8.6,0.1,24.5,18.78,15.0,76.0,,2.666667,,3.53516911881
2005-08-12,3.6,9.1,0.0,24.2,18.74,15.9,78.5,,3.333333,,3.62034429899
2005-08-13,3.9,8.3,0.0,23.5,18.74,16.0,77.75,,3.333333,,3.49762540928
2005-08-14,3.7,7.8,0.0,23.9,18.8,15.8,78.0,,3.333333,,3.44178437205
2005-08-15,4.4,8.7,0.0,26.0,19.5,15.3,75.25,,4.333333,,3.91602112497
2005-08-16,5.7,1.5,5.4,21.0,18.26,16.9,88.0,,5.0,,2.06003147662
2005-08-17,3.0,6.9,0.4,22.0,17.62,14.7,81.75,71.0,5.0,,3.09797412656
2005-08-18,4.2,5.5,2.2,22.4,17.5,15.5,79.25,,4.0,,3.04174101723
2005-08-19,5.4,8.4,0.0,23.6,18.26,14.9,75.0,,4.333333,,3.73074631261
2005-08-20,5.8,9.3,1.2,23.0,17.38,13.9,74.5,,5.0,,3.84564306247
2005-08-21,6.3,8.0,0.0,22.8,18.1,14.7,75.0,,4.666667,,3.6571457737
2005-08-22,5.4,5.0,0.1,21.8,17.06,13.9,90.5,,4.333333,,2.41663098363
2005-08-23,3.2,9.8,0.6,23.5,18.24,14.3,79.0,,4.0,,3.75355955313
2005-08-24,6.2,5.9,0.2,23.4,18.12,15.7,79.5,,1.8,,3.05185703847
2005-08-25,4.9,8.7,0.0,25.8,18.18,12.6,74.0,,3.666667,,3.89111637228
2005-08-26,3.5,9.0,0.0,23.8,17.98,14.3,74.5,,3.666667,,3.85294867088
2005-08-27,5.0,9.9,0.0,24.4,18.82,14.3,71.25,,4.333333,,4.24624368685
2005-08-28,5.4,9.4,0.0,24.8,19.5,15.9,66.0,,4.0,,4.4820640083
2005-08-29,5.2,7.8,0.0,25.0,19.58,16.1,70.5,,3.333333,,3.9824555386
2005-08-30,4.2,6.7,0.0,24.4,18.92,16.4,79.25,,2.0,,3.36446610406
2005-08-31,3.9,7.1,0.0,24.8,18.56,15.2,72.25,,3.333333,,3.77405152492
2005-09-01,5.4,9.8,0.0,24.6,18.9,14.9,66.75,51.0,3.0,,4.32787695581
2005-09-02,5.8,8.0,0.0,24.6,19.18,15.9,70.0,54.0,2.0,,3.82140270534
2005-09-03,5.4,9.6,0.0,24.4,18.82,14.9,72.5,51.0,4.0,,4.23233898988
2005-09-04,7.1,9.2,0.0,25.0,19.06,15.1,65.5,43.0,4.333333,,4.59409072805
2005-09-05,9.8,7.6,0.0,25.6,19.68,15.7,65.75,45.0,3.333333,,4.23252179362
2005-09-06,7.6,8.1,0.0,26.3,19.96,16.1,63.5,46.0,3.333333,,4.48289698702
2005-09-07,7.3,4.3,0.0,24.9,19.56,16.3,69.75,48.0,3.333333,,3.52589386166
2005-09-08,5.9,8.3,0.0,25.2,20.02,16.5,66.25,45.0,4.0,,4.497558539
2005-09-09,9.0,9.4,0.0,24.6,19.28,16.1,70.75,45.0,5.333333,,4.57174985634
2005-09-10,6.5,9.9,0.0,25.2,19.16,15.1,70.5,45.0,5.666667,,4.70346227855
2005-09-11,6.3,1.0,9.6,21.2,17.94,15.7,85.5,87.0,4.0,,2.20659107267
2005-09-12,1.0,7.0,2.0,24.4,19.06,15.9,84.0,61.0,4.333333,,3.4565623487
2005-09-13,2.8,5.5,0.0,23.8,18.58,15.7,80.75,60.0,3.0,,3.25604421237
2005-09-14,2.8,5.1,0.0,24.4,18.46,15.5,81.75,62.0,3.333333,,3.19802504704
2005-09-15,3.6,9.3,0.0,23.2,17.62,14.3,77.25,60.0,2.0,,3.91567382271
2005-09-16,2.4,8.4,0.0,24.5,18.08,13.1,78.75,55.0,4.333333,,3.84870945199
2005-09-17,4.2,8.7,0.6,28.3,19.96,15.3,71.5,49.0,3.0,,4.49510621389
2005-09-18,5.9,8.8,0.0,25.0,19.26,15.5,74.0,48.0,5.333333,,4.39169703872
2005-09-19,7.0,8.4,0.0,26.3,19.58,14.3,71.0,47.0,3.0,,4.27327843302
2005-09-20,7.6,9.6,0.0,29.3,21.7,16.7,61.75,38.0,2.0,,4.88222241421
2005-09-21,6.8,8.2,0.0,34.1,24.3,16.3,50.0,26.0,1.333333,,4.82406187785
2005-09-22,7.7,5.7,0.0,26.9,21.8,19.7,78.75,57.0,3.0,,3.78600593134
2005-09-23,4.2,2.3,0.0,24.4,19.9,17.7,84.25,73.0,2.0,,2.64345361412
2005-09-24,7.2,8.8,1.0,27.9,21.66,17.5,65.25,48.0,1.666667,,4.53823124728
2005-09-25,5.2,5.1,0.0,26.5,20.64,17.4,76.5,64.0,3.333333,,3.68989616306
2005-09-26,5.4,5.5,0.0,26.0,20.7,16.7,68.75,54.0,2.0,,3.74180910082
2005-09-27,6.7,8.8,0.0,28.9,21.56,17.9,62.0,40.0,2.666667,,5.0122535116
2005-09-28,10.2,8.6,0.0,26.7,21.2,17.7,65.75,44.0,5.666667,,5.25214334164
2005-09-29,11.8,9.6,0.0,27.1,20.56,16.7,62.25,41.0,4.666667,,5.42743868826
2005-09-30,9.9,7.6,0.0,27.3,21.36,16.9,64.0,45.0,2.0,,4.39360628824
2005-10-01,9.4,7.3,0.0,26.9,20.44,16.7,64.5,,3.0,,4.54689318479
2005-10-02,9.0,7.6,0.0,27.9,21.6,17.1,61.0,,3.333333,,4.92296846385
2005-10-03,8.1,8.1,0.1,27.8,20.52,16.2,70.5,,3.333333,,4.61381092004
2005-10-04,7.8,5.9,2.8,26.1,20.36,17.1,74.5,,3.333333,,3.94895489621
2005-10-05,6.2,6.3,0.0,26.5,20.7,16.7,65.25,,4.0,,4.54811699314
2005-10-06,7.0,9.7,0.0,27.9,21.4,16.5,62.75,,4.0,,5.40758071759
2005-10-07,8.7,6.4,0.0,30.4,21.38,17.1,68.75,,4.666667,,4.89030259494
2005-10-08,7.2,10.3,0.0,28.5,20.92,16.2,63.75,,4.0,,5.53443292784
2005-10-09,7.1,7.2,0.0,26.5,20.28,16.5,63.5,,3.333333,,4.65504898976
2005-10-10,5.8,9.6,0.0,27.1,20.84,15.5,67.5,,4.666667,,5.17245590213
2005-10-11,9.9,9.2,0.0,28.1,21.24,16.5,64.0,,3.0,,5.0936700775
2005-10-12,14.8,8.0,0.0,27.7,20.96,16.9,67.5,,4.0,,4.91387554871
2005-10-13,9.9,7.0,0.0,28.1,21.28,17.3,66.25,,3.666667,,4.76948059121
2005-10-14,11.6,9.8,0.0,28.7,22.32,17.3,57.5,,4.0,,5.83420552403
2005-10-15,11.9,10.1,0.0,29.1,21.92,17.3,60.0,,2.0,,5.25886527019
2005-10-16,12.6,11.1,0.0,27.8,20.86,14.7,63.5,,4.333333,,5.64646671761
2005-10-17,10.9,9.3,0.0,29.3,21.54,16.5,66.25,,4.333333,,5.44149510276
2005-10-18,9.6,8.0,0.0,31.4,22.48,16.9,54.25,,3.0,,5.54245361871
2005-10-19,6.7,7.9,0.0,28.5,22.14,17.7,69.75,,4.333333,,4.98633925739
2005-10-20,6.8,9.9,0.0,29.7,21.44,16.1,63.25,51.0,6.0,,6.06740343408
2005-10-21,9.5,10.1,0.0,29.9,21.44,15.6,63.25,,5.666667,,6.04300064871
2005-10-22,9.9,7.9,0.0,29.9,22.26,17.4,58.25,,2.666667,,5.16538542304
2005-10-23,7.6,9.4,0.0,31.4,22.12,15.9,50.0,,3.333333,,6.09874457133
2005-10-24,9.2,10.7,0.0,28.5,21.84,16.7,52.5,,3.666667,,6.09894369364
2005-10-25,16.9,10.9,0.0,27.9,20.84,14.9,55.25,,2.666667,,5.568457381
2005-10-26,12.2,10.7,0.0,29.9,21.92,15.1,49.5,,1.666667,,5.43769376982
2005-10-27,13.1,7.8,0.0,30.3,23.6,17.5,57.25,,2.0,,4.97282751274
2005-10-28,9.8,6.0,0.0,28.5,22.96,18.3,65.0,,2.0,,4.31329097519
2005-10-29,7.9,9.5,0.0,30.5,24.14,17.8,59.25,,2.0,,5.34216922215
2005-10-30,10.2,8.8,0.0,32.4,25.22,18.3,57.25,,3.333333,,5.92830573822
2005-10-31,10.2,7.2,0.0,31.9,23.34,19.1,64.5,,3.666667,,5.36768588853
2005-11-01,6.7,5.7,0.0,27.3,23.04,19.9,67.5,,4.0,,4.6459156208
2005-11-02,6.2,10.8,0.0,29.4,22.38,16.7,48.25,,2.666667,,5.98971458398
2005-11-03,8.3,8.8,0.0,30.5,22.14,15.8,63.75,,4.0,,5.53918854962
2005-11-04,8.3,10.0,0.0,29.5,22.34,17.7,59.0,,4.0,,5.98761107024
2005-11-05,10.4,11.1,0.0,29.0,22.1,16.1,53.25,,4.333333,,6.40958585421
2005-11-06,9.8,11.6,0.0,30.3,21.86,14.8,46.25,,3.333333,,6.51391679696
2005-11-07,9.0,11.0,0.0,28.5,21.3,14.5,62.25,,2.333333,,5.39045318489
2005-11-08,6.5,10.3,0.0,30.7,23.08,17.1,51.5,,2.0,,5.66710087369
2005-11-09,2.9,6.7,0.0,28.5,22.4,17.7,66.0,,1.833333,,4.40033795494
2005-11-10,11.4,8.9,0.0,28.3,22.92,18.5,63.75,,3.666667,,5.41378917149
2005-11-11,9.9,6.8,0.0,29.5,23.28,17.9,58.75,,3.666667,,5.2853341537
2005-11-12,9.2,6.4,0.0,29.7,23.92,17.9,59.25,,4.0,,5.30566969074
2005-11-13,6.6,0.0,0.5,24.8,20.02,18.3,96.75,,3.666667,,1.85948545073
2005-11-14,0.5,0.0,34.0,23.8,19.68,16.9,93.5,,2.333333,,1.99709169448
2005-11-15,1.5,1.2,2.6,26.3,20.52,16.7,90.75,,3.0,,2.41289313294
2005-11-16,3.4,4.4,1.8,26.8,21.18,17.4,72.0,,3.666667,,3.98110658683
2005-11-17,6.7,5.5,0.0,26.9,20.94,17.2,75.75,,1.666667,,3.79459908074
2005-11-18,6.4,7.0,0.0,28.6,21.22,17.1,68.25,,2.333333,,4.52511965825
2005-11-19,8.7,9.0,0.0,29.8,21.82,15.9,56.0,,2.0,,5.18823496579
2005-11-20,10.2,11.1,0.0,31.2,23.86,17.3,48.0,,1.666667,,5.7853056316
2005-11-21,10.9,10.6,0.0,32.3,24.36,18.1,50.75,,3.0,,6.41288236574
2005-11-22,11.9,8.8,0.0,29.3,23.08,17.3,60.25,,2.666667,,5.29068479574
2005-11-23,12.2,8.4,0.0,28.3,22.48,17.9,62.75,,3.0,,5.16481179056
2005-11-24,9.7,4.5,0.0,28.9,21.84,18.5,80.0,,4.0,,3.84496301518
2005-11-25,7.6,0.0,4.4,22.6,19.18,17.7,89.0,,2.333333,,2.12909940998
2005-11-26,1.6,1.4,1.2,25.4,20.34,17.1,83.75,,2.0,,2.64635094222
2005-11-27,3.6,0.4,34.8,23.6,19.62,17.9,93.0,,2.666667,,2.11373748283
2005-11-28,1.6,2.4,69.8,26.8,21.0,17.8,85.75,64.0,2.666667,,2.91961405898
2005-11-29,3.4,3.7,1.1,27.7,21.16,18.1,86.5,,4.333333,,3.262531206
2005-11-30,4.5,8.8,0.0,26.9,21.34,17.4,77.0,,4.0,,4.68787831491
2005-12-01,8.2,8.7,0.0,27.5,21.58,17.4,68.5,,2.333333,,4.82382841499
2005-12-02,3.4,9.6,0.0,28.7,22.56,18.3,67.0,,1.666667,,5.05131840663
2005-12-03,8.2,0.0,0.0,30.5,23.62,17.9,71.25,,2.333333,,2.98685745347
2005-12-04,4.9,4.2,29.0,25.6,20.9,18.7,88.5,,3.666667,,3.18762842831
2005-12-05,2.6,2.0,0.6,23.9,19.68,17.1,88.75,,3.0,,2.59207998113
2005-12-06,3.0,3.8,0.0,26.9,22.78,17.8,72.0,,2.0,,3.57691668281
2005-12-07,5.2,4.6,0.0,28.9,22.52,19.3,87.25,,2.0,,3.53121415028
2005-12-08,2.8,6.7,1.0,28.4,22.66,18.5,79.25,,2.333333,,4.20485699192
2005-12-09,4.2,4.8,7.8,25.6,21.14,18.3,83.75,,2.0,,3.4670678532
2005-12-10,3.9,8.4,0.1,26.2,20.86,16.9,71.0,,2.333333,,4.57777174985
2005-12-11,6.6,7.1,0.4,25.4,20.66,17.3,77.75,,2.666667,,4.11475585015
2005-12-12,5.4,6.6,0.0,26.7,21.14,17.7,75.5,,2.333333,,4.143124695
2005-12-13,6.3,4.1,0.0,25.6,21.06,18.1,77.75,,3.333333,,3.59125110243
2005-12-14,5.5,7.7,0.0,25.9,21.04,17.7,71.75,,3.333333,,4.56264125706
2005-12-15,5.8,1.9,0.0,26.5,21.48,18.1,78.0,,3.0,,3.12665089
2005-12-16,4.4,3.6,0.1,26.8,20.78,17.9,83.25,,3.333333,,3.31541488025
2005-12-17,4.4,8.8,0.0,28.2,21.74,17.7,72.5,,2.666667,,4.85890531293
2005-12-18,7.1,7.6,0.0,27.1,21.72,18.1,74.0,,4.333333,,4.67290472902
2005-12-19,4.7,10.7,0.0,27.8,21.74,17.7,70.5,,2.333333,,5.25294222004
2005-12-20,7.2,8.4,0.0,26.5,21.88,18.1,72.25,,4.666667,,4.90192352493
2005-12-21,7.0,10.7,0.0,26.9,21.48,17.5,68.75,,2.666667,,5.25878862067
2005-12-22,6.2,11.5,0.0,27.3,21.2,17.1,66.0,,3.666667,,5.67617072198
2005-12-23,5.3,10.3,0.0,27.5,21.52,16.7,67.0,,3.333333,,5.34413394781
2005-12-24,8.8,9.7,0.0,29.3,22.04,16.7,69.5,,4.333333,,5.44246972524
2005-12-25,8.0,9.1,0.0,27.5,22.08,17.5,68.0,,2.333333,,4.93340764633
2005-12-26,7.8,8.9,0.0,27.9,21.66,17.1,66.5,,2.333333,,4.93950610537
2005-12-27,7.9,6.1,0.0,26.3,21.4,17.3,66.0,62.0,2.666667,,4.33294777561
2005-12-28,7.8,4.4,0.0,26.0,21.06,17.1,68.25,,3.666667,,4.09160364472
2005-12-29,5.8,2.4,0.2,26.9,21.32,18.1,79.5,,4.333333,,3.33486529682
2005-12-30,6.1,1.4,2.5,26.9,20.34,17.5,80.25,,2.666667,,2.89522308456
2005-12-31,3.6,4.1,0.0,27.7,21.24,17.3,76.5,,3.333333,,3.74047339022
2006-01-01,6.0,8.4,0.0,29.7,22.08,17.9,70.25,52.0,3.666667,,5.14616070371
2006-01-02,9.1,11.8,0.0,29.7,22.24,17.5,60.75,40.0,2.666667,,5.97259760817
2006-01-03,9.2,8.8,0.0,28.7,21.94,17.6,60.75,41.0,2.0,,5.05133425311
2006-01-04,8.6,10.1,0.0,29.9,22.62,17.6,61.5,45.0,2.333333,,5.5190324427
2006-01-05,8.5,8.3,0.0,27.7,22.32,19.0,68.25,53.0,2.333333,,4.84986006518
2006-01-06,7.7,9.4,0.0,28.2,22.16,17.5,59.5,43.0,3.0,,5.46440800811
2006-01-07,9.1,9.8,0.0,28.4,22.32,17.9,67.5,42.0,3.666667,,5.44118787805
2006-01-08,7.5,10.9,0.0,28.3,21.58,16.3,64.75,44.0,4.0,,5.73453333939
2006-01-09,6.0,5.8,0.0,27.6,21.98,18.0,70.0,47.0,4.333333,,4.56626589509
2006-01-10,6.2,9.5,0.0,29.0,22.26,17.5,66.25,38.0,4.0,,5.53100934839
2006-01-11,7.2,8.7,0.3,27.8,21.42,17.7,66.5,47.0,4.333333,,5.31526412239
2006-01-12,7.9,8.1,0.1,26.9,21.0,16.9,69.25,47.0,3.666667,,4.84240554644
2006-01-13,6.2,10.6,0.0,27.9,21.98,17.3,62.5,47.0,4.0,,5.79582518813
2006-01-14,7.7,7.4,0.0,26.7,21.46,18.0,67.25,56.0,4.0,,4.88820152227
2006-01-15,6.1,10.8,0.4,27.4,20.96,16.7,65.5,39.0,4.333333,,5.67193465463
2006-01-16,7.3,7.6,0.0,26.8,21.34,17.3,65.0,46.0,3.666667,,4.93590008683
2006-01-17,6.0,9.6,0.2,28.6,21.92,17.5,62.5,44.0,3.666667,,5.61137727071
2006-01-18,6.9,9.5,0.0,28.7,22.34,17.2,58.0,42.0,3.333333,,5.67390312891
2006-01-19,6.1,9.8,0.0,28.6,21.58,17.7,68.0,44.0,4.666667,,5.59234498903
2006-01-20,5.7,8.9,0.0,27.5,21.4,16.9,65.25,45.0,5.0,,5.46169183974
2006-01-21,6.8,9.6,0.0,29.0,21.94,16.1,60.0,44.0,5.0,,6.00370151219
2006-01-22,7.7,10.7,0.0,29.3,22.86,17.2,57.75,38.0,4.0,,6.17399176882
2006-01-23,7.3,7.5,0.0,30.0,22.86,17.7,58.5,40.0,3.333333,,5.39764526591
2006-01-24,8.5,7.2,0.0,28.5,22.6,17.3,64.75,51.0,3.333333,,4.93876511753
2006-01-25,7.5,9.0,0.0,29.3,22.98,18.7,63.0,47.0,3.666667,,5.60397662549
2006-01-26,8.7,10.8,0.0,31.7,23.86,17.3,54.75,35.0,2.666667,,6.13135289146
2006-01-27,12.3,10.3,0.0,29.5,23.76,18.9,60.5,47.0,2.0,,5.53250852279
2006-01-28,8.5,10.1,0.0,30.9,23.42,17.5,54.5,39.0,2.666667,,5.91765346471
2006-01-29,9.0,10.2,0.0,29.7,22.74,16.6,52.75,39.0,2.666667,,5.82804688967
2006-01-30,8.7,8.2,0.0,30.5,22.8,17.1,56.0,39.0,2.666667,,5.41473973987
2006-01-31,8.9,8.5,0.0,29.8,23.6,19.3,59.25,45.0,2.666667,,5.42023550641
2006-02-01,8.7,10.6,0.0,31.1,23.92,19.1,60.75,,2.333333,,5.84779340353
2006-02-02,11.7,8.0,0.0,29.5,22.52,16.9,60.25,,3.333333,,5.34751001616
2006-02-03,11.8,8.9,0.0,29.3,22.64,18.7,63.0,,3.666667,,5.58074277417
2006-02-04,9.9,6.5,0.0,28.7,22.28,17.5,64.5,,5.0,,5.20539419768
2006-02-05,8.0,8.1,0.1,28.9,22.64,17.7,63.25,,3.333333,,5.2326402404
2006-02-06,9.0,9.0,0.0,28.9,23.12,18.1,60.0,,3.333333,,5.56120686195
2006-02-07,8.1,5.8,0.0,30.7,22.04,18.9,81.25,,2.0,,4.08186733577
2006-02-08,4.8,9.1,20.7,29.9,22.8,18.5,68.25,,2.333333,,5.18140154296
2006-02-09,6.4,9.1,0.0,31.4,24.18,18.7,62.0,,2.0,,5.36255929317
2006-02-10,9.2,9.9,0.0,31.6,24.54,18.5,60.5,,2.0,,5.58493476631
2006-02-11,7.9,9.4,0.0,31.2,23.38,18.7,76.5,,2.666667,,5.18668290855
2006-02-12,5.8,7.0,3.4,29.3,23.18,17.8,69.5,,2.666667,,4.64992889761
2006-02-13,6.8,8.2,0.0,29.5,23.76,18.7,63.75,,3.0,,5.23751817602
2006-02-14,6.3,10.3,0.0,30.7,24.44,18.9,63.75,,3.333333,,5.89741599785
2006-02-15,6.2,6.0,0.8,27.3,22.28,19.7,90.5,68.0,2.0,,3.73395014212
2006-02-16,3.0,9.3,6.8,29.1,23.0,18.3,66.75,,2.0,,5.09589053232
2006-02-17,5.4,8.8,0.0,29.3,23.0,17.9,60.75,,2.0,,5.09485832901
2006-02-18,8.7,10.5,0.0,30.5,23.88,18.1,60.25,,2.666667,,5.79879646562
2006-02-19,8.6,8.2,0.0,30.7,24.08,19.9,75.25,,1.666667,,4.79545400773
2006-02-20,9.6,8.9,0.0,29.7,23.64,19.9,65.0,,2.0,,5.14567634973
2006-02-21,9.9,10.7,0.0,30.5,23.32,17.1,56.75,,2.333333,,5.75811347627
2006-02-22,9.4,6.0,0.0,31.1,24.96,18.3,65.0,,2.333333,,4.59521268036
2006-02-23,7.3,3.2,0.0,30.3,23.76,20.9,88.75,,3.333333,,3.23124742336
2006-02-24,3.6,0.0,1.7,26.7,22.16,19.5,78.75,,3.666667,,2.79335159832
2006-02-25,4.2,8.7,0.3,32.0,24.98,18.9,59.75,,2.333333,,5.43825116028
2006-02-26,8.0,7.3,0.0,32.7,24.72,19.3,58.5,,2.333333,,5.21799701225
2006-02-27,7.7,10.9,0.0,32.6,25.54,19.5,63.0,,1.666667,,5.73563802332
2006-02-28,9.4,10.8,0.0,31.1,24.04,19.3,53.75,,2.333333,,5.96603285454
2006-03-01,10.2,10.6,0.0,30.5,23.6,17.3,51.25,38.0,1.666667,,5.51419502081
2006-03-02,8.9,11.3,0.0,32.1,24.56,19.1,48.0,34.0,2.0,,6.08718114441
2006-03-03,8.4,10.8,0.0,31.8,23.98,18.1,52.75,35.0,2.0,,5.82515681356
2006-03-04,10.8,9.3,0.0,32.6,24.5,20.7,59.5,36.0,2.0,,5.54166415502
2006-03-05,9.3,6.1,0.0,32.8,24.46,20.1,61.25,40.0,2.0,,4.72571770365
2006-03-06,6.2,8.6,3.2,32.0,24.6,19.6,72.0,49.0,3.0,,5.19682934535
2006-03-07,6.6,1.8,12.3,28.7,23.14,20.5,87.75,81.0,2.0,,2.76168071605
2006-03-08,2.3,0.7,39.3,25.0,21.42,19.3,89.75,75.0,2.0,,2.28990400152
2006-03-09,1.7,3.3,15.9,26.9,21.92,18.4,84.0,64.0,2.0,,3.08325931479
2006-03-10,2.5,1.8,0.4,26.9,21.82,19.6,85.5,68.0,2.333333,,2.74228243478
2006-03-11,2.4,4.2,13.7,26.8,22.12,19.5,84.0,64.0,2.666667,,3.34453724873
2006-03-12,2.9,3.0,0.9,28.2,22.94,18.7,79.0,52.0,2.666667,,3.28235544492
2006-03-13,2.5,3.7,30.9,26.1,21.84,19.3,85.75,73.0,3.0,,3.12950051962
2006-03-14,2.6,7.7,4.7,26.3,21.52,18.1,81.0,68.0,2.333333,,4.08726585312
2006-03-15,5.0,3.5,0.0,25.9,21.96,18.9,79.25,67.0,3.333333,,3.32970642074
2006-03-16,4.1,6.5,0.0,27.1,22.2,18.9,74.5,59.0,2.666667,,4.11366912722
2006-03-17,5.4,6.8,0.0,27.9,22.52,18.7,71.0,55.0,3.333333,,4.44145803593
2006-03-18,5.8,5.0,6.8,27.5,22.0,19.3,76.0,58.0,2.333333,,3.71983982271
2006-03-19,4.8,8.0,1.9,26.9,21.6,18.1,72.25,49.0,3.666667,,4.55759204165
2006-03-20,5.5,9.5,7.9,27.2,21.56,18.2,75.0,53.0,4.333333,,4.81457695921
2006-03-21,5.8,9.1,0.0,27.7,22.04,18.7,78.25,56.0,3.666667,,4.60236210564
2006-03-22,6.7,6.1,0.4,27.0,21.62,18.7,74.5,46.0,3.333333,,4.0548473564
2006-03-23,6.1,3.0,0.1,27.2,21.42,17.5,80.0,52.0,3.0,,3.12610939524
2006-03-24,3.7,4.4,1.4,26.2,21.74,19.0,84.75,63.0,3.666667,,3.25345095171
2006-03-25,3.8,6.8,0.2,27.0,22.4,19.4,80.25,58.0,2.333333,,3.9076078479
2006-03-26,3.0,6.3,0.0,29.8,23.34,19.5,75.5,55.0,2.666667,,4.14474443439
2006-03-27,3.6,4.8,0.0,28.9,23.32,20.3,84.5,74.0,2.333333,,3.45924664985
2006-03-28,2.6,5.4,2.1,29.1,23.04,19.9,87.25,64.0,2.666667,,3.50529619925
2006-03-29,2.2,3.4,20.9,26.3,21.44,19.3,89.0,73.0,2.666667,,2.8363793245
2006-03-30,2.0,5.5,13.2,28.9,22.24,19.5,92.5,83.0,3.0,,3.28306709343
2006-03-31,2.3,6.3,19.8,26.9,22.12,19.3,87.0,65.0,2.666667,,3.53694376246
2006-04-01,4.0,8.7,31.0,24.7,21.08,18.1,90.25,,4.0,,3.63587846188
2006-04-02,2.2,4.8,22.0,24.8,21.18,19.3,82.5,,2.333333,,3.22032067054
2006-04-03,7.4,7.2,2.2,26.8,21.46,18.3,86.75,,3.666667,,3.63494643771
2006-04-04,3.5,1.4,0.2,23.3,20.5,18.3,94.25,,3.333333,,2.03270389431
2006-04-05,1.6,3.9,9.6,25.6,21.0,17.7,84.5,,3.0,,2.96048483341
2006-04-06,3.7,5.7,0.6,26.9,21.3,18.4,87.5,,3.333333,,3.28720981484
2006-04-07,2.8,4.0,0.0,25.7,21.14,18.3,88.75,,3.333333,,2.82738513534
2006-04-08,2.7,6.8,1.8,27.0,22.06,18.9,81.75,,3.0,,3.72115571533
2006-04-09,4.2,4.9,0.0,27.8,22.42,18.8,88.0,,2.333333,,3.13605107557
2006-04-10,2.6,4.2,13.1,26.1,21.2,19.1,90.75,,2.666667,,2.82078656053
2006-04-11,2.4,4.0,29.6,26.9,22.52,18.5,89.0,,2.666667,,2.84307245765
2006-04-12,1.8,3.1,10.6,24.6,21.9,19.1,83.75,,2.0,,2.70948919051
2006-04-13,1.0,4.1,22.2,26.5,22.44,19.9,88.5,,2.666667,,2.89029641797
2006-04-14,1.6,6.4,0.0,26.3,22.28,20.1,82.5,,2.666667,,3.53701396547
2006-04-15,2.8,9.2,0.0,25.9,22.0,18.9,75.25,,5.0,,4.423763922
2006-04-16,4.7,7.8,0.0,26.1,21.32,18.5,80.75,,2.666667,,3.75355417502
2006-04-17,4.8,8.4,0.0,27.2,21.98,18.9,77.25,,2.666667,,4.04669200639
2006-04-18,4.6,2.2,0.0,25.8,21.72,19.5,89.5,,2.666667,,2.38690150551
2006-04-19,1.8,0.9,23.3,23.1,20.2,18.7,92.25,,2.666667,,1.93364002342
2006-04-20,1.4,4.2,1.9,24.7,20.66,18.0,89.5,,3.0,,2.6602610239
2006-04-21,2.4,4.0,25.1,25.0,20.5,18.1,88.5,,3.333333,,2.667428849
2006-04-22,2.1,4.8,0.0,25.3,21.24,18.8,87.75,,3.333333,,2.86998572209
2006-04-23,2.3,5.7,1.6,26.2,21.36,19.4,90.75,,3.666667,,2.95976971554
2006-04-24,2.8,2.7,1.9,23.7,20.48,18.5,92.25,,3.0,,2.22892100746
2006-04-25,1.8,2.5,5.1,23.3,19.84,18.3,94.5,,4.0,,2.03511459397
2006-04-26,1.8,1.2,2.2,22.7,19.28,16.7,89.25,,4.333333,,2.00836386637
2006-04-27,2.2,10.2,0.0,25.9,20.6,16.9,79.25,,2.0,,3.9421428562
2006-04-28,4.0,3.4,0.0,24.7,20.28,17.9,85.25,,3.333333,,2.61091975824
2006-04-29,3.4,8.6,0.0,25.9,21.38,18.7,82.25,62.0,4.666667,,3.74450495429
2006-04-30,4.4,4.2,0.8,23.7,20.16,17.7,87.5,,5.0,,2.60475402021
2006-05-01,2.1,3.0,1.5,23.4,20.18,17.5,89.25,82.0,3.666667,,2.29515522554
2006-05-02,1.9,4.8,1.9,24.3,20.24,18.2,91.25,79.0,3.0,,2.57331940371
2006-05-03,2.4,6.0,0.7,25.5,21.24,19.1,90.75,72.0,3.666667,,2.85630666221
2006-05-04,3.1,8.1,0.0,25.9,21.58,19.7,81.75,63.0,2.333333,,3.55536391654
2006-05-05,4.3,7.6,0.0,27.8,21.94,18.1,76.75,50.0,1.666667,,3.52937696692
2006-05-06,4.2,3.9,0.0,24.5,20.2,18.8,90.75,80.0,4.0,,2.41332405403
2006-05-07,2.2,0.5,1.2,21.3,19.32,18.2,92.75,86.0,3.666667,,1.66518685997
2006-05-08,0.9,2.6,1.0,22.5,19.04,16.5,89.75,80.0,3.666667,,2.09700738609
2006-05-09,2.1,7.2,0.0,23.3,19.88,17.3,80.25,71.0,2.666667,,3.15757259274
2006-05-10,4.2,6.4,0.0,23.9,19.88,17.7,81.75,65.0,2.0,,2.97914911695
2006-05-11,3.6,9.0,0.0,25.3,20.32,16.7,78.5,63.0,2.666667,,3.55511437732
2006-05-12,3.6,6.1,0.0,27.7,21.12,17.1,79.25,53.0,2.666667,,3.21311558658
2006-05-13,3.4,1.3,0.0,23.5,20.4,18.1,82.5,63.0,3.0,,2.20476414711
2006-05-14,3.2,2.1,0.0,22.9,19.72,17.7,85.5,74.0,5.0,,2.28265634832
2006-05-15,2.3,0.3,1.6,20.9,18.94,17.7,92.75,84.0,4.0,,1.57232644369
2006-05-16,0.8,1.1,1.2,21.0,18.06,16.5,92.75,84.0,3.333333,,1.66330603232
2006-05-17,1.4,1.8,0.2,21.3,17.88,16.3,85.25,74.0,2.666667,,2.01567661039
2006-05-18,3.1,9.4,0.0,23.4,17.86,13.8,78.5,59.0,3.333333,,3.33090420287
2006-05-19,5.1,4.0,0.2,21.5,17.34,15.5,84.5,67.0,2.666667,,2.32175052107
2006-05-20,3.4,6.8,0.3,24.0,18.96,15.3,74.25,54.0,2.666667,,3.12118570883
2006-05-21,4.1,5.9,0.0,23.6,18.74,16.5,82.25,63.0,2.666667,,2.76976684379
2006-05-22,3.1,7.8,0.0,23.3,18.88,16.1,76.25,60.0,2.666667,,3.17540936139
2006-05-23,4.9,9.8,0.0,26.1,20.0,14.1,68.0,46.0,2.666667,,3.76954128379
2006-05-24,5.8,7.8,0.4,26.4,20.46,15.3,74.75,58.0,3.666667,,3.49923521103
2006-05-25,4.2,1.2,0.2,22.1,19.24,17.3,83.5,71.0,3.0,,2.02466808999
2006-05-26,3.0,4.5,0.0,22.7,19.16,16.7,83.75,72.0,4.333333,,2.5450332428
2006-05-27,3.0,1.2,0.3,22.3,19.0,16.5,87.5,78.0,4.333333,,1.91162930645
2006-05-28,1.3,0.2,1.4,21.1,18.8,17.1,92.25,87.0,4.0,,1.52267180521
2006-05-29,1.1,4.4,3.3,23.5,19.64,18.0,90.5,73.0,4.0,,2.26961375175
2006-05-30,2.5,9.5,0.9,22.9,17.52,14.9,82.25,56.0,4.0,,3.14097015192
2006-05-31,5.2,6.8,0.0,21.6,17.84,15.3,78.25,67.0,3.333333,,2.85664058776
2006-06-01,3.2,10.4,0.0,25.2,17.92,12.9,64.0,31.0,3.666667,,3.99263798108
2006-06-02,7.4,9.8,0.0,22.8,17.32,13.7,64.5,46.0,4.333333,,3.86982612841
2006-06-03,6.4,0.8,0.0,19.4,16.44,13.6,94.5,77.0,4.333333,,1.35921215477
2006-06-04,0.5,2.1,2.0,19.5,15.92,14.3,93.5,88.0,3.666667,,1.58629624422
2006-06-05,1.0,2.2,0.4,20.3,17.04,14.5,88.0,73.0,3.333333,,1.83762027973
2006-06-06,2.0,5.2,0.0,22.5,17.92,15.1,81.25,64.0,3.0,,2.53331915103
2006-06-07,2.2,7.5,0.0,24.1,18.92,15.7,79.0,57.0,4.333333,,3.11949819456
2006-06-08,3.8,5.4,0.0,20.9,17.56,14.9,82.25,67.0,3.333333,,2.45887194082
2006-06-09,2.4,2.7,0.0,20.9,17.12,15.3,84.5,69.0,2.666667,,2.02045486266
2006-06-10,1.4,4.7,0.6,20.7,17.76,15.5,82.5,77.0,3.333333,,2.37144332316
2006-06-11,1.6,7.4,0.3,23.1,18.72,13.3,77.25,63.0,3.333333,,2.92123521832
2006-06-12,2.8,4.6,1.0,22.3,19.04,16.7,90.75,81.0,3.666667,,2.1459839081
2006-06-13,1.6,0.0,1.4,19.5,16.9,15.5,96.25,95.0,3.666667,,1.22721269961
2006-06-14,0.7,0.2,1.3,19.0,17.0,15.5,93.5,88.0,4.333333,,1.34672923822
2006-06-15,1.3,0.8,0.1,19.3,17.02,14.8,91.0,80.0,4.0,,1.52038420212
2006-06-16,1.0,4.0,0.5,22.7,18.64,16.3,85.75,69.0,3.666667,,2.27238985207
2006-06-17,2.0,6.9,0.0,23.5,19.06,16.3,83.5,58.0,4.0,,2.78298727758
2006-06-18,3.0,5.3,0.0,20.8,17.26,14.8,77.75,71.0,4.333333,,2.67423908115
2006-06-19,2.5,4.6,0.0,21.3,17.36,14.7,86.75,71.0,3.333333,,2.18790265125
2006-06-20,2.8,4.2,2.2,20.9,16.4,14.5,87.25,65.0,3.333333,,2.09916016167
2006-06-21,2.4,3.9,0.4,21.3,17.8,14.9,82.5,66.0,5.0,,2.37025698931
2006-06-22,1.8,1.9,1.4,21.1,17.24,15.7,93.75,90.0,5.0,,1.57123787199
2006-06-23,1.6,8.6,0.8,22.1,17.28,12.9,78.5,58.0,4.0,,2.97136123464
2006-06-24,2.8,0.7,2.1,19.7,17.32,15.5,92.5,83.0,4.666667,,1.46162579364
2006-06-25,1.8,5.8,5.0,21.5,17.88,14.9,84.0,70.0,3.0,,2.43372218315
2006-06-26,1.2,5.5,0.5,23.6,18.38,15.9,80.75,55.0,2.0,,2.53921795102
2006-06-27,2.1,7.1,0.0,24.9,19.0,15.5,80.25,58.0,2.666667,,2.88620644962
2006-06-28,2.1,7.9,0.0,24.2,18.9,16.3,83.25,59.0,3.333333,,2.93210980839
2006-06-29,2.9,1.9,0.3,21.3,17.78,16.3,93.5,90.0,4.666667,,1.61478948907
2006-06-30,1.7,0.6,3.0,18.7,16.44,14.7,96.0,96.0,3.666667,,1.27800707167
2006-07-01,0.7,4.1,0.6,20.8,16.56,13.7,89.5,,4.0,,1.98421386564
2006-07-02,1.8,2.1,0.1,19.9,16.5,13.7,85.0,,3.666667,,1.90431000726
2006-07-03,1.6,2.1,0.0,20.7,17.0,14.7,92.25,,3.666667,,1.66305414187
2006-07-04,1.4,2.5,1.4,20.5,16.68,14.5,85.25,,4.0,,2.00139294652
2006-07-05,1.8,7.1,0.0,22.1,17.08,13.9,80.5,,2.666667,,2.69847909062
2006-07-06,2.8,0.8,0.0,20.6,17.5,15.5,83.75,,4.333333,,1.92992202253
2006-07-07,1.0,1.1,3.2,20.7,16.56,14.9,87.75,,3.666667,,1.74133773601
2006-07-08,1.6,10.6,0.2,22.1,16.8,13.3,80.0,,3.0,,3.15167167209
2006-07-09,2.8,9.5,0.0,23.1,17.24,12.9,79.0,,2.0,,3.02902087622
2006-07-10,3.6,7.8,0.0,22.5,17.04,14.8,72.25,,3.666667,,3.24279961433
2006-07-11,3.9,3.2,0.1,21.2,17.34,14.5,92.0,,3.666667,,1.84087668696
2006-07-12,1.5,9.4,1.2,22.5,17.42,14.0,78.25,,5.0,,3.2655576019
2006-07-13,3.5,6.6,0.9,22.3,17.24,15.1,81.25,,5.666667,,2.87470526891
2006-07-14,3.4,3.7,0.0,20.4,16.48,14.1,86.25,,4.333333,,2.12054881811
2006-07-15,2.0,4.2,0.0,21.3,17.12,13.9,87.5,,3.666667,,2.14884818839
2006-07-16,1.6,1.4,0.0,19.9,16.76,14.9,91.5,,4.0,,1.62536169229
2006-07-17,1.0,2.4,1.0,19.7,16.12,13.9,87.0,,4.333333,,1.91818702286
2006-07-18,1.8,6.9,0.0,20.5,15.68,12.7,82.25,,2.666667,,2.57426260507
2006-07-19,2.6,9.0,0.0,23.1,17.04,12.9,71.5,,2.666667,,3.28853471468
2006-07-20,3.2,8.2,0.0,24.7,17.32,13.1,78.0,53.0,2.0,,3.05365215697
2006-07-21,3.0,9.7,0.0,23.5,17.36,14.3,69.0,,2.666667,,3.54361512242
2006-07-22,4.9,9.3,0.0,21.9,15.32,10.1,69.5,,4.333333,,3.44856965032
2006-07-23,4.6,1.9,0.0,20.1,16.6,11.9,88.75,,3.666667,,1.76149508034
2006-07-24,1.7,6.0,4.7,23.0,17.28,15.2,83.75,,3.333333,,2.69140016318
2006-07-25,2.7,9.6,0.2,22.7,17.1,11.7,79.5,,3.666667,,3.18041407994
2006-07-26,2.8,2.1,0.0,21.8,17.36,14.7,89.0,,3.333333,,1.91203469292
2006-07-27,1.7,4.2,0.5,24.3,18.08,15.9,86.25,,3.333333,,2.44932836421
2006-07-28,2.3,7.7,0.0,24.2,18.14,15.1,78.5,,2.333333,,3.12431910611
2006-07-29,3.2,10.0,0.0,26.9,19.78,15.0,68.25,,2.333333,,3.89027636236
2006-07-30,3.9,10.3,0.0,28.5,20.9,15.0,64.0,,2.666667,,4.26222196522
2006-07-31,5.2,10.1,0.0,24.9,19.2,16.3,68.75,,2.333333,,3.8332555282
2006-08-01,5.0,8.9,0.0,24.9,19.4,16.3,79.75,63.0,5.0,,3.57370721284
2006-08-02,3.0,7.2,0.2,23.5,18.6,16.1,79.75,57.0,4.0,,3.19171253749
2006-08-03,3.4,6.8,0.0,23.5,18.4,15.9,75.5,52.0,4.0,,3.32198764861
2006-08-04,3.3,5.4,0.8,22.5,17.6,15.7,83.25,72.0,4.333333,,2.75253414719
2006-08-05,3.6,1.4,0.0,20.9,17.16,15.1,87.0,77.0,4.333333,,1.96322893722
2006-08-06,1.8,7.9,0.7,22.3,16.8,14.9,81.75,53.0,4.0,,3.11830580357
2006-08-07,5.2,2.6,0.0,19.9,16.76,13.3,80.5,74.0,4.0,,2.31134688256
2006-08-08,2.4,1.0,0.7,20.0,17.0,14.6,92.25,78.0,4.333333,,1.6381835199
2006-08-09,0.6,6.2,4.8,23.4,18.1,15.7,81.75,60.0,4.333333,,3.02646747182
2006-08-10,3.6,10.0,0.0,23.7,18.12,15.2,76.25,50.0,4.333333,,3.81052423536
2006-08-11,4.8,9.9,0.0,22.3,17.7,13.4,76.75,58.0,6.0,,3.67316591284
2006-08-12,4.1,6.1,0.0,23.4,17.76,14.7,83.5,57.0,4.0,,2.90953001231
2006-08-13,3.4,8.3,0.2,23.7,17.78,15.2,71.0,49.0,4.0,,3.80624910637
2006-08-14,4.4,4.8,0.0,21.6,17.42,13.7,91.0,77.0,3.666667,,2.30541993781
2006-08-15,2.6,1.3,3.8,20.6,17.22,14.7,92.75,81.0,4.333333,,1.71389294988
2006-08-16,2.6,5.0,2.6,23.5,18.56,15.7,87.5,64.0,3.666667,,2.65011828385
2006-08-17,2.4,9.9,1.1,23.7,18.04,14.3,71.25,50.0,3.333333,,3.94392701142
2006-08-18,4.2,9.9,0.0,23.9,17.44,13.7,67.75,45.0,3.333333,,4.0629610818
2006-08-19,4.7,10.2,0.0,24.7,18.96,14.1,60.75,43.0,2.0,,4.09162929458
2006-08-20,5.2,9.5,0.0,26.5,20.0,15.9,66.75,40.0,1.666667,,4.00568323987
2006-08-21,4.2,9.0,0.0,30.9,21.68,13.5,52.75,26.0,2.333333,,4.69886758584
2006-08-22,7.6,9.2,0.0,24.8,19.2,16.2,75.5,50.0,4.666667,,4.04308320345
2006-08-23,5.2,4.8,0.2,21.9,18.26,15.9,91.0,80.0,4.333333,,2.44875134519
2006-08-24,1.1,4.2,0.9,22.5,17.42,14.5,78.0,57.0,4.666667,,2.98436071264
2006-08-25,3.6,10.0,0.1,24.7,18.12,14.3,70.25,43.0,5.333333,,4.4176785827
2006-08-26,6.0,9.0,1.0,22.7,17.94,15.0,82.25,65.0,4.666667,,3.51872374818
2006-08-27,4.0,10.2,0.0,25.6,18.72,14.4,58.5,37.0,3.333333,,4.72097662807
2006-08-28,5.4,10.1,0.0,25.9,19.56,14.9,59.75,43.0,2.666667,,4.54749500924
2006-08-29,5.5,10.1,0.0,26.9,19.96,15.3,55.25,35.0,2.0,,4.53822403735
2006-08-30,5.6,9.4,0.0,27.3,20.2,15.9,74.75,58.0,4.666667,,4.4064952061
2006-08-31,5.0,1.1,1.6,23.3,17.88,15.5,81.75,67.0,5.0,,2.48600357341
2006-09-01,2.6,10.3,0.0,24.4,17.66,14.1,63.0,43.0,3.333333,,4.5334071844
2006-09-02,5.0,10.8,0.0,27.6,18.78,10.9,58.5,38.0,2.666667,,4.74721838936
2006-09-03,5.5,10.7,0.0,28.1,19.76,13.1,67.25,38.0,1.666667,,4.43244368155
2006-09-04,6.0,10.6,0.0,29.5,22.36,14.9,53.25,32.0,1.666667,,4.79795802795
2006-09-05,7.2,8.5,0.0,28.8,21.36,17.2,64.75,36.0,3.333333,,4.75057630299
2006-09-06,6.6,7.4,0.0,24.0,19.46,17.1,80.5,65.0,5.0,,3.68490706879
2006-09-07,2.0,4.5,1.5,22.4,17.9,16.3,93.5,89.0,4.333333,,2.44648119378
2006-09-08,1.2,5.2,2.4,21.8,17.18,15.3,84.25,65.0,4.666667,,2.93866100233
2006-09-09,2.8,10.0,0.0,24.4,17.36,11.9,70.75,46.0,2.666667,,4.14457423782
2006-09-10,4.3,3.6,0.0,23.3,18.4,14.6,83.0,62.0,4.0,,2.79377414043
2006-09-11,3.2,6.5,0.0,23.1,18.28,15.1,66.25,57.0,3.0,,3.82674199567
2006-09-12,4.2,5.8,0.2,21.9,17.64,14.5,90.25,71.0,4.333333,,2.76050469077
2006-09-13,2.6,8.9,0.6,25.1,18.6,14.5,72.5,43.0,3.666667,,4.23869598676
2006-09-14,4.9,8.8,0.0,24.1,18.72,15.3,62.5,45.0,4.0,,4.64610861954
2006-09-15,5.0,10.7,0.0,25.1,19.08,14.3,68.25,40.0,4.0,,4.75817837038
2006-09-16,5.6,8.4,0.0,26.5,20.24,16.3,61.5,41.0,2.333333,,4.47728349384
2006-09-17,5.4,8.1,0.6,26.1,20.2,16.1,69.75,45.0,2.666667,,4.25031419576
2006-09-18,4.9,6.1,0.0,26.5,20.62,17.3,71.25,49.0,2.333333,,3.85103079322
2006-09-19,4.3,8.8,0.0,27.7,21.7,17.8,64.5,46.0,2.666667,,4.7560011647
2006-09-20,5.3,4.4,0.0,26.0,20.3,17.3,74.0,51.0,3.0,,3.53384786451
2006-09-21,4.5,5.7,0.0,26.9,20.88,17.2,69.5,51.0,2.666667,,3.93790681749
2006-09-22,3.7,6.5,0.0,26.0,20.44,17.5,75.0,53.0,2.0,,3.80185748654
2006-09-23,3.5,8.8,0.0,28.3,21.8,17.6,59.0,39.0,2.666667,,4.99482100213
2006-09-24,6.4,9.7,0.0,29.3,22.24,16.7,59.5,44.0,2.333333,,5.10299793875
2006-09-25,6.1,8.2,0.0,27.7,21.96,17.7,64.25,43.0,3.333333,,4.86710177524
2006-09-26,5.8,8.1,0.0,27.1,21.0,16.9,63.25,40.0,5.666667,,5.30098681901
2006-09-27,6.6,0.3,0.6,20.7,17.4,16.1,95.0,71.0,5.0,,1.68160514024
2006-09-28,0.7,0.2,1.5,21.7,17.88,14.1,80.5,68.0,4.666667,,2.40857332271
2006-09-29,3.0,6.0,0.3,25.5,19.76,15.5,80.0,55.0,4.0,,3.64847331903
2006-09-30,4.2,4.4,0.2,25.3,20.36,17.1,75.75,57.0,4.333333,,3.64845321235
2006-10-01,4.8,6.7,0.0,25.3,20.4,16.9,69.5,,5.0,,4.46149404656
2006-10-02,4.6,8.4,1.5,26.7,20.54,16.6,68.25,,3.333333,,4.67858190939
2006-10-03,4.4,6.5,0.0,28.3,21.58,17.4,66.0,,3.666667,,4.64529506116
2006-10-04,6.6,8.0,0.0,27.2,21.66,17.2,69.0,,4.333333,,4.82049420199
2006-10-05,6.2,6.3,0.0,26.2,21.26,17.4,72.5,,4.333333,,4.26641489391
2006-10-06,5.0,4.4,2.6,25.5,20.44,17.7,79.0,,4.333333,,3.55373929207
2006-10-07,4.1,10.7,0.5,27.7,20.64,15.9,62.25,,2.666667,,5.27076690426
2006-10-08,6.2,8.9,0.0,30.5,21.96,16.1,69.5,,3.666667,,5.13955656036
2006-10-09,4.7,6.9,0.2,26.6,20.5,16.7,79.0,,3.666667,,4.03757823931
2006-10-10,4.2,2.7,3.6,23.1,19.32,16.9,86.5,,4.333333,,2.71665322716
2006-10-11,3.4,8.1,0.2,27.3,20.6,16.5,67.0,,4.333333,,4.9521874659
2006-10-12,5.0,8.2,0.0,27.7,21.16,17.1,68.75,62.0,2.0,,4.54402520021
2006-10-13,5.6,7.0,0.0,29.7,23.28,18.1,60.5,,2.666667,,4.87862075155
2006-10-14,6.1,5.7,0.0,27.9,21.72,17.9,70.25,,3.666667,,4.35107155428
2006-10-15,4.2,3.1,0.5,25.5,20.72,18.1,79.0,,2.666667,,3.19396912099
2006-10-16,3.2,4.0,0.5,26.1,20.6,17.9,76.0,,2.333333,,3.46579585532
2006-10-17,3.7,8.1,0.0,26.8,21.18,18.2,71.75,,3.0,,4.62352765557
2006-10-18,5.0,7.2,0.0,27.1,20.82,17.9,68.75,,3.0,,4.55174479121
2006-10-19,4.4,4.9,0.0,27.4,21.36,17.4,70.75,,3.333333,,4.07005319966
2006-10-20,4.1,6.9,0.0,32.6,24.74,16.7,55.5,,2.666667,,5.24108182702
2006-10-21,6.4,1.6,0.0,26.4,21.58,19.8,81.5,,4.0,,3.02027310318
2006-10-22,2.3,0.0,0.3,20.4,17.1,15.9,97.0,,3.666667,,1.66016041355
2006-10-23,0.3,0.0,2.5,20.3,17.88,16.1,93.0,,4.0,,1.8244617016
2006-10-24,0.6,2.0,1.4,22.2,17.9,14.9,91.75,,5.0,,2.24145562124
2006-10-25,1.0,2.6,3.8,24.1,19.32,16.9,88.5,,4.0,,2.68685898022
2006-10-26,1.4,3.9,3.1,23.3,19.36,16.1,89.75,,3.0,,2.85748643889
2006-10-27,1.5,5.0,0.0,27.5,21.68,17.1,87.25,,2.333333,,3.44012288858
2006-10-28,2.4,5.4,10.5,27.9,22.96,17.7,84.25,,2.333333,,3.66725499816
2006-10-29,1.8,1.2,16.2,25.3,21.48,19.5,86.75,,3.0,,2.59387467993
2006-10-30,1.5,0.2,3.0,21.2,19.5,18.8,95.75,,2.333333,,1.93442193493
2006-10-31,0.6,1.2,11.7,23.3,19.9,17.6,87.5,,3.666667,,2.45530680592
2006-11-01,2.6,10.9,0.0,26.1,20.86,17.0,73.5,,4.0,,5.14528281199
2006-11-02,5.0,8.6,2.2,26.5,20.52,17.3,77.75,56.0,2.333333,,4.47279236136
2006-11-03,4.1,7.6,0.0,26.7,20.74,17.4,75.75,,2.666667,,4.35654082618
2006-11-04,3.8,11.1,0.0,28.8,21.98,17.7,65.25,,3.0,,5.66646223265
2006-11-05,5.5,8.8,0.0,28.2,21.3,17.5,64.5,,2.666667,,5.06967634221
2006-11-06,6.2,10.7,0.0,27.8,21.42,16.7,67.25,,1.666667,,5.13726714586
2006-11-07,,2.9,0.0,30.9,22.22,16.8,72.75,,2.666667,,3.66559050174
2006-11-08,4.4,8.4,0.0,28.3,23.28,18.9,79.5,,3.666667,,4.66268070933
2006-11-09,2.5,3.2,1.2,27.3,21.52,18.9,87.0,,3.0,,3.1113244199
2006-11-10,2.4,2.4,38.2,27.3,21.68,18.7,86.5,,3.0,,2.94288750572
2006-11-11,2.6,2.5,0.0,27.7,22.56,19.7,87.5,,2.333333,,2.96152443248
2006-11-12,1.0,2.1,7.6,25.8,21.98,19.9,89.75,,3.0,,2.72547091947
2006-11-13,1.2,0.2,72.4,22.4,19.74,18.1,92.5,,3.333333,,2.0364900643
2006-11-14,1.2,6.6,5.2,24.3,19.6,16.7,80.25,,4.0,,3.87529288235
2006-11-15,2.8,3.0,2.1,24.7,19.78,17.2,89.75,,4.0,,2.76974498867
2006-11-16,2.9,8.9,0.6,25.9,20.5,17.6,75.75,,4.666667,,4.73104578227
2006-11-17,4.8,4.1,0.6,23.8,19.16,16.8,91.0,,3.666667,,2.89279881839
2006-11-18,2.5,10.1,0.2,26.7,20.22,15.0,70.75,,2.333333,,4.88233515488
2006-11-19,4.2,7.9,0.0,27.2,21.14,17.3,71.75,,2.666667,,4.58813798989
2006-11-20,5.2,9.9,0.0,28.0,22.54,18.1,68.0,,2.0,,5.10839878963
2006-11-21,4.4,7.4,0.0,27.1,21.52,18.9,75.5,,3.333333,,4.50400255852
2006-11-22,4.0,2.9,0.0,27.9,20.28,17.9,91.75,,2.333333,,2.88342490145
2006-11-23,2.0,4.5,25.2,24.9,20.04,17.7,86.75,,2.666667,,3.26048902192
2006-11-24,2.0,0.7,0.0,26.3,20.68,17.9,81.0,,4.333333,,2.86662921087
2006-11-25,2.9,7.9,5.2,24.7,20.12,17.3,84.5,,2.666667,,4.03634053187
2006-11-26,2.6,10.2,0.6,26.1,20.56,15.7,75.25,,2.0,,4.76532384869
2006-11-27,4.2,11.1,0.0,27.5,22.1,18.7,72.75,,2.333333,,5.31940431209
2006-11-28,4.5,10.3,0.0,25.3,20.98,17.2,77.75,,2.0,,4.75989854609
2006-11-29,3.3,10.9,0.0,25.4,21.22,17.8,74.0,,2.0,,5.00288741422
2006-11-30,3.7,7.9,0.0,28.8,22.44,17.8,70.75,,3.0,,4.8195397156
2006-12-01,4.3,3.0,0.0,25.3,20.46,17.8,84.25,,3.0,,3.05349995806
2006-12-02,2.3,8.9,0.0,26.9,21.36,17.7,66.25,,2.333333,,4.8918951647
2006-12-03,7.9,8.2,0.0,26.9,21.06,16.8,66.5,,4.0,,5.01199217239
2006-12-04,6.8,9.1,0.0,27.6,21.84,17.6,65.75,,2.695547,,5.07278955849
2006-12-05,6.0,8.5,0.0,27.5,22.04,17.5,68.5,,3.333333,,4.96283244616
2006-12-06,4.5,10.5,0.0,27.9,22.56,18.3,64.75,,2.666667,,5.45266248408
2006-12-07,5.0,11.3,0.0,30.9,24.24,17.3,48.75,,1.666667,,5.79541057677
2006-12-08,6.4,9.3,0.0,31.2,24.66,18.7,57.0,,2.019253,,5.47738100518
2006-12-09,5.0,3.5,1.6,28.3,22.96,19.7,76.25,,2.666667,,3.63989736263
2006-12-10,2.5,3.2,0.0,27.5,22.88,19.1,72.0,,1.1,,3.30395283302
2006-12-11,3.4,3.4,1.2,27.3,23.04,20.1,77.0,,2.0,,3.45617247979
2006-12-12,2.4,6.0,0.2,27.4,22.2,19.7,83.0,,1.666667,,3.90580626627
2006-12-13,3.5,4.3,0.0,27.0,21.6,18.5,78.25,,2.0,,3.56429606141
2006-12-14,1.7,7.1,0.0,28.2,21.58,17.6,72.25,,3.666667,,4.63642541761
2006-12-15,7.2,9.5,0.0,26.8,21.42,17.9,69.5,,3.666667,,5.13928458766
2006-12-16,5.1,9.2,0.0,28.6,22.84,17.6,62.25,,1.666667,,4.99235860956
2006-12-17,5.2,8.3,0.0,28.8,23.36,19.2,63.25,,2.333333,,5.05506514117
2006-12-18,5.7,4.3,0.0,26.5,21.24,17.9,75.0,,2.02888,,3.60372950973
2006-12-19,5.4,5.1,0.0,25.8,21.26,17.1,73.25,,3.333333,,3.94796710108
2006-12-20,4.6,8.8,0.0,28.1,22.32,18.1,71.75,,2.666667,,4.89478039789
2006-12-21,6.7,10.5,0.0,28.3,22.2,17.9,64.25,,3.333333,,5.62523681241
2006-12-22,7.8,11.7,0.0,28.3,22.56,17.7,63.25,,2.0,,5.60123733175
2006-12-23,5.8,9.2,0.0,29.7,23.08,18.7,61.25,46.0,2.0,,5.24917889133
2006-12-24,5.5,9.6,0.0,30.7,23.4,18.3,64.25,,2.0,,5.34346589498
2006-12-25,5.9,12.0,0.0,30.5,22.88,18.1,59.75,,1.666667,,5.8388407923
2006-12-26,5.8,12.1,0.0,31.2,23.46,17.1,54.5,,2.0,,6.06909611669
2006-12-27,6.6,,0.0,30.6,23.76,18.0,61.75,,3.333333,,5.43653108888
2006-12-28,5.9,5.0,0.0,28.7,22.48,19.1,71.25,,2.666667,,4.15843868813
2006-12-29,4.6,10.5,0.0,29.0,23.26,18.7,64.75,,2.0,,5.42474823205
2006-12-30,5.2,1.9,0.0,26.1,21.24,18.7,77.75,,4.0,,3.26804350035
2006-12-31,3.8,3.7,0.0,26.7,21.3,16.5,66.75,,4.0,,4.1207544773
2007-01-01,4.7,9.8,0.0,29.4,22.12,16.4,60.25,43.0,4.0,,5.83783022318
2007-01-02,5.5,8.7,0.0,29.5,23.04,18.7,68.75,48.0,4.0,,5.35700485868
2007-01-03,5.9,2.1,0.0,26.7,21.8,18.9,71.75,58.0,4.0,,3.65316029791
2007-01-04,4.5,9.7,0.0,29.6,23.1,18.3,66.5,41.0,3.666667,,5.59549174043
2007-01-05,6.6,6.1,0.6,28.4,22.38,18.8,73.75,54.0,4.0,,4.4869311739
2007-01-06,4.7,7.8,0.0,29.4,22.5,18.1,64.0,41.0,3.333333,,5.1973057791
2007-01-07,6.8,6.5,0.3,27.9,22.0,18.3,65.25,49.0,2.333333,,4.51586594808
2007-01-08,4.6,7.4,0.0,28.8,22.56,18.0,64.5,48.0,3.666667,,5.11855347133
2007-01-09,5.6,7.5,0.0,29.8,22.86,19.0,68.0,48.0,3.666667,,5.12213314508
2007-01-10,4.8,8.2,0.0,30.6,23.54,19.1,65.25,45.0,2.0,,5.03957336433
2007-01-11,5.2,8.2,0.0,32.5,25.24,19.5,56.0,40.0,2.666667,,5.68715739402
2007-01-12,6.8,2.3,0.0,28.2,22.26,19.9,84.0,55.0,1.666667,,3.02071806061
2007-01-13,2.7,4.6,9.8,28.8,22.52,18.8,89.0,80.0,2.333333,,3.46959657979
2007-01-14,1.8,8.2,21.2,29.8,23.84,19.3,76.0,53.0,1.666667,,4.72388997997
2007-01-15,4.0,10.6,0.0,30.8,24.34,20.3,62.25,36.0,2.666667,,5.93858864816
2007-01-16,7.0,10.6,0.0,29.5,23.0,17.5,64.75,48.0,3.333333,,5.74437100856
2007-01-17,5.5,9.4,0.0,29.7,23.54,18.7,62.75,41.0,5.666667,,6.17589736162
2007-01-18,8.2,10.6,0.0,30.5,23.56,18.5,52.25,29.0,3.666667,,6.48158209189
2007-01-19,8.1,11.7,0.0,29.7,22.52,16.3,54.5,33.0,2.0,,5.82918522502
2007-01-20,7.7,7.8,0.0,29.9,22.88,17.7,65.25,43.0,3.333333,,5.18247058569
2007-01-21,5.2,7.8,0.0,30.8,23.82,19.3,65.5,46.0,2.666667,,5.15542675425
2007-01-22,5.6,10.2,0.0,33.5,26.06,19.1,49.5,35.0,2.666667,,6.40883960769
2007-01-23,7.7,9.0,0.7,31.2,24.26,18.9,61.25,41.0,2.0,,5.35670251153
2007-01-24,6.9,7.6,0.0,25.5,22.58,19.0,66.0,50.0,4.333333,,5.00388635217
2007-01-25,7.8,10.2,0.0,30.4,23.1,17.8,55.5,40.0,3.666667,,6.22535443359
2007-01-26,5.0,7.2,0.0,29.4,22.84,17.2,61.25,48.0,2.333333,,4.84699583383
2007-01-27,5.5,7.0,0.0,31.6,23.88,18.6,63.25,42.0,2.333333,,4.97237604772
2007-01-28,5.1,8.5,0.0,30.5,23.84,17.9,61.75,45.0,2.0,,5.13217984605
2007-01-29,6.7,10.0,0.0,30.5,23.92,19.2,57.75,42.0,3.333333,,6.07222859947
2007-01-30,7.9,7.2,0.0,30.6,22.94,18.9,66.25,42.0,2.333333,,4.87265428816
2007-01-31,5.6,7.1,0.0,30.4,23.78,18.6,57.5,43.0,3.333333,,5.42973765649
2007-02-01,6.3,9.0,0.0,31.5,24.56,18.3,48.25,30.0,1.666667,,5.42243014203
2007-02-02,8.8,9.8,0.0,31.1,24.72,19.1,63.0,39.0,3.333333,,5.88576393326
2007-02-03,6.8,1.4,0.0,28.7,22.6,20.3,84.75,67.0,4.0,,2.97094514566
2007-02-04,1.3,0.4,71.6,22.5,19.6,17.5,83.25,88.0,3.333333,,2.45536763762
2007-02-05,2.2,0.0,3.6,22.7,20.16,17.3,90.0,75.0,2.333333,,2.09224348722
2007-02-06,0.8,8.0,3.2,26.1,21.56,17.9,73.25,57.0,4.0,,4.67930302392
2007-02-07,5.0,9.4,0.0,26.9,22.24,18.7,73.25,57.0,5.333333,,5.18866235667
2007-02-08,4.8,6.5,0.0,27.4,22.06,18.3,76.25,55.0,4.0,,4.3531278124
2007-02-09,4.0,7.8,0.0,28.7,22.48,18.5,79.25,57.0,3.666667,,4.57733845617
2007-02-10,4.8,9.7,1.4,27.7,22.28,18.9,78.0,52.0,3.333333,,4.97149366143
2007-02-11,4.9,8.4,0.0,29.3,23.48,19.1,69.25,52.0,3.333333,,5.16036679743
2007-02-12,4.6,10.9,0.0,31.5,23.72,19.3,71.5,43.0,4.333333,,5.9853088509
2007-02-13,2.8,4.9,20.4,25.2,21.42,18.7,88.75,74.0,3.0,,3.32898018861
2007-02-14,2.2,0.0,16.8,24.3,21.16,19.3,93.5,85.0,2.0,,2.06687590032
2007-02-15,1.8,7.0,30.8,26.5,22.0,18.1,86.25,66.0,2.0,,3.9601806594
2007-02-16,1.8,10.6,78.0,27.5,21.2,18.3,83.0,90.0,1.666667,,4.97205475981
2007-02-17,0.8,0.0,13.2,27.1,21.28,18.3,86.25,63.0,3.666667,,2.42390461798
2007-02-18,2.0,1.6,30.4,24.5,20.92,19.5,96.0,96.0,3.0,,2.30266231021
2007-02-19,0.5,5.7,10.4,26.9,22.24,18.9,85.25,65.0,3.0,,3.72193597523
2007-02-20,2.4,4.8,11.6,25.9,21.08,18.5,93.75,93.0,2.0,,3.22820544366
2007-02-21,1.8,6.2,96.6,,,17.1,,93.0,2.0,,
2007-02-22,2.2,,3.2,,,18.1,,97.0,1.0,,
2007-02-23,2.0,7.6,32.4,26.3,21.02,18.0,83.0,60.0,4.333333,,4.13515130253
2007-02-24,3.6,3.6,0.1,25.5,20.68,17.3,89.25,73.0,2.666667,,2.96469061437
2007-02-25,1.4,,1.9,26.7,21.64,18.3,83.0,65.0,2.333333,,3.62008160039
2007-02-26,3.0,4.5,1.2,26.5,21.76,18.1,86.75,71.0,4.666667,,3.31562902409
2007-02-27,3.0,3.4,0.0,27.5,21.44,18.7,86.5,76.0,4.666667,,3.17832338063
2007-02-28,0.9,9.2,17.5,26.9,20.8,17.5,82.5,58.0,5.666667,,4.47173799225
2007-03-01,4.2,9.1,0.2,27.5,20.6,17.7,80.25,,4.0,,4.61770784822
2007-03-02,5.0,5.9,0.0,25.3,20.36,16.3,87.25,,4.333333,,3.40848295541
2007-03-03,1.8,8.7,4.6,25.7,20.24,17.1,88.0,,4.666667,,3.96391000751
2007-03-04,3.8,8.8,0.6,26.1,20.7,17.8,81.75,,5.333333,,4.37115289366
2007-03-05,4.0,3.9,0.0,24.8,20.32,17.2,92.25,,3.333333,,2.81869143467
2007-03-06,1.5,6.4,1.1,26.7,21.04,17.9,83.5,,3.666667,,3.82839524506
2007-03-07,4.0,4.4,0.0,25.0,20.36,17.3,91.75,,4.0,,2.90841344879
2007-03-08,1.4,5.8,3.2,23.9,19.8,18.0,90.25,,3.666667,,3.24537587865
2007-03-09,1.9,4.9,0.1,24.7,20.06,17.8,82.75,,3.666667,,3.41349642093
2007-03-10,3.1,10.5,0.0,26.3,20.66,17.5,78.0,,3.0,,4.79557702191
2007-03-11,4.3,9.1,0.0,26.9,21.44,18.0,77.5,,3.0,,4.58518525313
2007-03-12,4.0,1.2,0.2,24.1,20.08,18.1,88.25,,2.666667,,2.38238290852
2007-03-13,3.2,3.4,2.0,25.3,20.24,18.1,90.25,,4.333333,,2.7817351924
2007-03-14,2.4,4.3,22.9,25.1,20.76,17.7,87.75,,3.0,,3.07082916118
2007-03-15,2.4,7.9,10.8,26.7,21.12,18.5,82.75,,2.666667,,4.12625799071
2007-03-16,3.1,10.6,0.0,27.5,21.84,18.7,75.75,,2.666667,,4.97358200281
2007-03-17,4.8,8.7,0.0,28.7,21.92,18.9,76.5,,2.333333,,4.59842059296
2007-03-18,5.0,0.0,0.0,24.5,21.04,18.5,83.5,,2.666667,,2.29211981031
2007-03-19,2.4,4.1,0.0,25.7,21.04,18.2,82.25,,2.0,,3.18212527586
2007-03-20,2.7,7.5,0.0,28.0,21.52,15.9,78.5,,1.666667,,4.01279138842
2007-03-21,3.4,3.3,0.0,26.7,22.14,19.8,80.25,,2.333333,,3.17512665181
2007-03-22,3.6,10.5,0.0,27.5,21.96,18.3,73.5,,3.333333,,4.99280480478
2007-03-23,4.3,10.8,0.0,27.1,21.42,17.7,72.25,,2.333333,,4.90082173588
2007-03-24,4.6,8.0,0.0,26.8,21.52,17.8,72.5,40.0,3.666667,,4.47532081695
2007-03-25,4.0,5.7,0.8,25.8,20.62,18.5,83.75,,4.0,,3.5148923111
2007-03-26,2.6,7.7,0.5,25.7,20.64,17.3,88.25,,5.0,,3.57948227243
2007-03-27,3.0,2.5,0.0,23.5,20.16,18.3,94.75,,4.666667,,2.20787752193
2007-03-28,1.4,2.0,1.9,25.1,19.96,17.1,86.25,,3.666667,,2.56867029831
2007-03-29,1.9,11.0,0.0,27.5,21.28,16.9,76.25,,4.333333,,4.88555511602
2007-03-30,6.0,10.3,0.0,27.3,21.44,17.3,68.0,,3.333333,,4.97722142704
2007-03-31,5.2,10.4,0.0,27.7,21.88,17.3,68.5,,2.0,,4.75989042393
2007-04-01,4.8,9.8,0.0,28.5,22.48,18.3,72.75,50.0,2.0,,4.65102638475
2007-04-02,4.4,8.8,0.0,26.4,21.22,17.5,74.25,58.0,3.333333,,4.37003563685
2007-04-03,4.8,7.7,0.0,26.9,21.2,16.9,73.75,55.0,3.333333,,4.18038250731
2007-04-04,4.1,9.5,0.0,27.3,20.9,17.1,70.5,49.0,2.666667,,4.55762332488
2007-04-05,4.7,10.2,0.0,29.2,21.74,16.5,68.75,44.0,1.666667,,4.647828119
2007-04-06,5.5,10.3,0.0,29.0,22.06,17.2,67.75,42.0,2.666667,,4.90247898394
2007-04-07,5.5,8.1,0.0,26.9,21.42,16.8,71.0,57.0,3.0,,4.2504900599
2007-04-08,4.9,10.9,0.0,27.8,21.78,17.2,70.5,51.0,2.333333,,4.75714040317
2007-04-09,4.5,8.0,0.0,29.7,23.16,17.5,67.5,47.0,1.333333,,4.13735598418
2007-04-10,4.6,3.3,0.0,26.3,22.24,19.9,87.25,68.0,2.666667,,2.78886874776
2007-04-11,2.8,0.1,0.1,25.7,21.12,19.3,93.0,82.0,3.0,,1.87933936413
2007-04-12,1.6,7.2,0.4,26.3,21.24,17.5,82.75,59.0,4.333333,,3.65213304237
2007-04-13,4.0,5.4,0.2,25.9,21.02,18.7,86.25,59.0,3.333333,,3.16275465937
2007-04-14,3.4,6.7,0.8,26.3,21.04,18.1,86.75,59.0,4.0,,3.37103791609
2007-04-15,2.7,6.4,0.0,26.0,20.64,17.7,83.5,64.0,2.666667,,3.37681771531
2007-04-16,2.3,6.5,0.0,25.4,20.72,17.9,85.0,75.0,4.0,,3.33101229061
2007-04-17,3.1,4.5,0.1,25.5,20.74,17.7,84.0,69.0,3.333333,,2.98710094047
2007-04-18,2.7,1.3,0.0,23.7,20.26,18.2,86.25,76.0,3.0,,2.24313192885
2007-04-19,1.8,0.8,2.4,23.9,20.56,19.1,95.75,87.0,3.666667,,1.77540607604
2007-04-20,0.9,0.5,7.2,22.5,19.88,17.9,91.75,86.0,6.0,,1.82779547738
2007-04-21,1.4,8.1,0.0,25.3,20.64,17.3,83.75,65.0,3.666667,,3.56320268569
2007-04-22,2.6,3.9,0.1,24.2,20.04,17.7,90.0,80.0,3.333333,,2.5326148422
2007-04-23,1.6,3.1,0.4,24.1,20.04,17.1,87.0,70.0,3.666667,,2.49096884235
2007-04-24,1.8,3.4,0.0,23.9,20.44,17.7,88.0,74.0,4.333333,,2.50698447745
2007-04-25,1.3,5.3,1.8,23.5,19.96,17.5,94.75,94.0,3.333333,,2.52343187153
2007-04-26,1.4,8.6,3.5,25.5,20.68,17.9,84.25,70.0,2.666667,,3.59452599046
2007-04-27,2.8,6.7,0.0,24.4,20.46,17.9,85.25,70.0,2.666667,,3.15292779842
2007-04-28,2.4,9.0,0.0,26.3,21.32,18.7,80.5,61.0,3.0,,3.85326687105
2007-04-29,3.6,6.0,0.4,24.3,20.64,18.3,87.0,74.0,3.666667,,2.96664836711
2007-04-30,2.0,6.4,0.6,25.5,20.92,18.2,84.5,68.0,2.0,,3.13341821534
2007-05-01,2.4,3.0,0.0,24.4,20.02,17.9,88.5,73.0,2.0,,2.35127796111
2007-05-02,2.3,5.2,0.0,25.8,20.52,17.6,89.5,70.0,3.666667,,2.74259167313
2007-05-03,2.1,6.9,0.1,25.2,20.34,17.7,85.0,68.0,3.666667,,3.17715144909
2007-05-04,2.9,3.9,0.0,24.3,20.2,17.7,79.25,70.0,4.666667,,2.98939269601
2007-05-05,2.9,10.3,0.0,24.7,19.08,15.0,77.25,59.0,4.0,,3.84828779286
2007-05-06,4.0,4.5,0.0,24.3,19.64,16.3,91.75,77.0,4.0,,2.37042698866
2007-05-07,3.1,7.9,1.6,24.9,20.3,17.5,84.5,64.0,3.666667,,3.28457063661
2007-05-08,2.9,8.0,0.3,26.1,20.36,17.1,81.0,56.0,2.666667,,3.42679047602
2007-05-09,3.6,5.1,0.6,25.1,20.92,17.9,91.5,84.0,2.0,,2.60566759588
2007-05-10,1.6,6.9,0.8,25.9,20.6,18.5,89.0,72.0,5.0,,2.98292860174
2007-05-11,2.8,0.0,1.5,21.7,17.6,15.7,90.75,76.0,4.333333,,1.62413774361
2007-05-12,0.9,1.2,0.5,21.1,17.64,15.1,92.5,82.0,3.666667,,1.67509076441
2007-05-13,1.6,6.6,0.0,23.5,19.2,15.9,86.75,74.0,3.666667,,2.78893259452
2007-05-14,2.2,8.1,0.0,23.5,18.68,14.8,82.25,66.0,2.333333,,3.0763110658
2007-05-15,2.5,8.6,0.1,25.6,19.88,16.9,79.5,61.0,2.666667,,3.44292313195
2007-05-16,3.1,5.9,0.0,23.4,19.08,16.2,88.0,76.0,2.8,,2.61947904538
2007-05-17,1.7,4.0,1.6,23.3,19.3,16.7,87.5,69.0,4.0,,2.37539969023
2007-05-18,2.3,9.7,0.0,25.0,19.76,16.4,73.25,53.0,4.666667,,3.94456212859
2007-05-19,4.1,2.5,0.0,23.5,19.76,17.3,86.75,75.0,4.0,,2.21213574824
2007-05-20,1.6,8.6,0.0,25.3,19.7,17.3,76.5,51.0,4.0,,3.61986911241
2007-05-21,3.9,8.6,0.0,23.7,18.44,15.9,80.25,66.0,2.666667,,3.20038154043
2007-05-22,3.5,9.6,0.0,25.3,18.8,15.3,74.5,55.0,4.0,,3.72926243214
2007-05-23,4.4,9.9,0.0,27.5,20.08,15.1,69.25,45.0,1.666667,,3.66738121968
2007-05-24,4.0,7.9,0.0,29.5,20.24,14.1,79.0,51.0,1.666667,,3.27733613152
2007-05-25,3.8,10.6,0.0,29.5,21.92,15.9,77.25,59.0,0.666667,,3.66974982313
2007-05-26,3.0,2.1,0.6,26.1,19.72,17.3,91.5,79.0,5.0,,1.98311809169
2007-05-27,2.4,0.4,0.2,21.6,19.06,16.9,93.25,83.0,3.333333,,1.5190375578
2007-05-28,1.0,3.6,0.4,25.5,20.1,17.7,91.5,80.0,3.333333,,2.18835309606
2007-05-29,1.9,9.4,0.0,27.2,21.1,17.9,77.75,51.0,2.0,,3.53661127756
2007-05-30,4.4,9.1,0.0,26.4,20.48,16.4,75.25,57.0,3.0,,3.56458908894
2007-05-31,4.1,6.5,0.0,24.4,19.26,17.0,88.75,78.0,4.666667,,2.6319843405
2007-06-01,2.1,0.6,6.2,19.3,17.1,15.9,95.5,93.0,4.0,,1.34905705952
2007-06-02,0.6,5.9,1.1,21.9,17.2,15.4,81.25,65.0,2.0,,2.54861946317
2007-06-03,2.0,7.6,0.1,27.2,18.38,12.7,75.75,42.0,2.0,,3.08147513032
2007-06-04,4.2,10.4,0.0,29.5,21.44,14.7,57.5,30.0,1.333333,,3.75851262707
2007-06-05,5.9,8.2,0.0,25.7,19.56,16.9,83.75,59.0,3.333333,,3.1068234173
2007-06-06,3.2,5.8,0.2,24.1,19.52,16.9,87.25,63.0,3.0,,2.54312409503
2007-06-07,2.6,7.3,0.0,23.7,18.84,16.3,83.5,64.0,3.0,,2.83094741667
2007-06-08,2.8,6.3,0.0,23.9,18.12,15.9,78.5,59.0,2.0,,2.739468151
2007-06-09,3.2,8.6,0.0,23.5,17.72,13.3,76.25,58.0,2.0,,2.98107311671
2007-06-10,3.8,4.0,0.0,25.6,19.5,16.7,87.25,70.0,5.0,,2.39720889291
2007-06-11,1.9,7.2,2.2,23.9,18.9,16.1,85.25,64.0,4.0,,2.77240331481
2007-06-12,3.1,8.1,0.2,24.3,18.82,15.9,79.25,56.0,2.8,,3.05581209372
2007-06-13,4.1,7.8,0.0,24.5,18.64,16.5,82.5,60.0,3.0,,2.95965482878
2007-06-14,3.4,8.0,0.0,23.9,18.5,14.5,78.75,63.0,5.0,,3.15498686272
2007-06-15,4.2,7.6,0.1,24.3,18.64,16.1,76.0,56.0,3.0,,3.11359618552
2007-06-16,4.0,1.5,0.0,22.7,18.38,16.4,88.5,73.0,4.0,,1.8500053368
2007-06-17,1.3,9.4,1.0,23.7,18.6,15.7,75.5,52.0,4.333333,,3.44666833386
2007-06-18,3.9,10.2,0.0,23.7,18.48,14.7,76.25,54.0,5.0,,3.51317971657
2007-06-19,,7.7,0.4,23.3,17.96,15.9,84.0,60.0,4.333333,,2.84193490798
2007-06-20,3.4,5.6,0.0,24.3,18.44,15.1,85.5,58.0,5.333333,,2.56980206318
2007-06-21,2.6,6.8,4.4,21.8,17.46,15.1,93.5,85.0,4.666667,,2.17556263665
2007-06-22,3.2,5.8,4.7,21.9,17.32,15.3,89.75,74.0,5.333333,,2.24317117551
2007-06-23,2.8,5.9,0.4,23.1,17.56,14.1,80.5,56.0,3.666667,,2.66219469618
2007-06-24,3.2,9.4,0.0,22.9,18.2,14.9,74.0,54.0,2.0,,3.1230248413
2007-06-25,4.2,3.2,0.0,21.9,18.08,13.9,86.25,69.0,4.0,,2.06198313497
2007-06-26,2.1,2.2,5.5,20.4,16.94,15.1,96.5,89.0,4.0,,1.47603620778
2007-06-27,,4.1,3.3,21.5,17.2,15.3,89.75,71.0,4.0,,2.0413576327
2007-06-28,2.0,0.3,0.2,19.6,16.56,14.4,94.75,88.0,4.0,,1.29720168832
2007-06-29,1.1,6.9,0.2,22.4,17.7,13.3,80.5,66.0,3.666667,,2.71963632947
2007-06-30,2.5,0.3,0.0,20.5,17.6,15.7,90.5,81.0,4.0,,1.53522546523
2007-07-01,1.4,5.6,0.0,21.5,17.22,15.2,85.75,,3.0,,2.37123515334
2007-07-02,2.0,8.3,0.0,23.5,18.18,15.0,78.25,,3.333333,,3.07968741347
2007-07-03,3.0,3.4,0.8,23.7,18.0,15.1,86.25,62.0,3.666667,,2.18983254618
2007-07-04,1.4,8.7,0.2,22.5,17.48,14.5,81.25,,4.45848,,3.0028671017
2007-07-05,3.0,3.0,1.0,21.5,17.32,15.1,87.5,,5.0,,2.04045252453
2007-07-06,2.6,2.2,0.0,21.1,16.96,13.9,86.75,,3.666667,,1.89978290972
2007-07-07,1.1,0.5,1.8,19.3,17.08,14.9,93.0,,4.333333,,1.40960065481
2007-07-08,1.0,8.3,0.2,22.7,17.88,14.7,84.75,,3.666667,,2.82296926883
2007-07-09,3.2,5.0,0.0,23.2,18.38,14.5,88.0,,3.666667,,2.30089014979
2007-07-10,1.7,7.5,3.2,21.6,17.78,15.1,78.25,,3.333333,,2.91110716215
2007-07-11,2.3,2.6,3.4,19.8,16.58,14.8,91.75,,3.333333,,1.7457783438
2007-07-12,1.6,9.6,0.1,22.9,17.22,14.2,76.75,,4.666667,,3.37538028872
2007-07-13,4.0,4.4,0.0,21.5,17.64,15.3,88.75,,4.0,,2.16590025946
2007-07-14,1.8,8.7,0.3,23.8,18.14,15.1,76.0,,2.666667,,3.21761772772
2007-07-15,3.5,8.4,0.0,24.4,18.16,14.8,74.5,,2.0,,3.15464601278
2007-07-16,2.9,7.5,0.0,23.7,18.32,14.9,76.0,,2.0,,2.97269326789
2007-07-17,2.7,8.0,0.0,24.3,18.48,15.5,79.25,,4.333333,,3.230679421
2007-07-18,3.8,7.0,0.0,25.1,19.48,16.1,75.5,,2.666667,,3.14400539343
2007-07-19,3.4,7.1,0.0,26.9,19.6,15.3,79.5,,1.666667,,3.00990566333
2007-07-20,3.4,6.9,0.0,25.1,18.8,15.9,75.5,,4.666667,,3.3972051401
2007-07-21,5.0,7.3,0.0,24.1,18.16,14.9,71.75,,3.666667,,3.38169679137
2007-07-22,4.4,10.4,0.0,23.9,17.64,13.9,73.5,,2.666667,,3.53653871868
2007-07-23,3.3,8.7,0.0,25.9,18.8,14.9,66.0,,2.0,,3.52947000629
2007-07-24,4.0,9.5,0.0,26.0,18.98,15.2,64.0,,4.0,,4.22050565051
2007-07-25,5.3,7.7,0.0,24.6,19.4,16.8,77.25,,3.08664,,3.29839862002
2007-07-26,3.6,7.8,0.0,26.3,19.62,16.7,74.75,,3.0,,3.49707232887
2007-07-27,3.6,3.0,1.5,21.2,18.32,16.7,90.0,,4.0,,2.03587208629
2007-07-28,1.2,10.1,0.4,23.8,18.26,15.3,73.25,,5.233333,,3.90801641307
2007-07-29,4.3,5.2,0.0,22.6,17.96,15.1,77.75,,4.333333,,2.9181734005
2007-07-30,2.3,4.3,0.3,21.1,15.84,14.1,87.0,,3.666667,,2.26860475633
2007-07-31,3.2,10.6,0.0,20.9,15.52,10.9,80.0,,4.333333,,3.1994035237
2007-08-01,3.6,8.2,0.0,22.1,16.88,13.3,85.0,72.0,5.0,,2.89148041937
2007-08-02,3.6,8.0,0.0,23.5,17.08,13.1,82.0,52.0,4.333333,,3.08923044114
2007-08-03,3.8,4.1,3.1,21.8,17.94,14.9,84.25,72.0,3.666667,,2.43755931769
2007-08-04,2.4,1.3,0.2,21.3,17.92,15.1,87.25,68.0,5.0,,1.96605776231
2007-08-05,2.2,8.1,0.0,24.4,18.14,15.1,73.75,51.0,4.333333,,3.65731570169
2007-08-06,3.8,7.3,0.0,24.8,18.18,15.1,75.5,47.0,4.666667,,3.5414120887
2007-08-07,4.6,7.6,0.4,23.6,18.2,14.9,80.0,59.0,4.666667,,3.27678266207
2007-08-08,3.3,8.9,0.0,23.8,18.42,14.5,78.5,57.0,5.0,,3.54636048662
2007-08-09,4.5,8.4,0.9,23.5,17.42,13.4,75.25,50.0,5.666667,,3.63557803001
2007-08-10,5.1,7.2,1.1,23.2,17.8,14.4,77.0,51.0,4.666667,,3.35171220307
2007-08-11,4.6,6.8,2.0,24.0,18.38,14.8,81.75,54.0,4.333333,,3.12946228697
2007-08-12,3.2,8.9,3.1,23.0,17.4,14.8,82.5,56.0,4.666667,,3.34037631701
2007-08-13,3.9,8.0,2.9,20.7,16.36,14.3,89.75,82.0,5.0,,2.71187371658
2007-08-14,2.2,3.4,4.4,20.5,15.64,13.7,92.0,78.0,4.333333,,1.99979562449
2007-08-15,2.2,5.7,10.6,21.3,15.76,12.9,89.5,68.0,5.0,,2.41884729473
2007-08-16,2.2,6.6,0.8,20.7,15.92,12.7,86.0,79.0,4.333333,,2.68426447057
2007-08-17,2.8,8.9,0.6,22.3,16.64,12.7,82.5,57.0,5.0,,3.25260541233
2007-08-18,4.0,5.3,3.2,19.9,16.08,14.7,91.5,85.0,4.333333,,2.3235171604
2007-08-19,1.4,8.4,0.4,22.5,17.2,14.1,89.75,83.0,4.333333,,2.95856649606
2007-08-20,2.5,8.9,0.3,22.9,17.44,14.0,80.75,65.0,3.666667,,3.44768114364
2007-08-21,3.2,9.5,0.2,24.2,18.06,14.3,79.0,60.0,3.666667,,3.72142085365
2007-08-22,0.6,9.6,0.0,23.8,18.0,13.0,76.0,49.0,4.666667,,3.83502427651
2007-08-23,5.1,7.7,0.0,23.4,17.56,15.2,74.5,54.0,4.333333,,3.6989815045
2007-08-24,3.9,1.9,0.3,21.2,17.12,14.4,98.0,83.0,3.666667,,1.66876984208
2007-08-25,2.5,9.7,0.0,25.8,19.02,15.3,71.25,48.0,3.0,,4.18698699912
2007-08-26,4.6,9.6,0.0,24.5,18.84,15.7,72.5,55.0,2.666667,,4.02669125617
2007-08-27,4.1,9.6,0.0,25.7,19.72,15.3,70.5,48.0,2.666667,,4.16384737424
2007-08-28,4.8,9.1,0.0,25.3,19.32,15.9,70.5,51.0,3.0,,4.14385146043
2007-08-29,5.2,7.5,0.0,24.7,17.76,15.5,82.0,55.0,3.666667,,3.47279299112
2007-08-30,5.2,6.8,0.0,22.5,17.56,14.1,74.25,57.0,4.0,,3.51000646302
2007-08-31,5.2,10.2,0.0,24.5,17.76,13.7,77.75,57.0,4.666667,,4.04127028966
2007-09-01,3.9,8.1,0.0,23.1,17.6,13.3,73.0,57.0,2.0,,3.56563173989
2007-09-02,4.0,7.2,0.0,24.1,18.16,13.5,73.75,48.0,3.333333,,3.63715332288
2007-09-03,4.6,9.2,0.0,24.9,18.34,14.1,76.25,50.0,5.0,,4.07178889008
2007-09-04,6.2,9.4,0.0,25.9,18.84,15.2,76.0,56.0,6.0,,4.33117715238
2007-09-05,4.9,7.4,2.3,23.4,17.84,14.2,82.25,62.0,5.0,,3.40091788772
2007-09-06,2.8,9.1,3.9,22.5,17.72,15.1,81.5,61.0,5.333333,,3.68743247193
2007-09-07,3.1,3.2,2.5,21.5,17.48,15.7,86.75,75.0,4.666667,,2.49796120929
2007-09-08,1.4,7.0,1.3,23.4,17.42,14.3,83.75,61.0,4.0,,3.29353592714
2007-09-09,2.7,7.4,0.5,23.8,17.78,14.3,81.75,51.0,4.0,,3.48067267474
2007-09-10,1.9,5.1,1.2,22.9,17.4,14.7,88.25,74.0,5.0,,2.76754951717
2007-09-11,,6.4,1.4,22.1,17.64,14.5,84.0,73.0,5.0,,3.14383426529
2007-09-12,2.4,8.7,2.2,22.8,17.34,13.7,77.0,56.0,5.0,,3.86251042837
2007-09-13,4.0,4.9,0.0,22.6,16.94,12.7,83.25,65.0,4.333333,,2.91488327011
2007-09-14,3.8,7.4,0.6,21.6,17.42,14.3,85.25,66.0,3.0,,3.26881789825
2007-09-15,4.9,5.5,0.0,22.9,17.92,14.7,74.5,57.0,2.666667,,3.35643547427
2007-09-16,4.4,6.8,0.0,25.9,18.76,15.1,82.5,48.0,2.0,,3.53521712576
2007-09-17,3.2,10.7,0.0,29.4,21.3,15.1,56.25,36.0,3.666667,,5.67475487627
2007-09-18,7.0,9.8,0.0,24.9,19.1,15.3,71.25,50.0,4.333333,,4.5877494799
2007-09-19,5.2,9.2,0.0,24.5,18.68,15.9,74.25,53.0,4.666667,,4.38430368974
2007-09-20,4.6,7.4,0.0,24.5,18.62,14.8,72.0,46.0,4.666667,,4.15205046523
2007-09-21,4.7,2.6,1.8,21.9,18.12,15.7,89.5,68.0,4.333333,,2.37114558477
2007-09-22,1.2,5.6,4.3,25.4,19.22,15.7,79.25,52.0,3.666667,,3.5406935749
2007-09-23,,8.3,0.0,25.3,19.54,15.6,68.75,52.0,2.333333,,4.23948413808
2007-09-24,4.6,7.3,0.0,27.7,20.44,16.3,63.75,35.0,1.676293,,4.19203705334
2007-09-25,4.4,3.9,0.0,25.3,20.2,16.7,71.25,58.0,2.0,,3.3170622601
2007-09-26,4.9,7.8,0.0,25.1,18.88,14.3,37.75,45.0,5.333333,,6.24478352177
2007-09-27,9.4,9.8,0.0,26.3,18.72,15.1,64.75,23.0,4.333333,,5.09156067697
2007-09-28,9.0,8.4,0.0,24.9,19.08,14.9,63.25,46.0,3.0,,4.52682320458
2007-09-29,5.9,7.5,0.0,25.7,18.88,14.9,93.0,72.0,2.0,,3.54794544944
2007-09-30,5.2,8.9,0.0,25.7,19.08,13.9,63.5,44.0,3.666667,,4.77679491271
2007-10-01,5.4,7.3,2.2,24.7,19.04,15.7,80.75,59.0,4.45848,,3.83266497483
2007-10-02,3.7,4.3,0.0,24.0,19.06,15.3,71.75,50.0,4.11552,,3.64831167361
2007-10-03,4.5,3.4,0.0,24.4,19.2,15.7,77.0,57.0,4.11552,,3.28856223762
2007-10-04,3.2,1.8,0.0,23.4,18.78,15.7,75.5,58.0,3.77256,,2.98366415532
2007-10-05,4.2,4.6,0.0,24.4,19.14,16.1,76.75,58.0,4.11552,,3.54206268932
2007-10-06,3.7,4.0,1.9,24.8,19.28,16.4,78.5,62.0,4.11552,,3.39083034787
2007-10-07,3.6,9.6,0.0,24.4,19.08,15.3,69.25,57.0,4.45848,,4.77389852076
2007-10-08,5.4,7.4,0.0,25.7,19.12,14.9,71.0,46.0,3.77256,,4.32468869118
2007-10-09,5.5,7.5,1.6,25.5,18.24,14.7,85.25,57.0,5.1444,,3.68851237819
2007-10-10,3.4,7.4,1.8,25.1,17.72,14.9,74.5,49.0,4.11552,,4.17077321004
2007-10-11,4.4,9.2,0.0,28.0,19.78,14.1,66.0,44.0,2.40072,,4.78265132768
2007-10-12,4.6,8.3,0.4,27.7,19.6,16.5,79.0,48.0,2.05776,,4.32532638582
2007-10-13,5.4,7.5,0.0,27.1,20.76,16.3,66.0,49.0,2.05776,,4.39643117998
2007-10-14,5.9,7.8,0.0,27.7,20.4,15.7,71.0,57.0,2.74368,,4.4822668556
2007-10-15,8.6,8.3,0.2,26.7,20.04,15.5,64.25,46.0,4.45848,,5.05687037062
2007-10-16,7.1,10.7,0.0,26.6,20.06,14.9,77.25,60.0,4.80144,,4.83213462388
2007-10-17,5.3,7.6,0.3,30.0,21.12,15.2,61.75,36.0,3.08664,,5.01788510947
2007-10-18,5.5,9.6,0.0,31.8,22.96,16.3,56.0,37.0,1.7148,,5.30841667148
2007-10-19,7.2,7.2,0.0,28.7,22.0,18.0,66.25,48.0,3.4296,,4.86746458014
2007-10-20,5.0,2.1,0.0,24.8,19.98,17.5,80.0,66.0,2.40072,,2.88619961031
2007-10-21,2.8,2.5,0.0,24.8,20.44,17.8,72.0,60.0,2.74368,,3.2951178364
2007-10-22,3.4,5.6,0.0,26.8,20.58,17.1,70.25,55.0,3.77256,,4.26300558542
2007-10-23,4.9,8.1,0.0,26.5,20.92,16.9,72.5,55.0,5.1444,,4.76790752258
2007-10-24,5.8,9.2,0.0,27.1,21.68,16.9,66.25,47.0,5.65884,,5.45586771
2007-10-25,6.6,8.9,0.0,27.3,20.84,15.9,62.25,44.0,5.83032,,5.64362394606
2007-10-26,8.8,11.2,0.0,28.5,21.08,15.9,53.5,36.0,2.74368,,5.81086008243
2007-10-27,7.7,8.7,0.0,31.1,22.76,15.7,46.5,29.0,1.7148,,5.2167175874
2007-10-28,7.3,10.3,0.0,30.7,22.76,17.1,59.75,47.0,2.05776,,5.51246965137
2007-10-29,8.2,9.2,0.0,29.7,22.52,17.0,56.75,39.0,4.80144,,6.14031869658
2007-10-30,9.1,11.2,0.0,29.0,22.22,16.7,54.0,39.0,4.11552,,6.34879440434
2007-10-31,,9.0,0.0,28.9,21.78,16.6,56.75,37.0,2.40072,,5.250155044
2007-11-01,6.6,7.1,0.0,29.5,22.1,17.7,66.0,,2.333333,,4.67861383898
2007-11-02,5.0,9.6,0.0,32.3,24.28,17.2,51.75,,1.666667,,5.47919897053
2007-11-03,8.5,10.8,0.0,31.9,24.54,17.1,52.0,,1.666667,,5.707312763
2007-11-04,8.5,10.7,0.0,30.5,23.3,17.4,49.0,,2.666667,,6.09717801406
2007-11-05,7.9,8.2,0.0,29.1,21.36,15.3,58.0,,3.666667,,5.42879312308
2007-11-06,8.0,10.9,0.0,27.9,21.56,16.5,66.25,,4.333333,,5.66186587462
2007-11-07,6.8,9.6,0.0,29.5,21.84,16.5,65.0,,4.333333,,5.64245965098
2007-11-08,7.3,8.7,0.0,28.9,21.96,15.9,54.75,,2.666667,,5.32338136289
2007-11-09,8.0,8.7,0.0,29.7,21.76,16.3,52.25,,3.666667,,5.88017664
2007-11-10,9.4,10.2,0.0,29.7,22.0,16.5,49.5,,3.666667,,6.28616504948
2007-11-11,7.9,11.0,0.0,30.7,23.28,18.1,46.0,,1.666667,,5.76988820393
2007-11-12,7.4,8.3,0.0,29.2,21.7,16.5,77.5,,3.0,,4.63333119361
2007-11-13,6.2,8.5,0.0,29.8,22.78,18.3,65.75,,5.0,,5.64939464992
2007-11-14,8.1,10.4,0.0,28.5,21.54,16.2,63.75,,5.333333,,5.91845055891
2007-11-15,8.1,8.4,0.0,29.5,22.12,16.7,58.25,,4.0,,5.67070544011
2007-11-16,7.2,6.9,0.0,27.6,20.8,17.1,70.5,,6.0,,4.91849243983
2007-11-17,5.7,6.9,1.9,27.2,20.28,16.8,75.5,,4.333333,,4.3965129976
2007-11-18,5.8,9.1,0.0,27.6,20.84,16.2,62.5,36.0,4.333333,,5.46370950357
2007-11-19,6.6,7.8,0.0,28.1,21.0,14.9,58.5,,2.666667,,4.92969317749
2007-11-20,5.8,9.7,0.0,30.7,22.4,15.7,56.0,,3.666667,,6.00506862212
2007-11-21,6.9,7.5,0.0,29.7,22.04,16.3,61.25,,2.0,,4.76396761767
2007-11-22,7.0,5.3,0.0,26.5,22.0,18.7,68.0,,3.0,,4.24088924345
2007-11-23,4.6,0.0,0.0,24.5,20.2,16.9,82.25,,3.666667,,2.49929970118
2007-11-24,,3.8,0.8,26.9,22.12,17.9,74.75,,2.666667,,3.61695156873
2007-11-25,4.5,2.8,0.0,29.1,22.68,19.7,79.25,,2.666667,,3.40768295588
2007-11-26,2.6,1.4,26.0,24.7,20.92,18.1,89.25,,2.333333,,2.50247610639
2007-11-27,1.8,1.4,15.2,27.3,21.76,17.3,83.75,,2.666667,,2.77203187349
2007-11-28,2.2,1.2,18.3,26.6,21.32,19.2,79.5,,3.666667,,3.03095297213
2007-11-29,2.7,5.9,0.4,26.8,22.54,18.7,79.75,,1.333333,,3.84231581759
2007-11-30,3.2,5.1,0.0,26.2,21.88,19.4,82.5,,4.0,,3.72174398402
2007-12-01,3.5,2.6,0.2,26.2,20.82,17.8,76.5,,3.333333,,3.35257255049
2007-12-02,4.0,4.2,0.0,26.7,20.82,17.6,73.25,,4.333333,,3.9864711887
2007-12-03,4.8,9.3,0.0,29.5,22.92,17.7,65.5,,2.333333,,5.20176787186
2007-12-04,5.8,8.3,0.0,29.7,22.4,17.7,73.75,,1.666667,,4.6834348843
2007-12-05,4.4,9.1,0.0,29.9,23.6,19.1,63.25,,2.0,,5.2163775409
2007-12-06,5.0,10.1,0.0,31.3,24.88,19.7,63.5,,1.666667,,5.48514900117
2007-12-07,5.1,7.4,0.0,32.1,25.16,20.1,63.75,,1.666667,,4.90149070093
2007-12-08,4.2,5.2,0.0,30.1,22.8,19.9,77.0,,2.666667,,4.12126904453
2007-12-09,4.6,7.0,0.0,30.2,21.94,18.5,84.25,,3.666667,,4.26941729868
2007-12-10,3.5,6.8,0.0,27.6,21.52,17.9,71.5,,4.333333,,4.66935182336
2007-12-11,7.3,7.4,0.0,28.8,21.4,16.2,68.25,,3.666667,,4.85630668698
2007-12-12,7.1,8.8,0.0,27.9,20.74,17.1,64.25,,3.0,,5.12441397535
2007-12-13,7.6,9.5,0.0,26.9,20.96,15.8,59.0,,3.0,,5.28197527391
2007-12-14,7.0,6.4,0.0,28.4,21.54,16.7,66.25,,2.0,,4.33794154391
2007-12-15,4.7,5.4,0.0,29.1,23.02,18.3,66.25,,2.0,,4.22020171062
2007-12-16,5.1,5.5,0.0,30.4,23.42,19.5,72.75,,3.666667,,4.52561577169
2007-12-17,3.5,4.7,15.2,28.7,21.96,18.5,82.75,,2.333333,,3.65241574764
2007-12-18,2.6,3.9,21.2,23.3,20.32,18.3,83.0,,3.0,,3.21644960197
2007-12-19,2.0,7.8,0.0,26.5,21.88,18.9,77.0,,2.666667,,4.44126933767
2007-12-20,4.6,9.0,0.0,28.3,22.04,17.7,66.75,,2.0,,4.93925307196
2007-12-21,4.9,8.1,0.0,27.9,21.72,17.9,72.5,,3.0,,4.73963147562
2007-12-22,5.0,7.2,0.0,27.7,21.8,18.6,77.0,54.0,2.0,,4.31222459242
2007-12-23,5.0,8.4,0.0,28.1,21.24,15.9,60.25,,2.0,,4.84764452336
2007-12-24,5.3,7.6,0.0,26.2,20.52,17.1,70.0,,5.333333,,4.86984432752
2007-12-25,6.5,7.2,0.0,26.2,20.56,16.1,73.75,,5.0,,4.4948655856
2007-12-26,5.0,11.1,0.2,27.5,21.62,16.8,56.75,,3.333333,,5.8710162999
2007-12-27,6.9,9.8,0.0,29.5,21.72,16.5,56.0,,4.0,,6.04219147332
2007-12-28,8.2,5.6,0.0,26.7,21.02,16.3,59.25,,4.666667,,4.99904448115
2007-12-29,6.0,10.0,0.2,27.7,21.4,16.5,68.25,,4.0,,5.34700144201
2007-12-30,5.3,6.1,0.0,27.0,21.3,16.5,63.0,,4.0,,4.77660512911
2007-12-31,6.2,10.0,0.0,28.4,22.08,17.4,61.75,,3.666667,,5.68190252961
2008-01-01,6.2,7.5,0.0,27.4,21.74,17.9,64.25,50.0,4.0,,5.09134445719
2008-01-02,5.8,5.1,0.0,26.0,20.1,16.5,66.5,48.0,3.0,,4.13822232079
2008-01-03,4.5,8.0,0.0,26.9,20.56,16.7,58.25,35.0,3.666667,,5.26126570735
2008-01-04,6.4,9.9,0.0,28.4,21.8,16.7,59.0,48.0,2.333333,,5.361652032
2008-01-05,6.0,8.9,0.0,28.3,22.7,18.5,62.5,48.0,2.333333,,5.14528998477
2008-01-06,5.9,8.1,0.0,30.5,23.58,18.5,60.75,40.0,2.0,,5.07425149695
2008-01-07,7.2,9.4,0.0,32.8,24.94,18.3,45.25,32.0,3.0,,6.42390365483
2008-01-08,8.6,9.3,0.0,29.9,23.46,18.9,59.0,41.0,3.666667,,5.8915446905
2008-01-09,7.4,7.2,0.4,28.7,24.32,18.3,64.25,39.0,2.666667,,4.84356053039
2008-01-10,7.0,9.9,0.0,29.0,22.3,16.7,51.0,34.0,2.666667,,5.74317199524
2008-01-11,8.3,10.3,0.0,29.2,22.28,17.7,53.75,35.0,3.0,,5.93959018677
2008-01-12,7.2,11.4,0.0,30.2,22.72,16.9,50.25,30.0,3.333333,,6.4642698499
2008-01-13,7.3,10.1,0.0,28.3,21.36,15.5,58.0,45.0,4.333333,,5.92242048305
2008-01-14,6.2,8.4,0.0,27.9,21.08,16.3,65.5,47.0,5.333333,,5.41530325773
2008-01-15,6.1,8.6,0.0,27.7,21.64,16.7,58.0,46.0,4.666667,,5.73359384317
2008-01-16,6.5,7.3,0.0,27.8,22.22,16.9,61.5,46.0,3.666667,,5.09149650655
2008-01-17,6.3,3.2,0.0,28.4,22.84,19.7,74.0,49.0,3.333333,,3.79017260535
2008-01-18,4.8,3.6,0.3,26.9,22.24,18.5,72.0,59.0,3.0,,3.76815815677
2008-01-19,4.4,10.1,0.0,31.4,25.18,18.3,57.5,39.0,3.333333,,6.14579837796
2008-01-20,7.3,11.4,0.0,32.6,24.64,17.0,54.75,34.0,2.0,,6.06649042036
2008-01-21,8.0,9.2,0.0,33.0,26.16,18.9,48.75,32.0,2.0,,5.79287716628
2008-01-22,7.5,5.1,0.0,29.0,23.36,20.3,64.5,49.0,3.0,,4.5839174252
2008-01-23,6.0,7.7,0.0,28.9,22.56,18.5,66.25,47.0,4.666667,,5.34773372166
2008-01-24,6.8,10.4,0.0,29.3,22.66,16.4,56.25,38.0,5.0,,6.41320160393
2008-01-25,8.3,10.6,0.0,29.3,22.76,17.7,57.75,42.0,3.0,,5.89451775883
2008-01-26,6.6,6.3,0.0,28.7,22.04,16.7,56.25,42.0,3.333333,,5.08498152582
2008-01-27,6.1,8.2,0.0,29.4,22.18,16.7,60.25,44.0,4.0,,5.55643657659
2008-01-28,7.6,6.8,0.0,28.2,21.72,17.1,60.25,49.0,3.666667,,5.09470319758
2008-01-29,6.5,7.2,0.0,28.4,21.98,15.7,53.0,36.0,3.333333,,5.31637391744
2008-01-30,7.2,5.5,0.0,29.6,24.08,18.2,55.25,43.0,2.333333,,4.69566073123
2008-01-31,5.6,3.3,4.5,27.2,21.74,19.6,90.25,52.0,3.0,,3.04945476618
2008-02-01,1.6,0.1,28.3,24.2,20.54,18.9,88.5,88.0,3.333333,,2.2681040085
2008-02-02,0.9,4.8,19.4,27.5,21.6,17.7,85.0,73.0,3.333333,,3.54582720936
2008-02-03,1.8,4.8,23.4,29.1,23.64,19.1,75.0,46.0,1.333333,,3.79017983943
2008-02-04,6.6,10.5,0.0,30.9,23.84,18.7,64.5,40.0,1.666667,,5.52017265488
2008-02-05,5.8,11.3,0.0,28.7,23.68,18.7,59.25,37.0,3.0,,5.98676624262
2008-02-06,6.8,10.5,0.0,28.5,22.36,17.9,59.25,44.0,2.666667,,5.66038776764
2008-02-07,5.9,10.8,0.0,29.5,23.0,18.1,54.5,40.0,2.666667,,5.95204748226
2008-02-08,6.2,9.8,0.0,29.7,23.12,18.1,58.25,42.0,2.666667,,5.65543664008
2008-02-09,5.2,8.3,0.0,30.5,23.56,19.1,58.0,45.0,3.0,,5.57188280322
2008-02-10,5.8,5.9,0.0,28.5,22.0,16.9,64.75,48.0,2.666667,,4.46970920325
2008-02-11,4.9,11.0,0.0,30.2,22.94,16.9,52.5,37.0,2.0,,5.77423725761
2008-02-12,6.4,8.9,0.0,30.3,23.12,18.9,62.25,44.0,2.0,,5.22552234956
2008-02-13,6.0,9.0,0.2,30.5,23.16,19.7,73.5,44.0,3.666667,,5.30281816981
2008-02-14,5.4,7.4,0.2,28.3,21.88,18.7,76.0,56.0,4.333333,,4.6630773329
2008-02-15,4.5,5.0,0.0,27.5,21.6,18.1,80.5,70.0,3.666667,,3.79718679623
2008-02-16,3.6,7.7,0.3,28.7,22.16,17.9,71.25,45.0,3.666667,,4.85891660427
2008-02-17,5.6,6.2,2.4,28.5,21.8,18.7,76.5,50.0,3.666667,,4.3257944428
2008-02-18,4.2,7.7,0.2,29.3,22.8,18.9,64.0,39.0,1.466667,,4.6593676835
2008-02-19,5.4,7.7,0.0,28.5,22.52,17.9,70.25,48.0,3.0,,4.76570032871
2008-02-20,4.9,10.7,0.0,27.9,21.76,19.1,66.25,48.0,2.0,,5.35573050787
2008-02-21,7.0,8.2,0.0,30.9,23.64,18.3,60.5,38.0,2.0,,5.0902534933
2008-02-22,6.4,11.7,0.0,31.7,23.76,17.9,56.5,36.0,1.666667,,5.87497919379
2008-02-23,5.6,9.5,0.0,32.1,24.4,18.9,52.0,36.0,1.333333,,5.32369508474
2008-02-24,6.9,11.0,0.0,33.5,24.68,17.7,44.0,26.0,1.333333,,5.76804714748
2008-02-25,7.8,5.0,0.0,31.5,24.08,18.1,58.25,37.0,3.333333,,4.97672442117
2008-02-26,5.6,6.1,3.7,30.3,22.92,19.7,84.75,69.0,2.333333,,4.03415029591
2008-02-27,2.3,2.3,8.8,28.5,22.08,18.7,75.0,49.0,3.0,,3.40506777805
2008-02-28,3.4,2.6,3.4,26.5,21.8,19.1,83.25,69.0,2.666667,,3.03530899547
2008-02-29,2.2,0.4,5.4,25.8,20.66,18.9,90.75,86.0,4.333333,,2.23691253494
2008-03-01,1.4,3.0,1.2,27.3,21.92,18.5,77.5,60.0,2.0,,3.23839283916
2008-03-02,2.4,1.3,10.4,25.1,20.84,18.3,86.75,72.0,1.333333,,2.48089273535
2008-03-03,1.8,9.7,0.0,29.1,23.28,18.7,69.5,51.0,2.333333,,5.13161907149
2008-03-04,4.8,10.0,0.0,30.8,24.18,18.6,66.5,49.0,2.333333,,5.40111006278
2008-03-05,4.5,9.7,0.0,30.4,24.14,20.0,56.5,35.0,1.666667,,5.32410700197
2008-03-06,6.5,8.6,0.0,28.7,22.74,18.6,69.5,49.0,2.666667,,4.89016032166
2008-03-07,5.4,9.8,0.0,28.0,22.96,19.3,64.25,51.0,3.0,,5.34779516617
2008-03-08,5.6,8.6,0.0,28.0,21.78,19.1,70.75,51.0,3.0,,4.86345317322
2008-03-09,5.6,10.2,0.0,28.7,21.54,16.3,64.5,45.0,2.0,,5.07650460685
2008-03-10,5.3,8.2,0.0,28.5,22.4,18.3,65.5,46.0,2.333333,,4.77881531551
2008-03-11,5.2,10.6,0.0,29.5,22.28,17.7,67.0,45.0,2.666667,,5.37234994699
2008-03-12,5.6,8.8,0.0,28.7,22.32,18.1,66.25,49.0,2.666667,,4.95448606157
2008-03-13,5.0,8.6,0.0,29.9,22.64,18.7,70.25,44.0,2.0,,4.77704172781
2008-03-14,5.1,5.8,0.0,31.3,24.3,19.6,63.25,43.0,2.0,,4.41485962956
2008-03-15,5.8,1.6,0.0,27.7,22.32,19.1,73.25,53.0,3.333333,,3.28795950393
2008-03-16,4.2,5.5,0.0,27.9,22.08,18.7,82.0,59.0,4.333333,,3.77798088492
2008-03-17,4.4,9.2,2.1,28.0,21.76,18.5,71.0,46.0,4.666667,,5.10199482439
2008-03-18,5.7,4.8,0.2,26.5,21.34,17.4,73.75,55.0,4.333333,,3.90557348404
2008-03-19,3.8,5.9,0.0,26.7,21.16,18.3,81.75,67.0,4.0,,3.73685220807
2008-03-20,2.7,0.5,2.5,24.1,19.9,18.0,84.5,72.0,3.666667,,2.38901016776
2008-03-21,2.7,7.5,0.0,26.0,21.2,17.3,76.25,58.0,4.333333,,4.21375328316
2008-03-22,4.1,5.8,1.1,26.9,21.1,18.3,84.25,61.0,5.0,,3.60561182015
2008-03-23,3.0,5.3,0.2,24.2,21.04,18.2,88.25,81.0,3.666667,,3.14263924448
2008-03-24,1.2,6.5,9.7,27.3,21.52,17.9,79.25,59.0,3.0,,3.87771054785
2008-03-25,5.4,2.8,0.0,26.7,21.84,18.9,77.25,56.0,2.666667,,3.14211511645
2008-03-26,2.5,8.3,0.0,27.9,22.22,18.8,76.75,54.0,2.666667,,4.36518339614
2008-03-27,4.8,4.1,0.0,25.7,21.2,19.1,87.0,70.0,2.666667,,3.0288873741
2008-03-28,3.0,5.0,0.0,28.7,22.72,18.9,79.0,59.0,2.666667,,3.62423874779
2008-03-29,3.8,2.8,38.4,26.3,21.64,18.1,81.5,68.0,2.666667,,2.92141069788
2008-03-30,2.2,1.8,0.3,24.9,21.64,18.9,83.5,71.0,2.333333,,2.58282600463
2008-03-31,2.0,4.9,0.1,29.1,21.96,18.7,90.0,83.0,4.038507,,3.1810773508
2008-04-01,1.0,2.4,7.6,22.9,20.46,18.2,85.5,,3.666667,,2.58781079096
2008-04-02,1.5,0.0,0.2,23.9,20.72,18.2,86.0,,3.666667,,2.15594171973
2008-04-03,1.0,7.0,0.1,25.7,21.18,18.1,83.5,,3.666667,,3.64498698336
2008-04-04,2.7,4.5,4.2,27.1,21.66,19.5,92.0,,2.333333,,2.96632496812
2008-04-05,1.3,4.2,9.4,26.5,22.42,19.6,84.0,,3.0,,3.13964929285
2008-04-06,2.4,5.5,0.5,27.3,22.44,20.1,83.5,,2.666667,,3.4574059985
2008-04-07,2.2,6.2,11.5,25.9,21.68,19.1,80.5,,3.666667,,3.63638707494
2008-04-08,3.0,9.4,0.6,26.9,21.56,18.3,77.75,,3.666667,,4.36348358295
2008-04-09,4.4,9.0,8.8,27.3,21.4,17.9,75.25,57.0,2.666667,,4.28011141994
2008-04-10,3.8,7.5,0.0,26.7,21.84,18.9,75.25,,2.666667,,3.98329642129
2008-04-11,3.2,5.1,0.6,27.7,21.28,17.1,78.0,,2.0,,3.32440970997
2008-04-12,1.9,7.8,0.4,27.5,22.12,18.9,73.25,,2.0,,4.01548914347
2008-04-13,4.2,9.2,0.0,30.2,23.34,19.3,66.5,,1.666667,,4.52330693613
2008-04-14,4.8,8.5,0.0,30.4,23.28,19.5,67.75,,2.333333,,4.54877345852
2008-04-15,4.4,10.4,0.0,29.0,22.96,18.2,67.5,,2.666667,,4.81823313387
2008-04-16,5.7,8.3,0.0,29.0,22.66,19.2,73.5,,4.0,,4.4849284759
2008-04-17,5.0,7.6,0.0,27.0,21.26,18.3,79.0,,3.666667,,3.87148664969
2008-04-18,3.7,4.3,0.3,27.0,20.92,18.1,85.0,,4.333333,,3.02061823753
2008-04-19,3.6,9.8,0.1,27.5,21.48,17.3,64.25,,3.333333,,4.73583521068
2008-04-20,5.2,9.0,0.0,25.4,21.28,18.0,77.25,,4.0,,4.04414353834
2008-04-21,3.4,7.0,2.2,26.7,20.72,17.9,71.75,,2.666667,,3.80914958111
2008-04-22,4.0,9.9,0.0,28.3,21.68,16.3,66.25,,3.333333,,4.65734009158
2008-04-23,6.3,1.6,0.0,27.1,21.64,17.9,78.75,,3.0,,2.66185191432
2008-04-24,3.2,7.9,0.0,30.9,23.6,17.1,64.0,,2.0,,4.21212598571
2008-04-25,6.8,7.0,0.0,30.3,23.56,18.1,63.5,,2.0,,4.0353270195
2008-04-26,5.2,8.2,0.0,30.1,23.28,19.3,66.5,,2.0,,4.21158638739
2008-04-27,5.9,6.6,0.0,29.5,22.6,17.9,64.75,,2.333333,,3.95913461134
2008-04-28,5.8,9.4,0.0,28.4,22.66,19.0,65.75,,3.0,,4.55481211702
2008-04-29,6.5,8.8,0.0,28.9,22.42,19.2,75.25,,3.333333,,4.21612757784
2008-04-30,7.3,10.1,0.0,28.9,22.36,18.5,61.0,,1.666667,,4.35609453257
2008-05-01,4.9,9.5,0.0,27.9,21.8,18.5,66.0,,4.0,,4.68940892961
2008-05-02,5.6,4.5,0.7,24.4,20.34,17.8,88.75,,4.0,,2.59167032992
2008-05-03,1.6,3.9,9.8,25.4,20.08,17.6,85.0,,2.666667,,2.63741851521
2008-05-04,2.7,9.1,0.0,26.7,21.32,17.7,70.75,,2.666667,,4.00724548476
2008-05-05,4.1,10.1,0.0,29.3,21.84,15.9,60.75,,2.0,,4.3264382878
2008-05-06,4.8,8.6,0.0,30.7,23.36,17.1,59.25,,2.0,,4.24170424318
2008-05-07,4.7,7.6,0.0,30.5,23.56,18.7,74.75,,3.333333,,4.01546677563
2008-05-08,3.4,3.9,5.8,24.3,20.48,18.9,92.25,,4.333333,,2.30360701597
2008-05-09,1.4,0.6,1.2,23.5,20.0,17.7,92.5,,2.766667,,1.72244047691
2008-05-10,1.2,0.0,1.2,21.1,18.56,17.3,96.25,,4.333333,,1.36887998058
2008-05-11,1.0,0.9,0.8,22.5,19.04,16.1,84.5,,3.666667,,2.04267272659
2008-05-12,2.4,7.6,0.0,23.3,19.42,16.5,79.75,,5.333333,,3.32314464588
2008-05-13,3.2,1.9,0.4,21.9,18.08,16.1,85.5,,4.0,,2.12308144103
2008-05-14,2.2,6.3,0.0,24.3,18.9,15.7,79.5,,3.333333,,3.030974979
2008-05-15,3.2,5.2,0.0,24.4,19.34,16.9,87.75,,4.0,,2.59991765543
2008-05-16,2.3,6.9,1.3,25.8,20.12,17.3,75.25,52.0,4.0,,3.49982118658
2008-05-17,3.0,7.0,0.0,25.5,20.08,17.3,71.75,,4.0,,3.6416603451
2008-05-18,3.9,1.6,0.2,22.5,18.82,16.4,81.0,,4.666667,,2.35609502315
2008-05-19,3.0,4.4,0.0,25.3,20.2,16.9,84.75,,3.666667,,2.61909831036
2008-05-20,2.6,6.8,0.0,26.3,20.24,16.3,71.75,,3.666667,,3.54433798518
2008-05-21,3.6,6.9,0.0,25.5,19.6,14.7,74.5,,2.666667,,3.17519387659
2008-05-22,3.8,2.5,0.0,23.5,19.44,16.7,88.25,,2.666667,,2.06613095851
2008-05-23,3.5,3.8,0.0,24.5,19.72,16.9,78.75,,2.666667,,2.60500459
2008-05-24,3.6,8.6,,25.9,20.08,14.5,79.5,,2.0,,3.20265237201
2008-05-25,5.2,9.8,0.0,25.3,20.48,17.1,82.25,,3.666667,,3.46068391858
2008-05-26,3.8,9.8,0.0,26.8,20.66,16.3,60.0,,3.666667,,4.39501650872
2008-05-27,6.9,10.2,0.0,25.9,20.0,14.7,63.0,,5.0,,4.47492160505
2008-05-28,5.3,8.9,0.0,24.8,19.3,16.7,67.5,,5.666667,,4.19769848282
2008-05-29,5.2,5.1,0.0,24.4,19.9,15.1,77.25,,5.333333,,3.04882848519
2008-05-30,4.2,2.7,0.2,22.5,19.02,17.0,89.75,,4.0,,1.99555136311
2008-05-31,1.8,9.9,0.0,24.5,19.42,15.6,78.5,,5.0,,3.53744792212
2008-06-01,3.7,6.0,0.3,23.1,18.68,15.5,76.75,60.0,5.333333,,3.09826540628
2008-06-02,3.3,4.9,0.0,22.8,17.86,13.7,84.25,74.0,5.0,,2.45977523139
2008-06-03,2.3,4.2,0.0,22.1,18.64,15.5,88.5,78.0,2.8,,2.15963575585
2008-06-04,2.6,8.8,0.0,24.3,19.0,15.7,80.75,55.0,3.333333,,3.16313777466
2008-06-05,3.4,8.8,0.2,25.3,19.6,16.7,70.0,49.0,2.666667,,3.51576621211
2008-06-06,4.0,10.3,0.4,24.8,18.86,16.5,91.5,77.0,3.333333,,3.04368165488
2008-06-07,2.6,7.5,2.1,25.7,19.8,16.3,82.25,59.0,4.333333,,3.08601602965
2008-06-08,3.4,5.3,9.4,23.3,19.16,16.7,90.0,77.0,5.0,,2.30635758562
2008-06-09,1.6,8.5,4.6,23.7,18.24,16.1,81.0,64.0,5.333333,,3.180199911
2008-06-10,3.9,6.7,0.0,22.9,18.38,15.4,82.75,64.0,3.666667,,2.72121085745
2008-06-11,2.6,10.1,0.1,24.4,18.42,15.5,69.75,44.0,3.333333,,3.67375441986
2008-06-12,5.0,1.2,0.0,20.9,17.92,16.1,92.0,80.0,3.666667,,1.59670612513
2008-06-13,1.2,8.2,0.9,23.7,18.4,14.5,83.0,63.0,4.0,,2.91076171478
2008-06-14,3.0,6.2,1.7,22.9,17.9,15.8,83.5,55.0,4.333333,,2.66443824309
2008-06-15,3.5,9.0,0.0,23.7,18.16,14.3,72.0,56.0,3.333333,,3.35559523611
2008-06-16,3.6,9.5,0.0,26.7,19.88,14.7,72.0,52.0,1.666667,,3.33254147725
2008-06-17,5.4,8.5,0.0,25.9,18.76,16.1,74.75,48.0,5.0,,3.62943759095
2008-06-18,2.1,2.4,0.8,22.3,18.0,15.1,94.25,84.0,3.666667,,1.66272724663
2008-06-19,1.3,8.6,5.0,23.3,17.36,14.9,79.5,58.0,4.333333,,3.10985693123
2008-06-20,3.6,9.1,0.0,23.7,17.56,14.3,72.5,50.0,2.0,,3.13526421006
2008-06-21,4.0,5.0,0.0,22.9,17.76,15.1,79.5,58.0,2.666667,,2.51833055045
2008-06-22,2.4,4.8,0.4,22.9,17.64,12.9,76.25,60.0,2.0,,2.42886076004
2008-06-23,3.0,0.7,0.1,21.9,18.24,15.5,90.0,73.0,3.666667,,1.62734814274
2008-06-24,1.3,1.8,0.8,21.4,18.3,16.5,87.75,72.0,5.333333,,1.92291778669
2008-06-25,1.9,8.0,0.0,22.4,17.64,14.9,80.5,64.0,3.0,,2.86183708965
2008-06-26,3.4,5.2,0.0,22.4,17.86,14.9,83.25,62.0,3.666667,,2.46349442462
2008-06-27,2.3,2.8,3.1,20.9,17.4,15.2,94.75,87.0,4.333333,,1.63068472481
2008-06-28,1.2,2.0,2.2,20.5,17.16,14.8,92.5,78.0,4.333333,,1.62182880405
2008-06-29,2.2,2.1,3.4,19.5,16.34,14.1,93.25,93.0,4.333333,,1.55443629116
2008-06-30,1.0,5.0,1.3,21.1,16.88,14.5,85.25,67.0,4.333333,,2.3148559389
2008-07-01,1.8,4.8,3.1,21.5,17.64,15.5,89.0,,3.333333,,2.17350474447
2008-07-02,1.4,5.6,2.5,21.5,17.08,14.7,88.75,,3.666667,,2.25777286478
2008-07-03,2.0,2.8,0.5,19.9,16.6,13.9,88.0,,3.333333,,1.86774508503
2008-07-04,1.2,4.8,0.4,21.9,17.0,14.1,81.75,,2.666667,,2.37256686392
2008-07-05,2.0,3.5,0.2,21.5,17.44,14.9,84.25,,3.666667,,2.19892886754
2008-07-06,2.6,2.0,0.2,21.5,17.72,15.3,85.0,,4.0,,2.01926313276
2008-07-07,1.8,2.0,0.6,23.4,16.68,14.4,84.25,,3.666667,,2.08134096596
2008-07-08,2.2,10.3,0.1,22.7,16.4,12.4,69.5,,2.666667,,3.37789417268
2008-07-09,3.5,10.2,0.0,22.2,16.52,13.0,75.75,,3.666667,,3.29159350679
2008-07-10,4.0,3.0,0.0,19.7,17.04,13.9,91.5,,4.0,,1.76634044944
2008-07-11,1.2,4.4,2.8,21.0,17.04,13.9,88.5,,4.666667,,2.1096786812
2008-07-12,1.8,9.6,0.3,22.3,16.88,14.3,82.0,,1.8,,3.01511630783
2008-07-13,3.4,10.1,0.0,22.3,16.88,14.3,68.5,,4.0,,3.6848030487
2008-07-14,4.2,4.0,0.0,20.9,16.68,13.7,89.75,,5.0,,2.00364217683
2008-07-15,2.4,0.8,0.1,19.3,16.0,14.1,96.0,,3.666667,,1.33833841779
2008-07-16,0.9,7.7,0.3,22.5,16.24,12.3,80.5,,5.666667,,2.954022932
2008-07-17,4.7,4.4,0.0,21.3,17.32,14.1,78.5,,3.333333,,2.52012241245
2008-07-18,3.5,3.9,0.0,22.5,17.76,15.1,81.5,,2.0,,2.32152009399
2008-07-19,3.0,7.5,0.2,24.5,17.8,15.7,85.75,,3.0,,2.88682423539
2008-07-20,3.0,8.6,0.2,22.9,16.92,14.7,73.25,,3.333333,,3.35501277566
2008-07-21,5.5,1.4,0.0,19.9,16.22,11.7,84.25,,3.666667,,1.86547886118
2008-07-22,2.2,4.5,0.3,21.9,17.22,15.0,88.0,,4.333333,,2.27331994676
2008-07-23,1.1,7.4,4.8,22.7,17.16,14.5,83.0,,3.666667,,2.87557373491
2008-07-24,3.2,10.4,0.0,24.1,17.66,14.1,70.5,,1.666667,,3.49938881021
2008-07-25,3.7,10.5,0.0,24.8,16.8,11.7,69.25,,2.666667,,3.67939919919
2008-07-26,4.0,9.7,0.0,25.2,17.12,10.8,69.75,,3.0,,3.62552634436
2008-07-27,5.7,8.1,0.0,22.9,17.08,14.2,70.5,50.0,5.0,,3.66335240565
2008-07-28,4.4,3.1,0.0,20.7,16.68,13.7,92.0,,4.666667,,1.85427861549
2008-07-29,0.7,4.5,3.6,21.7,17.0,13.9,84.5,,5.333333,,2.4645867359
2008-07-30,2.8,6.9,1.8,23.1,16.96,14.5,79.5,,2.0,,2.90380928672
2008-07-31,3.2,9.1,0.0,23.9,17.68,14.1,80.5,,4.333333,,3.35949240453
2008-08-01,4.2,7.4,0.0,22.1,17.34,13.8,70.25,,3.0,,3.27930581355
2008-08-02,4.4,8.3,0.0,25.5,19.4,14.9,57.25,,2.0,,3.74167807259
2008-08-03,4.8,5.9,0.0,26.6,20.38,15.9,72.5,,2.0,,3.17253817862
2008-08-04,4.0,8.5,0.0,29.6,21.5,17.9,69.25,,2.0,,3.94106172881
2008-08-05,5.3,10.0,0.0,26.4,20.06,17.5,71.25,,6.0,,4.53999325014
2008-08-06,6.0,8.0,0.0,23.4,18.36,14.9,74.25,,4.333333,,3.56144423288
2008-08-07,5.6,7.5,0.0,24.1,18.6,15.3,79.25,,4.666667,,3.36137552553
2008-08-08,3.9,8.6,0.0,25.4,19.04,15.8,71.75,,2.666667,,3.72199910831
2008-08-09,5.0,9.9,0.0,24.9,18.56,15.3,62.25,,4.333333,,4.52267469126
2008-08-10,5.9,9.7,0.0,25.2,18.74,15.5,59.75,,4.333333,,4.65830490874
2008-08-11,6.0,8.1,0.0,24.8,18.7,14.7,75.25,,5.0,,3.73785117807
2008-08-12,4.6,6.7,0.4,23.3,18.42,15.4,82.25,,4.666667,,3.10604831941
2008-08-13,3.8,6.6,0.0,24.1,17.92,15.1,77.0,,3.666667,,3.31295810591
2008-08-14,3.9,7.7,0.2,23.5,18.2,14.9,75.25,,5.333333,,3.65492527452
2008-08-15,3.6,8.2,4.0,24.3,18.68,14.7,78.75,,5.333333,,3.5910892093
2008-08-16,4.6,0.9,4.6,19.9,17.08,16.1,93.75,,4.333333,,1.63584828895
2008-08-17,1.0,6.3,2.6,22.5,17.92,14.7,80.5,,3.666667,,3.05928291903
2008-08-18,3.4,7.6,0.0,23.4,17.28,14.2,72.75,,3.666667,,3.59761672192
2008-08-19,4.7,5.0,0.2,22.4,17.22,14.3,80.75,,5.333333,,2.94468891095
2008-08-20,2.8,4.8,0.8,21.0,16.62,14.7,89.5,,4.333333,,2.41728780722
2008-08-21,1.3,6.1,1.4,21.7,17.52,14.5,87.5,,4.0,,2.73691804027
2008-08-22,2.5,9.6,0.7,23.3,18.06,14.4,77.75,,3.0,,3.71661859388
2008-08-23,3.7,6.0,0.3,24.6,18.82,15.7,80.25,,3.666667,,3.24754494321
2008-08-24,3.7,6.5,1.3,23.2,17.56,14.6,75.25,,4.333333,,3.47160022357
2008-08-25,4.1,8.8,0.0,24.1,17.68,12.9,74.0,,3.666667,,3.79985271897
2008-08-26,5.2,6.7,0.0,23.7,18.64,14.7,63.75,,3.0,,3.80339701009
2008-08-27,3.9,9.2,0.0,25.7,21.04,13.7,50.0,,2.0,,4.32129254025
2008-08-28,5.0,8.3,0.0,26.5,19.6,14.5,58.5,,2.0,,4.11892129203
2008-08-29,5.2,10.6,0.0,26.9,19.72,13.9,55.25,39.0,1.666667,,4.45349683814
2008-08-30,5.8,9.7,0.0,26.5,20.28,15.9,61.0,,2.0,,4.39320799875
2008-08-31,6.9,10.1,0.0,25.7,18.92,13.1,62.5,,2.666667,,4.43543415369
2008-09-01,6.1,10.3,0.0,26.2,19.22,13.7,60.5,,5.333333,,5.2100702914
2008-09-02,7.2,1.4,0.0,21.5,17.78,15.5,90.5,,3.666667,,2.00510815151
2008-09-03,1.1,8.5,4.6,23.4,18.06,13.7,78.75,60.0,4.0,,3.67517366651
2008-09-04,4.5,9.7,0.0,27.0,19.68,14.8,68.0,,3.333333,,4.57457032982
2008-09-05,5.6,9.3,0.0,26.7,19.46,16.0,60.5,,3.666667,,4.90631711463
2008-09-06,7.1,8.3,0.0,28.8,19.36,13.2,65.75,,2.666667,,4.3784338794
2008-09-07,6.9,8.1,0.0,27.7,20.04,15.9,63.5,,4.333333,,4.84982999487
2008-09-08,7.3,8.9,0.0,26.3,20.32,16.7,66.5,,4.666667,,4.81723961482
2008-09-09,7.1,4.7,0.0,23.7,18.04,15.9,79.0,,4.333333,,3.2512355282
2008-09-10,4.4,8.1,0.0,24.7,18.2,12.9,77.75,,3.666667,,3.77026838703
2008-09-11,5.8,6.2,0.0,24.1,18.88,13.9,74.0,,3.666667,,3.61946300518
2008-09-12,5.6,4.8,0.0,24.9,18.96,15.5,73.25,,2.666667,,3.39558393371
2008-09-13,6.7,8.5,0.0,26.7,19.68,15.1,63.75,,1.666667,,4.20401929557
2008-09-14,4.0,7.3,0.0,27.9,20.36,15.9,63.25,,2.666667,,4.39700640265
2008-09-15,7.2,10.2,0.0,27.4,20.58,16.6,61.75,,4.0,,5.3054705796
2008-09-16,8.1,8.0,0.0,27.3,20.3,16.2,61.0,,3.666667,,4.85787298853
2008-09-17,9.0,0.1,0.0,27.6,20.38,16.3,61.0,,3.333333,,3.39955196411
2008-09-18,9.3,8.5,0.0,27.4,20.84,16.6,59.5,,2.333333,,4.65831173272
2008-09-19,9.0,7.8,0.0,26.6,20.34,16.3,69.5,,4.666667,,4.5987863978
2008-09-20,6.7,1.6,0.1,21.5,18.52,16.7,94.25,,4.333333,,1.98439566041
2008-09-21,1.1,3.7,5.1,22.5,18.34,15.7,91.0,,4.0,,2.53232527364
2008-09-22,2.1,9.5,0.0,28.7,21.88,16.9,66.25,,2.0,,4.77214865912
2008-09-23,6.4,8.7,0.0,30.7,23.36,17.9,61.0,,1.666667,,4.79612272462
2008-09-24,8.2,6.5,0.0,29.3,21.88,18.3,73.0,,3.0,,4.28450311164
2008-09-25,7.3,5.5,0.0,27.5,21.92,17.5,74.5,,4.333333,,4.05826632314
2008-09-26,5.4,3.3,1.2,23.7,19.16,16.9,82.5,,4.0,,2.97865212058
2008-09-27,2.4,2.7,0.4,22.3,18.04,15.9,93.25,,3.666667,,2.30148642212
2008-09-28,3.2,7.7,0.0,27.9,20.64,15.9,74.25,,2.0,,4.18563610122
2008-09-29,6.4,10.3,0.0,30.9,22.86,17.7,59.75,,3.666667,,5.88881570149
2008-09-30,8.2,5.8,0.0,28.0,22.24,19.0,72.25,,3.133333,,4.17524509974
2008-10-01,5.8,7.0,0.0,27.4,21.54,17.5,68.25,,4.0,,4.63158159399
2008-10-02,7.3,10.3,0.0,28.7,21.18,15.8,61.75,,3.666667,,5.50723007409
2008-10-03,7.8,7.3,0.0,27.7,21.14,17.5,65.5,,4.0,,4.85456804743
2008-10-04,6.7,9.3,0.0,27.4,21.7,17.6,61.75,,5.0,,5.59963545939
2008-10-05,8.2,8.9,0.0,27.9,21.58,17.2,61.25,,2.333333,,4.92035566322
2008-10-06,7.3,9.1,0.0,28.9,22.2,17.1,61.25,,4.0,,5.50134966528
2008-10-07,7.4,7.3,0.0,26.3,20.0,17.1,76.75,,3.666667,,4.20396826355
2008-10-08,5.0,4.8,0.8,24.2,18.74,15.9,92.25,,4.0,,2.85685397895
2008-10-09,2.0,8.3,6.2,24.9,18.8,15.7,87.0,,5.0,,3.75367468474
2008-10-10,3.9,8.8,1.7,25.3,18.96,15.9,83.25,,4.333333,,4.10203109241
2008-10-11,4.4,7.6,2.7,24.3,18.84,15.9,81.75,,4.033333,,3.88008324642
2008-10-12,6.8,8.4,0.0,26.1,20.28,16.3,79.5,,3.0,,4.25771966408
2008-10-13,6.4,8.9,0.0,25.8,20.38,16.5,75.25,,5.333333,,4.64956434991
2008-10-14,5.5,5.6,0.0,25.6,19.7,16.1,80.25,,5.0,,3.72467902403
2008-10-15,2.9,5.3,0.6,24.8,19.2,15.8,93.25,,3.333333,,3.02045945672
2008-10-16,2.6,7.1,0.8,27.6,20.42,16.3,66.25,,3.333333,,4.6502352619
2008-10-17,7.0,7.8,0.0,30.4,24.26,14.9,40.25,,3.666667,,6.18388789334
2008-10-18,10.6,9.7,0.0,28.7,21.92,16.2,62.25,,4.0,,5.57066839899
2008-10-19,7.0,6.8,0.0,29.0,21.8,17.2,64.0,,4.0,,5.01161874389
2008-10-20,7.3,7.3,0.0,28.5,22.08,17.5,63.0,40.0,4.0,,5.12901620615
2008-10-21,8.6,8.5,0.0,27.5,21.68,17.3,68.5,,5.333333,,5.20879754473
2008-10-22,9.9,8.7,0.0,27.3,21.0,17.1,68.5,,4.333333,,5.07643905598
2008-10-23,9.8,8.3,0.0,27.1,22.04,15.5,53.25,,5.391093,,5.93882516414
2008-10-24,9.6,10.1,0.0,27.5,20.68,15.7,69.75,,5.0,,5.30498703377
2008-10-25,9.5,9.9,0.0,27.5,20.84,15.5,63.5,,4.333333,,5.48116688577
2008-10-26,7.6,9.5,0.0,28.5,22.36,17.3,59.25,,2.666667,,5.36030679014
2008-10-27,8.4,10.5,0.0,31.3,23.14,17.0,55.5,,3.0,,6.04820907474
2008-10-28,7.6,9.6,0.0,31.7,23.32,17.2,55.75,,3.666667,,6.14876580226
2008-10-29,8.5,9.5,0.0,28.7,22.36,17.6,52.0,,3.333333,,5.86012805663
2008-10-30,9.4,10.5,0.0,31.4,23.56,18.2,57.25,,2.666667,,5.95095503035
2008-10-31,8.5,7.9,0.0,30.4,22.3,16.6,59.0,,3.0,,5.29474875641
2008-11-01,9.8,10.4,0.0,29.8,21.82,16.5,52.5,,4.333333,,6.43108574506
2008-11-02,10.8,10.7,0.0,28.8,21.92,15.6,48.5,,5.0,,6.73223289487
2008-11-03,8.9,11.6,0.0,30.7,23.4,15.5,49.25,,2.0,,5.90167345368
2008-11-04,9.6,10.5,0.0,33.1,25.36,18.9,45.25,,3.333333,,6.85171116562
2008-11-05,11.4,11.0,0.0,31.3,24.68,17.1,45.5,,3.666667,,6.80823124366
2008-11-06,13.1,11.3,0.0,31.1,24.04,17.9,44.0,,2.0,,6.06665072315
2008-11-07,10.4,10.3,0.0,32.3,24.48,17.5,45.75,,2.666667,,6.29775620264
2008-11-08,11.9,9.6,0.0,31.1,24.6,18.5,47.0,,1.333333,,5.31273215462
2008-11-09,8.8,7.7,0.0,25.9,23.48,18.1,45.0,,3.038507,,5.42818657528
2008-11-10,8.9,8.7,0.0,32.3,24.88,18.0,52.0,36.0,2.333333,,5.65224469732
2008-11-11,8.3,9.4,0.0,31.9,24.36,18.0,53.5,,3.333333,,6.15573851364
2008-11-12,9.1,6.8,0.0,29.5,23.24,18.3,60.0,,3.366667,,5.15758039501
2008-11-13,7.8,9.9,0.0,29.5,22.1,16.9,70.75,,3.352587,,5.31421345577
2008-11-14,6.3,1.8,0.0,26.0,21.2,17.8,70.25,,3.333333,,3.43891794701
2008-11-15,5.4,9.3,0.0,30.4,23.38,17.7,52.0,,2.0,,5.452238854
2008-11-16,8.4,11.1,0.0,31.0,23.48,17.3,49.5,,2.333333,,6.07397372624
2008-11-17,8.9,8.1,0.0,29.3,22.56,16.9,57.0,,2.333333,,5.10188051426
2008-11-18,8.0,7.4,0.0,28.3,22.24,17.9,63.0,,1.666667,,4.56706678181
2008-11-19,7.0,7.3,0.0,31.1,24.2,19.1,58.75,,2.0,,4.98681036542
2008-11-20,8.9,0.8,0.0,28.1,22.0,19.1,74.25,,3.666667,,3.26743344144
2008-11-21,5.0,3.0,0.0,27.5,21.72,18.1,76.75,,4.333333,,3.63218796612
2008-11-22,5.8,6.1,1.8,28.3,21.8,17.5,69.25,,3.666667,,4.56408142143
2008-11-23,6.9,8.3,0.0,28.3,22.48,17.3,55.75,,5.333333,,6.06040513685
2008-11-24,9.5,1.1,0.0,27.4,21.86,17.5,66.25,,3.766667,,3.66083970983
2008-11-25,6.6,1.8,0.0,26.8,21.36,18.6,79.5,,4.466667,,3.23212934807
2008-11-26,3.2,5.8,0.6,27.5,21.9,17.9,71.0,,4.666667,,4.53858332138
2008-11-27,5.3,6.3,0.0,28.3,22.62,18.3,68.25,,4.0,,4.7515563815
2008-11-28,6.8,6.8,0.0,28.8,23.16,18.0,58.75,,3.333333,,5.12905347942
2008-11-29,7.8,0.0,0.0,26.3,21.04,18.0,78.0,,2.333333,,2.59982720401
2008-11-30,3.0,3.6,0.2,27.8,22.46,18.7,80.75,,2.333333,,3.41274022911
2008-12-01,3.3,1.5,11.2,27.5,22.0,19.5,87.5,77.0,2.333333,,2.71618770616
2008-12-02,1.4,5.1,46.8,30.1,22.9,20.0,80.75,47.0,2.0,,3.91040325956
2008-12-03,3.4,5.5,22.6,26.5,21.76,18.7,80.75,74.0,3.0,,3.82192711126
2008-12-04,3.4,8.7,4.6,29.3,23.72,18.7,69.5,50.0,3.0,,5.12236118313
2008-12-05,5.4,7.1,0.0,29.5,23.76,19.5,78.75,65.0,3.333333,,4.51269712699
2008-12-06,4.1,2.1,0.0,25.1,21.0,18.5,85.25,70.0,4.333333,,2.88639543801
2008-12-07,3.8,10.6,0.0,28.1,22.22,18.0,64.0,46.0,4.333333,,5.83330079125
2008-12-08,8.0,1.0,0.0,23.9,19.96,17.9,92.0,71.0,3.666667,,2.26317975387
2008-12-09,0.9,7.7,24.7,25.9,20.38,17.2,86.25,65.0,3.333333,,3.98452302689
2008-12-10,3.4,6.4,0.5,25.9,20.92,17.4,82.75,66.0,4.0,,3.86655022801
2008-12-11,3.7,5.6,0.0,26.9,21.28,18.5,78.75,57.0,2.333333,,3.8764533946
2008-12-12,3.5,8.8,0.0,27.4,21.86,18.7,75.0,57.0,4.0,,4.89341252074
2008-12-13,4.8,9.9,0.0,29.5,23.0,18.4,68.0,47.0,3.333333,,5.49923097087
2008-12-14,5.3,3.3,0.0,26.8,21.72,19.3,77.5,62.0,3.333333,,3.54616176921
2008-12-15,3.3,4.7,0.0,27.3,21.24,17.9,74.5,51.0,3.0,,3.89637859915
2008-12-16,4.0,4.3,0.0,28.7,21.72,16.9,77.0,49.0,3.0,,3.76246918646
2008-12-17,3.9,6.3,0.0,28.1,22.4,18.9,76.5,56.0,3.666667,,4.33542173095
2008-12-18,5.0,5.4,0.0,28.0,21.82,18.9,75.5,55.0,3.333333,,4.13968332689
2008-12-19,5.2,11.3,0.0,28.3,21.44,16.5,59.5,41.0,2.666667,,5.70233269598
2008-12-20,6.6,8.0,0.0,27.9,21.68,17.3,64.0,45.0,2.0,,4.72927659964
2008-12-21,6.3,4.3,0.0,27.3,21.76,18.1,72.0,55.0,3.0,,3.91467436473
2008-12-22,6.6,3.6,0.0,27.5,22.36,18.7,75.5,55.0,4.0,,3.80694726788
2008-12-23,5.6,0.4,10.0,23.7,20.08,17.5,91.75,77.0,3.333333,,2.14350961891
2008-12-24,1.6,0.1,1.3,24.8,20.64,18.0,87.0,68.0,2.666667,,2.3035986069
2008-12-25,2.2,6.2,5.7,25.7,21.44,18.5,92.0,93.0,2.333333,,3.58310574694
2008-12-26,2.2,6.6,2.0,27.1,21.48,18.5,81.75,60.0,2.0,,4.02593182181
2008-12-27,3.7,6.3,0.0,26.4,21.2,18.9,79.5,64.0,3.0,,4.05123481106
2008-12-28,3.3,4.7,0.0,26.1,20.28,17.8,78.75,57.0,2.733333,,3.64540985409
2008-12-29,4.7,10.6,0.0,28.3,22.4,17.7,74.75,50.0,2.0,,5.15102441857
2008-12-30,5.8,10.4,0.0,29.1,22.4,17.5,65.25,47.0,2.066667,,5.35727894975
2008-12-31,6.8,11.6,0.0,29.5,23.04,17.3,65.75,50.0,2.0,,5.62727442825
2009-01-01,6.0,10.2,0.0,30.0,23.0,18.3,69.0,48.0,2.666667,,5.46337200765
2009-01-02,5.2,6.0,0.0,31.2,24.26,20.1,69.5,45.0,2.333333,,4.57575413769
2009-01-03,4.7,7.0,0.2,31.1,22.84,18.7,85.5,73.0,2.0,,4.29611985179
2009-01-04,3.4,4.1,39.1,27.4,22.22,18.7,90.75,85.0,2.333333,,3.2193981607
2009-01-05,1.7,0.9,50.4,24.9,20.86,18.1,87.0,70.0,3.0,,2.49809572184
2009-01-06,1.8,8.4,0.2,27.9,22.64,19.3,80.75,59.0,2.666667,,4.59263482144
2009-01-07,3.8,3.3,0.5,25.8,21.76,18.3,80.0,65.0,3.0,,3.33004934222
2009-01-08,3.3,7.6,0.0,26.5,21.34,18.4,78.25,61.0,3.666667,,4.40630955962
2009-01-09,4.2,6.3,0.1,25.4,20.88,17.2,78.5,62.0,5.333333,,4.08263768396
2009-01-10,4.8,8.9,0.0,26.8,21.56,17.9,73.25,47.0,5.333333,,5.03143052488
2009-01-11,5.0,9.4,0.4,27.0,21.12,17.7,76.25,47.0,4.333333,,4.90536279836
2009-01-12,5.6,3.7,0.5,26.9,21.32,18.5,86.5,60.0,4.0,,3.24395741603
2009-01-13,1.7,9.6,6.2,27.0,21.56,17.7,70.5,51.0,4.666667,,5.2606476904
2009-01-14,6.0,9.6,0.1,27.8,21.68,18.3,76.75,49.0,3.666667,,4.99300534277
2009-01-15,5.3,10.2,0.0,28.5,22.64,18.7,66.0,49.0,3.333333,,5.58512731147
2009-01-16,5.9,7.9,0.0,28.4,22.44,17.9,69.75,53.0,3.333333,,4.90631470361
2009-01-17,5.0,9.2,0.0,28.9,23.16,19.8,70.75,50.0,3.333333,,5.29179931722
2009-01-18,6.0,6.4,0.0,27.6,22.08,18.4,69.5,48.0,3.0,,4.50055120784
2009-01-19,5.2,11.1,0.0,29.5,22.58,17.0,58.0,44.0,2.666667,,5.869282172
2009-01-20,6.6,10.3,0.0,29.4,23.18,18.3,64.5,47.0,2.666667,,5.57839090319
2009-01-21,5.9,7.2,0.0,30.8,23.56,18.6,69.5,45.0,2.666667,,4.85863918293
2009-01-22,4.2,6.8,12.4,26.6,22.18,19.9,83.5,70.0,3.0,,4.09534215898
2009-01-23,2.5,9.0,0.4,30.5,24.36,19.8,68.75,48.0,2.333333,,5.26505848432
2009-01-24,4.9,7.8,0.4,28.3,22.48,18.3,76.25,57.0,4.333333,,4.73084696914
2009-01-25,4.3,4.5,0.4,26.7,21.6,18.7,79.0,61.0,3.666667,,3.7548834463
2009-01-26,3.4,7.0,0.0,28.4,22.78,19.2,71.0,52.0,3.666667,,4.78574783669
2009-01-27,5.2,7.5,0.7,28.8,22.48,18.8,69.0,47.0,3.666667,,4.9922288735
2009-01-28,5.7,11.5,0.0,28.6,22.54,17.9,60.0,44.0,4.0,,6.19873105267
2009-01-29,6.6,10.7,0.0,29.9,22.92,17.9,64.25,39.0,3.666667,,5.92338364836
2009-01-30,7.0,11.1,0.0,30.4,23.2,18.5,56.75,37.0,3.666667,,6.39621511008
2009-01-31,7.2,9.7,0.0,30.5,23.28,17.3,62.5,46.0,2.0,,5.36427160227
2009-02-01,5.9,7.2,0.0,29.5,23.14,19.1,68.0,51.0,2.333333,,4.75272086934
2009-02-02,5.2,9.1,0.0,31.4,24.9,19.7,63.75,46.0,3.666667,,5.84833657106
2009-02-03,6.4,9.4,0.0,30.7,23.6,19.9,74.75,50.0,3.0,,5.31025902666
2009-02-04,5.6,8.8,0.0,29.8,23.82,19.5,64.25,50.0,3.666667,,5.59577001702
2009-02-05,6.9,8.1,0.0,29.9,23.88,19.3,63.0,45.0,3.0,,5.31844389268
2009-02-06,7.6,9.1,0.0,28.3,23.12,19.5,68.75,56.0,2.0,,5.03173414603
2009-02-07,6.4,7.4,0.0,29.7,23.8,19.3,65.25,47.0,3.333333,,5.14916696279
2009-02-08,5.7,8.5,0.0,31.1,24.44,19.5,63.25,42.0,2.0,,5.20891490348
2009-02-09,6.2,8.6,0.0,30.7,24.4,19.7,61.0,42.0,2.0,,5.25432476601
2009-02-10,7.0,6.1,0.0,29.3,22.52,18.3,64.75,37.0,2.666667,,4.6272609064
2009-02-11,6.2,10.2,0.0,30.3,23.18,17.6,60.5,36.0,3.666667,,5.98505040277
2009-02-12,7.9,7.5,0.0,30.7,23.96,19.1,55.75,37.0,2.666667,,5.35709124124
2009-02-13,7.2,9.3,0.0,30.3,23.96,18.3,62.25,41.0,1.333333,,5.07474063707
2009-02-14,9.4,10.3,0.0,30.6,24.26,18.5,54.25,39.0,3.666667,,6.33327049953
2009-02-15,7.5,7.3,0.0,26.9,21.96,18.3,63.5,49.0,4.333333,,5.12803587423
2009-02-16,7.4,10.7,0.0,29.3,22.92,17.1,54.5,35.0,3.0,,5.95658429602
2009-02-17,8.0,7.3,0.0,26.3,20.56,17.7,86.25,60.0,4.0,,3.92649792717
2009-02-18,3.3,0.0,26.8,23.3,19.72,17.5,96.5,93.0,4.333333,,1.7666957071
2009-02-19,1.4,0.9,0.9,24.9,20.48,17.3,86.75,67.0,4.0,,2.49183425014
2009-02-20,2.8,6.7,0.2,27.1,20.28,17.1,85.75,58.0,3.666667,,3.84545028365
2009-02-21,3.8,6.7,0.8,26.3,21.24,17.7,83.75,58.0,3.666667,,3.90449965416
2009-02-22,4.6,6.2,0.6,27.5,20.4,17.9,88.5,69.0,4.0,,3.65840871639
2009-02-23,3.4,6.4,0.0,27.9,20.8,17.1,79.5,52.0,4.666667,,4.15884695717
2009-02-24,4.6,8.4,0.0,29.1,22.44,17.9,71.0,46.0,2.666667,,4.86548559341
2009-02-25,6.1,9.6,0.0,29.3,22.68,18.3,65.75,45.0,3.666667,,5.53067667392
2009-02-26,7.2,8.5,0.0,28.7,22.76,18.9,68.5,46.0,5.333333,,5.43251911272
2009-02-27,6.8,7.1,0.0,27.8,22.18,18.9,71.25,46.0,3.0,,4.56236166373
2009-02-28,5.9,2.0,0.0,26.3,21.6,17.9,87.25,82.0,5.0,,2.76400390916
2009-03-01,3.8,8.2,0.0,28.3,21.76,18.1,76.5,47.0,3.666667,,4.66347571421
2009-03-02,6.0,11.5,0.0,29.5,22.48,17.7,70.0,44.0,1.666667,,5.41579587515
2009-03-03,7.3,8.7,0.0,31.2,23.74,18.5,60.25,42.0,3.0,,5.52883547905
2009-03-04,6.1,9.9,0.0,31.6,24.3,19.5,57.0,34.0,2.0,,5.5888666428
2009-03-05,6.9,8.5,0.0,30.8,24.48,20.5,60.5,41.0,2.333333,,5.29553723878
2009-03-06,6.7,3.5,0.0,30.1,24.44,20.9,65.25,50.0,3.0,,4.19906308224
2009-03-07,5.8,2.2,0.0,29.7,23.86,20.4,68.25,51.0,2.666667,,3.64564146225
2009-03-08,4.0,7.9,0.0,29.8,22.98,19.9,64.25,43.0,3.333333,,5.21573965337
2009-03-09,7.1,9.9,0.0,30.7,23.76,18.1,57.0,39.0,3.666667,,6.00420441292
2009-03-10,8.0,11.2,0.0,30.9,23.52,18.7,60.0,39.0,3.0,,5.99538002338
2009-03-11,7.0,10.0,0.0,30.1,23.52,18.3,58.25,39.0,3.666667,,5.90280801564
2009-03-12,8.1,9.8,0.0,30.1,23.08,17.3,62.25,40.0,3.333333,,5.55237697523
2009-03-13,9.2,9.8,0.0,31.7,24.4,18.7,51.75,38.0,2.0,,5.55090038042
2009-03-14,7.6,8.1,0.0,32.1,24.84,19.1,50.75,36.0,2.0,,5.24443517491
2009-03-15,8.1,6.0,0.0,31.7,24.92,19.1,61.25,40.0,3.0,,4.89019188098
2009-03-16,6.8,10.6,0.0,32.0,25.08,18.8,53.75,38.0,2.666667,,5.98103701388
2009-03-17,9.2,6.1,0.0,29.4,23.36,19.7,73.0,52.0,4.0,,4.47741499488
2009-03-18,4.9,9.8,0.2,29.8,23.38,19.1,62.5,42.0,2.333333,,5.26572384212
2009-03-19,8.1,7.9,0.0,30.7,23.74,18.7,62.0,40.0,3.666667,,5.33009871704
2009-03-20,7.0,7.7,0.0,29.4,24.34,19.7,62.25,50.0,3.333333,,5.10468188073
2009-03-21,6.3,8.9,0.0,31.7,24.92,20.5,61.25,40.0,3.0,,5.51474410242
2009-03-22,7.1,8.7,0.0,30.7,25.04,20.5,61.5,48.0,2.0,,5.02851023219
2009-03-23,6.8,7.9,0.0,30.3,24.4,19.3,60.75,46.0,1.666667,,4.65199709021
2009-03-24,6.2,6.3,0.0,30.1,24.52,19.1,66.5,47.0,2.666667,,4.46212566537
2009-03-25,5.2,8.6,0.0,30.7,24.0,19.7,71.25,44.0,3.0,,4.93553519024
2009-03-26,5.0,7.1,0.0,32.5,24.92,19.3,68.5,43.0,2.666667,,4.73708160214
2009-03-27,5.1,6.1,0.0,30.7,23.8,20.3,74.5,45.0,3.0,,4.27327075956
2009-03-28,3.8,7.4,3.0,31.1,24.16,19.3,56.5,37.0,2.333333,,4.9035304548
2009-03-29,5.2,10.3,0.0,31.7,23.76,17.9,66.5,44.0,2.333333,,5.24446196235
2009-03-30,7.4,5.0,1.9,31.6,24.44,21.0,83.75,81.0,2.666667,,3.6926177661
2009-03-31,3.1,4.9,8.7,29.1,22.86,20.1,83.0,70.0,3.0,,3.53686109127
2009-04-01,3.8,1.0,0.4,29.4,23.92,19.4,68.0,53.0,4.0,,3.59174016219
2009-04-02,5.7,2.6,12.0,27.0,21.58,18.2,82.75,58.0,3.0,,2.87470784982
2009-04-03,2.5,8.0,8.6,28.4,22.88,18.7,79.25,58.0,2.666667,,4.17064366853
2009-04-04,3.1,0.9,45.0,24.3,21.24,18.6,89.75,83.0,3.0,,2.15919522918
2009-04-05,1.1,7.7,21.3,28.5,22.6,19.1,77.75,54.0,2.333333,,4.11802553332
2009-04-06,4.1,10.0,0.0,29.3,23.28,18.3,70.75,52.0,1.666667,,4.6515188463
2009-04-07,4.2,10.7,0.0,28.1,22.48,18.1,73.0,59.0,2.0,,4.7014487401
2009-04-08,4.0,7.6,0.0,30.3,23.8,19.9,72.75,49.0,2.333333,,4.34451175948
2009-04-09,4.6,6.9,0.0,28.5,22.64,20.1,78.75,65.0,1.666667,,3.83732965596
2009-04-10,2.7,2.9,0.0,28.3,22.24,19.5,88.25,69.0,2.666667,,2.73834680738
2009-04-11,2.4,5.7,44.4,26.4,21.42,19.3,94.75,84.0,2.666667,,3.01164675992
2009-04-12,2.0,8.4,0.7,26.9,21.48,17.9,87.75,63.0,5.0,,3.66018939833
2009-04-13,4.4,7.2,1.1,26.0,21.08,18.1,81.5,55.0,4.0,,3.69570416897
2009-04-14,4.6,8.4,0.0,27.1,21.94,18.8,74.25,56.0,3.533333,,4.28069268582
2009-04-15,4.8,7.3,0.2,28.4,22.24,18.5,68.25,54.0,2.666667,,4.20012293254
2009-04-16,4.1,6.3,0.0,26.7,21.66,18.6,74.25,52.0,4.0,,3.90785095943
2009-04-17,3.9,8.7,0.0,26.9,21.78,18.7,78.5,52.0,3.666667,,4.11523041595
2009-04-18,3.8,4.2,1.4,25.4,20.42,18.2,91.25,73.0,3.0,,2.65249159739
2009-04-19,1.6,4.0,8.5,23.2,20.14,18.1,93.5,88.0,3.333333,,2.41282566537
2009-04-20,1.6,1.3,0.1,24.3,21.16,18.5,90.0,79.0,1.466667,,2.09069960627
2009-04-21,1.8,1.9,0.2,23.7,20.84,19.1,91.75,78.0,5.0,,2.11929853042
2009-04-22,1.4,2.3,0.4,23.4,19.62,18.1,93.25,79.0,5.0,,2.05105601868
2009-04-23,1.0,1.7,4.0,23.5,20.16,17.3,90.75,73.0,2.333333,,2.07911319728
2009-04-24,2.2,5.0,0.0,27.9,21.72,18.9,81.25,55.0,3.0,,3.25634429658
2009-04-25,3.0,5.7,0.0,26.5,21.72,18.9,77.75,58.0,2.666667,,3.38224178105
2009-04-26,1.5,2.8,0.5,26.4,21.82,19.5,93.5,82.0,2.333333,,2.32822601159
2009-04-27,4.5,6.7,11.0,26.9,22.0,19.1,83.25,64.0,2.333333,,3.38131060014
2009-04-28,3.8,4.4,0.2,27.2,22.02,18.6,75.75,58.0,2.333333,,3.14853112968
2009-04-29,4.4,0.2,0.0,23.5,20.46,18.6,89.5,77.0,4.0,,1.88439493876
2009-04-30,2.1,6.1,0.1,25.3,20.86,17.1,79.0,65.0,3.0,,3.25350706488
2009-05-01,3.5,2.8,0.0,24.3,20.4,17.7,84.0,74.0,4.0,,2.55615756676
2009-05-02,3.7,6.5,0.0,24.9,20.48,16.9,74.5,65.0,3.333333,,3.46497003705
2009-05-03,3.6,0.0,0.0,22.9,20.0,17.9,82.25,71.0,4.0,,2.1511326918
2009-05-04,3.3,5.3,0.0,25.5,20.16,16.7,87.25,73.0,4.666667,,2.79897073686
2009-05-05,2.2,3.5,0.2,21.7,19.96,18.1,91.0,82.0,3.666667,,2.22226741675
2009-05-06,1.8,0.5,1.0,23.5,20.0,18.5,89.0,75.0,4.333333,,1.92484921516
2009-05-07,2.0,4.8,0.4,26.7,21.6,18.7,83.75,63.0,3.0,,2.92210263131
2009-05-08,3.4,6.1,0.0,25.7,21.4,18.5,82.0,59.0,4.0,,3.20361956936
2009-05-09,3.4,2.1,0.7,22.5,19.12,17.3,95.0,92.0,3.666667,,1.80993674528
2009-05-10,0.9,4.6,1.1,23.7,19.44,16.7,84.0,65.0,4.0,,2.69262936679
2009-05-11,3.1,8.5,0.0,25.9,20.64,17.5,79.75,65.0,3.0,,3.5382665327
2009-05-12,3.7,2.6,0.0,25.0,20.52,17.0,79.0,65.0,3.333333,,2.61228896754
2009-05-13,2.8,5.2,0.2,24.9,20.26,17.7,81.0,63.0,3.0,,2.9066412897
2009-05-14,3.3,4.4,0.0,25.3,20.6,18.3,85.0,69.0,3.0,,2.66684492787
2009-05-15,2.5,8.1,0.0,28.7,22.86,19.1,72.5,56.0,3.0,,3.92513210422
2009-05-16,4.0,4.4,0.0,28.4,22.86,19.9,78.0,61.0,3.0,,3.11140924535
2009-05-17,3.6,5.7,0.0,26.6,21.58,19.6,84.5,60.0,4.0,,3.03179120874
2009-05-18,2.5,0.4,10.6,20.7,18.88,17.7,96.75,97.0,4.666667,,1.35463345852
2009-05-19,1.0,1.0,2.6,21.5,18.08,16.5,87.25,77.0,4.333333,,1.90609094723
2009-05-20,1.8,3.4,0.0,21.7,18.24,15.9,81.5,71.0,5.0,,2.52008994372
2009-05-21,2.6,5.3,0.0,23.3,19.36,15.7,80.25,68.0,4.0,,2.8146194679
2009-05-22,3.0,0.0,0.0,19.9,18.08,16.5,94.5,89.0,5.0,,1.35672843132
2009-05-23,1.0,2.6,4.6,19.7,18.04,15.9,93.5,93.0,5.0,,1.70204561973
2009-05-24,1.2,0.3,1.7,21.7,18.04,15.9,92.5,83.0,5.0,,1.52646931857
2009-05-25,1.2,7.1,0.8,24.2,18.6,16.2,84.75,65.0,3.333333,,2.87625042501
2009-05-26,2.7,9.4,0.0,25.3,19.04,14.6,76.75,58.0,3.0,,3.44333621518
2009-05-27,3.0,9.3,0.0,26.7,21.16,15.9,69.0,54.0,3.0,,3.81925832237
2009-05-28,3.9,4.6,0.4,24.0,20.22,18.8,93.25,77.0,3.333333,,2.24758009076
2009-05-29,1.1,6.9,1.0,24.7,20.02,18.0,86.5,63.0,3.666667,,2.85446975532
2009-05-30,2.2,1.3,1.1,22.0,18.92,17.2,93.5,83.0,4.333333,,1.62310941134
2009-05-31,1.4,9.4,0.2,24.5,19.26,15.7,80.0,59.0,3.666667,,3.33536689154
2009-06-01,4.4,10.3,0.0,26.5,20.28,17.1,76.5,48.0,2.0,,3.59529845964
2009-06-02,3.4,7.2,0.0,29.0,22.18,16.1,73.5,52.0,2.333333,,3.36218349286
2009-06-03,3.9,5.3,0.0,26.7,21.54,18.0,87.75,68.0,2.666667,,2.61374442562
2009-06-04,1.7,3.1,3.4,22.7,19.72,17.9,89.25,82.0,4.333333,,2.09379237633
2009-06-05,2.2,1.5,0.0,22.8,19.46,16.9,84.0,82.0,4.0,,2.09790097211
2009-06-06,0.8,3.3,2.7,21.5,18.44,17.1,95.5,85.0,4.333333,,1.74545683953
2009-06-07,1.2,5.7,0.6,22.8,18.34,15.9,88.75,84.0,4.666667,,2.37810909097
2009-06-08,2.3,3.6,0.4,21.6,17.88,16.4,91.5,76.0,4.0,,1.95662329626
2009-06-09,1.0,0.0,3.8,19.4,16.86,15.5,96.5,95.0,4.0,,1.20866401341
2009-06-10,1.0,8.3,2.6,22.8,18.1,15.7,81.0,61.0,4.0,,3.01460962619
2009-06-11,2.8,6.0,0.2,23.8,18.5,15.7,84.25,55.0,4.0,,2.64397304567
2009-06-12,3.0,6.4,0.1,24.4,20.4,16.4,76.25,61.0,2.666667,,2.92748157839
2009-06-13,2.4,7.4,0.0,24.7,18.88,15.7,82.0,58.0,2.0,,2.8336814149
2009-06-14,2.0,7.0,0.2,24.0,18.92,16.7,84.25,59.0,4.0,,2.81109390847
2009-06-15,2.5,1.8,0.2,21.0,18.38,16.3,93.0,79.0,4.666667,,1.61977791827
2009-06-16,1.2,0.3,1.0,20.1,17.84,16.5,96.0,93.0,3.333333,,1.31212064678
2009-06-17,0.4,4.9,2.4,23.3,18.36,16.7,89.75,68.0,2.0,,2.26342170625
2009-06-18,0.8,7.1,0.0,24.3,18.88,15.5,86.0,64.0,1.666667,,2.66019738203
2009-06-19,2.6,6.5,0.0,25.1,19.28,16.9,84.0,66.0,3.333333,,2.78352931537
2009-06-20,3.6,4.8,0.0,23.1,17.72,14.7,84.75,67.0,3.0,,2.34649643215
2009-06-21,3.3,6.7,0.0,23.6,18.66,15.1,80.25,61.0,4.333333,,2.88058866026
2009-06-22,4.4,0.8,0.0,20.6,17.74,15.7,91.75,80.0,4.0,,1.53631882039
2009-06-23,1.5,6.7,3.2,23.8,18.8,16.2,84.5,64.0,2.333333,,2.65647580476
2009-06-24,2.6,6.1,0.0,24.4,19.26,16.8,83.0,60.0,3.666667,,2.74802853464
2009-06-25,3.2,2.8,0.3,21.5,18.56,17.3,94.75,91.0,2.666667,,1.76495482898
2009-06-26,1.2,9.5,2.2,24.8,19.32,15.6,74.5,55.0,2.666667,,3.36407426216
2009-06-27,4.0,7.8,0.0,24.0,19.56,16.8,78.0,59.0,3.666667,,3.1494564711
2009-06-28,4.0,6.2,0.0,24.0,18.94,16.1,79.5,61.0,2.666667,,2.76373788236
2009-06-29,2.7,5.8,0.2,23.4,18.62,16.1,81.0,57.0,3.4,,2.70037637164
2009-06-30,2.6,7.2,0.0,25.1,19.96,17.1,72.5,53.0,2.0,,3.07139357341
2009-07-01,4.4,8.8,0.0,25.3,19.96,16.3,70.5,51.0,2.0,,3.31624792353
2009-07-02,4.0,8.0,0.0,25.5,19.96,16.5,75.75,51.0,2.0,,3.12310384232
2009-07-03,3.8,5.5,0.0,25.7,19.48,15.1,79.5,70.0,2.333333,,2.69417827308
2009-07-04,2.0,8.6,0.0,25.1,19.28,15.5,74.25,52.0,2.0,,3.1859649051
2009-07-05,5.0,6.5,0.0,24.5,19.08,15.3,73.5,52.0,4.0,,3.21181021713
2009-07-06,4.3,8.3,0.0,24.4,18.52,15.2,74.0,50.0,4.666667,,3.48089081239
2009-07-07,4.7,1.6,0.2,20.9,17.36,14.3,93.5,80.0,2.8,,1.57528734887
2009-07-08,6.0,4.7,0.9,22.4,17.9,15.2,89.75,77.0,4.333333,,2.17077609164
2009-07-09,2.5,4.9,2.8,22.5,18.26,16.3,91.5,72.0,4.666667,,2.14887764525
2009-07-10,2.2,3.1,2.4,22.0,18.44,16.2,94.25,83.0,4.666667,,1.7663161809
2009-07-11,1.2,6.0,5.8,23.4,19.36,16.8,89.5,72.0,3.133333,,2.4721466065
2009-07-12,2.0,5.9,0.5,24.8,19.06,17.3,83.25,60.0,2.666667,,2.74025023325
2009-07-13,3.1,9.9,0.0,24.5,19.52,16.2,73.75,56.0,4.333333,,3.73475520466
2009-07-14,4.0,6.8,0.6,24.0,19.0,16.4,85.75,62.0,4.666667,,2.77862364706
2009-07-15,2.7,5.9,0.3,22.7,18.6,15.7,83.0,64.0,0.833333,,2.49469906715
2009-07-16,2.4,0.4,0.7,20.5,17.36,15.7,96.25,92.0,2.8,,1.368426248
2009-07-17,0.8,3.4,5.1,21.7,17.98,15.4,97.0,94.0,4.333333,,1.68233250229
2009-07-18,1.4,10.4,2.4,22.5,17.1,14.4,78.5,54.0,3.333333,,3.33777834675
2009-07-19,3.4,9.6,0.0,24.1,18.24,15.0,76.5,54.0,2.0,,3.30877559408
2009-07-20,3.0,6.4,0.0,25.8,18.9,15.2,80.0,47.0,1.666667,,2.84055425935
2009-07-21,3.0,9.6,0.0,25.5,19.66,16.3,75.0,56.0,3.666667,,3.70999280225
2009-07-22,3.8,8.9,0.0,24.7,19.46,16.1,80.75,64.0,3.666667,,3.33442282234
2009-07-23,3.0,6.4,0.9,24.4,19.0,17.1,85.0,65.0,3.666667,,2.8443183745
2009-07-24,2.5,7.4,0.0,25.6,19.36,16.0,74.25,53.0,3.333333,,3.41482411022
2009-07-25,4.0,8.2,0.0,24.3,19.1,16.7,72.5,52.0,4.0,,3.63943918914
2009-07-26,4.8,7.2,0.0,23.6,18.16,14.8,77.0,59.0,1.8,,2.96237347049
2009-07-27,3.6,8.8,0.0,25.1,19.22,15.3,75.0,55.0,3.0,,3.50782829697
2009-07-28,4.1,9.1,0.0,25.0,19.08,15.3,67.5,49.0,4.0,,3.98473179551
2009-07-29,4.8,8.8,0.0,25.7,18.66,12.6,68.0,45.0,3.666667,,3.81824074737
2009-07-30,5.5,7.9,0.0,25.7,20.24,16.6,69.0,47.0,4.666667,,4.01491995851
2009-07-31,6.0,9.1,0.2,24.9,19.26,15.7,72.0,53.0,5.0,,3.96600233651
2009-08-01,5.1,5.0,1.8,24.4,18.82,16.7,81.75,59.0,4.0,,2.86036315284
2009-08-02,2.9,6.3,2.8,24.4,19.02,16.5,89.75,70.0,4.666667,,2.67376962188
2009-08-03,2.6,9.2,1.4,24.4,18.48,15.7,82.75,57.0,4.666667,,3.40694444603
2009-08-04,4.0,4.1,0.6,22.9,18.48,15.1,81.75,61.0,4.333333,,2.64804837645
2009-08-05,2.8,4.7,0.1,22.6,17.9,14.6,82.75,66.0,4.0,,2.63956662321
2009-08-06,3.7,9.1,0.0,24.5,19.14,15.0,68.25,55.0,3.666667,,3.94296965474
2009-08-07,4.1,5.2,0.0,24.2,19.72,16.3,71.75,59.0,3.666667,,3.31176539775
2009-08-08,4.5,3.7,0.3,21.9,17.94,16.4,89.0,72.0,4.0,,2.27665182759
2009-08-09,1.8,7.4,0.5,23.5,18.28,14.7,80.25,57.0,3.0,,3.1545429226
2009-08-10,3.1,8.5,0.0,25.2,18.32,13.9,68.5,48.0,3.0,,3.78462991067
2009-08-11,3.9,8.2,0.0,25.3,18.74,14.5,64.0,44.0,2.666667,,3.84674190709
2009-08-12,5.6,9.6,0.0,23.9,17.98,15.3,64.75,50.0,4.666667,,4.36996547453
2009-08-13,5.4,7.6,0.0,24.0,17.98,15.2,75.5,57.0,4.666667,,3.6012941564
2009-08-14,4.6,8.1,0.0,23.3,18.1,14.1,69.25,55.0,4.0,,3.78334235452
2009-08-15,4.8,9.6,0.0,25.1,18.36,12.8,71.0,47.0,4.666667,,4.09024765783
2009-08-16,2.5,6.1,3.0,23.3,17.94,14.8,81.25,61.0,4.333333,,3.06095584899
2009-08-17,2.9,5.8,1.1,22.5,17.52,15.2,90.75,73.0,4.0,,2.57062951372
2009-08-18,2.4,9.7,2.4,24.5,19.26,14.3,73.0,57.0,3.666667,,3.96447772988
2009-08-19,4.5,6.2,0.2,23.7,19.36,16.7,91.0,78.0,3.333333,,2.78970105464
2009-08-20,2.1,5.9,1.6,24.7,19.7,16.7,85.75,69.0,3.666667,,3.00494642388
2009-08-21,2.8,7.4,0.0,27.4,21.12,17.8,76.0,52.0,2.0,,3.67477803171
2009-08-22,4.0,4.9,0.0,24.4,19.84,17.1,85.5,68.0,4.0,,2.87752925777
2009-08-23,3.1,2.3,1.1,23.4,19.08,16.8,90.0,70.0,5.0,,2.19748065508
2009-08-24,3.0,9.1,6.4,24.7,18.98,15.3,76.0,52.0,5.0,,3.99749909588
2009-08-25,4.6,3.9,0.0,22.8,18.7,15.1,71.25,66.0,3.666667,,3.17959556696
2009-08-26,3.7,9.2,0.0,25.0,19.26,15.1,67.75,50.0,4.666667,,4.43153048033
2009-08-27,5.7,6.8,0.0,24.8,19.26,14.5,73.5,55.0,4.333333,,3.72632585331
2009-08-28,4.2,6.2,0.6,24.6,18.88,16.1,82.0,63.0,3.333333,,3.25121259087
2009-08-29,3.5,7.6,0.1,24.7,19.12,15.5,75.25,57.0,4.333333,,3.82471450346
2009-08-30,4.8,5.1,0.0,23.2,19.1,16.1,82.75,76.0,4.666667,,3.03181470815
2009-08-31,2.6,4.4,1.2,23.0,18.52,15.7,89.25,74.0,5.333333,,2.56223172867
2009-09-01,2.3,5.3,2.6,23.7,18.1,15.7,85.25,65.0,4.0,,2.95823442412
2009-09-02,3.0,10.0,0.0,25.8,19.52,14.9,65.25,47.0,3.666667,,4.64597209919
2009-09-03,6.1,9.6,0.0,27.4,20.94,16.6,66.25,43.0,3.333333,,4.71426219568
2009-09-04,5.7,8.7,0.0,29.2,21.94,17.3,61.75,39.0,3.333333,,4.92584283793
2009-09-05,5.6,8.1,0.0,27.6,21.4,18.6,72.75,53.0,4.333333,,4.48518740354
2009-09-06,5.5,8.4,0.0,27.1,20.84,16.9,67.0,49.0,4.666667,,4.76044973546
2009-09-07,7.0,4.4,0.0,24.9,20.04,17.7,77.5,64.0,4.0,,3.36159416704
2009-09-08,4.0,3.7,0.3,24.8,20.12,17.6,78.25,59.0,4.666667,,3.26874154159
2009-09-09,4.0,8.2,1.7,26.0,19.5,15.9,73.25,46.0,5.0,,4.32670165294
2009-09-10,6.4,8.5,0.0,25.8,19.7,16.1,72.5,44.0,6.333333,,4.54802477641
2009-09-11,6.4,9.3,0.0,26.3,19.98,15.7,69.0,44.0,5.666667,,4.85442856348
2009-09-12,6.6,3.2,4.2,21.9,18.1,16.4,91.0,79.0,3.666667,,2.3895649288
2009-09-13,1.9,10.4,0.1,25.8,19.48,14.8,65.0,47.0,4.333333,,4.96923260167
2009-09-14,5.0,7.4,0.0,27.5,20.26,15.9,64.25,47.0,3.333333,,4.5122618616
2009-09-15,5.2,9.5,0.0,28.7,21.5,16.7,60.25,40.0,4.0,,5.37361466523
2009-09-16,6.7,9.8,0.0,28.5,21.5,16.7,56.5,39.0,4.666667,,5.77608891535
2009-09-17,7.3,9.6,0.0,28.4,22.02,17.6,63.5,60.0,4.333333,,5.36055142032
2009-09-18,7.0,10.5,0.0,27.5,20.98,16.5,64.25,45.0,4.0,,5.27790269985
2009-09-19,6.2,9.6,0.0,30.4,22.06,15.8,53.25,36.0,4.333333,,6.01012759275
2009-09-20,8.1,8.8,0.0,29.5,22.2,17.2,54.75,34.0,3.333333,,5.42232360513
2009-09-21,7.8,9.7,0.0,30.4,23.54,19.3,60.25,38.0,3.333333,,5.58655257906
2009-09-22,7.8,7.8,0.0,28.6,22.22,19.0,63.25,46.0,4.0,,5.10995212099
2009-09-23,7.1,8.1,0.0,29.4,22.38,17.5,55.5,39.0,3.666667,,5.41962851963
2009-09-24,7.9,8.6,0.0,32.5,24.42,16.6,52.0,38.0,2.666667,,5.50435681833
2009-09-25,7.2,9.7,0.0,30.3,23.42,18.6,60.75,45.0,4.666667,,5.93624824701
2009-09-26,8.3,2.0,0.0,24.9,20.52,17.2,76.5,60.0,5.0,,3.21484193389
2009-09-27,5.0,10.4,0.0,28.1,21.26,15.8,55.5,38.0,5.0,,6.03385679189
2009-09-28,8.5,9.8,0.0,29.5,22.42,17.2,49.0,32.0,4.666667,,6.42666974263
2009-09-29,9.1,10.4,0.0,31.3,23.2,16.5,47.5,29.0,2.666667,,5.90914691037
2009-09-30,9.9,11.3,0.0,32.2,23.96,15.7,46.75,28.0,5.333333,,7.37747130561
2009-10-01,10.4,9.6,0.0,27.3,21.9,16.9,68.25,55.0,6.466667,,5.40489472512
2009-10-02,4.9,5.0,0.7,25.3,20.7,18.2,90.5,74.0,6.0,,3.00807994736
2009-10-03,2.5,7.0,1.7,26.9,21.14,17.7,77.75,57.0,3.333333,,4.11636224722
2009-10-04,3.8,7.0,0.8,27.5,20.72,17.3,75.25,55.0,3.0,,4.20709046547
2009-10-05,5.3,7.0,0.0,27.7,20.98,15.7,69.0,45.0,2.333333,,4.2477596215
2009-10-06,4.2,9.1,0.2,29.1,22.04,17.3,65.75,43.0,3.666667,,5.25143406366
2009-10-07,6.8,7.8,0.0,29.1,22.68,18.7,65.5,44.0,3.333333,,5.00106573909
2009-10-08,6.5,9.5,0.0,28.3,22.52,18.3,59.75,46.0,3.666667,,5.56642505266
2009-10-09,6.4,0.3,0.0,25.5,21.8,19.1,75.75,59.0,3.0,,2.78401702837
2009-10-10,2.6,2.1,0.0,27.3,21.28,19.3,91.5,74.0,3.0,,2.62105987926
2009-10-11,1.6,0.0,61.4,22.1,20.16,19.1,93.25,89.0,3.0,,1.93262826093
2009-10-12,0.6,3.3,2.6,27.2,21.14,18.1,92.5,89.0,2.666667,,2.83905853356
2009-10-13,1.6,5.8,25.9,27.4,22.3,19.0,76.0,57.0,2.666667,,4.00560883339
2009-10-14,4.2,9.8,0.0,27.8,22.1,19.1,76.0,62.0,4.0,,5.02763945663
2009-10-15,5.0,7.9,0.0,26.9,21.32,17.7,71.0,55.0,2.666667,,4.52932903435
2009-10-16,5.1,7.8,0.0,28.9,22.4,18.5,62.0,41.0,2.666667,,4.97132285081
2009-10-17,7.2,8.9,0.0,28.5,22.4,18.3,61.5,42.0,2.666667,,5.18011154924
2009-10-18,6.8,8.3,0.0,28.5,21.76,17.9,63.5,41.0,2.333333,,4.89257188022
2009-10-19,6.4,8.0,0.0,28.5,21.94,18.1,63.0,42.0,3.333333,,5.123904072
2009-10-20,6.0,10.1,0.0,30.5,22.88,16.7,56.0,33.0,4.333333,,6.25916245433
2009-10-21,6.0,7.2,0.0,31.5,23.5,17.9,61.75,37.0,3.333333,,5.27215627301
2009-10-22,5.8,6.9,0.0,28.7,23.12,19.8,70.25,50.0,3.0,,4.65728040855
2009-10-23,4.1,5.2,0.0,29.5,24.32,19.5,60.0,45.0,2.333333,,4.47173600592
2009-10-24,3.9,1.0,25.6,25.5,20.72,18.7,91.0,59.0,2.666667,,2.35925776908
2009-10-25,1.2,2.0,2.8,25.9,21.92,19.3,85.0,79.0,2.666667,,2.83156337415
2009-10-26,1.2,1.5,17.3,25.0,20.62,17.7,84.25,62.0,2.666667,,2.6678953436
2009-10-27,1.9,0.9,0.0,23.5,20.9,18.2,90.0,81.0,2.666667,,2.30343550593
2009-10-28,1.0,3.5,69.8,24.2,19.58,16.6,89.25,74.0,3.333333,,2.84586219593
2009-10-29,1.9,5.5,0.0,25.7,20.12,16.5,82.5,63.0,4.0,,3.61941464626
2009-10-30,3.4,7.3,0.0,26.1,21.16,17.9,77.75,55.0,3.333333,,4.25174945106
2009-10-31,4.0,8.8,0.0,28.0,22.62,18.9,72.25,51.0,3.0,,4.93260091899
2009-11-01,4.4,2.8,0.5,24.1,20.4,18.7,86.0,77.0,3.333333,,2.91027935963
2009-11-02,2.9,9.2,0.0,26.3,20.96,17.1,71.0,57.0,3.333333,,4.87249200676
2009-11-03,5.3,10.7,0.0,26.8,20.44,16.3,62.75,42.0,3.333333,,5.46461323044
2009-11-04,6.7,9.4,0.0,26.3,21.1,17.3,69.5,55.0,3.333333,,4.98185352356
2009-11-05,5.1,3.9,0.0,26.0,20.68,17.9,74.75,52.0,3.666667,,3.71718755167
2009-11-06,4.9,8.3,0.0,27.5,21.36,17.5,68.0,53.0,4.333333,,5.09621041329
2009-11-07,6.1,8.9,0.0,27.1,21.64,17.9,63.0,50.0,3.0,,5.14780504934
2009-11-08,6.2,6.1,0.0,27.9,21.64,17.5,74.75,52.0,3.0,,4.19782121375
2009-11-09,4.4,8.0,0.0,28.9,21.94,18.6,76.5,48.0,2.0,,4.57834775033
2009-11-10,4.6,3.7,0.0,25.0,20.22,17.5,78.25,60.0,3.333333,,3.42198007293
2009-11-11,3.7,6.2,0.0,25.7,20.38,17.4,80.25,65.0,3.333333,,3.89311224146
2009-11-12,3.0,7.8,0.0,25.8,20.18,16.2,68.5,51.0,2.666667,,4.50517070715
2009-11-13,4.9,10.5,0.0,27.5,21.28,16.3,62.5,45.0,2.666667,,5.36732161646
2009-11-14,7.0,9.6,0.0,27.7,22.28,18.1,64.25,45.0,3.666667,,5.4597411416
2009-11-15,5.6,7.5,0.0,29.3,22.52,18.9,68.0,46.0,2.666667,,4.84539962159
2009-11-16,5.4,8.9,0.0,29.7,23.8,17.6,61.5,46.0,3.333333,,5.50924918834
2009-11-17,5.9,8.5,8.0,30.7,24.56,20.1,63.25,48.0,2.666667,,5.38480289279
2009-11-18,6.0,0.8,0.0,24.6,20.86,18.3,77.75,65.0,4.0,,2.9519787297
2009-11-19,3.9,3.7,0.2,26.7,21.08,18.4,80.5,72.0,4.666667,,3.55972858974
2009-11-20,3.9,6.6,0.0,26.5,20.76,17.1,68.75,48.0,3.333333,,4.46921968992
2009-11-21,5.3,9.7,0.0,26.5,21.44,17.1,61.5,42.0,3.333333,,5.3490851494
2009-11-22,6.6,10.8,0.0,27.5,21.52,17.7,54.75,35.0,2.0,,5.48242486222
2009-11-23,7.1,10.8,0.0,28.4,21.96,16.5,62.25,45.0,3.666667,,5.75866365015
2009-11-24,6.8,11.6,0.0,26.0,21.66,17.5,66.25,57.0,3.0,,5.48304059169
2009-11-25,4.9,7.6,0.0,27.8,22.2,18.5,66.25,50.0,3.333333,,4.93911913312
2009-11-26,5.7,9.6,0.0,27.9,21.96,17.2,65.25,49.0,3.333333,,5.3265561594
2009-11-27,6.1,10.7,0.0,28.5,22.0,16.9,56.75,39.0,2.666667,,5.69043066257
2009-11-28,6.4,8.1,0.0,28.3,22.28,17.9,62.75,47.0,2.0,,4.82833361586
2009-11-29,5.4,10.3,0.0,30.1,22.4,17.1,56.0,38.0,1.666667,,5.41526015214
2009-11-30,6.9,9.3,0.0,31.5,23.72,18.1,59.25,29.0,2.666667,,5.66159805366
2009-12-01,6.8,1.4,0.0,27.6,21.96,19.6,74.75,46.0,3.0,,3.24270266282
2009-12-02,2.8,1.6,13.1,24.9,21.06,18.3,77.0,62.0,4.333333,,3.20543900034
2009-12-03,3.0,5.8,0.0,26.9,21.92,18.0,72.0,58.0,2.666667,,4.14405991734
2009-12-04,4.0,4.2,0.0,27.7,23.04,18.5,59.0,45.0,3.0,,4.42086560706
2009-12-05,3.3,0.1,0.0,25.4,22.06,19.5,81.5,69.0,2.666667,,2.5550365923
2009-12-06,4.0,5.5,9.8,26.5,22.08,18.9,72.5,58.0,3.666667,,4.23193623543
2009-12-07,4.0,6.1,0.1,27.7,22.28,19.0,74.25,52.0,3.333333,,4.32385226491
2009-12-08,4.4,3.6,0.0,24.5,20.4,18.3,79.5,68.0,3.0,,3.33819174739
2009-12-09,2.8,11.2,0.0,29.6,22.7,17.9,63.25,43.0,3.333333,,5.92992212764
2009-12-10,5.8,7.5,0.0,27.7,21.6,17.5,67.0,49.0,3.0,,4.76591843586
2009-12-11,4.9,10.7,0.0,27.9,21.76,17.1,61.0,55.0,3.666667,,5.77199498623
2009-12-12,6.0,10.0,0.0,28.9,22.8,16.9,61.0,47.0,2.0,,5.27770126549
2009-12-13,4.8,7.5,0.0,29.5,23.72,18.9,65.5,51.0,2.666667,,4.9431687566
2009-12-14,5.3,7.3,0.0,28.2,23.02,19.3,65.75,53.0,3.666667,,5.04438883104
2009-12-15,5.5,10.5,0.0,28.5,23.02,18.3,61.25,42.0,6.333333,,6.4094936596
2009-12-16,8.3,7.7,0.0,26.7,21.44,16.9,73.0,58.0,5.0,,4.71135011241
2009-12-17,5.7,10.6,0.0,28.7,23.04,18.5,63.25,41.0,5.333333,,6.15615560377
2009-12-18,7.9,10.5,0.0,28.3,22.88,18.5,60.0,48.0,3.333333,,5.81041800953
2009-12-19,6.3,6.9,0.0,28.3,22.4,18.5,61.5,49.0,4.0,,5.20606476479
2009-12-20,6.6,5.9,0.0,27.4,22.14,18.1,63.5,45.0,5.0,,5.04712136146
2009-12-21,6.4,7.9,0.0,28.2,22.4,18.3,68.5,52.0,4.333333,,5.11437116757
2009-12-22,6.1,1.2,0.0,25.8,21.3,17.1,71.5,52.0,4.666667,,3.48985928031
2009-12-23,5.0,4.5,0.0,28.4,22.48,17.9,60.75,48.0,4.666667,,4.94470240659
2009-12-24,5.9,10.0,0.0,29.5,23.44,18.3,60.5,47.0,2.333333,,5.51104032304
2009-12-25,6.0,5.4,0.0,28.9,22.6,19.5,73.25,53.0,3.0,,4.26646347994
2009-12-26,3.6,0.9,39.8,26.1,21.56,18.7,86.0,67.0,2.666667,,2.57726664734
2009-12-27,1.4,5.7,0.1,29.1,23.16,19.7,74.5,65.0,3.666667,,4.40724076337
2009-12-28,3.0,3.3,2.9,27.2,22.42,19.3,82.25,71.0,2.333333,,3.2957369996
2009-12-29,2.4,0.5,1.0,24.8,21.54,19.2,88.75,81.0,2.666667,,2.35985647483
2009-12-30,2.0,8.2,0.0,27.8,23.08,19.6,74.25,57.0,3.666667,,4.85941374552
2009-12-31,4.1,4.5,0.0,28.5,21.98,18.4,84.75,75.0,2.666667,,3.54656064652
2010-01-01,2.1,7.1,10.0,26.5,21.58,18.4,77.5,56.0,3.666667,,4.3291277076
2010-01-02,4.1,9.5,0.0,28.3,22.08,18.7,66.75,42.0,2.666667,,5.24972827701
2010-01-03,5.2,7.8,0.0,28.7,21.84,16.9,69.25,47.0,4.333333,,5.03695766687
2010-01-04,4.5,10.5,0.3,27.7,21.78,18.0,69.25,47.0,4.0,,5.49473788538
2010-01-05,5.8,9.7,0.0,28.8,23.16,18.5,65.5,46.0,3.0,,5.43545944311
2010-01-06,6.1,7.6,0.0,28.8,23.06,19.3,66.25,43.0,2.666667,,4.92056240775
2010-01-07,4.3,4.0,0.0,28.0,22.74,19.2,72.0,52.0,3.666667,,4.06576857102
2010-01-08,2.4,5.1,0.0,26.9,21.88,18.9,71.25,53.0,4.0,,4.29897921485
2010-01-09,3.3,1.4,5.4,23.1,20.4,17.9,85.5,74.0,3.333333,,2.60374431045
2010-01-10,1.6,6.0,7.9,26.3,21.28,18.3,83.0,66.0,4.333333,,3.86096841532
2010-01-11,3.6,7.6,0.0,27.9,22.06,18.5,68.0,47.0,2.333333,,4.69642421034
2010-01-12,4.3,8.7,0.0,29.2,23.06,19.0,67.75,45.0,3.333333,,5.27565124833
2010-01-13,4.9,7.9,0.0,29.7,21.7,18.1,75.0,51.0,3.666667,,4.84920250974
2010-01-14,4.3,10.3,9.4,28.3,22.26,17.0,72.25,53.0,3.666667,,5.29575415169
2010-01-15,4.9,9.0,0.0,28.7,22.88,19.9,72.5,47.0,3.666667,,5.21057075301
2010-01-16,5.3,10.6,0.0,28.7,22.92,17.9,68.5,42.0,5.0,,5.78837719621
2010-01-17,6.2,8.9,12.2,26.3,21.4,18.5,76.0,57.0,4.333333,,4.80951357833
2010-01-18,4.5,,0.0,28.4,21.44,16.7,71.25,41.0,3.333333,,4.70336699997
2010-01-19,5.3,7.8,0.3,27.3,21.6,17.7,75.25,55.0,3.333333,,4.57638042817
2010-01-20,3.8,11.2,0.0,28.9,22.54,17.7,61.75,44.0,3.0,,5.85262445257
2010-01-21,5.7,7.9,0.0,28.1,21.68,17.9,73.5,55.0,2.666667,,4.6562254819
2010-01-22,5.3,6.0,0.0,28.1,22.88,19.1,67.0,50.0,3.0,,4.57306319986
2010-01-23,5.1,10.0,0.0,28.9,22.88,19.3,63.5,40.0,3.333333,,5.71100482811
2010-01-24,6.4,9.9,0.0,28.7,22.96,19.1,62.5,47.0,2.333333,,5.44190917495
2010-01-25,5.9,9.2,0.0,28.5,22.52,18.9,60.75,41.0,3.0,,5.49489044303
2010-01-26,7.2,9.6,0.0,28.5,22.24,17.7,60.75,44.0,2.0,,5.23212290717
2010-01-27,7.0,8.1,0.0,29.6,22.9,18.9,63.0,42.0,2.0,,4.98994775869
2010-01-28,6.3,9.4,0.0,29.3,23.6,19.7,58.0,37.0,2.666667,,5.63067538029
2010-01-29,7.0,7.4,0.0,29.1,22.68,17.3,70.0,42.0,4.333333,,4.98714600874
2010-01-30,6.8,10.0,0.4,28.1,22.36,17.3,64.25,48.0,3.0,,5.42782412066
2010-01-31,6.9,10.8,0.0,29.5,23.04,17.9,61.75,40.0,5.0,,6.29770211412
2010-02-01,8.0,2.8,0.1,28.5,22.64,18.9,71.25,48.0,3.666667,,3.86696269695
2010-02-02,5.2,7.6,0.0,27.9,22.68,18.9,65.25,48.0,3.0,,4.95247495092
2010-02-03,8.0,9.1,0.0,29.1,22.76,17.5,59.0,49.0,3.0,,5.51138257611
2010-02-04,7.7,7.4,0.0,29.3,22.72,17.7,66.25,47.0,3.666667,,5.07672881405
2010-02-05,5.8,8.5,0.0,29.7,23.16,18.5,62.75,44.0,4.0,,5.61632797565
2010-02-06,7.4,3.7,0.0,27.5,22.44,19.5,67.0,50.0,2.666667,,3.96071824167
2010-02-07,6.2,1.0,0.0,26.3,22.0,17.9,68.0,54.0,2.666667,,3.22783083735
2010-02-08,4.3,0.8,0.0,25.6,22.02,18.1,68.25,60.0,2.666667,,3.14933000705
2010-02-09,3.4,1.7,1.2,27.7,21.9,19.0,81.5,54.0,2.666667,,2.98586138348
2010-02-10,2.0,1.3,15.6,24.9,21.16,18.5,83.5,75.0,3.666667,,2.76549443731
2010-02-11,2.2,9.4,0.0,27.7,21.96,17.1,74.5,47.0,5.0,,5.06420691463
2010-02-12,6.0,7.3,2.6,28.1,22.0,17.5,69.25,52.0,4.666667,,4.9638533984
2010-02-13,5.0,10.4,0.1,27.3,22.68,18.3,66.5,57.0,3.666667,,5.5197858655
2010-02-14,5.7,9.9,0.0,29.1,23.28,18.7,60.75,46.0,2.666667,,5.57057136125
2010-02-15,7.2,9.3,0.0,29.5,23.52,18.1,56.5,41.0,2.666667,,5.5638297555
2010-02-16,8.4,10.5,0.0,28.9,23.52,19.5,59.0,47.0,2.666667,,5.76642450524
2010-02-17,6.1,8.8,0.0,30.5,23.48,17.9,62.0,36.0,2.666667,,5.36929268185
2010-02-18,7.4,6.3,0.0,29.7,23.36,19.9,72.0,55.0,4.666667,,4.85532546289
2010-02-19,5.8,10.7,0.0,30.5,24.02,19.8,60.75,39.0,2.0,,5.70732827521
2010-02-20,8.4,2.9,0.0,27.9,23.48,19.5,66.5,55.0,5.333333,,4.46324361482
2010-02-21,5.9,9.5,0.0,27.7,23.28,19.5,67.75,56.0,4.333333,,5.47605785267
2010-02-22,7.2,6.9,0.0,29.4,23.9,18.6,61.0,45.0,3.0,,5.01310970973
2010-02-23,6.2,1.5,0.0,27.8,22.82,19.7,71.5,55.0,3.666667,,3.52794667097
2010-02-24,4.2,3.7,0.0,29.2,22.72,19.8,88.5,75.0,2.666667,,3.26965614392
2010-02-25,2.5,8.0,7.2,31.0,23.0,18.2,71.5,60.0,3.0,,4.97934834401
2010-02-26,4.0,7.6,0.0,29.3,24.36,18.3,67.5,58.0,2.666667,,4.81942932317
2010-02-27,4.4,10.2,2.4,30.3,24.84,20.5,66.25,48.0,3.0,,5.70444019451
2010-02-28,6.0,7.8,0.2,29.3,24.36,19.9,67.75,55.0,2.0,,4.76319657969
2010-03-01,6.0,5.6,0.0,29.7,23.54,20.2,71.0,53.0,2.666667,,4.35071790034
2010-03-02,3.0,3.6,0.0,29.8,23.6,20.0,88.75,74.0,2.666667,,3.24659879441
2010-03-03,2.5,8.0,11.9,30.5,23.54,20.8,81.25,60.0,2.666667,,4.6642352239
2010-03-04,3.7,0.9,3.5,27.8,23.28,19.6,83.5,65.0,3.666667,,2.77749760676
2010-03-05,2.5,0.2,0.7,24.0,21.7,19.1,87.25,88.0,2.333333,,2.23920005779
2010-03-06,1.0,8.9,56.3,29.6,23.22,19.1,79.75,56.0,2.666667,,4.75342729026
2010-03-07,3.8,3.8,16.0,27.7,22.6,19.7,89.25,79.0,3.666667,,3.13171215548
2010-03-08,2.0,6.5,24.0,28.4,23.5,20.3,86.75,76.0,2.433333,,3.93030372619
2010-03-09,2.2,4.1,12.0,27.4,23.42,21.4,86.0,68.0,3.333333,,3.38316008071
2010-03-10,2.5,9.3,0.4,28.8,23.58,20.5,77.5,58.0,2.333333,,4.86784162636
2010-03-11,3.5,10.9,0.0,32.2,24.7,18.9,62.25,39.0,2.666667,,5.89425325381
2010-03-12,6.4,10.2,0.0,30.9,24.46,20.4,69.75,47.0,3.0,,5.53691296836
2010-03-13,6.0,10.4,0.0,30.3,23.44,19.3,70.75,43.0,2.666667,,5.36955940532
2010-03-14,6.8,8.4,0.0,28.9,22.76,18.3,71.25,51.0,3.0,,4.79299221756
2010-03-15,4.5,9.7,0.0,28.4,22.86,19.5,69.75,50.0,3.333333,,5.18611656908
2010-03-16,5.7,10.2,0.0,28.4,22.84,19.4,68.5,52.0,2.8,,5.2248052251
2010-03-17,5.9,10.2,0.0,28.4,22.94,18.7,67.0,51.0,4.333333,,5.50343571588
2010-03-18,5.9,9.3,0.0,29.8,23.48,18.7,70.5,50.0,3.666667,,5.17787199587
2010-03-19,5.2,6.5,0.0,28.9,23.4,20.0,69.75,54.0,3.333333,,4.54514236479
2010-03-20,4.0,4.5,0.7,29.5,22.34,19.9,83.25,54.0,2.333333,,3.50445795204
2010-03-21,2.3,3.7,3.9,25.7,21.62,18.6,88.25,79.0,2.0,,2.94283369941
2010-03-22,1.5,5.0,62.0,28.3,21.58,17.6,91.25,85.0,2.666667,,3.2041525226
2010-03-23,1.7,3.4,31.2,26.5,21.38,18.9,88.5,69.0,4.0,,2.89672716125
2010-03-24,3.1,10.4,0.2,26.9,22.3,19.1,75.5,53.0,4.666667,,4.96989747121
2010-03-25,5.6,8.3,0.0,26.9,21.28,18.3,81.5,58.0,3.666667,,4.18120416569
2010-03-26,3.7,5.6,0.0,25.5,21.0,18.7,87.75,70.0,3.666667,,3.29606907046
2010-03-27,1.9,8.3,12.8,26.3,20.98,18.3,88.75,71.0,3.333333,,3.83411166711
2010-03-28,3.1,6.2,0.0,26.7,22.32,19.2,83.25,66.0,3.666667,,3.6849840975
2010-03-29,3.0,7.8,0.0,26.5,22.06,18.3,80.75,66.0,2.666667,,3.99899267194
2010-03-30,3.1,8.3,0.0,27.7,22.36,18.9,81.5,66.0,3.666667,,4.21439538132
2010-03-31,3.8,8.9,0.0,28.3,22.54,19.1,79.0,61.0,3.333333,,4.46358791865
2010-04-01,4.0,7.2,0.0,28.5,23.06,20.2,77.75,60.0,3.0,,4.1835297174
2010-04-02,3.5,8.3,0.8,28.9,22.76,20.5,85.75,58.0,3.0,,4.1686186519
2010-04-03,3.1,3.7,12.6,26.7,21.72,19.5,89.25,66.0,3.0,,2.87058681185
2010-04-04,2.2,7.1,0.4,26.9,22.2,19.7,81.5,63.0,2.666667,,3.85038365405
2010-04-05,5.4,8.1,0.3,30.5,23.6,20.1,79.25,62.0,2.0,,4.31369728156
2010-04-06,4.0,8.3,0.0,29.3,23.6,19.7,77.25,60.0,3.0,,4.40155312385
2010-04-07,4.0,7.6,0.1,29.8,24.58,21.2,71.75,64.0,3.666667,,4.66962207407
2010-04-08,4.0,1.2,12.0,26.3,21.36,19.3,88.25,73.0,3.333333,,2.34323354734
2010-04-09,1.0,0.1,17.7,23.9,20.42,19.1,96.25,94.0,2.666667,,1.73234771429
2010-04-10,0.4,0.0,84.0,20.7,18.72,16.9,95.5,92.0,3.0,,1.60513150772
2010-04-11,0.5,0.4,0.5,21.7,19.16,17.3,88.75,76.0,2.666667,,1.94532653862
2010-04-12,1.5,2.4,0.0,22.3,19.54,16.9,83.0,76.0,4.333333,,2.59286751791
2010-04-13,2.3,6.9,0.1,24.7,20.38,16.8,84.5,71.0,4.0,,3.36602489108
2010-04-14,2.7,0.9,0.8,22.6,20.02,18.9,94.0,89.0,5.0,,1.82970581795
2010-04-15,1.0,4.1,1.3,23.8,20.38,18.3,89.25,76.0,4.333333,,2.65564858238
2010-04-16,1.2,7.0,2.3,26.0,21.1,19.3,88.75,69.0,3.666667,,3.35549498721
2010-04-17,2.1,5.1,1.2,26.4,21.46,19.1,87.25,72.0,2.0,,3.05078374623
2010-04-18,2.2,6.6,0.5,25.3,21.36,19.3,89.5,79.0,3.666667,,3.18606587486
2010-04-19,2.5,7.4,0.4,25.9,20.8,18.1,88.75,66.0,3.333333,,3.34346552432
2010-04-20,2.7,8.3,0.0,25.5,20.08,16.6,81.25,62.0,3.0,,3.66636852067
2010-04-21,3.3,10.3,0.0,25.8,20.5,15.7,77.0,58.0,3.0,,4.11087360493
2010-04-22,3.5,5.1,0.0,25.7,21.48,18.0,82.25,72.0,3.0,,3.11153784879
2010-04-23,2.1,8.5,0.0,26.9,21.84,19.5,75.5,55.0,2.0,,3.94772840781
2010-04-24,3.8,8.2,0.0,26.9,21.8,18.1,77.25,56.0,4.333333,,4.01655024469
2010-04-25,4.4,7.8,2.4,26.8,21.38,18.5,78.5,55.0,3.333333,,3.80330044153
2010-04-26,3.6,9.5,0.0,26.9,21.44,17.8,74.0,58.0,3.0,,4.17919214657
2010-04-27,4.0,8.5,0.0,27.6,21.68,18.3,75.0,51.0,3.333333,,4.0767545364
2010-04-28,4.1,8.0,0.0,26.8,21.5,18.6,74.0,55.0,3.333333,,3.97250622848
2010-04-29,4.3,8.2,0.0,25.8,20.86,17.7,72.75,57.0,2.333333,,3.7709768944
2010-04-30,3.3,10.5,0.0,27.3,21.44,17.5,67.0,47.0,2.666667,,4.44901732704
2010-05-01,4.4,8.9,0.0,26.3,21.0,17.5,73.5,55.0,3.666667,,4.05646497394
2010-05-02,3.0,7.9,0.2,26.3,21.0,17.9,84.0,48.0,5.0,,3.50141029502
2010-05-03,3.8,5.5,0.0,25.5,20.4,17.7,80.25,63.0,4.666667,,3.2503695492
2010-05-04,3.5,8.2,0.8,26.2,20.72,17.0,74.0,59.0,4.0,,3.90129785184
2010-05-05,4.2,3.8,0.0,23.4,20.62,17.3,84.25,76.0,2.433333,,2.53058171924
2010-05-06,1.5,3.7,0.7,24.7,20.78,18.7,85.25,73.0,3.0,,2.59970518758
2010-05-07,2.4,9.8,0.0,27.3,21.4,18.1,69.25,50.0,3.333333,,4.3285489561
2010-05-08,4.6,8.7,0.0,26.3,20.6,15.9,68.25,49.0,2.0,,3.71970853096
2010-05-09,4.4,9.3,0.0,26.3,21.32,17.9,73.25,58.0,2.0,,3.78827807261
2010-05-10,3.9,9.5,0.0,28.5,22.54,19.2,72.75,53.0,2.333333,,4.08213782328
2010-05-11,4.1,7.8,0.0,28.6,22.5,19.5,75.5,57.0,3.666667,,3.93004462113
2010-05-12,4.4,7.5,0.0,26.5,21.64,19.4,79.5,63.0,3.666667,,3.55464089638
2010-05-13,3.0,3.3,0.0,26.5,21.98,19.3,78.5,61.0,3.0,,2.82373614672
2010-05-14,3.1,5.0,0.0,27.5,22.8,20.5,92.25,85.0,3.666667,,2.65329168959
2010-05-15,2.6,4.7,0.0,24.7,20.88,19.5,92.5,87.0,2.666667,,2.46250792775
2010-05-16,1.4,0.0,1.6,25.1,20.84,19.3,95.25,95.0,4.333333,,1.52000761656
2010-05-17,0.4,1.2,3.2,22.2,20.24,19.0,95.75,91.0,4.333333,,1.59837093026
2010-05-18,0.4,4.9,7.8,23.9,19.6,17.7,90.0,74.0,3.666667,,2.44609542596
2010-05-19,2.0,5.9,0.0,24.5,20.06,18.0,84.0,72.0,3.0,,2.84728911396
2010-05-20,2.2,6.6,0.0,24.5,19.64,17.5,84.25,67.0,3.333333,,2.93060556017
2010-05-21,2.2,9.3,0.0,27.0,20.9,17.1,75.0,52.0,1.666667,,3.55800585554
2010-05-22,3.6,9.3,0.0,26.5,21.36,17.7,73.0,54.0,1.666667,,3.56922886684
2010-05-23,2.9,7.9,0.0,27.1,22.4,19.1,76.0,60.0,1.666667,,3.37400056613
2010-05-24,3.4,8.2,0.0,24.6,20.94,18.9,81.0,67.0,3.666667,,3.33849879517
2010-05-25,3.4,7.8,0.0,26.1,21.1,18.8,82.25,66.0,4.0,,3.32595607125
2010-05-26,3.6,10.0,0.0,26.0,20.76,17.6,75.75,63.0,3.333333,,3.7777243215
2010-05-27,3.7,8.7,0.0,25.5,20.4,16.5,74.0,63.0,3.0,,3.5176543311
2010-05-28,3.9,9.6,0.0,25.7,20.56,17.7,70.25,54.0,2.666667,,3.75324303185
2010-05-29,2.9,7.9,0.0,25.7,20.84,17.9,71.5,55.0,2.666667,,3.47767635462
2010-05-30,3.4,9.0,0.0,27.3,21.76,17.9,71.25,52.0,2.666667,,3.73849003938
2010-05-31,3.4,9.2,0.0,29.4,22.34,18.3,64.25,40.0,2.0,,3.9055516588
2010-06-01,4.4,4.0,0.0,26.6,21.6,17.8,78.5,64.0,3.666667,,2.85849775265
2010-06-02,3.2,0.0,0.0,22.4,19.34,17.4,85.5,75.0,4.333333,,1.8648467689
2010-06-03,1.6,2.8,1.0,22.0,18.86,16.6,86.25,72.0,4.333333,,2.14101246428
2010-06-04,2.0,5.4,0.2,22.3,18.56,15.9,83.5,68.0,3.0,,2.50993894383
2010-06-05,2.3,7.6,0.0,24.3,19.2,15.7,73.75,57.0,2.666667,,3.15737957077
2010-06-06,3.4,7.4,0.0,27.5,21.12,16.9,65.25,42.0,1.666667,,3.30133508301
2010-06-07,4.2,8.1,0.0,25.2,19.88,17.0,78.25,58.0,4.0,,3.32430998765
2010-06-08,3.4,1.5,0.0,21.8,19.44,18.2,89.75,80.0,4.0,,1.82183553275
2010-06-09,1.7,4.9,0.0,24.6,19.44,17.1,78.25,60.0,4.0,,2.87259262976
2010-06-10,3.6,4.0,0.0,22.4,19.0,16.8,80.75,70.0,4.0,,2.52539123294
2010-06-11,2.5,8.8,0.0,25.7,20.24,15.3,74.75,56.0,3.666667,,3.46847439352
2010-06-12,4.9,9.4,0.0,25.1,19.76,16.3,77.0,59.0,2.666667,,3.34578375645
2010-06-13,3.4,8.9,0.0,24.1,18.24,15.3,74.5,54.0,2.666667,,3.24266857757
2010-06-14,3.8,9.0,0.0,23.3,16.7,12.0,70.0,51.0,3.666667,,3.36408307517
2010-06-15,4.2,10.4,0.0,23.4,17.56,13.2,74.75,52.0,3.666667,,3.39644784732
2010-06-16,4.2,4.2,0.1,22.5,18.04,15.7,89.0,73.0,3.666667,,2.13652940241
2010-06-17,2.8,9.4,0.0,25.4,19.16,15.7,70.75,56.0,3.333333,,3.62049439947
2010-06-18,3.7,8.3,0.0,24.5,18.72,15.5,71.25,49.0,1.666667,,3.07856558684
2010-06-19,4.6,1.2,0.0,23.3,18.92,15.9,83.0,65.0,3.333333,,2.01657281758
2010-06-20,2.8,8.8,0.0,26.8,19.82,16.3,75.0,56.0,2.666667,,3.41077542844
2010-06-21,5.4,6.8,0.0,25.9,19.62,17.3,68.5,48.0,3.0,,3.39214977958
2010-06-22,4.8,10.3,0.0,27.4,20.54,13.9,69.0,51.0,2.0,,3.57954754041
2010-06-23,4.0,3.7,0.0,24.4,20.06,18.5,84.25,71.0,4.0,,2.45444260985
2010-06-24,2.1,8.1,0.3,22.8,18.08,14.5,73.0,65.0,5.666667,,3.44782682094
2010-06-25,5.0,1.8,0.0,21.3,18.56,15.5,89.5,75.0,4.666667,,1.78384300178
2010-06-26,3.8,0.0,6.4,20.5,17.12,15.1,96.5,95.0,3.333333,,1.23653450601
2010-06-27,1.0,6.3,6.0,22.9,17.8,15.1,83.5,52.0,4.333333,,2.64721898754
2010-06-28,1.6,2.7,0.0,21.7,17.76,15.4,88.75,73.0,4.0,,1.92809422318
2010-06-29,,0.3,1.4,20.0,17.7,15.9,95.0,89.0,4.666667,,1.30852142111
2010-06-30,1.0,0.7,1.9,19.8,17.08,15.0,93.5,88.0,4.666667,,1.4078550894
2010-07-01,0.6,3.2,2.1,21.8,17.6,14.6,89.25,73.0,4.333333,,1.95483870861
2010-07-02,1.5,3.2,0.8,20.5,18.08,16.3,90.75,86.0,3.666667,,1.89237832096
2010-07-03,0.8,1.4,3.8,20.7,17.92,15.5,87.0,74.0,3.666667,,1.81480366096
2010-07-04,2.4,0.1,2.3,20.5,17.28,15.5,87.75,74.0,3.666667,,1.62310731501
2010-07-05,2.0,5.3,0.0,20.7,17.18,15.1,88.5,81.0,5.666667,,2.21213150461
2010-07-06,1.6,4.1,2.4,21.6,16.2,14.3,80.0,59.0,3.333333,,2.39768068674
2010-07-07,2.1,5.0,0.7,20.8,16.74,13.2,87.5,72.0,5.333333,,2.17892896037
2010-07-08,2.0,6.9,0.0,23.5,17.9,15.4,81.25,58.0,3.333333,,2.83493087404
2010-07-09,2.5,8.8,0.0,25.7,19.24,16.1,79.25,51.0,2.0,,3.19850783483
2010-07-10,2.6,7.1,0.4,23.7,19.16,17.3,83.0,57.0,2.0,,2.81680979894
2010-07-11,3.0,6.6,1.3,25.7,19.12,15.1,80.0,54.0,2.0,,2.83621978652
2010-07-12,2.8,7.6,0.0,23.8,18.54,15.5,81.5,59.0,3.666667,,2.97728885303
2010-07-13,3.3,1.6,0.0,23.0,19.62,16.7,87.0,73.0,4.0,,1.98383711991
2010-07-14,1.6,7.7,4.3,23.7,19.3,16.7,83.5,64.0,3.666667,,2.96610876562
2010-07-15,3.2,7.8,5.9,23.4,18.86,16.7,75.5,59.0,4.666667,,3.39419178471
2010-07-16,3.6,3.2,0.1,21.8,18.18,14.9,93.25,79.0,3.333333,,1.85125186664
2010-07-17,0.8,0.5,9.9,19.7,17.44,16.3,94.0,88.0,3.0,,1.45205263554
2010-07-18,0.6,3.8,2.8,20.9,17.0,15.3,88.25,68.0,3.0,,2.10455239191
2010-07-19,2.1,9.2,1.0,22.6,17.38,13.6,86.75,68.0,4.333333,,2.86882493335
2010-07-20,2.3,3.0,4.4,21.7,17.44,15.2,88.75,73.0,4.0,,2.02784452193
2010-07-21,1.9,5.7,0.0,21.5,16.96,14.3,87.25,69.0,4.0,,2.40148894562
2010-07-22,1.7,5.2,0.2,22.5,17.56,13.0,87.25,75.0,4.0,,2.34870403052
2010-07-23,1.8,5.2,1.2,21.1,16.74,14.2,83.5,60.0,3.666667,,2.47624531908
2010-07-24,2.1,3.9,1.3,21.1,17.08,14.7,97.5,92.0,3.666667,,1.77399649588
2010-07-25,1.2,6.5,2.4,21.5,17.36,14.9,94.25,85.0,5.0,,2.19274860401
2010-07-26,2.1,1.9,0.8,20.9,17.16,15.3,96.5,94.0,4.0,,1.54687554742
2010-07-27,0.7,3.9,3.6,21.7,17.52,15.3,87.75,66.0,4.666667,,2.23805530204
2010-07-28,2.3,6.3,1.8,22.2,17.7,15.6,80.75,55.0,6.0,,2.99410257328
2010-07-29,3.8,9.8,0.1,22.6,17.52,14.8,71.5,54.0,5.0,,3.8248811481
2010-07-30,3.9,,0.0,22.9,18.0,,80.75,58.0,4.666667,,
2010-07-31,3.6,8.6,4.4,22.9,17.68,14.9,82.75,52.0,3.666667,,3.13806271734
2010-08-01,2.5,1.4,0.0,21.1,17.04,13.9,90.5,84.0,3.0,,1.75037021193
2010-08-02,0.8,7.0,2.7,22.4,17.86,15.2,87.5,69.0,5.0,,2.72103796836
2010-08-03,2.2,5.8,0.5,21.5,17.06,14.9,90.75,75.0,3.666667,,2.39746432261
2010-08-04,2.5,8.4,0.4,23.4,18.1,14.9,81.0,60.0,5.666667,,3.32470432751
2010-08-05,3.7,2.1,1.5,21.3,17.5,15.5,98.75,91.0,4.0,,1.54477332683
2010-08-06,1.2,7.8,0.5,22.5,18.12,14.9,79.0,60.0,2.0,,3.09907240785
2010-08-07,2.8,7.3,0.0,22.5,17.96,15.7,78.75,56.0,2.0,,3.07044584782
2010-08-08,3.6,9.5,0.2,23.7,17.16,11.7,70.5,48.0,2.666667,,3.58946175942
2010-08-09,4.2,8.6,0.0,24.4,17.84,12.4,70.25,49.0,2.666667,,3.55996673877
2010-08-10,3.7,6.3,0.0,23.4,17.46,14.9,75.75,52.0,4.333333,,3.29715067313
2010-08-11,4.1,8.7,0.0,23.4,17.16,12.9,77.25,48.0,6.0,,3.5662693337
2010-08-12,5.2,2.4,3.1,20.4,16.5,14.3,87.25,70.0,5.333333,,2.09892545582
2010-08-13,1.7,4.7,0.8,21.7,17.16,13.5,85.5,68.0,2.0,,2.47161477413
2010-08-14,2.6,10.1,0.0,24.7,19.12,14.9,71.0,50.0,1.333333,,3.73824644037
2010-08-15,4.4,10.0,0.0,26.7,20.04,14.9,67.75,47.0,2.0,,4.04725156311
2010-08-16,5.5,10.3,0.0,24.0,18.98,16.1,74.0,55.0,4.0,,4.06991461954
2010-08-17,3.8,1.6,0.0,20.1,16.38,14.4,79.5,65.0,5.666667,,2.46282224786
2010-08-18,2.0,9.6,0.0,21.0,16.08,11.8,66.0,49.0,6.0,,4.10784376153
2010-08-19,5.2,0.0,0.0,17.5,14.0,11.0,84.0,74.0,5.333333,,1.81366180097
2010-08-20,1.4,8.1,0.2,21.5,16.16,12.7,76.75,51.0,3.333333,,3.31277548354
2010-08-21,4.0,8.6,0.0,22.7,17.44,13.1,78.5,62.0,3.666667,,3.44701212832
2010-08-22,5.1,10.9,0.0,22.6,17.46,14.3,77.75,58.0,3.0,,3.84957260846
2010-08-23,6.9,5.9,0.0,21.4,17.26,14.2,76.5,62.0,4.666667,,3.20324028045
2010-08-24,3.8,8.4,0.0,23.7,18.16,14.1,74.5,53.0,5.0,,3.83551785081
2010-08-25,5.4,9.9,0.0,24.3,18.64,14.3,74.25,50.0,6.333333,,4.21891954284
2010-08-26,5.3,9.8,0.0,25.4,18.46,13.6,69.5,47.0,4.666667,,4.39268953972
2010-08-27,4.9,9.0,0.2,25.5,19.0,16.3,79.25,50.0,2.666667,,3.84744493428
2010-08-28,4.2,8.6,0.0,25.3,18.88,15.7,70.75,53.0,3.333333,,4.09415775329
2010-08-29,4.8,9.4,0.0,25.0,18.86,15.5,78.5,56.0,4.0,,3.96227713768
2010-08-30,4.8,9.8,0.0,25.0,19.04,15.2,67.5,44.0,4.666667,,4.58583109309
2010-08-31,5.6,3.7,0.0,22.9,17.98,15.4,78.25,62.0,5.0,,3.03961012957
2010-09-01,2.8,7.8,1.7,23.5,17.54,15.0,73.5,53.0,6.333333,,4.02822993577
2010-09-02,4.7,5.6,2.7,22.0,17.24,15.1,82.0,63.0,4.333333,,3.05146227984
2010-09-03,2.7,7.2,0.9,23.2,18.1,13.5,74.25,52.0,4.0,,3.6318732934
2010-09-04,4.1,7.4,1.1,23.6,18.18,15.5,70.5,51.0,3.666667,,3.90891106459
2010-09-05,4.0,10.3,0.0,27.4,19.66,14.5,59.5,34.0,2.0,,4.6089308563
2010-09-06,6.2,7.1,0.0,24.4,18.22,14.9,73.5,41.0,5.666667,,3.99275097521
2010-09-07,4.6,7.6,3.5,22.5,18.34,14.7,73.75,58.0,4.666667,,3.81791452053
2010-09-08,4.0,7.5,0.9,25.3,19.3,16.1,74.5,48.0,3.666667,,3.95782371976
2010-09-09,3.8,7.9,0.3,25.0,19.38,15.6,76.25,53.0,4.666667,,3.99643003353
2010-09-10,4.1,5.7,1.7,22.7,18.28,15.7,81.5,67.0,3.666667,,3.20412957563
2010-09-11,2.2,8.9,0.4,23.7,17.68,14.7,70.25,46.0,4.666667,,4.31610372965
2010-09-12,5.2,7.6,0.0,24.1,18.44,13.3,68.0,53.0,5.0,,4.24675217183
2010-09-13,4.1,2.5,0.3,23.5,18.16,14.6,81.5,70.0,4.0,,2.71118511569
2010-09-14,2.4,6.3,0.6,23.7,18.38,14.4,80.25,55.0,3.666667,,3.3955611879
2010-09-15,3.5,7.8,0.2,25.3,18.98,15.3,68.25,47.0,3.666667,,4.29777996524
2010-09-16,5.1,10.7,0.0,25.8,19.4,14.6,68.5,41.0,4.333333,,4.88293668547
2010-09-17,5.8,8.0,0.0,25.1,19.36,15.3,68.0,41.0,3.666667,,4.34565332746
2010-09-18,5.5,9.4,0.0,27.5,20.56,16.5,75.25,51.0,3.333333,,4.53905363221
2010-09-19,6.1,8.2,1.6,27.2,19.46,16.3,76.25,45.0,3.666667,,4.27766971413
2010-09-20,5.2,8.6,2.4,24.3,18.62,15.4,71.0,42.0,6.0,,4.538396376
2010-09-21,5.6,6.2,2.4,23.6,17.7,15.5,78.75,55.0,4.666667,,3.5931357503
2010-09-22,3.4,8.3,0.7,25.4,19.2,14.8,73.75,47.0,4.0,,4.24523987634
2010-09-23,4.6,7.8,0.0,25.5,19.24,15.5,70.75,46.0,4.333333,,4.38360032944
2010-09-24,5.3,9.3,0.0,25.5,19.68,15.7,66.5,44.0,4.333333,,4.85597158768
2010-09-25,6.4,10.6,0.0,26.3,19.88,15.3,61.25,44.0,3.666667,,5.24078030867
2010-09-26,5.8,7.9,0.6,26.4,20.34,16.5,70.5,44.0,3.0,,4.3713491995
2010-09-27,6.2,7.8,0.0,26.6,20.46,16.3,65.0,49.0,3.333333,,4.62421364441
2010-09-28,5.8,9.1,0.0,27.8,21.68,16.5,62.25,46.0,2.666667,,4.91803285498
2010-09-29,6.1,9.3,0.0,29.3,22.66,17.6,59.75,42.0,2.333333,,5.108277925
2010-09-30,6.6,6.2,0.0,27.7,22.38,18.7,69.0,56.0,3.0,,4.31186255905
2010-10-01,4.7,10.2,0.0,29.9,22.9,17.8,50.5,49.0,2.0,,5.42361929961
2010-10-02,10.0,7.7,0.0,29.5,22.28,17.9,64.75,39.0,1.666667,,4.51102308903
2010-10-03,6.0,1.0,0.0,31.9,23.64,16.1,49.0,25.0,2.666667,,4.11686749819
2010-10-04,8.5,8.5,0.0,28.5,21.88,17.3,60.25,40.0,4.666667,,5.55426912883
2010-10-05,7.0,9.9,0.0,28.0,21.94,17.1,64.5,54.0,3.666667,,5.33627554296
2010-10-06,5.5,8.4,0.0,30.9,23.24,18.5,55.75,27.0,3.666667,,5.77032960557
2010-10-07,7.6,8.7,0.0,28.9,22.46,18.3,62.25,39.0,3.333333,,5.27118986954
2010-10-08,7.1,8.3,0.0,30.7,22.32,17.9,58.75,41.0,1.666667,,4.87096575965
2010-10-09,7.8,10.6,0.0,33.3,25.76,18.7,42.25,29.0,1.333333,,5.58936998232
2010-10-10,9.9,9.2,0.0,28.5,22.08,19.3,64.0,43.0,3.333333,,5.34413924805
2010-10-11,9.3,9.9,0.0,28.5,22.16,17.1,56.75,43.0,4.333333,,5.93025690925
2010-10-12,7.0,6.7,0.0,28.7,22.08,17.5,61.25,46.0,3.0,,4.78843361465
2010-10-13,6.1,7.8,0.0,28.0,21.32,17.4,69.25,40.0,4.666667,,4.95629539049
2010-10-14,6.9,9.8,0.0,28.5,21.98,17.6,59.75,38.0,5.0,,5.97371705285
2010-10-15,7.9,10.6,0.0,27.5,21.52,16.5,58.5,41.0,3.333333,,5.60259267337
2010-10-16,8.9,10.5,0.0,28.3,21.72,16.7,54.25,37.0,3.666667,,5.93572698329
2010-10-17,8.4,10.5,0.0,29.3,22.56,17.5,51.25,37.0,2.333333,,5.67937166652
2010-10-18,9.0,7.3,0.0,29.8,23.3,18.5,60.5,42.0,2.0,,4.76173545131
2010-10-19,5.7,8.4,0.0,31.5,23.82,18.5,63.0,40.0,2.666667,,5.30037792729
2010-10-20,3.7,0.9,29.6,23.7,20.16,18.0,89.25,74.0,3.333333,,2.31909136061
2010-10-21,0.9,2.3,2.6,23.4,20.04,18.1,89.0,76.0,4.333333,,2.6034746726
2010-10-22,1.7,5.7,0.6,25.3,20.08,17.3,77.75,57.0,2.333333,,3.7376347198
2010-10-23,2.9,9.3,0.0,28.6,21.46,15.9,59.75,34.0,2.0,,5.02999657449
2010-10-24,5.2,8.3,0.0,30.3,22.4,17.1,56.0,34.0,2.0,,5.08122190598
2010-10-25,6.0,11.1,0.0,29.7,23.06,18.0,58.0,40.0,3.333333,,6.0695971959
2010-10-26,6.8,5.3,1.1,27.4,21.42,18.9,83.5,54.0,3.333333,,3.71424224031
2010-10-27,3.5,8.1,7.9,28.6,23.86,18.9,62.75,51.0,3.666667,,5.31583570739
2010-10-28,4.4,1.5,0.0,28.2,23.16,20.4,85.5,63.0,3.0,,2.8441335259
2010-10-29,1.4,6.6,8.5,27.3,22.64,19.5,83.5,66.0,3.333333,,4.03127915467
2010-10-30,2.3,4.9,16.0,24.7,20.88,18.9,87.5,68.0,2.666667,,3.33968274737
2010-10-31,3.2,5.6,0.0,26.7,20.96,17.9,75.5,50.0,2.666667,,3.94913265664
2010-11-01,4.0,8.5,0.0,27.5,21.68,18.2,67.5,45.0,2.0,,4.75302205953
2010-11-02,5.1,10.2,0.0,31.5,24.14,18.5,62.0,34.0,3.333333,,5.97102617117
2010-11-03,6.6,7.4,0.0,28.7,22.34,18.6,70.5,49.0,3.666667,,4.84692527409
2010-11-04,4.8,9.0,0.0,27.9,21.58,17.7,65.25,46.0,4.0,,5.34913499928
2010-11-05,6.7,10.4,0.0,26.7,22.04,17.7,63.0,45.0,3.866667,,5.57876243313
2010-11-06,6.4,8.9,0.0,29.3,22.72,18.7,57.5,37.0,2.333333,,5.32784167998
2010-11-07,6.6,10.0,0.0,30.9,23.96,18.9,60.25,36.0,3.0,,5.86206813279
2010-11-08,7.8,6.6,0.3,28.3,22.3,18.7,64.5,46.0,4.333333,,5.07768127408
2010-11-09,7.3,11.0,0.0,27.8,21.42,16.8,57.0,39.0,5.333333,,6.36074298506
2010-11-10,9.0,10.6,0.0,26.3,20.6,14.9,59.5,45.0,4.0,,5.58936574945
2010-11-11,6.5,8.8,0.0,28.7,22.02,17.2,62.0,43.0,3.0,,5.26702459849
2010-11-12,5.9,7.0,0.0,27.7,22.4,18.7,66.25,52.0,3.666667,,4.88306711669
2010-11-13,5.8,6.0,0.0,27.5,21.96,18.1,66.75,49.0,3.333333,,4.54343135878
2010-11-14,5.4,4.1,0.0,26.5,22.2,17.9,65.5,53.0,1.666667,,3.68243345987
2010-11-15,4.4,1.5,2.0,25.5,20.76,18.1,85.5,62.0,3.0,,2.69499999665
2010-11-16,2.0,3.3,4.7,24.6,20.46,17.3,80.5,67.0,3.333333,,3.22518983904
2010-11-17,3.3,6.6,0.0,27.9,22.26,17.2,65.5,51.0,1.8,,4.32716460959
2010-11-18,5.4,5.9,0.0,29.5,23.82,19.2,71.5,64.0,3.0,,4.46456942841
2010-11-19,4.2,2.0,3.3,27.1,22.48,18.9,70.75,58.0,2.0,,3.2460012939
2010-11-20,4.2,10.4,0.0,30.3,23.84,18.7,60.0,44.0,2.666667,,5.79780836474
2010-11-21,5.6,6.2,0.0,28.3,22.2,18.3,68.0,45.0,2.666667,,4.46254942745
2010-11-22,5.5,7.1,0.0,28.4,22.24,17.8,66.25,49.0,3.333333,,4.84990635197
2010-11-23,5.4,7.3,0.0,30.0,22.86,18.1,65.75,47.0,3.333333,,5.05884291698
2010-11-24,5.4,10.4,0.0,30.5,23.66,17.6,61.0,42.0,3.0,,5.82909014207
2010-11-25,6.7,8.2,0.0,27.5,21.98,17.8,68.25,55.0,3.0,,4.86660135555
2010-11-26,4.7,7.8,0.0,30.5,23.0,18.7,59.0,42.0,2.0,,5.03570983107
2010-11-27,6.6,5.2,0.0,30.2,24.1,18.3,54.5,40.0,2.333333,,4.67978692742
2010-11-28,6.2,4.7,0.1,27.7,23.56,19.7,63.0,53.0,3.0,,4.42224828712
2010-11-29,5.5,4.1,0.0,27.9,22.76,19.3,70.5,53.0,3.0,,4.00736108697
2010-11-30,4.3,1.2,0.9,25.7,21.0,18.2,80.5,63.0,3.333333,,2.87877904264
2010-12-01,4.2,11.8,0.0,28.9,22.42,17.2,54.5,35.0,3.333333,,6.24502245297
2010-12-02,9.1,9.0,0.0,29.3,22.8,18.1,53.25,37.0,3.333333,,5.82926155126
2010-12-03,7.9,7.7,0.0,28.7,22.24,18.5,63.75,42.0,2.333333,,4.86845346251
2010-12-04,0.3,10.1,0.0,30.7,23.76,17.1,48.25,32.0,1.333333,,5.33986495836
2010-12-05,8.0,8.6,0.0,30.9,23.88,17.5,55.0,39.0,1.666667,,5.13245881751
2010-12-06,6.2,4.1,0.0,29.9,22.72,20.1,80.0,55.0,3.666667,,3.85243067689
2010-12-07,2.9,2.8,14.8,27.7,22.98,19.5,80.0,70.0,2.666667,,3.30991657108
2010-12-08,2.1,3.9,9.8,26.8,22.72,19.3,87.25,81.0,2.333333,,3.2618712924
2010-12-09,2.0,3.4,3.8,27.9,22.7,19.6,80.25,64.0,4.333333,,3.60921349146
2010-12-10,3.0,2.5,2.8,26.1,22.12,20.5,84.0,64.0,4.0,,3.13781952203
2010-12-11,2.2,3.3,16.9,26.7,22.6,19.7,78.5,63.0,2.0,,3.35335005996
2010-12-12,2.0,1.8,72.9,24.9,21.72,19.5,83.75,74.0,2.666667,,2.83469939285
2010-12-13,1.7,3.2,0.0,26.4,22.0,19.9,85.75,73.0,4.0,,3.19213126445
2010-12-14,1.9,1.9,3.1,25.4,21.3,19.5,88.0,82.0,2.666667,,2.72729378775
2010-12-15,2.0,1.3,12.8,24.6,20.56,18.1,83.0,72.0,3.333333,,2.74668819897
2010-12-16,3.3,10.7,0.0,25.8,20.92,17.2,66.25,49.0,3.666667,,5.37122930763
2010-12-17,6.3,9.5,0.0,26.7,20.96,17.5,71.0,45.0,3.0,,4.96756043079
2010-12-18,6.1,11.0,0.0,26.5,20.72,16.5,73.0,54.0,2.666667,,5.11337647837
2010-12-19,3.8,9.4,0.0,26.5,21.6,17.5,70.0,50.0,3.0,,4.96404976894
2010-12-20,5.6,10.0,0.0,27.1,21.7,17.1,67.5,52.0,4.0,,5.35148359825
2010-12-21,5.1,8.2,2.7,26.2,21.22,17.9,75.5,58.0,1.466667,,4.39106423839
2010-12-22,4.1,11.1,0.0,28.5,22.18,17.9,66.0,46.0,3.0,,5.6447089005
2010-12-23,5.7,11.2,0.0,29.3,22.72,19.0,68.25,45.0,3.333333,,5.78866995543
2010-12-24,5.8,9.9,0.0,31.3,24.4,18.7,56.75,36.0,1.333333,,5.34826018348
2010-12-25,6.6,7.1,0.0,30.1,23.28,19.9,74.5,55.0,2.333333,,4.61096103132
2010-12-26,4.0,7.7,7.3,29.1,22.84,19.7,69.25,48.0,2.333333,,4.81519941902
2010-12-27,4.8,10.8,0.0,26.9,21.94,18.4,73.25,56.0,3.333333,,5.26994685806
2010-12-28,4.1,10.0,0.0,30.3,23.18,17.2,58.5,36.0,2.333333,,5.57852776221
2010-12-29,6.0,6.1,0.0,28.5,22.94,19.1,69.25,63.0,4.333333,,4.78490768873
2010-12-30,4.4,2.4,0.0,26.7,20.96,18.2,81.75,64.0,2.666667,,3.07590006829
2010-12-31,2.9,0.0,33.0,22.3,20.1,17.9,92.25,84.0,2.333333,,2.03368036411
2011-01-01,1.0,3.7,1.4,25.5,21.36,17.9,74.25,56.0,3.333333,,3.64476576003
2011-01-02,5.2,9.2,0.0,25.5,20.98,17.5,72.75,59.0,3.333333,,4.79537622914
2011-01-03,4.5,7.2,0.0,25.3,21.16,18.5,76.75,63.0,3.333333,,4.27901256926
2011-01-04,3.8,6.3,0.0,27.0,21.88,19.0,77.0,58.0,4.333333,,4.30731610658
2011-01-05,3.2,8.6,1.9,27.0,21.66,18.5,76.75,56.0,5.0,,4.80021310703
2011-01-06,5.6,10.9,0.0,26.8,21.22,17.0,67.75,53.0,4.0,,5.4920625993
2011-01-07,5.0,10.5,0.0,26.4,21.52,18.0,69.25,51.0,4.333333,,5.41369957977
2011-01-08,5.0,4.7,0.6,25.7,20.24,17.4,85.0,63.0,4.0,,3.41485356445
2011-01-09,2.7,5.1,2.2,25.3,20.86,17.6,81.5,66.0,4.0,,3.6468940573
2011-01-10,3.0,9.3,0.0,26.8,21.7,17.3,70.0,55.0,4.0,,5.10398353561
2011-01-11,4.1,3.3,0.0,25.7,21.56,18.9,79.5,66.0,3.0,,3.36765240545
2011-01-12,2.4,1.2,0.4,24.3,20.86,18.7,90.0,83.0,2.333333,,2.44829238257
2011-01-13,1.0,1.2,2.0,25.5,21.54,18.8,83.75,64.0,3.0,,2.73448914499
2011-01-14,2.5,6.2,0.3,26.5,20.84,18.7,82.75,55.0,3.0,,3.92044097214
2011-01-15,3.8,9.9,0.0,28.3,21.78,17.5,67.75,43.0,2.666667,,5.25690509521
2011-01-16,5.7,10.8,0.0,28.5,22.34,17.7,68.75,52.0,2.666667,,5.45359350235
2011-01-17,5.5,10.0,0.0,28.7,23.42,19.6,66.75,49.0,3.666667,,5.64898447971
2011-01-18,6.0,9.4,0.0,29.4,22.0,17.8,60.75,36.0,3.0,,5.55797866798
2011-01-19,5.6,11.6,0.0,28.6,21.86,17.5,59.75,40.0,3.333333,,6.04036657246
2011-01-20,5.7,7.9,0.0,28.4,21.28,17.4,74.5,49.0,3.666667,,4.73334566217
2011-01-21,4.6,0.3,0.0,22.5,19.9,18.0,82.75,74.0,3.0,,2.45196953512
2011-01-22,2.4,3.9,1.6,24.7,20.7,17.8,83.75,73.0,4.666667,,3.2955726335
2011-01-23,2.6,4.5,1.9,24.8,20.74,18.1,86.25,74.0,4.0,,3.29950610653
2011-01-24,2.3,6.2,2.5,24.7,20.28,17.4,82.5,66.0,2.433333,,3.75672209762
2011-01-25,2.5,9.1,0.7,27.4,21.26,16.7,71.0,46.0,3.666667,,5.0096524878
2011-01-26,4.8,8.2,1.2,28.8,22.88,18.3,66.5,45.0,3.333333,,5.15374330161
2011-01-27,5.2,8.4,0.0,28.7,22.28,18.5,75.5,50.0,3.666667,,4.88063189681
2011-01-28,5.0,5.9,0.0,26.4,20.7,17.5,78.0,59.0,4.333333,,4.06847967345
2011-01-29,3.9,10.8,0.0,27.5,21.7,16.6,59.5,48.0,3.333333,,5.7304643581
2011-01-30,5.8,8.2,0.0,28.6,22.54,18.4,66.75,48.0,3.0,,5.0624199307
2011-01-31,4.9,7.9,0.0,27.5,22.24,18.1,72.0,66.0,3.695547,,4.8074833598
2011-02-01,4.3,7.7,0.0,27.9,22.04,17.6,69.25,52.0,3.0,,4.7727404706
2011-02-02,5.1,6.7,0.0,27.5,22.0,18.1,70.0,58.0,2.666667,,4.46533150303
2011-02-03,4.8,7.2,0.0,27.5,22.4,18.5,68.25,54.0,2.0,,4.5061109329
2011-02-04,5.0,7.6,0.0,27.9,21.68,17.7,67.0,52.0,2.666667,,4.76200960203
2011-02-05,4.9,9.3,0.0,28.5,22.04,16.9,58.75,43.0,2.0,,5.16270971536
2011-02-06,7.2,9.0,0.0,28.3,22.84,18.3,57.5,46.0,2.0,,5.16952339266
2011-02-07,6.2,8.9,0.0,28.3,21.88,16.9,64.75,45.0,3.0,,5.17249354723
2011-02-08,7.2,8.4,0.0,28.1,22.08,18.3,73.75,50.0,4.333333,,4.95696685219
2011-02-09,5.1,5.5,0.3,26.9,22.08,18.3,73.25,58.0,3.333333,,4.16024675944
2011-02-10,4.8,4.6,0.0,26.9,21.96,17.9,76.5,65.0,3.666667,,3.85598695602
2011-02-11,4.0,7.5,0.0,28.5,22.76,19.3,69.25,48.0,3.0,,4.84597749972
2011-02-12,5.2,4.1,0.0,28.1,22.76,17.9,63.25,57.0,3.0,,4.24364628816
2011-02-13,5.0,7.9,0.0,27.7,21.64,18.3,66.0,50.0,3.0,,4.92890820202
2011-02-14,5.1,4.0,0.0,28.1,22.8,19.3,67.0,53.0,2.666667,,4.04130502247
2011-02-15,4.8,6.1,0.0,28.3,22.68,19.9,72.75,52.0,3.0,,4.41339391933
2011-02-16,5.6,7.5,0.0,28.1,22.48,18.9,74.0,52.0,4.0,,4.73785127646
2011-02-17,5.2,5.9,0.0,28.1,22.24,18.5,65.5,50.0,4.333333,,4.86414427107
2011-02-18,4.9,5.0,1.0,26.5,21.52,18.3,78.5,59.0,4.333333,,3.87941560816
2011-02-19,3.0,4.6,0.8,27.1,22.08,18.1,71.75,58.0,3.666667,,4.07188244658
2011-02-20,5.0,3.2,1.2,25.3,21.32,17.5,71.25,64.0,3.333333,,3.61342703311
2011-02-21,5.0,8.5,0.0,28.1,22.12,18.3,65.75,58.0,2.666667,,4.99739041321
2011-02-22,7.0,3.5,0.0,28.2,22.86,18.9,68.75,53.0,2.0,,3.66711539043
2011-02-23,3.7,7.5,0.0,29.5,23.72,19.5,68.25,50.0,2.666667,,4.85814905761
2011-02-24,5.2,4.6,0.0,28.9,23.44,20.9,84.5,71.0,2.666667,,3.65749812859
2011-02-25,2.2,4.1,6.8,28.5,22.68,19.9,73.0,50.0,3.666667,,4.05607837865
2011-02-26,3.2,6.0,3.6,29.5,22.76,18.5,76.0,56.0,2.333333,,4.16305914858
2011-02-27,2.4,1.0,35.0,25.9,21.08,18.1,79.75,62.0,2.666667,,2.75340157668
2011-02-28,2.3,7.3,1.5,27.5,21.84,18.2,74.5,51.0,3.0,,4.43150768348
2011-03-01,3.5,7.4,0.0,28.7,22.34,17.8,72.5,50.0,2.666667,,4.5367197025
2011-03-02,4.0,9.4,0.0,29.5,23.04,18.5,62.25,44.0,2.0,,5.17646405073
2011-03-03,5.3,5.7,0.0,28.3,23.0,18.9,71.0,53.0,2.0,,4.08123154417
2011-03-04,5.6,10.1,0.0,28.5,24.52,19.9,59.75,48.0,2.0,,5.3529997115
2011-03-05,6.0,3.5,0.0,28.1,22.08,19.7,85.25,59.0,3.0,,3.25666622021
2011-03-06,3.4,7.8,2.7,28.7,22.48,17.9,69.25,55.0,2.0,,4.56180801051
2011-03-07,5.4,7.5,1.4,29.1,23.72,19.7,69.0,50.0,2.666667,,4.74595955543
2011-03-08,5.9,10.4,0.0,28.7,23.08,18.7,68.0,50.0,3.0,,5.38202555995
2011-03-09,5.4,8.9,0.0,29.7,24.12,20.0,64.0,44.0,3.0,,5.34004004205
2011-03-10,5.9,4.7,0.0,29.4,24.0,19.8,67.75,47.0,2.666667,,4.16887167849
2011-03-11,4.3,6.7,0.0,30.7,23.56,20.1,75.25,51.0,3.666667,,4.61357186639
2011-03-12,3.3,3.7,60.6,26.3,22.0,18.9,83.75,69.0,1.666667,,3.13584830537
2011-03-13,2.4,0.5,5.1,22.4,20.54,19.5,94.25,92.0,3.333333,,1.97948246551
2011-03-14,1.4,9.4,6.2,27.8,22.68,19.2,73.5,54.0,3.666667,,4.96457115483
2011-03-15,4.2,9.7,0.0,29.6,23.4,18.4,73.25,51.0,3.666667,,5.14094441633
2011-03-16,4.5,7.5,0.0,30.7,24.22,19.1,68.0,50.0,2.666667,,4.79695106171
2011-03-17,4.4,6.8,0.0,30.8,24.0,19.1,67.0,45.0,2.666667,,4.6723886539
2011-03-18,4.3,6.5,0.0,29.9,23.08,18.3,72.75,50.0,3.0,,4.37323697327
2011-03-19,4.7,7.9,0.0,29.5,23.4,19.1,69.25,48.0,1.666667,,4.50028098724
2011-03-20,5.2,8.8,0.0,29.5,23.44,19.3,71.25,50.0,3.0,,4.91733407083
2011-03-21,5.3,6.0,0.0,28.4,22.74,19.8,76.5,59.0,3.666667,,4.14442756808
2011-03-22,5.0,7.3,0.0,27.9,22.4,19.1,78.75,61.0,3.0,,4.18628601506
2011-03-23,5.0,7.3,0.8,25.9,21.38,19.3,85.25,67.0,4.0,,3.82241400486
2011-03-24,2.1,6.5,1.8,28.4,22.66,18.8,73.0,53.0,3.333333,,4.27773219731
2011-03-25,3.8,7.0,0.2,28.7,23.24,19.5,78.5,60.0,3.333333,,4.20382386954
2011-03-26,4.2,7.5,0.0,28.3,22.4,19.7,87.5,62.0,3.333333,,3.9237498757
2011-03-27,4.0,3.9,4.0,26.5,21.84,19.7,88.25,65.0,3.0,,3.00969767079
2011-03-28,2.2,1.9,7.1,25.5,21.28,18.7,89.25,76.0,2.666667,,2.46662013005
2011-03-29,1.2,5.4,16.0,26.9,22.12,19.1,79.0,63.0,3.0,,3.64849956522
2011-03-30,3.4,10.0,0.0,28.6,22.66,19.2,71.0,48.0,3.666667,,5.07764416446
2011-03-31,4.8,10.0,0.0,29.0,22.96,19.6,72.0,47.0,3.666667,,5.08134329918
2011-04-01,4.9,9.5,0.0,30.5,24.08,19.7,64.5,45.0,1.666667,,4.8588460595
2011-04-02,6.0,8.5,0.0,30.3,23.56,19.5,64.5,40.0,2.0,,4.7095604153
2011-04-03,5.2,8.6,0.0,29.7,23.32,19.3,62.0,40.0,2.0,,4.71354577546
2011-04-04,6.2,10.1,0.0,30.3,23.82,19.0,63.25,43.0,1.666667,,4.91166808734
2011-04-05,6.0,9.6,0.0,29.7,23.04,18.6,62.75,43.0,3.0,,5.14304127456
2011-04-06,6.3,7.7,0.0,30.8,23.44,19.0,62.75,40.0,3.333333,,4.97660997868
2011-04-07,5.7,10.0,0.0,29.4,22.94,19.0,56.5,35.0,4.0,,5.72367911402
2011-04-08,7.9,8.6,0.0,28.5,22.84,18.5,67.5,45.0,4.333333,,4.92460106828
2011-04-09,5.9,5.2,1.3,26.7,21.56,18.9,86.0,66.0,4.0,,3.23831404165
2011-04-10,3.0,2.6,0.5,26.7,22.0,18.5,80.5,67.0,4.0,,3.00029165238
2011-04-11,4.1,8.8,0.0,27.8,22.12,18.2,66.25,48.0,5.666667,,5.15216898829
2011-04-12,6.0,2.5,0.0,25.4,20.48,16.6,92.0,70.0,4.333333,,2.27377457419
2011-04-13,1.7,7.4,1.5,25.8,21.02,17.0,79.25,63.0,4.666667,,3.80817854321
2011-04-14,3.5,7.0,0.1,26.8,21.64,18.6,75.0,57.0,6.0,,4.24667036917
2011-04-15,5.1,5.6,0.0,26.3,21.52,18.3,82.25,66.0,5.0,,3.43280436405
2011-04-16,3.0,7.6,1.2,27.5,21.36,18.1,85.5,61.0,3.333333,,3.64307667277
2011-04-17,3.2,6.2,2.4,26.8,21.46,18.9,84.75,65.0,4.666667,,3.42072823924
2011-04-18,2.9,4.9,0.4,25.5,20.96,18.3,95.0,90.0,4.333333,,2.55351460374
2011-04-19,1.7,3.9,5.6,24.8,20.44,18.4,88.25,72.0,5.0,,2.68790980067
2011-04-20,1.8,4.8,0.5,25.6,20.64,17.7,83.75,63.0,4.0,,3.05609049485
2011-04-21,2.2,5.2,0.6,24.9,20.06,18.3,94.0,85.0,2.8,,2.7063779814
2011-04-22,1.0,4.3,2.7,23.2,20.14,17.9,90.5,77.0,4.333333,,2.52267389744
2011-04-23,2.3,1.9,2.5,22.3,19.68,18.1,92.5,88.0,3.0,,2.03124591899
2011-04-24,1.8,9.3,0.5,26.7,20.4,16.1,74.5,53.0,2.0,,3.93720511844
2011-04-25,4.3,7.7,0.1,26.4,20.6,17.7,79.0,55.0,3.666667,,3.73091259685
2011-04-26,3.8,9.0,0.0,26.4,21.04,17.1,73.0,51.0,3.666667,,4.14889640396
2011-04-27,4.3,4.7,0.0,25.3,20.04,16.9,80.0,56.0,4.0,,3.10085460836
2011-04-28,3.8,6.5,0.0,24.6,19.94,16.8,82.75,63.0,3.666667,,3.19088028395
2011-04-29,2.6,1.6,0.0,23.5,20.0,17.9,87.25,75.0,5.0,,2.23488459089
2011-04-30,0.9,1.8,1.7,23.9,20.12,17.9,86.25,74.0,3.0,,2.23974282408
2011-05-01,2.0,6.3,0.0,26.5,20.92,17.7,81.25,58.0,2.666667,,3.26226688632
2011-05-02,4.4,2.9,0.0,24.7,21.26,18.2,82.5,74.0,4.0,,2.66952271
2011-05-03,2.4,5.2,12.0,24.2,20.92,19.5,92.25,87.0,4.0,,2.5959036133
2011-05-04,1.5,7.8,1.6,25.8,20.98,17.7,79.5,58.0,4.0,,3.59887536601
2011-05-05,3.7,4.6,0.1,24.5,20.28,18.5,90.25,77.0,3.666667,,2.55354941621
2011-05-06,2.0,9.8,1.0,25.7,20.92,18.3,79.0,58.0,3.333333,,3.88562749051
2011-05-07,3.4,0.5,1.4,22.1,19.68,18.3,95.25,87.0,3.666667,,1.57536490981
2011-05-08,1.1,7.9,3.7,23.5,19.28,16.7,86.5,70.0,4.0,,3.07247265307
2011-05-09,3.2,7.5,0.0,24.3,19.34,16.2,78.5,62.0,3.666667,,3.35030545518
2011-05-10,3.8,6.3,0.0,23.9,19.4,17.1,83.5,62.0,3.666667,,2.97488963829
2011-05-11,3.2,4.0,0.0,23.6,19.58,17.6,89.0,72.0,4.0,,2.39324451975
2011-05-12,3.0,7.3,0.0,24.5,19.76,17.3,83.25,58.0,3.666667,,3.15568931204
2011-05-13,3.1,5.0,0.3,23.5,19.64,17.1,92.5,78.0,3.333333,,2.37287796184
2011-05-14,2.8,6.1,0.4,24.5,20.0,16.9,75.75,60.0,3.666667,,3.25272851889
2011-05-15,3.8,5.6,0.0,22.9,19.12,16.5,82.75,67.0,3.333333,,2.76627722402
2011-05-16,2.8,7.6,0.0,26.9,20.72,15.5,75.25,56.0,2.666667,,3.4282183165
2011-05-17,3.7,3.3,0.0,26.7,21.0,16.5,80.0,71.0,2.666667,,2.62103896703
2011-05-18,3.2,0.8,0.1,21.9,19.42,18.2,91.75,83.0,4.0,,1.71216522069
2011-05-19,1.3,0.4,1.5,20.5,18.54,17.2,95.75,93.0,3.666667,,1.42129948165
2011-05-20,0.3,0.0,1.0,18.5,17.4,16.5,97.25,97.0,2.666667,,1.29694861709
2011-05-21,0.6,3.0,0.8,21.6,18.22,16.1,91.75,79.0,4.333333,,1.93213302744
2011-05-22,1.8,9.0,0.2,22.5,17.72,14.5,84.0,60.0,5.0,,3.03790668063
2011-05-23,2.7,1.0,0.7,21.4,18.38,16.3,95.0,88.0,4.333333,,1.50101862673
2011-05-24,1.0,0.2,0.6,20.5,17.9,16.8,93.25,83.0,4.0,,1.47025665334
2011-05-25,1.3,3.8,0.5,22.9,18.78,16.2,82.5,66.0,4.333333,,2.5134872306
2011-05-26,3.0,8.7,0.0,24.7,18.72,15.9,71.75,52.0,3.0,,3.52051082912
2011-05-27,3.5,8.9,0.0,27.3,20.52,15.7,67.75,43.0,2.666667,,3.7623457206
2011-05-28,3.8,2.7,0.0,23.9,19.2,16.7,79.25,68.0,2.0,,2.2853352634
2011-05-29,3.2,8.3,0.0,27.5,20.16,16.1,68.5,49.0,2.666667,,3.66842187083
2011-05-30,3.4,9.4,0.0,25.2,19.84,16.8,75.25,54.0,3.666667,,3.62449073824
2011-05-31,4.7,1.3,0.0,21.9,18.82,17.0,79.75,70.0,5.0,,2.36275057289
2011-06-01,2.7,0.3,0.0,22.4,18.48,16.1,88.5,72.0,3.666667,,1.6988255193
2011-06-02,1.3,3.0,1.8,21.9,18.38,16.6,93.0,78.0,4.0,,1.84799243231
2011-06-03,1.6,3.3,0.1,23.7,19.6,16.3,81.0,66.0,2.0,,2.28342072425
2011-06-04,2.0,7.6,0.4,26.7,20.76,17.3,77.25,51.0,2.0,,3.16746249274
2011-06-05,4.0,9.9,0.0,28.1,21.56,15.1,66.0,43.0,3.666667,,4.16671497989
2011-06-06,5.4,3.1,0.0,21.9,18.3,15.9,83.75,67.0,4.333333,,2.26263095602
2011-06-07,2.4,4.6,0.4,22.7,17.7,15.3,86.25,64.0,3.333333,,2.30787037254
2011-06-08,2.6,,0.0,27.3,19.62,14.8,67.0,40.0,2.666667,,3.43747961769
2011-06-09,4.7,,0.0,27.9,20.18,14.3,66.25,39.0,2.333333,,3.45885368014
2011-06-10,5.9,,0.0,27.5,19.92,16.7,66.5,44.0,2.333333,,3.29896642665
2011-06-11,5.0,,0.0,27.5,20.56,16.5,70.25,48.0,2.0,,3.11940745401
2011-06-12,4.4,,0.0,24.3,19.08,15.9,86.5,62.0,3.0,,2.3918384113
2011-06-13,3.0,,4.5,18.1,16.94,16.5,95.25,91.0,3.666667,,1.13069325561
2011-06-14,0.5,,1.7,21.3,17.28,15.5,93.0,81.0,4.0,,1.77554603287
2011-06-15,1.1,,0.4,21.0,16.82,15.4,84.5,68.0,4.0,,2.11735295557
2011-06-16,2.5,,0.0,22.3,17.56,12.9,80.5,66.0,4.666667,,2.60268006348
2011-06-17,2.5,,1.3,23.7,18.12,15.3,83.75,59.0,2.666667,,2.41220679717
2011-06-18,3.2,,0.7,24.9,19.18,15.8,84.0,55.0,2.0,,2.48554504816
2011-06-19,3.6,,0.0,24.7,19.48,16.1,78.25,59.0,2.666667,,2.66693050846
2011-06-20,3.7,,0.1,24.7,18.84,15.9,75.25,51.0,3.0,,2.82437987118
2011-06-21,3.7,5.3,0.0,24.3,19.0,16.0,72.75,52.0,3.0,,2.91983323853
2011-06-22,4.0,4.5,0.0,23.0,18.14,14.9,80.5,60.0,3.0,,2.45530585072
2011-06-23,2.6,1.0,0.0,22.5,18.18,15.7,83.5,66.0,3.666667,,1.96816812065
2011-06-24,2.0,8.0,0.2,23.9,18.2,15.7,77.5,56.0,2.333333,,2.99548276965
2011-06-25,3.9,8.6,0.0,24.5,18.96,15.5,70.0,50.0,2.0,,3.21010927959
2011-06-26,4.0,8.7,0.0,25.5,18.68,14.7,71.5,52.0,1.666667,,3.15646876029
2011-06-27,4.2,8.3,0.0,26.1,19.76,15.8,68.75,48.0,3.0,,3.53683472268
2011-06-28,4.2,9.1,0.0,28.4,20.08,14.9,66.75,37.0,2.666667,,3.75477300843
2011-06-29,5.2,7.8,0.0,24.9,19.12,15.1,75.0,44.0,3.666667,,3.26048365033
2011-06-30,3.7,0.7,1.4,21.2,18.6,17.1,97.0,85.0,4.0,,1.33038315282
2011-07-01,1.2,5.2,2.1,22.9,18.2,16.5,82.25,49.0,4.0,,2.61135693413
2011-07-02,3.4,5.3,0.6,22.3,18.48,15.9,89.5,75.0,3.666667,,2.26154968487
2011-07-03,2.6,6.1,0.5,24.1,17.96,16.1,86.75,56.0,2.666667,,2.54906590085
2011-07-04,3.2,7.8,0.3,24.8,18.62,15.6,80.75,54.0,3.0,,3.00962082646
2011-07-05,3.4,6.6,0.0,23.5,17.72,14.7,79.25,55.0,3.333333,,2.83227961406
2011-07-06,3.3,10.6,0.0,26.4,18.54,12.3,69.0,45.0,3.0,,3.73783452096
2011-07-07,4.5,9.3,0.0,28.4,19.02,13.3,58.0,29.0,2.666667,,4.01221430634
2011-07-08,5.9,9.3,0.0,26.3,19.56,14.5,69.25,50.0,1.666667,,3.35857123788
2011-07-09,4.8,7.7,0.0,24.9,18.88,16.3,83.0,54.0,3.666667,,3.00985622741
2011-07-10,4.2,3.4,2.2,24.5,17.56,15.3,88.0,69.0,2.666667,,2.14590324901
2011-07-11,1.9,5.3,0.0,21.6,17.72,14.0,72.25,62.0,3.666667,,2.87912553878
2011-07-12,2.9,6.1,0.0,23.8,18.02,13.3,79.5,58.0,4.0,,2.81611055871
2011-07-13,3.3,4.5,1.2,21.5,17.12,14.3,80.5,68.0,4.0,,2.50122342529
2011-07-14,2.5,7.9,0.0,23.2,17.36,14.0,74.5,53.0,4.0,,3.24221394829
2011-07-15,4.4,8.5,0.0,24.3,18.68,14.9,70.75,56.0,2.666667,,3.3668688892
2011-07-16,4.0,5.8,0.0,23.9,17.96,14.5,79.5,56.0,2.333333,,2.69246625879
2011-07-17,4.0,2.6,0.0,22.1,16.92,14.1,85.0,59.0,3.333333,,2.08221293453
2011-07-18,3.2,4.6,0.0,22.9,17.24,13.7,77.75,59.0,3.0,,2.59899861166
2011-07-19,2.4,4.1,1.8,22.3,17.58,13.6,89.25,76.0,4.333333,,2.11586955509
2011-07-20,1.8,9.9,1.3,22.9,17.4,14.3,69.0,46.0,4.0,,3.73485794493
2011-07-21,5.0,9.4,0.6,23.5,17.14,13.8,69.0,47.0,4.0,,3.70831667012
2011-07-22,4.5,9.5,0.0,24.7,18.6,14.7,65.75,43.0,2.666667,,3.71212231182
2011-07-23,5.4,7.9,0.0,23.5,18.4,15.7,72.0,54.0,5.0,,3.6378714399
2011-07-24,4.6,5.8,0.4,22.9,16.72,14.3,74.5,51.0,5.0,,3.16908879814
2011-07-25,4.0,3.4,2.0,20.5,16.36,14.3,81.75,69.0,5.333333,,2.41228493251
2011-07-26,2.3,6.2,2.4,22.5,17.16,13.5,78.25,53.0,6.0,,3.04599858963
2011-07-27,4.5,6.5,0.0,22.4,17.72,14.2,79.25,67.0,5.0,,2.99155211061
2011-07-28,2.1,4.7,2.0,20.8,16.68,13.7,88.0,76.0,4.333333,,2.23973437972
2011-07-29,1.8,5.3,1.4,22.9,16.92,14.5,87.5,64.0,3.666667,,2.4671876529
2011-07-30,1.8,8.2,0.4,24.3,18.18,14.2,75.75,50.0,2.666667,,3.29695383484
2011-07-31,4.2,3.9,1.1,22.1,18.68,16.9,91.75,79.0,4.333333,,2.13836827263
2011-08-01,1.3,9.3,1.2,25.7,19.94,15.2,65.5,48.0,3.333333,,4.04836107119
2011-08-02,4.9,8.7,0.0,27.9,20.58,16.6,68.75,46.0,2.666667,,3.94131453674
2011-08-03,5.1,10.8,0.0,29.0,20.92,14.5,59.25,37.0,2.333333,,4.4258258999
2011-08-04,5.7,10.8,0.0,30.7,22.1,14.9,54.5,31.0,3.0,,4.99474641372
2011-08-05,7.0,10.5,0.0,25.5,19.32,14.5,62.75,46.0,4.0,,4.45868334382
2011-08-06,6.4,5.1,0.0,23.1,18.92,16.3,92.5,66.0,4.0,,2.35461737201
2011-08-07,1.2,8.8,10.0,23.3,18.4,15.7,75.5,51.0,3.666667,,3.58211938682
2011-08-08,5.1,10.4,0.0,23.8,18.08,14.2,66.25,45.0,3.0,,4.00245701691
2011-08-09,4.6,9.1,0.0,25.7,18.28,13.1,74.25,48.0,3.333333,,3.71758418462
2011-08-10,4.3,7.9,0.0,29.0,20.54,15.7,62.0,34.0,2.666667,,4.16415713642
2011-08-11,4.5,6.7,0.0,25.4,18.66,15.3,72.5,47.0,3.666667,,3.57232453642
2011-08-12,4.0,7.6,0.0,24.3,18.0,12.9,79.75,56.0,4.0,,3.26849431002
2011-08-13,3.9,6.8,0.2,22.9,18.2,15.5,88.75,69.0,3.0,,2.82810800847
2011-08-14,3.4,9.4,0.0,26.1,19.6,15.7,67.5,47.0,1.666667,,3.85273697365
2011-08-15,5.0,10.9,0.0,24.0,18.1,14.1,67.25,43.0,3.533333,,4.2378584894
2011-08-16,7.4,4.1,0.0,22.8,17.12,14.1,86.25,63.0,5.0,,2.49828899409
2011-08-17,2.0,8.4,0.5,23.6,17.56,14.1,71.5,44.0,4.0,,3.78739980113
2011-08-18,4.5,6.5,1.0,23.6,17.4,15.0,80.5,51.0,3.666667,,3.1647116618
2011-08-19,4.0,7.0,0.0,24.8,18.4,14.4,63.5,43.0,3.333333,,3.91021046124
2011-08-20,6.0,10.6,0.0,26.8,19.7,14.4,55.25,38.0,3.0,,4.78966612749
2011-08-21,6.0,9.5,0.0,25.3,19.46,15.9,63.5,45.0,5.333333,,4.81275454177
2011-08-22,5.8,7.5,0.0,24.6,18.1,14.5,74.5,48.0,3.666667,,3.64436213947
2011-08-23,3.3,3.2,0.6,22.3,17.94,14.7,89.25,80.0,3.666667,,2.27280081035
2011-08-24,1.2,6.4,1.4,23.0,17.94,15.3,81.5,56.0,5.333333,,3.21008942081
2011-08-25,3.3,9.4,0.7,25.3,18.6,14.9,66.0,37.0,4.333333,,4.49377642533
2011-08-26,5.9,7.9,0.0,25.4,18.98,15.5,73.25,53.0,3.333333,,3.86308143974
2011-08-27,4.1,8.9,0.0,25.8,19.26,15.4,68.75,50.0,4.666667,,4.43710268787
2011-08-28,5.5,8.2,0.4,25.4,18.84,15.0,67.5,45.0,4.333333,,4.29881063758
2011-08-29,5.3,9.5,0.0,25.4,19.06,14.3,70.75,43.0,5.333333,,4.43469143855
2011-08-30,6.2,9.7,0.0,27.7,20.64,15.9,57.75,38.0,3.666667,,5.07474472055
2011-08-31,6.0,8.9,0.0,27.7,20.68,16.3,61.75,40.0,3.666667,,4.81913695335
2011-09-01,5.8,9.6,0.0,26.7,20.08,16.5,58.75,40.0,4.0,,5.0730073267
2011-09-02,5.9,10.0,0.0,25.7,19.44,14.7,52.0,36.0,4.666667,,5.43942660536
2011-09-03,8.6,3.5,0.0,21.5,17.36,14.7,85.75,56.0,5.0,,2.53381480391
2011-09-04,5.0,8.3,1.4,24.5,17.32,13.9,76.25,53.0,2.0,,3.68347311811
2011-09-05,6.1,8.8,0.0,23.9,17.22,13.1,60.75,40.0,3.333333,,4.3448104374
2011-09-06,5.1,8.5,0.0,25.5,18.22,13.7,57.5,36.0,3.333333,,4.58842087814
2011-09-07,5.9,9.6,0.0,25.9,19.26,14.5,54.25,39.0,3.666667,,5.05958873552
2011-09-08,6.5,10.4,0.0,26.6,19.84,15.5,56.25,36.0,4.0,,5.33247348557
2011-09-09,6.1,10.7,0.0,25.5,19.28,15.3,59.75,41.0,2.666667,,4.80359398111
2011-09-10,7.0,9.5,0.0,27.1,20.56,14.5,53.25,39.0,2.666667,,4.88852185876
2011-09-11,6.7,7.8,0.0,26.5,20.04,15.5,57.5,39.0,1.666667,,4.13598521814
2011-09-12,5.9,10.1,0.0,26.4,20.32,16.6,56.25,38.0,5.333333,,5.72231407545
2011-09-13,6.7,10.6,0.0,26.2,18.66,12.8,49.75,29.0,4.666667,,5.72180787923
2011-09-14,7.9,9.9,0.0,26.4,19.82,14.5,56.0,39.0,5.666667,,5.68355305787
2011-09-15,7.4,6.7,0.0,24.7,18.88,14.5,67.0,47.0,5.333333,,4.3536520314
2011-09-16,6.5,8.7,0.0,25.0,18.42,15.3,67.0,42.0,5.666667,,4.77942426634
2011-09-17,6.6,3.9,0.4,21.3,17.04,15.1,87.75,77.0,5.0,,2.59020135261
2011-09-18,1.9,7.9,2.6,22.5,16.64,13.7,82.0,66.0,5.0,,3.52237612687
2011-09-19,3.9,5.0,0.7,21.7,15.54,12.6,87.25,59.0,5.333333,,2.71511833885
2011-09-20,3.1,6.2,0.7,21.6,16.84,13.2,70.25,51.0,5.333333,,3.81736768197
2011-09-21,4.8,10.2,0.0,25.7,18.46,12.3,59.25,41.0,2.766667,,4.78236823526
2011-09-22,5.4,8.5,0.0,26.0,19.24,15.4,64.25,43.0,3.666667,,4.70917072459
2011-09-23,5.6,7.7,0.0,26.7,19.52,14.9,67.75,47.0,4.0,,4.52923805119
2011-09-24,6.0,8.2,0.0,28.6,21.06,16.1,58.5,37.0,2.4,,4.77348373493
2011-09-25,6.9,9.3,0.0,26.1,19.92,15.7,70.5,45.0,5.0,,4.80891608838
2011-09-26,6.9,4.0,0.0,24.4,18.84,16.4,81.0,57.0,5.333333,,3.260122225
2011-09-27,3.1,2.4,0.0,21.4,17.6,15.1,88.0,73.0,4.333333,,2.39987523583
2011-09-28,2.4,8.0,0.0,26.7,20.14,16.0,65.25,46.0,3.666667,,4.72255404876
2011-09-29,5.2,2.6,0.0,25.8,20.06,16.5,72.25,51.0,4.0,,3.45049906728
2011-09-30,5.7,3.5,0.0,25.3,20.08,16.5,68.25,50.0,3.0,,3.57046849861
2011-10-01,6.2,5.1,0.0,26.3,20.32,16.5,65.75,50.0,2.0,,3.7771520878
2011-10-02,5.6,4.9,0.0,26.7,20.32,16.3,68.75,48.0,2.666667,,3.83931262553
2011-10-03,5.5,8.3,0.0,28.7,22.16,15.3,55.5,41.0,3.333333,,5.26159340539
2011-10-04,7.0,0.2,0.0,25.3,20.6,17.4,68.25,54.0,4.666667,,3.38441689856
2011-10-05,5.3,1.3,0.0,27.2,20.4,16.6,67.75,42.0,5.333333,,3.84839920837
2011-10-06,6.5,7.6,0.0,27.8,21.14,16.5,61.5,40.0,4.333333,,5.1492304618
2011-10-07,7.1,8.0,0.0,27.5,21.04,16.5,57.5,41.0,3.666667,,5.20268142269
2011-10-08,7.6,7.5,0.0,27.3,20.52,15.9,65.0,45.0,3.666667,,4.75816043175
2011-10-09,6.2,10.6,0.0,28.1,21.0,14.3,52.5,37.0,2.333333,,5.36393404411
2011-10-10,7.9,9.7,0.0,30.2,22.56,16.5,48.25,31.0,4.0,,6.32859641236
2011-10-11,8.2,7.4,0.0,28.4,21.8,17.4,67.25,49.0,3.333333,,4.75671673608
2011-10-12,6.0,5.1,0.0,27.3,21.0,16.6,66.5,48.0,3.333333,,4.21574620824
2011-10-13,5.6,0.5,0.0,23.7,20.42,17.7,75.25,66.0,4.333333,,2.95069408721
2011-10-14,3.5,8.2,0.2,27.5,22.0,16.9,58.25,48.0,3.0,,5.07214892763
2011-10-15,6.5,3.0,0.0,27.1,22.22,17.9,62.5,55.0,1.333333,,3.34389444838
2011-10-16,4.1,4.0,0.0,28.9,22.4,18.9,75.5,50.0,2.666667,,3.71775116092
2011-10-17,3.0,1.4,7.4,29.3,23.8,19.6,72.25,57.0,3.333333,,3.44873132879
2011-10-18,3.6,0.0,0.0,23.5,20.44,19.0,94.75,77.0,2.333333,,1.95499951512
2011-10-19,0.4,0.1,14.2,20.8,18.24,17.0,92.75,88.0,4.0,,1.88275496
2011-10-20,0.8,0.9,1.6,21.8,18.18,15.2,82.0,77.0,4.666667,,2.54921955999
2011-10-21,1.9,0.0,2.4,20.5,17.8,15.1,93.5,80.0,2.666667,,1.82865224577
2011-10-22,0.8,2.6,6.2,22.1,18.04,15.3,90.75,81.0,2.666667,,2.48931375339
2011-10-23,1.2,3.9,0.8,23.5,19.08,16.5,90.75,78.0,3.0,,2.83795274706
2011-10-24,1.3,,19.9,25.4,20.14,16.9,84.0,61.0,3.666667,,3.50294724842
2011-10-25,2.9,5.7,2.4,25.9,20.48,16.7,75.75,58.0,3.0,,3.88559874446
2011-10-26,3.9,9.2,0.0,27.6,21.6,17.7,75.5,49.0,3.666667,,4.85391614181
2011-10-27,5.1,8.0,0.0,27.8,21.94,17.9,71.5,51.0,4.0,,4.84941415795
2011-10-28,5.2,9.2,0.4,27.9,21.84,17.7,67.25,50.0,2.0,,4.90763009235
2011-10-29,5.1,7.2,1.0,27.5,21.48,18.1,74.0,54.0,2.0,,4.31139730165
2011-10-30,5.2,9.2,0.0,28.3,22.2,18.3,63.5,45.0,2.0,,5.04574794477
2011-10-31,6.0,10.5,0.0,29.7,23.24,18.7,58.25,40.0,3.333333,,5.99516582494
2011-11-01,6.9,5.9,0.0,28.7,22.08,18.3,69.25,42.0,4.0,,4.6341578797
2011-11-02,5.9,2.0,0.0,25.8,20.2,17.3,77.0,58.0,4.333333,,3.27695059792
2011-11-03,4.3,0.2,0.0,22.7,19.26,16.7,81.5,67.0,4.666667,,2.56237569578
2011-11-04,2.7,0.0,0.0,20.1,17.24,15.9,90.75,78.0,3.666667,,1.93646094125
2011-11-05,2.0,0.0,1.2,20.2,16.86,14.7,80.0,73.0,3.666667,,2.35952932226
2011-11-06,3.0,6.8,0.4,26.5,19.8,14.5,66.5,48.0,3.0,,4.40154747923
2011-11-07,5.7,7.0,0.0,26.0,20.7,15.2,70.25,54.0,4.0,,4.44770644755
2011-11-08,4.7,1.1,1.0,23.4,19.24,16.5,88.75,74.0,3.333333,,2.35930294154
2011-11-09,1.5,0.0,5.8,19.5,17.5,16.0,95.0,92.0,3.0,,1.78389235727
2011-11-10,0.6,0.0,9.8,20.2,18.08,16.7,95.5,90.0,3.333333,,1.78085567042
2011-11-11,0.7,0.4,1.4,22.3,18.84,15.9,90.25,78.0,3.333333,,2.10885875655
2011-11-12,1.8,4.9,0.5,24.5,19.76,17.5,90.0,78.0,3.666667,,3.1579521071
2011-11-13,1.8,5.7,1.4,25.7,20.4,17.5,97.25,95.0,3.333333,,3.11887672604
2011-11-14,5.2,9.6,0.0,25.7,20.64,16.7,68.5,50.0,3.333333,,4.98452120511
2011-11-15,5.6,7.0,0.0,27.3,21.2,17.5,72.0,52.0,2.666667,,4.40223048492
2011-11-16,4.1,9.2,0.0,28.7,22.58,18.4,71.75,50.0,3.0,,5.08777221554
2011-11-17,3.9,5.1,0.0,29.8,22.68,18.8,76.75,52.0,3.0,,4.08592117189
2011-11-18,4.2,2.4,0.0,25.3,21.52,19.9,78.25,63.0,3.0,,3.22312378671
2011-11-19,4.4,5.5,0.0,27.7,21.6,18.1,69.0,49.0,2.0,,4.08065561118
2011-11-20,5.8,5.9,0.0,25.8,20.86,17.3,69.75,57.0,3.0,,4.19267292538
2011-11-21,4.4,3.3,0.0,24.8,19.92,17.2,78.25,62.0,3.666667,,3.35677977428
2011-11-22,3.7,9.6,0.0,27.8,21.42,16.9,62.75,45.0,3.333333,,5.39268704662
2011-11-23,6.3,6.6,0.0,28.8,21.78,17.3,74.0,50.0,2.666667,,4.35025520886
2011-11-24,4.8,0.4,0.1,24.0,20.06,15.1,82.25,71.0,3.333333,,2.48323696078
2011-11-25,2.5,6.1,0.2,26.7,21.04,18.3,71.25,56.0,3.333333,,4.34129062656
2011-11-26,5.6,1.0,0.0,28.3,21.88,15.7,51.75,38.0,2.666667,,3.86691685943
2011-11-27,6.3,6.2,0.0,27.3,21.04,16.1,63.75,50.0,1.666667,,4.15831115917
2011-11-28,7.2,9.2,0.0,28.2,21.64,17.1,63.5,46.0,4.0,,5.47763252821
2011-11-29,6.6,9.9,0.0,28.4,21.54,16.3,58.5,41.0,3.0,,5.5391877475
2011-11-30,6.9,7.4,0.0,27.8,21.58,17.1,64.5,49.0,3.0,,4.82066227334
2011-12-01,5.4,6.6,0.0,29.4,22.7,17.1,65.25,48.0,2.666667,,4.66873964868
2011-12-02,5.5,4.1,0.0,27.1,22.08,18.9,70.75,56.0,2.0,,3.72329014391
2011-12-03,4.0,3.1,0.0,27.7,21.84,18.5,71.75,50.0,1.666667,,3.41089670388
2011-12-04,4.8,1.0,0.0,27.8,21.58,18.5,73.5,65.0,2.666667,,3.11389187179
2011-12-05,6.2,8.3,0.0,28.7,22.34,17.8,59.75,39.0,4.333333,,5.64837152298
2011-12-06,7.3,8.4,0.0,28.9,21.96,16.4,57.25,36.0,5.0,,5.92261394457
2011-12-07,8.2,10.7,0.0,28.3,21.74,16.3,59.0,39.0,3.666667,,5.84695282746
2011-12-08,7.0,7.2,0.0,30.7,22.74,17.2,57.0,36.0,3.0,,5.29522693875
2011-12-09,6.5,8.2,0.0,30.3,22.92,16.9,58.25,42.0,2.0,,5.05291905949
2011-12-10,6.4,10.7,0.0,32.5,25.4,18.3,44.5,32.0,1.333333,,5.6796245499
2011-12-11,7.2,2.9,0.0,28.3,22.8,18.5,71.0,42.0,3.0,,3.72400241796
2011-12-12,2.0,0.0,54.0,22.8,19.5,18.2,93.25,82.0,2.666667,,2.00763397122
2011-12-13,1.0,1.6,5.0,24.8,20.62,18.3,87.75,73.0,3.333333,,2.6216782294
2011-12-14,3.2,4.0,0.0,24.4,20.14,18.1,83.5,68.0,3.666667,,3.28406720941
2011-12-15,3.6,5.4,0.0,25.9,20.7,17.3,73.75,55.0,2.666667,,3.91343787255
2011-12-16,3.6,6.0,0.0,27.5,21.76,18.1,74.5,59.0,3.0,,4.19632042556
2011-12-17,5.8,8.4,0.0,26.9,21.64,18.1,74.0,61.0,2.666667,,4.64916735986
2011-12-18,4.8,11.3,0.0,26.7,20.92,16.9,65.75,51.0,3.333333,,5.5215061256
2011-12-19,5.5,10.5,0.0,28.0,21.86,17.5,63.5,43.0,3.333333,,5.60014965209
2011-12-20,6.0,9.2,0.0,28.8,22.42,18.1,67.0,48.0,3.333333,,5.3109416884
2011-12-21,5.9,8.8,0.0,29.6,22.02,17.7,57.5,34.0,3.0,,5.53378965555
2011-12-22,7.6,10.1,0.0,29.3,22.16,17.8,59.25,38.0,3.333333,,5.81733763102
2011-12-23,7.1,4.5,0.0,26.1,21.38,18.2,74.5,61.0,3.0,,3.79653225334
2011-12-24,5.0,8.0,2.3,27.7,21.72,17.7,76.0,49.0,2.666667,,4.54285756543
2011-12-25,5.8,6.5,0.0,27.8,22.02,17.9,68.0,57.0,2.0,,4.33329696358
2011-12-26,4.8,8.2,0.0,28.9,22.32,18.1,62.75,45.0,3.333333,,5.27750644061
2011-12-27,6.6,10.3,0.0,28.3,22.06,17.4,62.5,45.0,3.1,,5.57004630935
2011-12-28,6.9,10.3,0.0,29.9,22.98,17.4,57.5,42.0,3.0,,5.86098244124
2011-12-29,5.8,10.6,0.0,31.3,21.92,17.5,69.5,38.0,3.0,,5.67231019919
2011-12-30,6.8,1.6,18.9,25.1,21.0,18.1,87.25,75.0,1.5,,2.61020964171
2011-12-31,1.9,4.1,4.6,26.1,21.44,18.7,79.75,68.0,2.0,,3.45082350141
2012-01-01,3.3,6.4,0.0,27.7,21.84,17.9,76.25,59.0,2.333333,,4.15827359483
2012-01-02,4.3,9.6,0.0,30.6,24.62,18.7,60.0,46.0,2.666667,,5.66402364472
2012-01-03,6.0,6.5,0.0,30.3,24.56,19.5,64.0,44.0,2.666667,,4.86503675688
2012-01-04,4.7,2.9,0.0,26.5,21.74,19.0,73.5,61.0,4.0,,3.71933815484
2012-01-05,3.3,2.2,32.4,24.3,20.36,16.9,84.5,73.0,3.333333,,2.82315524114
2012-01-06,2.6,11.7,0.0,28.0,21.76,16.2,61.0,45.0,4.0,,6.00949440804
2012-01-07,6.3,9.2,0.0,28.7,22.58,17.8,63.25,45.0,3.333333,,5.44035024772
2012-01-08,5.8,6.6,1.2,27.7,21.38,15.3,73.0,53.0,3.666667,,4.36935840203
2012-01-09,5.1,6.9,0.5,27.9,20.9,17.6,81.25,52.0,4.333333,,4.21276748805
2012-01-10,5.5,8.4,0.0,27.0,22.12,18.2,65.25,44.0,6.333333,,5.6040144154
2012-01-11,7.8,8.9,0.0,27.9,22.08,17.5,62.75,39.0,5.0,,5.67182108628
2012-01-12,7.5,6.1,0.0,26.7,21.96,17.7,66.5,47.0,4.666667,,4.7790099337
2012-01-13,6.7,6.5,0.2,26.5,21.22,17.4,74.5,56.0,4.666667,,4.39467721756
2012-01-14,5.3,4.8,0.0,26.9,21.46,18.3,78.5,58.0,4.666667,,3.91585609331
2012-01-15,4.8,11.6,0.0,28.8,22.64,17.5,59.25,39.0,5.666667,,6.60970046453
2012-01-16,9.5,10.8,0.0,28.7,21.9,17.2,53.25,37.0,4.0,,6.31697984083
2012-01-17,8.0,10.2,0.0,28.4,22.06,16.5,54.75,41.0,3.333333,,5.86222855889
2012-01-18,6.0,6.9,0.0,26.9,20.98,16.4,61.75,49.0,4.333333,,5.05884027048
2012-01-19,6.4,8.7,0.0,26.7,20.98,15.6,60.0,47.0,3.333333,,5.1753244596
2012-01-20,6.1,5.7,0.0,28.2,21.74,16.7,63.75,44.0,4.0,,4.78672378228
2012-01-21,6.4,3.0,0.0,27.2,21.6,17.2,70.5,49.0,3.666667,,3.80408413826
2012-01-22,4.5,5.6,1.1,26.5,21.04,17.5,76.5,62.0,3.666667,,4.03090271176
2012-01-23,4.8,8.3,0.4,27.9,21.68,16.9,65.5,45.0,4.666667,,5.32019128563
2012-01-24,6.4,9.2,0.0,27.3,21.92,17.1,65.5,54.0,4.333333,,5.38573505442
2012-01-25,5.8,7.3,0.0,28.3,22.12,17.3,60.25,44.0,3.333333,,5.11837233874
2012-01-26,5.7,6.8,0.2,29.1,22.72,17.7,61.0,45.0,2.0,,4.65334213605
2012-01-27,6.2,8.1,0.0,28.3,22.68,18.5,64.25,48.0,2.0,,4.85183709416
2012-01-28,5.8,11.3,0.0,29.9,23.0,16.5,57.25,45.0,2.333333,,5.84081354061
2012-01-29,7.0,10.4,0.0,30.3,22.4,15.9,60.5,40.0,3.0,,5.77329887524
2012-01-30,7.7,5.7,0.0,27.3,22.04,17.5,62.75,53.0,2.0,,4.24513129799
2012-01-31,5.8,8.4,0.0,30.3,22.88,18.1,69.5,39.0,4.0,,5.31661531881
2012-02-01,6.4,0.9,0.0,27.9,21.92,18.9,80.25,56.0,3.666667,,2.98483593127
2012-02-02,4.6,7.3,0.4,26.5,21.56,17.7,72.25,53.0,3.666667,,4.56909207375
2012-02-03,5.5,7.1,0.0,28.5,22.24,17.1,61.75,44.0,3.666667,,5.11311459342
2012-02-04,7.2,7.2,1.5,28.2,21.46,17.3,72.75,43.0,3.666667,,4.63921095792
2012-02-05,6.2,10.7,0.0,28.5,22.2,17.1,61.5,44.0,4.0,,5.91394974633
2012-02-06,7.8,8.3,0.0,28.5,22.16,16.7,57.0,44.0,4.333333,,5.72412377779
2012-02-07,6.7,7.4,0.0,29.3,22.32,17.1,60.25,45.0,3.666667,,5.30727939679
2012-02-08,7.0,8.9,0.0,30.7,23.52,18.3,57.0,40.0,2.0,,5.34246479873
2012-02-09,7.0,6.4,0.0,29.7,23.4,17.9,58.25,42.0,2.0,,4.66412385648
2012-02-10,5.3,5.7,0.0,29.9,21.76,17.9,78.75,43.0,3.666667,,4.19237275002
2012-02-11,3.0,5.9,5.0,29.5,22.0,18.7,73.5,47.0,3.333333,,4.43172605476
2012-02-12,4.6,2.0,24.8,26.9,21.4,18.3,74.25,55.0,3.0,,3.3143574709
2012-02-13,3.0,5.9,6.2,26.9,21.4,17.3,73.75,53.0,3.666667,,4.21517496896
2012-02-14,4.2,6.3,0.0,27.3,21.8,17.3,65.25,50.0,5.0,,4.96662516901
2012-02-15,5.9,1.6,0.4,25.5,20.68,17.9,77.75,55.0,3.666667,,3.09309604545
2012-02-16,4.0,4.9,2.8,25.3,20.44,17.1,80.5,64.0,3.0,,3.56073400874
2012-02-17,2.0,7.5,0.4,27.3,21.0,16.7,72.25,48.0,3.666667,,4.59785990381
2012-02-18,6.0,3.7,0.0,26.9,20.8,16.7,75.25,63.0,3.666667,,3.66356498268
2012-02-19,4.2,5.4,0.0,25.9,20.68,18.1,85.25,72.0,4.333333,,3.56555448038
2012-02-20,2.9,4.5,16.4,26.1,21.0,17.5,78.25,64.0,3.0,,3.60868382232
2012-02-21,4.6,4.6,0.0,25.7,20.64,16.9,72.25,59.0,2.0,,3.62913014649
2012-02-22,4.8,7.8,0.0,28.3,21.96,17.3,63.0,49.0,3.0,,4.98239015735
2012-02-23,6.8,7.0,0.0,28.6,22.34,18.5,66.75,49.0,3.666667,,4.90566385474
2012-02-24,6.7,9.3,0.0,28.7,21.84,16.7,58.75,42.0,4.0,,5.71084746187
2012-02-25,5.9,8.4,0.0,28.3,21.72,15.9,58.5,41.0,3.0,,5.17812119931
2012-02-26,7.0,8.6,0.0,29.5,22.68,17.7,59.25,41.0,2.0,,5.04685634484
2012-02-27,6.0,8.9,0.0,29.8,22.98,18.3,59.25,41.0,3.666667,,5.69614133681
2012-02-28,6.8,8.9,0.0,29.7,23.32,17.7,55.5,39.0,5.333333,,6.32602533266
2012-02-29,7.3,6.3,0.0,28.7,22.62,18.3,59.0,45.0,4.0,,5.17802963574
2012-03-01,6.2,9.2,0.0,29.6,22.74,18.3,61.75,39.0,4.333333,,5.78345429186
2012-03-02,7.3,11.3,0.0,30.7,22.9,16.6,53.0,37.0,3.133333,,6.21551118974
2012-03-03,7.7,10.4,0.0,30.4,22.62,16.1,51.25,33.0,3.666667,,6.24207939947
2012-03-04,6.9,10.6,0.0,31.0,23.36,17.6,50.75,30.0,4.333333,,6.69293010824
2012-03-05,8.0,9.2,0.0,30.6,23.2,18.5,62.5,33.0,4.666667,,5.91747841164
2012-03-06,7.4,9.3,0.2,28.6,22.24,18.1,55.5,37.0,4.666667,,6.05636426045
2012-03-07,7.0,9.4,0.0,28.5,22.28,17.7,57.5,40.0,4.333333,,5.83912400442
2012-03-08,7.3,6.6,0.0,28.5,21.42,17.6,73.5,44.0,3.666667,,4.4024599459
2012-03-09,6.0,10.4,0.0,29.9,23.14,18.7,52.0,30.0,4.0,,6.36314085417
2012-03-10,9.7,8.7,0.0,29.7,22.46,16.0,55.0,35.0,3.666667,,5.634089853
2012-03-11,8.1,10.7,0.0,29.6,22.22,16.5,65.25,46.0,3.0,,5.46294800263
2012-03-12,6.8,6.5,0.0,29.4,22.06,17.0,62.25,42.0,3.333333,,4.80570886037
2012-03-13,6.6,11.0,0.0,29.4,22.72,17.5,63.75,42.0,3.666667,,5.73500926926
2012-03-14,6.8,8.5,0.0,29.7,22.62,17.7,55.5,40.0,3.333333,,5.50135612008
2012-03-15,6.8,10.8,0.0,31.0,22.86,16.3,54.25,35.0,2.666667,,5.79623626184
2012-03-16,6.9,9.8,0.0,31.7,23.72,17.5,61.75,39.0,1.666667,,5.16050524064
2012-03-17,6.0,9.6,0.0,31.2,24.22,18.9,49.0,39.0,1.666667,,5.28650040504
2012-03-18,8.0,6.0,0.0,29.4,22.42,18.3,66.5,43.0,2.666667,,4.36511993141
2012-03-19,4.8,3.6,0.0,28.4,22.64,18.6,62.0,48.0,3.666667,,4.28542995121
2012-03-20,6.2,9.9,0.0,29.3,22.88,18.0,54.5,40.0,2.666667,,5.47000644464
2012-03-21,6.9,9.7,0.0,30.4,22.94,16.6,54.75,35.0,3.333333,,5.70507877655
2012-03-22,7.4,10.4,0.5,30.0,22.98,16.9,51.5,38.0,3.0,,5.77630184111
2012-03-23,6.9,8.3,0.0,30.8,23.5,19.1,64.5,41.0,2.0,,4.80320051162
2012-03-24,7.2,9.6,0.0,30.7,23.2,16.9,50.75,37.0,1.333333,,4.88597946564
2012-03-25,7.4,10.0,0.0,30.8,23.5,18.7,58.25,37.0,1.333333,,4.97898577347
2012-03-26,6.9,10.0,0.0,30.0,22.92,18.1,49.75,33.0,4.0,,6.18503598119
2012-03-27,7.6,10.5,0.0,29.5,22.74,17.3,52.5,37.0,4.0,,6.04299241078
2012-03-28,7.5,10.3,0.0,30.4,23.26,18.0,51.0,33.0,3.0,,5.78414174793
2012-03-29,6.9,10.6,0.0,30.4,23.2,16.6,55.25,40.0,3.333333,,5.75166184757
2012-03-30,6.9,9.0,0.0,29.5,22.84,18.1,70.75,48.0,3.666667,,4.90087679602
2012-03-31,5.8,6.8,11.8,26.7,21.88,18.5,72.5,56.0,3.0,,4.08922791043
2012-04-01,4.2,7.5,0.0,27.3,21.96,18.1,70.75,58.0,3.666667,,4.41021598997
2012-04-02,4.4,8.7,0.0,27.9,21.62,17.2,66.75,47.0,5.333333,,5.09789166682
2012-04-03,5.3,9.5,0.0,28.6,22.28,17.8,61.75,38.0,4.0,,5.30363197541
2012-04-04,7.5,9.0,0.0,28.8,22.44,17.9,63.0,43.0,4.0,,5.17076568649
2012-04-05,6.6,9.6,0.0,29.7,23.06,18.0,56.5,35.0,3.666667,,5.53680840436
2012-04-06,6.8,11.2,0.0,30.5,22.76,16.9,59.25,41.0,3.0,,5.51943988894
2012-04-07,5.9,10.8,0.0,30.5,22.4,17.1,61.5,43.0,3.333333,,5.46453231887
2012-04-08,7.0,9.3,0.0,29.5,22.4,18.5,56.25,40.0,3.666667,,5.45648391051
2012-04-09,7.6,9.4,0.0,29.5,22.48,17.9,65.5,36.0,4.666667,,5.27223134267
2012-04-10,7.0,5.9,0.0,25.6,20.86,18.8,79.75,68.0,3.666667,,3.54919426881
2012-04-11,3.0,8.8,0.0,27.2,20.74,16.5,72.5,53.0,4.0,,4.40545090429
2012-04-12,5.5,10.5,0.0,28.3,21.08,16.3,65.25,36.0,4.666667,,5.21849146883
2012-04-13,7.0,10.7,0.0,28.9,21.84,16.9,64.5,36.0,3.333333,,5.07895916752
2012-04-14,6.4,9.6,0.0,28.5,22.2,16.9,56.75,42.0,2.0,,4.63181751462
2012-04-15,5.5,7.2,0.0,29.5,23.0,18.5,58.5,42.0,2.666667,,4.54455547197
2012-04-16,5.7,3.7,0.0,27.4,22.04,19.4,72.75,55.0,3.333333,,3.46696803218
2012-04-17,3.7,6.4,0.0,29.3,22.3,18.2,66.25,41.0,3.333333,,4.28916350346
2012-04-18,5.3,3.3,0.0,25.9,21.18,16.2,78.75,59.0,4.666667,,3.08525776756
2012-04-19,3.0,5.6,0.0,26.0,20.46,16.9,78.0,60.0,4.0,,3.4521538178
2012-04-20,4.3,3.2,0.0,26.5,21.16,18.3,78.0,57.0,4.0,,3.12141407988
2012-04-21,3.0,6.5,0.1,28.2,21.66,17.7,74.25,53.0,3.0,,3.7847049994
2012-04-22,4.4,9.7,0.0,30.3,23.4,18.1,61.75,45.0,2.666667,,4.83998300848
2012-04-23,5.8,10.6,0.0,30.8,23.6,18.3,53.5,37.0,3.666667,,5.67468986737
2012-04-24,7.5,10.8,0.0,29.4,22.08,16.8,55.5,36.0,3.0,,5.15542203306
2012-04-25,7.3,9.8,0.0,28.8,22.24,17.4,58.5,38.0,3.666667,,5.07661387549
2012-04-26,7.3,10.1,0.0,29.5,22.64,18.5,56.5,40.0,3.333333,,5.18732437373
2012-04-27,6.3,8.6,0.0,30.7,22.72,18.5,57.5,32.0,2.0,,4.45938495897
2012-04-28,6.3,8.8,0.0,28.9,21.16,16.5,56.75,34.0,2.666667,,4.55643780313
2012-04-29,7.0,10.1,0.0,29.9,21.36,14.9,52.5,35.0,3.666667,,5.30669659857
2012-04-30,6.9,9.3,0.0,29.8,22.62,17.6,55.0,35.0,3.0,,4.90996625809
2012-05-01,6.3,7.9,0.0,29.6,22.46,18.4,58.75,37.0,3.666667,,4.80423789896
2012-05-02,5.7,8.0,0.0,28.9,21.14,16.5,60.25,36.0,4.0,,4.70662476708
2012-05-03,6.3,6.7,0.2,25.4,20.18,17.1,73.75,56.0,3.666667,,3.58938207971
2012-05-04,4.1,6.7,2.6,23.3,18.64,16.3,80.25,66.0,4.0,,3.17156865542
2012-05-05,3.2,4.1,0.6,24.1,18.88,15.3,82.0,66.0,3.333333,,2.67086959226
2012-05-06,2.8,7.6,0.0,24.5,19.72,16.3,77.75,61.0,3.333333,,3.4044681348
2012-05-07,3.2,6.4,0.0,26.6,20.12,16.0,72.5,49.0,4.0,,3.64429575776
2012-05-08,4.3,5.0,0.0,25.3,19.38,16.6,87.0,62.0,3.666667,,2.69205400542
2012-05-09,3.0,8.1,1.0,26.3,20.1,16.7,71.5,51.0,3.333333,,3.81049045912
2012-05-10,4.0,7.5,0.0,27.3,20.52,16.6,70.5,45.0,3.333333,,3.81369688699
2012-05-11,4.4,6.5,0.2,27.1,20.84,17.3,76.0,56.0,2.0,,3.24818082969
2012-05-12,3.6,9.0,0.0,28.6,21.66,17.7,66.75,48.0,2.0,,3.95110111094
2012-05-13,5.3,7.4,0.0,30.1,23.0,17.1,58.0,44.0,2.333333,,4.08310037539
2012-05-14,6.7,6.4,0.0,27.7,21.38,18.0,66.75,47.0,4.0,,4.00109080735
2012-05-15,5.3,9.1,0.0,27.7,21.56,17.2,63.5,46.0,3.666667,,4.39533928098
2012-05-16,5.4,5.3,0.0,28.6,22.26,18.7,72.25,51.0,3.0,,3.43835596906
2012-05-17,3.4,0.4,1.1,26.9,20.72,18.5,94.75,76.0,3.0,,1.65104690542
2012-05-18,0.9,5.2,11.8,24.9,20.1,17.4,79.75,65.0,3.0,,2.88804282895
2012-05-19,3.4,3.2,0.0,24.5,19.92,16.5,80.0,58.0,5.0,,2.73750463496
2012-05-20,4.6,4.1,0.0,24.5,19.84,,79.5,64.0,3.333333,,
2012-05-21,3.3,0.2,0.4,21.7,18.48,16.4,92.0,76.0,3.666667,,1.55464083325
2012-05-22,1.4,2.3,1.1,22.5,18.42,16.6,96.5,91.0,4.0,,1.65581303717
2012-05-23,1.0,1.0,5.2,20.8,18.16,16.1,96.5,92.0,4.0,,1.41999703446
2012-05-24,1.0,3.5,0.2,22.0,18.42,16.3,88.0,74.0,3.333333,,2.15888599798
2012-05-25,1.9,4.3,0.3,23.7,19.24,16.7,87.0,68.0,2.666667,,2.36318313365
2012-05-26,1.8,5.7,0.0,24.7,19.8,17.1,83.5,64.0,3.0,,2.74996856225
2012-05-27,3.6,6.7,0.0,26.7,20.88,17.7,72.75,51.0,3.666667,,3.5143931095
2012-05-28,4.5,6.9,0.0,27.3,21.12,18.2,67.25,44.0,0.466667,,2.88300667764
2012-05-29,5.7,7.9,0.0,26.6,21.0,17.7,81.0,54.0,3.666667,,3.31790812617
2012-05-30,3.5,7.8,0.3,26.0,20.06,16.2,76.0,53.0,3.0,,3.31610353933
2012-05-31,4.2,6.9,0.0,26.8,20.36,17.8,75.25,52.0,3.0,,3.31661893633
2012-06-01,4.0,9.6,0.0,26.7,20.48,15.9,66.0,46.0,2.0,,3.6442048202
2012-06-02,5.1,9.3,0.0,26.7,21.0,17.9,78.0,57.0,2.666667,,3.52196537447
2012-06-03,4.8,5.4,0.0,26.3,20.32,17.9,81.5,57.0,2.0,,2.73298578532
2012-06-04,4.0,5.2,0.0,25.2,20.34,18.3,77.25,55.0,3.0,,2.91246888432
2012-06-05,4.4,6.6,0.0,26.5,20.82,18.1,78.0,58.0,3.666667,,3.22754108391
2012-06-06,4.2,9.0,0.0,26.3,19.98,17.1,64.75,45.0,4.333333,,4.18649428603
2012-06-07,5.3,8.6,0.0,26.4,19.94,17.6,71.5,43.0,3.666667,,3.73138722344
2012-06-08,5.6,8.4,0.0,26.3,19.64,15.1,69.5,47.0,2.0,,3.31440891409
2012-06-09,5.4,9.1,0.0,26.1,19.64,14.9,78.5,59.0,3.0,,3.31144609465
2012-06-10,4.8,9.6,0.0,27.3,20.04,15.5,78.0,68.0,4.333333,,3.6299710514
2012-06-11,4.6,2.7,0.1,23.7,19.32,16.7,80.75,62.0,4.0,,2.41466064903
2012-06-12,3.2,3.6,3.7,21.8,18.64,16.7,93.0,82.0,3.666667,,1.90246302095
2012-06-13,1.4,7.3,4.5,24.2,18.86,16.1,78.0,59.0,3.0,,3.00607419312
2012-06-14,3.7,4.8,0.0,22.4,18.82,15.9,85.0,70.0,4.0,,2.39311854613
2012-06-15,3.0,8.7,0.2,23.3,19.44,17.7,75.25,59.0,2.666667,,3.2401706461
2012-06-16,3.4,6.5,0.0,24.9,19.08,16.7,80.25,57.0,2.333333,,2.8123720271
2012-06-17,3.8,8.4,0.0,25.3,19.28,15.7,72.25,51.0,2.0,,3.19381882257
2012-06-18,4.3,7.8,0.0,26.4,20.26,17.3,72.0,51.0,3.333333,,3.50225084894
2012-06-19,4.7,8.1,0.0,26.4,20.62,17.5,70.25,51.0,5.0,,3.92566581888
2012-06-20,5.1,9.3,0.0,26.8,20.44,16.2,69.25,49.0,3.333333,,3.77972726644
2012-06-21,5.4,9.4,0.0,27.2,20.84,17.3,66.75,45.0,3.666667,,4.03698519353
2012-06-22,5.4,4.5,0.0,25.9,20.16,17.3,86.5,57.0,3.666667,,2.47114426176
2012-06-23,2.9,5.7,0.1,26.3,20.96,18.5,84.5,65.0,2.666667,,2.72703938408
2012-06-24,3.4,6.3,1.0,23.7,18.96,16.5,83.0,67.0,5.333333,,2.81283527342
2012-06-25,3.8,10.3,0.0,25.0,18.82,14.1,74.5,55.0,4.666667,,3.65358694881
2012-06-26,5.1,4.2,0.0,21.5,17.4,15.1,93.25,84.0,4.333333,,1.88355406096
2012-06-27,2.0,3.7,1.8,21.4,17.04,15.0,92.0,80.0,4.333333,,1.87705148362
2012-06-28,1.1,0.9,5.7,20.7,17.14,15.3,94.0,92.0,4.0,,1.4447480344
2012-06-29,0.8,10.6,1.9,23.1,17.68,14.7,75.75,56.0,3.666667,,3.43078046761
2012-06-30,4.4,2.0,0.0,21.3,17.36,14.3,87.5,77.0,4.0,,1.86256865193
2012-07-01,1.3,0.9,0.6,19.5,16.6,12.5,87.25,82.0,3.666667,,1.63977223641
2012-07-02,1.7,2.5,0.2,21.4,16.34,13.3,78.25,75.0,3.666667,,2.2701452117
2012-07-03,2.1,7.8,0.3,22.9,17.9,14.3,83.0,64.0,5.333333,,2.86352130871
2012-07-04,4.4,3.1,0.0,21.4,17.36,14.3,86.25,74.0,4.333333,,2.06857259089
2012-07-05,1.8,2.5,2.3,22.7,17.58,14.6,91.25,84.0,5.0,,1.81525680043
2012-07-06,1.2,4.3,9.9,21.9,17.36,15.5,88.5,67.0,3.666667,,2.16120092507
2012-07-07,2.0,9.7,1.0,22.5,17.52,15.1,88.0,87.0,3.0,,2.90018971221
2012-07-08,1.6,9.7,0.1,25.3,18.92,15.5,72.5,51.0,2.0,,3.41037773227
2012-07-09,3.8,8.0,0.0,23.9,18.54,15.7,79.25,56.0,4.666667,,3.19413201312
2012-07-10,3.8,0.3,0.1,20.5,17.66,15.6,89.75,79.0,4.333333,,1.59410997766
2012-07-11,1.0,4.1,1.0,22.0,17.54,15.9,88.0,72.0,3.0,,2.18181874942
2012-07-12,2.1,7.2,0.0,25.5,18.98,15.0,77.25,53.0,3.0,,3.10974771593
2012-07-13,3.4,6.7,0.0,26.3,20.04,16.5,78.25,56.0,2.0,,2.98523429142
2012-07-14,5.4,10.1,0.0,25.5,19.98,18.0,75.75,56.0,2.0,,3.57076101616
2012-07-15,4.0,0.9,0.0,21.1,17.48,14.9,96.25,82.0,3.0,,1.42553123561
2012-07-16,1.7,7.5,0.7,23.3,18.26,15.0,74.5,53.0,4.0,,3.26178000574
2012-07-17,4.2,0.6,0.1,21.1,17.26,15.8,87.5,70.0,3.666667,,1.7544627171
2012-07-18,1.7,9.8,1.3,23.1,17.86,14.8,82.5,67.0,3.333333,,3.1917145073
2012-07-19,2.9,8.5,0.0,25.9,18.96,15.3,67.5,43.0,3.333333,,3.76784254779
2012-07-20,5.0,8.2,0.0,24.7,18.96,15.7,64.75,47.0,3.333333,,3.76577610564
2012-07-21,5.2,9.6,0.0,24.9,19.08,15.1,61.5,44.0,4.0,,4.21926152894
2012-07-22,5.8,9.6,0.0,24.5,18.96,15.3,61.75,48.0,4.0,,4.19404520798
2012-07-23,5.8,9.3,0.0,25.0,19.14,15.8,61.75,42.0,4.0,,4.2329288657
2012-07-24,5.3,8.5,0.0,23.5,17.68,14.8,65.0,49.0,4.333333,,3.91234695901
2012-07-25,4.7,9.6,0.0,25.1,18.24,12.8,59.25,40.0,3.333333,,4.08912910066
2012-07-26,4.9,9.0,0.0,24.5,17.74,12.4,55.75,36.0,3.666667,,4.18443221205
2012-07-27,5.2,8.2,0.0,23.3,18.72,13.9,64.75,56.0,2.666667,,3.50661190135
2012-07-28,5.2,8.1,0.0,24.2,18.34,15.5,62.75,46.0,2.333333,,3.58778516758
2012-07-29,4.9,6.3,0.4,22.1,17.92,14.3,79.0,65.0,4.666667,,2.96802926924
2012-07-30,3.5,7.5,0.2,22.3,17.26,12.1,73.25,59.0,4.0,,3.24238658525
2012-07-31,3.5,6.1,2.4,21.3,16.6,14.7,83.5,62.0,3.233333,,2.6745814236
2012-08-01,2.8,2.1,0.2,20.9,16.36,13.7,81.25,58.0,5.0,,2.31208921832
2012-08-02,2.6,6.6,0.3,22.0,17.8,14.5,68.5,53.0,4.333333,,3.49011675267
2012-08-03,6.8,7.1,0.2,23.0,17.42,14.5,71.75,41.0,3.0,,3.29508869793
2012-08-04,5.2,7.0,0.4,23.2,17.58,14.7,68.0,47.0,3.0,,3.43239237547
2012-08-05,4.5,9.2,0.0,24.1,17.92,12.3,59.5,42.0,2.0,,3.67548997246
2012-08-06,4.8,8.4,0.0,28.1,19.82,14.1,56.25,33.0,3.333333,,4.48982577969
2012-08-07,6.4,6.3,0.0,24.9,18.48,13.7,69.5,47.0,5.666667,,3.83279763869
2012-08-08,4.8,6.4,0.0,23.7,18.06,14.5,66.25,41.0,4.666667,,3.80665482292
2012-08-09,4.4,6.4,0.3,22.7,17.24,14.7,76.75,61.0,6.0,,3.34133290494
2012-08-10,3.3,6.1,0.0,21.6,17.58,13.3,77.5,66.0,4.333333,,3.02274216332
2012-08-11,3.0,4.2,0.4,21.6,16.58,13.3,82.0,70.0,4.333333,,2.58307851816
2012-08-12,2.6,7.0,2.3,22.1,17.08,13.7,80.75,64.0,5.333333,,3.09673232092
2012-08-13,3.1,5.4,4.6,22.3,17.18,14.5,82.75,63.0,4.666667,,2.8178242319
2012-08-14,2.3,0.5,0.9,21.6,17.16,14.7,91.75,87.0,4.666667,,1.67648092477
2012-08-15,1.5,,0.5,22.9,17.46,13.6,77.25,48.0,5.0,,3.14987048268
2012-08-16,3.8,7.7,2.1,23.4,17.5,14.1,76.75,51.0,4.0,,3.45485734658
2012-08-17,3.1,3.6,5.4,21.0,16.86,14.7,82.75,64.0,4.333333,,2.53442895486
2012-08-18,2.3,4.6,0.4,20.2,16.74,14.3,84.25,84.0,4.0,,2.55145692174
2012-08-19,2.6,4.6,1.2,20.4,15.58,13.5,85.75,83.0,4.333333,,2.47928949356
2012-08-20,2.1,6.3,1.0,22.3,17.42,14.1,75.75,61.0,6.0,,3.42926545888
2012-08-21,4.1,6.8,0.6,21.5,16.6,13.8,80.75,69.0,5.0,,3.11240287547
2012-08-22,3.2,4.3,0.0,22.4,16.88,13.0,82.75,65.0,5.666667,,2.72727216853
2012-08-23,2.7,6.2,5.6,22.6,16.64,13.7,74.5,47.0,5.666667,,3.49338858721
2012-08-24,3.9,10.4,0.3,23.4,17.58,13.5,75.5,50.0,5.333333,,4.03324856804
2012-08-25,4.9,8.3,3.4,21.8,17.1,14.1,77.0,56.0,4.666667,,3.55799909354
2012-08-26,3.8,7.8,0.0,23.8,17.7,14.9,73.5,48.0,3.0,,3.67386428287
2012-08-27,5.2,9.5,0.0,25.5,18.74,14.0,59.5,38.0,4.0,,4.7359570115
2012-08-28,5.8,9.5,0.0,25.5,19.52,15.8,65.0,47.0,4.0,,4.60735864909
2012-08-29,4.5,9.1,0.0,26.8,20.04,16.4,68.5,45.0,3.666667,,4.49319043724
2012-08-30,5.2,9.7,0.0,25.2,19.9,16.6,67.0,48.0,4.0,,4.59646081986
2012-08-31,5.3,9.1,0.0,25.0,19.66,16.5,62.0,45.0,2.666667,,4.38613208093
2012-09-01,6.0,9.3,0.0,24.0,18.7,14.5,72.25,62.0,3.333333,,4.06236643883
2012-09-02,4.4,9.3,0.0,24.6,18.46,14.7,60.75,45.0,3.333333,,4.52993745034
2012-09-03,5.2,9.7,0.0,25.0,18.48,13.3,58.0,39.0,3.666667,,4.75123760271
2012-09-04,6.1,9.0,0.0,24.8,18.88,14.9,69.0,42.0,6.666667,,4.66431564015
2012-09-05,7.0,6.5,0.0,23.9,17.88,14.7,59.25,41.0,5.666667,,4.68417526198
2012-09-06,6.9,10.3,0.0,24.2,18.72,14.1,56.75,43.0,5.333333,,5.26872140333
2012-09-07,6.9,9.8,0.0,25.0,18.96,14.5,56.25,42.0,3.0,,4.75315825125
2012-09-08,6.4,5.6,0.2,24.6,17.78,14.1,70.5,48.0,3.0,,3.57326932447
2012-09-09,4.4,7.0,0.2,24.4,19.54,16.1,70.25,54.0,3.0,,3.8995129126
2012-09-10,4.2,9.0,0.0,26.8,20.22,16.1,64.25,46.0,4.0,,4.85251635706
2012-09-11,6.0,7.7,0.0,27.3,21.02,17.3,66.0,46.0,3.666667,,4.59694785913
2012-09-12,5.8,8.0,0.0,29.9,21.7,17.5,48.0,22.0,3.666667,,5.66110000057
2012-09-13,8.3,9.9,0.0,30.1,21.98,14.2,38.75,17.0,3.0,,5.86619170227
2012-09-14,9.2,10.3,0.0,27.7,21.54,16.9,53.25,36.0,4.666667,,5.92884562469
2012-09-15,8.3,8.6,0.0,25.2,19.48,15.6,66.5,55.0,6.333333,,4.92018781956
2012-09-16,7.4,8.6,0.0,25.4,19.78,16.1,65.0,44.0,4.0,,4.693934851
2012-09-17,6.5,10.1,0.0,26.5,20.1,15.7,55.75,39.0,4.0,,5.42676466459
2012-09-18,7.2,8.6,0.0,26.6,19.96,14.6,61.25,40.0,3.333333,,4.7513687464
2012-09-19,6.3,8.8,0.0,28.4,21.32,16.6,57.0,37.0,3.0,,5.09750370545
2012-09-20,6.3,10.2,0.0,31.0,22.84,15.2,42.0,29.0,2.666667,,5.84844570947
2012-09-21,8.5,6.1,0.0,25.8,20.14,16.5,64.5,41.0,1.833333,,3.85667327738
2012-09-22,5.1,9.6,0.0,29.6,21.94,15.3,51.0,37.0,1.333333,,4.76174353539
2012-09-23,7.8,9.2,0.0,27.4,21.26,16.9,60.0,39.0,4.666667,,5.47127455121
2012-09-24,8.9,6.3,0.0,25.6,19.88,15.5,78.5,66.0,5.666667,,3.84842272755
2012-09-25,5.2,6.8,0.2,23.9,19.58,16.0,65.5,52.0,3.0,,4.13165653489
2012-09-26,5.2,10.0,0.0,32.3,23.18,15.1,46.75,17.0,3.0,,6.05970676754
2012-09-27,6.3,6.5,0.0,27.3,20.84,18.1,72.5,49.0,4.666667,,4.42140198003
2012-09-28,4.4,0.3,0.0,21.9,18.08,15.7,81.75,65.0,5.666667,,2.4869038821
2012-09-29,3.4,6.7,0.0,24.4,18.02,14.7,78.0,54.0,4.666667,,3.79606823393
2012-09-30,4.8,1.0,0.0,26.4,19.34,12.9,56.0,38.0,2.666667,,3.41488024021
2012-10-01,6.5,7.3,0.0,26.8,19.56,14.1,57.25,40.0,3.666667,,4.88025270703
2012-10-02,6.2,8.8,0.0,27.0,20.76,16.0,53.25,39.0,3.333333,,5.30396545049
2012-10-03,6.9,8.9,0.0,27.3,20.48,16.3,68.0,37.0,4.666667,,5.04668803774
2012-10-04,7.1,9.9,0.0,26.7,20.76,16.3,60.25,40.0,5.0,,5.63013640635
2012-10-05,6.9,9.9,0.0,26.6,20.34,15.9,59.5,37.0,4.0,,5.4212382008
2012-10-06,7.4,8.6,0.0,25.4,19.82,15.9,65.75,40.0,4.0,,4.81751093897
2012-10-07,5.8,10.2,0.0,27.0,20.62,15.7,61.5,39.0,3.666667,,5.36088631023
2012-10-08,6.6,8.1,0.2,25.8,19.48,16.0,69.0,46.0,4.0,,4.63773697231
2012-10-09,4.7,7.9,0.3,26.0,19.14,15.3,71.75,38.0,5.0,,4.57402004553
2012-10-10,5.8,7.6,0.2,26.8,20.3,15.7,71.25,43.0,4.666667,,4.60761712245
2012-10-11,6.0,6.7,0.0,27.6,22.18,16.5,57.75,45.0,3.666667,,4.99195261548
2012-10-12,5.4,6.1,0.2,27.3,21.56,18.1,76.25,50.0,5.0,,4.25834687981
2012-10-13,4.9,9.4,0.0,28.0,21.06,17.1,68.5,41.0,3.0,,5.02519933779
2012-10-14,6.6,6.2,1.0,25.2,19.58,16.1,67.0,49.0,3.666667,,4.30858389287
2012-10-15,6.3,9.9,0.0,26.8,20.98,15.7,56.0,40.0,4.0,,5.64050131409
2012-10-16,7.5,6.6,0.0,26.9,20.84,17.0,65.25,45.0,4.333333,,4.77889031946
2012-10-17,5.5,7.0,0.0,27.5,21.48,16.9,59.25,44.0,2.833333,,4.77287204976
2012-10-18,7.0,5.4,0.0,27.6,21.58,17.0,60.25,43.0,4.0,,4.78757968399
2012-10-19,6.6,4.1,0.0,26.2,20.54,17.1,63.0,50.0,3.0,,4.04581399683
2012-10-20,5.8,10.5,0.0,28.4,21.66,16.1,54.75,35.0,4.0,,6.01994209066
2012-10-21,9.3,10.0,0.0,28.6,21.58,16.9,65.0,36.0,5.0,,5.72607130422
2012-10-22,9.0,8.9,0.0,29.1,22.26,17.0,50.25,30.0,3.0,,5.66036140271
2012-10-23,8.8,7.6,0.0,29.4,21.88,16.6,57.25,35.0,3.666667,,5.40555113754
2012-10-24,7.0,8.0,0.0,30.8,22.58,17.8,51.0,27.0,3.333333,,5.8091626446
2012-10-25,8.9,9.7,0.0,29.0,22.06,16.7,55.5,33.0,4.333333,,6.05627613904
2012-10-26,9.4,11.5,0.0,28.8,21.66,15.1,52.25,34.0,4.0,,6.32251546727
2012-10-27,8.3,9.2,0.0,27.4,21.26,16.3,54.25,44.0,5.0,,6.01920882729
2012-10-28,7.0,9.9,0.0,29.6,22.26,15.9,48.5,34.0,2.0,,5.46855103581
2012-10-29,8.7,8.4,0.0,29.8,21.98,17.1,47.75,24.0,3.666667,,6.04106775561
2012-10-30,8.0,11.2,0.0,30.8,23.78,17.5,46.75,29.0,3.0,,6.44064210852
2012-10-31,8.5,9.5,0.0,33.8,25.56,18.3,50.25,31.0,2.0,,5.82608650554
2012-11-01,8.0,8.3,0.0,33.3,26.0,19.6,51.5,35.0,2.666667,,5.88208927584
2012-11-02,6.3,3.8,0.0,29.4,24.38,22.5,66.25,47.0,3.0,,4.30432458273
2012-11-03,4.4,1.4,0.0,27.6,21.84,19.0,83.5,72.0,3.333333,,2.877731355
2012-11-04,1.6,0.9,44.6,25.8,22.22,19.3,73.25,62.0,2.666667,,3.02178219318
2012-11-05,2.7,2.9,0.0,26.8,21.6,18.8,88.75,77.0,2.666667,,2.94718298906
2012-11-06,1.5,0.0,14.2,21.8,20.24,19.1,89.0,89.0,2.0,,2.12387468021
2012-11-07,1.0,2.3,12.2,25.8,21.6,17.9,79.0,62.0,3.333333,,3.15652619251
2012-11-08,1.1,4.0,37.6,25.6,20.88,18.0,76.75,61.0,3.666667,,3.63292335716
2012-11-09,4.0,3.7,0.0,25.1,20.52,17.1,75.75,62.0,4.333333,,3.62724508065
2012-11-10,3.9,2.1,2.8,23.8,19.86,17.1,84.75,69.0,3.333333,,2.76159105893
2012-11-11,3.0,2.9,2.8,24.2,19.86,17.1,78.75,62.0,3.0,,3.15439623718
2012-11-12,2.9,2.4,0.0,24.1,19.92,17.1,78.5,63.0,3.666667,,3.12483672291
2012-11-13,3.2,7.5,0.0,27.9,21.78,18.5,74.0,55.0,3.0,,4.57967367298
2012-11-14,4.4,4.0,0.0,28.4,23.38,18.5,67.75,50.0,3.666667,,4.24657214179
2012-11-15,2.4,4.4,3.0,27.2,21.5,18.7,79.0,57.0,3.666667,,3.74310450962
2012-11-16,3.1,3.2,7.4,26.6,22.26,18.3,75.25,61.0,2.666667,,3.46528902128
2012-11-17,3.1,0.4,0.2,24.6,20.14,18.5,84.0,69.0,2.0,,2.42029907433
2012-11-18,2.2,5.5,0.3,25.6,20.66,18.1,73.5,56.0,3.333333,,4.04478757004
2012-11-19,4.6,6.4,0.0,26.8,21.34,17.9,73.25,56.0,3.666667,,4.35446217903
2012-11-20,4.9,7.4,0.0,28.6,21.66,17.2,66.5,47.0,3.666667,,4.9600156177
2012-11-21,3.2,3.1,0.0,26.8,21.88,18.5,72.0,57.0,3.0,,3.64011478527
2012-11-22,3.0,0.9,0.0,24.8,20.66,18.7,84.5,70.0,3.666667,,2.63967414915
2012-11-23,1.9,2.3,19.1,24.7,21.38,18.8,87.25,83.0,1.333333,,2.7711740244
2012-11-24,2.3,6.8,0.0,27.6,22.82,18.7,68.0,53.0,2.333333,,4.48992849561
2012-11-25,4.0,3.2,0.0,27.7,23.84,19.9,59.5,50.0,2.0,,3.87124556228
2012-11-26,5.0,4.2,0.0,26.8,22.72,19.0,69.5,58.0,3.666667,,4.12405205056
2012-11-27,4.0,0.8,0.8,25.5,21.3,17.5,70.25,56.0,3.333333,,3.20882917229
2012-11-28,3.9,3.2,0.0,25.6,21.26,16.8,70.5,58.0,3.333333,,3.65406699949
2012-11-29,4.0,5.2,0.0,28.4,22.72,17.8,63.75,55.0,4.0,,4.73605913578
2012-11-30,5.7,4.4,0.0,26.2,21.86,18.3,65.25,48.0,3.5,,4.24440842711
2012-12-01,6.8,9.9,0.0,28.0,22.38,17.7,57.0,43.0,2.333333,,5.40851942692
2012-12-02,7.4,10.2,0.0,28.2,22.18,17.3,58.5,45.0,2.666667,,5.53438129879
2012-12-03,6.7,7.4,0.0,27.0,21.44,17.5,63.25,49.0,3.666667,,4.97779922023
2012-12-04,5.4,7.5,0.0,27.4,21.84,16.6,61.5,49.0,3.333333,,4.97661357327
2012-12-05,6.0,5.8,0.0,26.8,21.64,17.6,63.75,46.0,3.666667,,4.63493009733
2012-12-06,6.6,6.4,0.0,27.9,21.92,18.0,64.5,46.0,4.5,,5.01489290329
2012-12-07,5.9,10.8,0.0,27.3,21.92,17.1,55.25,40.0,2.0,,5.42796066832
2012-12-08,7.0,8.1,0.0,29.0,22.66,16.9,53.5,39.0,1.666667,,4.88328890951
2012-12-09,5.8,6.3,0.0,29.8,23.3,19.5,65.5,49.0,3.0,,4.81490351841
2012-12-10,3.7,4.4,1.0,28.8,22.96,18.0,75.75,65.0,3.333333,,3.92525648403
2012-12-11,2.9,6.1,0.0,29.3,23.3,18.7,79.75,69.0,3.0,,4.16868596769
2012-12-12,2.6,7.7,16.2,29.6,22.56,20.1,74.75,50.0,3.0,,4.80705748455
2012-12-13,3.4,2.5,7.0,24.5,20.9,19.2,83.75,75.0,3.666667,,3.01339426537
2012-12-14,2.6,11.8,0.0,25.6,21.3,18.5,72.0,63.0,1.833333,,5.277647326
2012-12-15,6.0,8.8,0.0,29.6,22.46,16.9,54.0,34.0,2.0,,5.21427687516
2012-12-16,5.4,11.6,0.0,28.6,22.14,17.7,54.0,37.0,1.666667,,5.6291511568
2012-12-17,6.5,7.4,0.0,28.8,22.26,16.2,56.0,38.0,3.0,,5.16306810261
2012-12-18,5.8,1.0,0.0,32.8,23.92,18.9,50.25,25.0,2.666667,,4.29784263556
2012-12-19,8.0,10.8,0.0,31.4,23.6,17.3,47.75,28.0,3.333333,,6.57154663625
2012-12-20,8.4,12.2,0.0,29.1,22.3,16.3,52.75,37.0,4.333333,,6.67354299803
2012-12-21,8.1,11.1,0.0,30.4,23.06,16.5,46.5,34.0,1.0,,5.33325838299
2012-12-22,8.8,12.2,0.0,30.6,23.02,18.1,48.0,32.0,2.0,,6.17779359492
2012-12-23,9.0,9.9,0.0,28.6,22.22,15.7,53.5,37.0,3.666667,,5.92101065893
2012-12-24,8.2,10.9,0.0,28.8,22.34,16.1,50.25,25.0,4.0,,6.3953887591
2012-12-25,8.0,11.7,0.0,29.5,22.98,17.6,54.5,42.0,4.0,,6.53037983087
2012-12-26,7.1,12.1,0.0,30.4,23.44,17.4,54.75,39.0,3.333333,,6.480183691
2012-12-27,7.5,5.1,0.0,28.3,23.12,19.3,63.75,50.0,3.666667,,4.6944445433
2012-12-28,5.6,8.2,0.0,30.3,22.96,17.9,55.5,41.0,3.666667,,5.79909929611
2012-12-29,8.6,11.6,0.0,30.4,23.58,17.7,53.0,37.0,3.666667,,6.57743813123
2012-12-30,9.3,6.5,0.0,28.0,22.3,18.3,56.5,42.0,4.0,,5.33311648651
2012-12-31,7.2,10.4,0.0,29.3,23.22,18.2,59.75,38.0,4.666667,,6.23093953651
2013-01-01,8.0,7.6,0.0,28.5,22.68,17.5,58.75,50.0,3.4,,5.27025955228
2013-01-02,6.5,4.9,0.0,28.4,22.84,18.8,62.25,49.0,4.0,,4.80364504054
2013-01-03,6.4,2.5,0.0,27.9,22.68,18.8,59.0,45.0,4.0,,4.45700363544
2013-01-04,7.4,6.1,0.0,29.5,22.7,18.9,69.0,44.0,5.333333,,5.05619427346
2013-01-05,5.8,4.3,0.3,28.0,22.64,18.5,61.75,46.0,3.666667,,4.57037900832
2013-01-06,5.9,6.8,0.0,29.1,22.72,17.7,60.5,44.0,3.0,,4.98310378171
2013-01-07,6.3,10.6,0.0,29.8,23.26,17.6,56.0,41.0,3.666667,,6.19570979191
2013-01-08,8.3,10.6,0.0,29.9,23.06,18.2,53.75,38.0,4.0,,6.44291809909
2013-01-09,8.8,11.6,0.0,30.0,23.04,16.5,52.0,40.0,3.666667,,6.51488712206
2013-01-10,8.0,10.0,0.0,29.6,23.18,18.1,58.5,48.0,3.333333,,5.88571155382
2013-01-11,7.3,9.4,0.0,30.9,24.28,17.3,48.0,34.0,3.666667,,6.39828228765
2013-01-12,8.8,3.6,0.0,28.4,22.3,19.3,77.25,47.0,5.0,,3.92132641167
2013-01-13,5.3,6.2,3.0,28.5,22.64,18.2,68.0,50.0,5.0,,4.95747882238
2013-01-14,7.2,8.8,0.0,29.0,23.08,18.4,63.25,45.0,4.666667,,5.72664626247
2013-01-15,7.6,6.8,0.0,28.6,22.26,17.2,68.25,45.0,3.666667,,4.78122318498
2013-01-16,4.2,2.1,0.0,26.8,21.3,17.2,86.75,71.0,3.0,,2.81935065659
2013-01-17,1.2,1.7,8.4,25.9,21.08,19.1,93.75,90.0,2.333333,,2.51049244962
2013-01-18,1.0,4.4,37.4,27.5,21.9,18.9,84.5,58.0,2.666667,,3.50701706375
2013-01-19,1.6,0.0,47.1,22.8,20.02,17.9,89.25,79.0,2.666667,,2.1445864694
2013-01-20,1.2,9.6,1.0,28.5,22.62,17.6,76.5,55.0,2.666667,,4.96276918857
2013-01-21,3.3,5.4,0.0,28.6,23.1,19.3,89.5,74.0,3.0,,3.63738339688
2013-01-22,2.0,3.2,12.0,27.2,22.54,19.3,90.25,75.0,3.433333,,3.00666516608
2013-01-23,2.2,1.0,9.4,22.8,20.62,19.5,98.25,95.0,2.0,,2.1620533469
2013-01-24,0.4,5.0,23.9,27.0,22.34,19.1,81.0,64.0,2.0,,3.70022268835
2013-01-25,3.2,4.5,0.0,28.4,22.98,19.7,80.25,58.0,2.0,,3.69252718825
2013-01-26,3.6,4.3,0.0,28.0,23.74,20.5,81.25,63.0,2.666667,,3.68300296909
2013-01-27,2.8,5.7,0.0,29.5,23.96,20.9,76.25,63.0,2.0,,4.19528023525
2013-01-28,4.3,10.2,0.0,30.3,24.28,18.9,61.75,48.0,2.0,,5.55328621745
2013-01-29,6.8,6.8,0.0,29.6,23.14,18.9,69.25,48.0,2.666667,,4.69834186726
2013-01-30,6.4,8.1,0.0,28.5,22.36,18.7,71.0,57.0,2.666667,,4.84699079889
2013-01-31,4.6,11.2,0.0,29.2,22.94,18.1,65.5,48.0,2.0,,5.58101075849
2013-02-01,5.3,11.8,0.0,28.4,22.66,17.7,57.25,,2.666667,,5.96882114018
2013-02-02,7.6,8.7,0.0,27.6,21.82,16.7,67.25,,2.666667,,4.92005329109
2013-02-03,6.6,8.7,0.0,27.8,22.06,17.7,67.0,,3.0,,5.05739108217
2013-02-04,5.6,9.0,0.0,30.0,23.22,18.3,59.5,,2.0,,5.26551293677
2013-02-05,6.3,9.6,0.0,28.8,22.3,19.1,61.5,,3.666667,,5.76049176727
2013-02-06,8.2,8.1,0.0,27.4,22.66,18.1,61.75,,2.666667,,5.00331053204
2013-02-07,7.6,9.1,0.2,27.6,21.94,18.1,68.75,,2.666667,,5.02780395855
2013-02-08,6.3,8.8,0.0,28.8,22.98,18.7,71.5,,4.333333,,5.23754006407
2013-02-09,6.8,10.4,0.0,27.8,22.86,18.5,68.0,,4.666667,,5.67161231776
2013-02-10,7.4,9.8,0.0,28.4,22.46,18.1,61.0,,4.666667,,5.95166941838
2013-02-11,6.9,10.6,0.0,28.2,22.34,18.3,62.0,,2.666667,,5.59325843188
2013-02-12,7.4,9.9,0.0,29.1,22.76,18.1,63.75,,3.666667,,5.69179593309
2013-02-13,7.2,7.9,0.0,29.2,21.9,17.5,61.25,,2.0,,4.87157987816
2013-02-14,6.3,8.6,0.0,29.4,22.9,17.7,60.75,,2.666667,,5.2675163708
2013-02-15,6.6,8.9,0.0,29.4,23.14,17.9,64.75,,2.666667,,5.22139779513
2013-02-16,5.8,7.4,0.0,29.4,23.46,18.9,61.25,,2.333333,,4.93535696203
2013-02-17,5.8,6.3,0.0,28.4,22.06,18.9,69.75,52.0,2.333333,,4.387066752
2013-02-18,4.9,10.9,0.0,28.6,22.7,18.3,67.25,,3.666667,,5.70234910735
2013-02-19,7.3,9.9,0.0,27.5,22.38,17.9,60.0,,4.0,,5.73506054799
2013-02-20,5.4,7.1,0.0,28.4,22.42,17.7,64.75,,5.0,,5.25507835427
2013-02-21,6.9,2.9,0.0,26.3,22.2,17.9,70.25,,4.0,,3.79501417412
2013-02-22,4.3,6.0,0.0,27.8,22.7,19.1,69.75,,2.666667,,4.34172105704
2013-02-23,5.2,4.8,0.0,27.8,22.7,19.9,71.0,,3.0,,4.13174829615
2013-02-24,4.8,8.1,0.0,28.4,21.54,18.5,71.75,,4.666667,,5.03206005059
2013-02-25,5.6,4.3,1.0,26.8,22.04,18.3,78.0,,3.666667,,3.69814079485
2013-02-26,3.1,5.9,0.2,27.9,22.52,19.2,72.25,,3.0,,4.29118350477
2013-02-27,3.7,6.4,0.0,29.1,23.22,19.8,69.25,,2.666667,,4.54355874144
2013-02-28,4.2,5.8,0.0,28.3,22.6,19.2,68.25,,3.666667,,4.5779537796
2013-03-01,4.5,9.9,0.0,28.5,22.5,17.3,62.5,50.0,4.333333,,5.71683051466
2013-03-02,7.0,9.7,0.0,28.9,22.92,17.7,59.25,43.0,4.0,,5.80732929452
2013-03-03,8.6,10.1,0.0,29.1,22.62,17.3,57.0,43.0,4.666667,,6.16280926383
2013-03-04,8.3,9.2,0.0,29.6,22.72,17.0,56.75,41.0,4.0,,5.8483171973
2013-03-05,7.9,9.8,0.0,29.8,24.04,19.6,61.0,46.0,3.666667,,5.8387430763
2013-03-06,7.1,9.7,0.0,30.3,23.94,19.4,54.5,38.0,4.0,,6.23356030797
2013-03-07,8.1,9.1,0.0,30.0,23.92,20.2,53.5,35.0,3.333333,,5.91286459283
2013-03-08,7.9,10.1,0.0,30.6,23.02,17.0,52.75,36.0,3.333333,,6.03337854288
2013-03-09,7.6,8.8,0.0,30.4,23.2,17.6,57.75,43.0,3.0,,5.47593518314
2013-03-10,6.3,7.8,0.0,32.0,24.74,18.5,55.5,36.0,3.333333,,5.66171159751
2013-03-11,5.9,7.9,0.0,31.9,25.08,19.6,60.5,43.0,3.333333,,5.51277776115
2013-03-12,6.0,10.3,0.0,32.7,25.8,20.7,53.25,37.0,3.333333,,6.42300007405
2013-03-13,7.5,10.9,0.0,31.8,24.86,19.1,54.75,39.0,3.666667,,6.43073740381
2013-03-14,6.5,5.4,0.0,27.9,23.1,21.0,72.5,57.0,4.0,,4.33151693572
2013-03-15,6.0,10.4,0.0,28.6,23.22,18.3,59.25,41.0,4.0,,5.8393212342
2013-03-16,8.0,7.6,0.0,28.8,22.82,18.3,71.0,50.0,4.333333,,4.82539741204
2013-03-17,6.3,6.7,0.0,29.8,23.34,18.7,64.5,45.0,2.0,,4.43812611307
2013-03-18,5.7,5.9,0.0,29.0,23.74,19.7,63.0,48.0,3.666667,,4.79415984057
2013-03-19,5.6,4.2,0.0,28.9,22.78,19.7,70.25,48.0,3.333333,,4.03011369451
2013-03-20,5.4,8.6,0.0,28.7,22.56,17.7,60.5,46.0,3.0,,5.09387707113
2013-03-21,6.1,6.2,0.2,28.8,23.4,18.9,63.0,48.0,3.333333,,4.68131458295
2013-03-22,5.4,8.7,0.0,29.6,24.06,19.7,63.25,50.0,2.333333,,4.97930025676
2013-03-23,5.6,8.6,0.0,29.8,23.9,19.9,63.0,47.0,2.666667,,5.07820397271
2013-03-24,6.0,4.9,0.0,28.6,23.46,19.7,60.75,50.0,2.0,,4.0349634571
2013-03-25,5.0,4.7,0.0,28.0,21.88,17.6,67.75,50.0,3.666667,,4.12564009633
2013-03-26,4.3,5.0,0.0,28.4,22.88,19.1,63.75,48.0,3.0,,4.25114619305
2013-03-27,4.6,8.8,0.0,30.8,23.92,19.6,60.75,42.0,2.0,,4.9701383831
2013-03-28,6.0,7.3,0.0,32.3,25.1,18.8,57.0,41.0,2.666667,,5.09017792212
2013-03-29,6.4,8.9,0.0,29.4,23.62,20.1,56.25,41.0,2.0,,4.96601797608
2013-03-30,6.9,7.2,0.0,27.6,21.94,18.9,77.25,55.0,4.333333,,4.2309615556
2013-03-31,4.4,9.2,5.2,27.6,22.38,18.7,67.25,50.0,2.666667,,4.74733201551
2013-04-01,5.5,11.0,0.0,30.0,23.22,17.7,50.25,31.0,2.0,,5.37834821
2013-04-02,6.4,4.6,2.0,27.0,21.88,18.7,74.5,54.0,4.0,,3.75894688269
2013-04-03,4.0,7.7,0.0,28.6,22.08,17.5,64.5,43.0,4.0,,4.85797148197
2013-04-04,5.0,10.1,0.0,29.3,22.56,17.1,56.0,41.0,2.666667,,5.23794708197
2013-04-05,6.5,9.6,0.0,30.1,24.16,19.9,58.25,41.0,2.0,,5.01341082621
2013-04-06,5.6,7.7,0.0,31.8,24.74,19.5,64.0,38.0,1.666667,,4.48445208809
2013-04-07,5.0,6.9,7.8,30.2,24.26,20.7,74.5,68.0,1.333333,,3.99545966346
2013-04-08,3.0,5.7,9.9,29.8,23.5,19.9,69.75,48.0,3.0,,4.1579976867
2013-04-09,4.3,7.6,0.0,29.7,23.3,19.1,66.0,46.0,2.666667,,4.52550497506
2013-04-10,5.6,6.6,0.0,28.7,22.84,18.1,66.5,52.0,3.333333,,4.36315401681
2013-04-11,5.6,6.9,0.0,28.9,22.82,18.6,63.5,48.0,3.0,,4.46342721735
2013-04-12,5.6,6.2,0.0,29.2,23.06,19.1,66.25,50.0,2.0,,3.97474254639
2013-04-13,4.1,8.2,0.0,30.6,23.9,18.9,57.5,40.0,1.666667,,4.47934027031
2013-04-14,6.0,8.9,0.0,33.1,25.56,18.7,47.75,37.0,1.666667,,4.90596090081
2013-04-15,6.9,7.9,0.0,30.6,25.04,21.7,63.25,45.0,3.333333,,4.97849241472
2013-04-16,6.0,5.2,0.0,29.6,23.88,20.1,68.25,50.0,3.666667,,4.19072044546
2013-04-17,4.1,2.6,32.0,27.0,21.56,18.3,81.25,58.0,2.666667,,2.77398314334
2013-04-18,2.0,4.9,0.0,26.6,21.68,19.1,80.0,61.0,3.666667,,3.35244990959
2013-04-19,2.8,3.1,0.4,25.4,21.7,18.9,77.0,66.0,3.0,,2.99445438563
2013-04-20,2.4,0.0,0.3,21.8,18.98,17.9,88.75,79.0,4.333333,,1.88525507436
2013-04-21,1.4,1.4,0.9,22.0,18.82,16.5,87.75,79.0,3.666667,,2.10079502422
2013-04-22,1.8,10.4,1.4,25.6,20.08,16.3,74.25,53.0,4.333333,,4.33968618571
2013-04-23,4.5,0.7,0.0,22.6,19.16,16.9,79.25,65.0,3.666667,,2.38153233631
2013-04-24,3.0,1.4,0.0,22.8,19.64,16.5,80.5,66.0,3.666667,,2.42455566389
2013-04-25,2.3,0.0,1.4,21.5,18.72,16.9,89.0,73.0,3.666667,,1.79593796308
2013-04-26,1.3,0.3,1.0,21.4,18.66,15.9,83.0,79.0,3.666667,,2.06972223348
2013-04-27,1.8,6.6,0.0,25.8,20.74,17.5,75.5,55.0,4.0,,3.66401866357
2013-04-28,4.6,6.7,0.0,26.0,20.58,17.3,77.0,53.0,4.0,,3.60464099078
2013-04-29,4.2,4.4,0.1,24.3,19.86,16.9,80.0,61.0,4.333333,,3.00851103737
2013-04-30,3.3,5.2,0.0,24.5,20.62,17.5,80.25,66.0,4.0,,3.11682689203
2013-05-01,3.1,3.6,0.2,24.2,20.08,16.6,82.5,,3.333333,,2.66405224723
2013-05-02,2.7,5.0,0.1,26.0,20.9,17.4,71.25,,3.666667,,3.50810873379
2013-05-03,3.9,6.9,0.0,25.8,20.86,18.1,74.25,,3.0,,3.58209730142
2013-05-04,3.7,5.5,1.3,25.8,20.9,18.1,80.5,,2.666667,,3.09138159976
2013-05-05,2.2,2.2,2.2,27.6,21.66,18.1,64.5,,2.0,,2.92532225272
2013-05-06,4.8,7.2,0.0,29.7,22.58,17.6,63.25,,2.333333,,4.00148678794
2013-05-07,5.3,4.0,0.0,27.6,23.4,19.3,58.75,,3.333333,,3.91750695955
2013-05-08,4.5,7.2,0.0,28.9,22.74,17.1,59.75,,3.333333,,4.35747672582
2013-05-09,5.8,6.3,0.0,26.4,21.96,19.4,73.75,,5.0,,3.83805331163
2013-05-10,4.9,3.2,0.0,24.4,21.14,18.1,73.5,,5.666667,,3.32154063115
2013-05-11,3.6,4.9,0.0,24.8,19.9,16.9,74.75,,5.333333,,3.39212478553
2013-05-12,4.0,4.7,3.0,23.8,19.38,17.7,86.5,,5.0,,2.63847311947
2013-05-13,1.8,2.9,2.0,23.9,19.58,17.3,86.25,,4.666667,,2.37275157384
2013-05-14,2.0,6.6,2.9,24.8,20.16,17.3,79.0,,4.666667,,3.30973481841
2013-05-15,3.5,6.3,2.6,24.4,19.6,17.2,84.0,,5.0,,2.98514906026
2013-05-16,3.1,4.1,1.8,22.8,19.82,17.5,86.25,,4.333333,,2.4683080033
2013-05-17,0.9,0.9,1.0,24.4,20.5,17.3,80.25,,3.0,,2.21812149148
2013-05-18,,6.0,0.2,25.4,20.34,17.9,75.0,,3.333333,,3.27758977052
2013-05-19,4.0,2.7,0.0,24.0,19.78,16.9,80.75,,4.333333,,2.56344844686
2013-05-20,2.8,7.1,2.0,21.1,18.96,17.1,89.75,81.0,3.333333,,2.61705829789
2013-05-21,1.0,7.5,0.2,25.1,19.56,16.4,81.0,,2.666667,,3.11798210656
2013-05-22,2.8,9.4,0.0,27.8,21.2,16.0,65.75,,2.333333,,3.89663210097
2013-05-23,,7.5,0.0,29.1,22.12,17.9,65.75,,3.333333,,4.05527543095
2013-05-24,4.8,9.4,0.0,28.5,22.72,17.6,64.25,,3.333333,,4.31507456153
2013-05-25,4.6,3.4,0.0,26.4,21.56,19.3,75.75,,4.0,,3.02835509644
2013-05-26,3.7,3.6,0.2,26.4,21.14,19.3,84.5,,3.333333,,2.57316671406
2013-05-27,3.4,2.8,0.4,22.4,19.34,17.4,87.75,,4.0,,2.12651432038
2013-05-28,1.9,7.8,0.3,24.3,19.76,17.5,81.0,,3.333333,,3.14720514766
2013-05-29,3.2,7.3,0.0,25.7,21.0,18.2,73.0,,3.333333,,3.47870059017
2013-05-30,3.5,8.6,0.0,28.4,21.5,16.7,64.75,,3.0,,3.99429312123
2013-05-31,5.8,8.0,0.0,27.4,21.3,18.1,66.0,,3.0,,3.84339526011
2013-06-01,5.3,3.6,0.6,23.0,19.8,18.4,90.75,,3.466667,,2.12777355383
2013-06-02,1.2,1.8,1.6,22.4,19.06,17.7,86.75,,2.666667,,1.95758151321
2013-06-03,1.5,3.6,1.6,24.8,19.9,17.5,80.5,,3.0,,2.53460422443
2013-06-04,2.6,6.0,0.0,25.3,20.16,16.9,76.5,,3.333333,,3.05779720024
2013-06-05,3.1,3.0,2.8,22.2,19.14,18.0,93.75,,4.0,,1.85070365254
2013-06-06,1.0,0.7,3.1,24.3,19.66,17.2,83.75,,3.666667,,2.03296978066
2013-06-07,2.4,2.5,1.8,23.1,19.16,17.7,87.75,,3.666667,,2.0665759349
2013-06-08,1.6,2.7,0.3,22.2,18.54,16.3,90.5,,4.0,,1.9051770966
2013-06-09,1.4,1.7,7.8,21.2,18.62,17.3,92.5,,3.666667,,1.68193880505
2013-06-10,1.0,3.2,2.0,22.3,18.34,16.6,86.0,,4.0,,2.17962982409
2013-06-11,4.1,2.1,0.3,21.7,18.44,16.3,89.5,,4.333333,,1.85718801175
2013-06-12,1.0,0.5,0.7,21.6,18.6,16.7,90.25,,3.666667,,1.61556399658
2013-06-13,1.6,1.9,1.6,22.3,18.52,16.6,89.0,,3.666667,,1.86518653695
2013-06-14,1.4,9.5,0.2,23.6,18.78,15.7,80.5,,2.666667,,3.14029047036
2013-06-15,3.0,6.0,0.1,24.4,19.62,17.0,78.25,,2.333333,,2.78431590896
2013-06-16,2.8,6.1,0.8,23.4,19.22,17.1,85.25,,4.333333,,2.6428754145
2013-06-17,2.3,2.1,0.2,22.7,18.74,17.0,86.0,,3.666667,,2.03873161081
2013-06-18,1.7,4.2,0.1,24.4,19.7,17.3,82.0,,3.666667,,2.55989023483
2013-06-19,2.6,2.2,2.0,22.0,19.04,17.6,90.5,,3.333333,,1.84600856938
2013-06-20,1.1,1.8,3.4,21.5,18.2,16.7,92.0,,3.666667,,1.69598589403
2013-06-21,0.9,6.7,2.3,24.2,19.22,16.7,82.0,,3.5,,2.84125455546
2013-06-22,1.8,9.3,0.0,26.2,20.3,17.7,75.5,,2.0,,3.38285372847
2013-06-23,3.6,10.0,0.0,26.4,19.82,15.9,69.5,50.0,2.666667,,3.68201024086
2013-06-24,4.3,5.9,0.0,23.8,19.02,16.4,74.25,,5.0,,3.22011769376
2013-06-25,4.2,9.8,0.0,24.3,18.36,14.2,67.5,,4.0,,3.76127290565
2013-06-26,4.7,8.0,0.0,24.9,19.32,16.0,71.5,,4.0,,3.50987746672
2013-06-27,4.1,9.9,0.1,24.6,19.14,16.6,74.75,,3.666667,,3.56857545875
2013-06-28,3.0,3.8,3.4,22.2,18.38,17.1,89.75,,3.0,,2.08230318843
2013-06-29,0.7,6.3,0.8,25.4,19.14,15.9,79.0,,2.0,,2.77768640142
2013-06-30,1.2,9.5,0.0,25.2,19.42,16.3,68.0,,2.666667,,3.60354959362
2013-07-01,4.4,8.6,0.0,24.8,18.98,15.1,69.25,,2.666667,,3.38550596605
2013-07-02,4.9,9.3,0.0,25.6,19.56,16.0,62.25,,2.566667,,3.72484651369
2013-07-03,5.1,8.7,0.0,23.8,19.04,16.3,73.75,,4.666667,,3.53417389514
2013-07-04,4.4,4.6,1.0,22.2,17.78,15.9,88.0,,4.333333,,2.24264627019
2013-07-05,2.1,0.8,0.2,19.0,17.02,15.5,93.5,,3.0,,1.44437066006
2013-07-06,0.8,4.7,8.8,20.2,17.18,15.1,89.25,,3.0,,2.10278873762
2013-07-07,1.0,4.7,0.8,21.2,16.98,15.3,83.25,,2.0,,2.2884759769
2013-07-08,2.4,1.4,0.6,21.5,17.4,15.3,85.25,,3.666667,,1.9195039767
2013-07-09,2.0,5.2,0.0,22.7,17.9,15.6,84.25,,4.0,,2.50706695939
2013-07-10,2.9,5.9,1.1,21.3,16.72,12.9,80.5,,4.666667,,2.62866074527
2013-07-11,2.5,2.5,0.3,20.9,17.02,14.6,92.25,,4.333333,,1.72548936268
2013-07-12,1.1,5.5,2.3,22.8,17.58,14.9,84.25,,3.333333,,2.51098731892
2013-07-13,1.7,0.0,0.8,19.4,17.34,15.3,92.75,,3.0,,1.39322727271
2013-07-14,0.6,5.9,3.1,22.3,18.32,15.7,79.0,,3.666667,,2.79870990623
2013-07-15,2.4,4.2,0.1,22.8,18.34,16.3,83.5,,3.0,,2.40888220371
2013-07-16,1.7,9.3,0.0,25.9,19.36,15.7,75.75,,2.666667,,3.4786237794
2013-07-17,3.0,7.8,0.0,23.8,18.26,15.4,79.75,,3.333333,,3.07637802085
2013-07-18,3.0,8.6,0.0,24.5,18.6,15.8,74.75,,3.0,,3.38528322819
2013-07-19,3.5,3.5,0.0,22.6,19.1,14.9,84.0,,3.0,,2.26859735198
2013-07-20,1.8,5.5,0.9,24.8,19.42,16.7,84.75,,3.0,,2.68111285984
2013-07-21,2.2,8.1,0.0,24.9,19.24,17.1,74.75,,3.0,,3.4212523571
2013-07-22,3.0,9.6,0.0,25.3,19.0,14.5,71.75,,3.0,,3.65031465873
2013-07-23,3.4,9.6,0.0,27.6,20.66,16.5,72.5,,3.0,,3.88809582395
2013-07-24,4.1,7.4,0.0,25.6,19.28,16.6,66.25,,4.0,,3.88710409658
2013-07-25,3.9,8.7,0.0,26.3,19.6,12.6,68.0,,3.333333,,3.74907909545
2013-07-26,2.9,3.7,1.7,23.2,19.54,17.7,85.5,,2.166667,,2.35221581766
2013-07-27,1.2,3.8,3.2,22.8,18.82,16.9,86.75,75.0,3.0,,2.33093726421
2013-07-28,0.8,5.7,2.7,22.2,18.54,16.5,87.25,,3.0,,2.55994447754
2013-07-29,1.2,6.9,1.6,23.8,18.3,15.3,81.25,,3.0,,2.97561981929
2013-07-30,2.5,7.7,0.6,24.1,18.24,15.3,79.0,,3.333333,,3.2169989894
2013-07-31,3.2,3.4,0.1,21.7,17.44,15.5,82.5,,3.0,,2.36409652612
2013-08-01,2.0,6.5,0.0,23.7,17.5,15.2,72.75,,3.0,,3.21931924033
2013-08-02,2.7,8.1,0.0,23.2,16.74,12.3,70.75,,2.5,,3.28726332118
2013-08-03,3.2,5.7,0.2,21.8,17.06,13.3,87.0,,3.333333,,2.48951272321
2013-08-04,1.2,9.0,2.6,24.2,18.42,14.5,67.25,,2.0,,3.56526976576
2013-08-05,3.0,9.5,0.0,25.0,18.96,15.0,66.0,,3.333333,,4.042956016
2013-08-06,,7.9,0.0,23.7,18.7,15.1,85.5,,3.666667,,3.05276179264
2013-08-07,1.5,4.1,5.0,22.3,17.44,15.5,92.0,,4.0,,2.17981609351
2013-08-08,1.4,10.7,2.1,22.7,17.76,14.3,75.25,,4.333333,,3.79936728619
2013-08-09,2.9,8.5,0.6,24.2,18.38,15.3,83.75,,3.333333,,3.27851869175
2013-08-10,2.6,8.3,1.8,23.6,18.54,16.1,82.5,,3.0,,3.2942083107
2013-08-11,2.4,6.4,2.4,23.2,17.74,15.7,79.25,,2.0,,2.99918077359
2013-08-12,2.2,9.6,0.0,24.9,18.66,15.0,71.75,,3.0,,3.89365972218
2013-08-13,3.5,5.7,0.4,24.0,18.78,15.7,84.0,,3.333333,,2.88844419286
2013-08-14,1.5,8.7,1.0,25.6,19.56,16.0,71.25,,3.333333,,3.94647246357
2013-08-15,2.6,8.1,0.0,24.4,18.88,16.9,73.75,,2.666667,,3.64691868256
2013-08-16,3.3,10.0,0.0,24.8,19.26,15.9,66.75,,3.0,,4.19714469169
2013-08-17,5.0,7.4,0.4,25.2,18.78,15.7,75.0,,2.666667,,3.52272235597
2013-08-18,3.4,3.0,0.0,21.8,17.78,15.9,71.25,,4.333333,,3.07708823473
2013-08-19,2.9,10.7,0.0,25.0,18.42,13.7,65.25,,4.0,,4.4860367966
2013-08-20,,5.0,0.2,24.3,18.76,15.7,79.0,,4.0,,3.11312802879
2013-08-21,2.8,5.0,0.2,22.5,17.78,14.4,80.75,,4.0,,2.8947493643
2013-08-22,2.0,5.9,0.2,23.7,18.52,15.0,80.0,,4.0,,3.16165519012
2013-08-23,2.9,9.2,0.0,24.6,18.7,15.1,67.25,,3.0,,4.10496064235
2013-08-24,4.4,7.3,0.0,25.2,19.38,15.7,74.5,,4.333333,,3.80438701151
2013-08-25,3.6,6.4,0.0,23.2,18.7,15.1,74.25,,3.666667,,3.45375893792
2013-08-26,2.7,8.3,0.0,25.6,19.34,16.0,69.0,,3.333333,,4.11987152957
2013-08-27,3.5,9.3,0.0,27.8,20.26,14.3,67.75,,3.333333,,4.44320970085
2013-08-28,4.5,10.0,0.0,29.6,22.16,17.5,62.25,,3.333333,,5.08254820971
2013-08-29,5.9,7.8,0.0,25.9,19.94,16.3,72.5,49.0,5.0,,4.19663680262
2013-08-30,3.8,5.6,0.6,23.0,18.34,16.1,86.75,,4.666667,,2.89607306194
2013-08-31,1.4,0.6,1.8,19.8,17.26,15.1,92.75,,4.0,,1.6975158138
2013-09-01,0.8,7.7,2.3,23.4,18.38,15.5,80.25,,4.666667,,3.56080163976
2013-09-02,3.1,9.4,0.0,25.0,18.98,15.4,66.25,,3.333333,,4.40939361444
2013-09-03,4.0,9.7,0.0,27.4,20.38,15.5,64.5,,2.666667,,4.58807317144
2013-09-04,4.1,7.3,0.0,27.4,21.26,17.3,63.75,,3.333333,,4.45510873042
2013-09-05,4.4,9.7,0.0,26.3,20.34,16.8,59.0,,4.333333,,5.19278880373
2013-09-06,5.7,6.1,0.0,25.8,20.02,15.3,74.0,,5.0,,3.87720771604
2013-09-07,3.8,4.7,0.2,24.2,18.66,15.5,84.25,,4.0,,2.97599912837
2013-09-08,2.6,6.0,0.8,23.2,18.38,15.9,81.5,,4.333333,,3.2966332323
2013-09-09,2.2,6.8,4.4,23.8,17.74,15.0,83.0,,4.0,,3.35858558605
2013-09-10,2.8,7.3,0.0,23.2,18.12,14.3,76.25,,4.666667,,3.71315826851
2013-09-11,3.0,7.9,0.4,23.2,17.14,14.1,84.25,,4.333333,,3.42239953693
2013-09-12,2.3,4.1,2.8,22.4,16.8,14.8,83.75,,3.666667,,2.81009250237
2013-09-13,2.0,7.8,2.0,23.6,18.7,14.9,79.5,,4.666667,,3.71919927427
2013-09-14,3.2,6.9,0.0,25.2,19.38,15.7,79.25,,3.0,,3.65484384212
2013-09-15,2.8,7.3,0.3,26.8,20.58,16.9,73.25,,2.0,,3.9560365765
2013-09-16,3.4,8.1,0.1,26.3,20.28,16.5,72.5,,3.333333,,4.28136414975
2013-09-17,3.3,7.5,0.0,27.0,20.44,16.1,71.0,,3.0,,4.2191929217
2013-09-18,3.3,7.3,0.0,27.8,21.66,17.7,73.75,,4.0,,4.35816875261
2013-09-19,4.0,6.3,0.1,25.8,19.9,17.3,78.0,,4.666667,,3.86980083477
2013-09-20,3.3,9.2,0.0,26.2,20.1,16.1,68.75,,5.333333,,4.91488740474
2013-09-21,5.6,10.5,0.0,27.8,20.76,15.4,59.5,,2.666667,,5.13369246254
2013-09-22,5.0,9.7,0.0,28.8,22.62,16.3,59.0,,3.666667,,5.43893071801
2013-09-23,5.0,8.1,0.0,30.7,22.48,18.3,56.0,,2.0,,4.89539143212
2013-09-24,6.1,10.1,0.0,31.0,22.76,15.2,41.5,,2.333333,,5.68097850457
2013-09-25,7.2,9.3,0.0,32.7,23.52,15.8,45.25,,1.333333,,5.01835999982
2013-09-26,6.3,9.1,0.0,28.5,21.88,17.3,64.75,,2.333333,,4.8395674852
2013-09-27,4.8,8.5,0.0,28.4,21.66,17.7,63.75,40.0,4.0,,5.1791525403
2013-09-28,5.0,9.5,0.0,28.2,21.58,15.9,63.5,,2.0,,4.79488776068
2013-09-29,4.9,8.0,0.0,28.6,21.78,17.5,67.5,,4.0,,4.93712886966
2013-09-30,5.5,10.8,0.0,28.3,21.6,17.5,56.5,,4.0,,5.92630477381
2013-10-01,5.3,8.7,0.0,29.5,21.16,15.3,51.5,32.0,3.666667,,5.67868280353
2013-10-02,6.0,9.5,0.0,29.3,22.22,17.5,56.25,37.0,4.0,,5.82487941921
2013-10-03,5.3,9.0,0.0,29.8,22.5,16.9,53.25,34.0,2.666667,,5.39027143813
2013-10-04,5.5,6.7,0.0,29.0,21.54,16.9,59.0,41.0,2.0,,4.46415865706
2013-10-05,5.4,9.2,0.0,32.2,23.9,17.3,47.0,31.0,1.666667,,5.30039573967
2013-10-06,7.4,8.8,0.0,34.0,24.9,17.3,54.25,31.0,3.666667,,6.20199707466
2013-10-07,7.4,9.7,0.0,27.8,22.16,17.1,63.0,43.0,4.0,,5.42643728692
2013-10-08,6.2,10.3,0.0,27.9,21.68,17.7,65.5,41.0,5.333333,,5.70738700626
2013-10-09,4.5,7.2,0.0,27.0,20.22,16.5,73.5,51.0,4.666667,,4.46270885685
2013-10-10,3.7,1.6,2.0,22.5,17.88,15.7,87.0,70.0,4.0,,2.42159439603
2013-10-11,2.3,5.9,1.2,24.4,19.18,14.9,68.75,54.0,5.333333,,4.28846818091
2013-10-12,3.8,5.8,0.2,24.6,18.18,15.5,75.5,51.0,3.666667,,3.79723975368
2013-10-13,3.2,3.8,0.0,24.6,19.34,15.7,76.0,70.0,4.0,,3.45121849415
2013-10-14,3.2,7.1,0.0,26.4,20.44,14.4,73.0,56.0,4.666667,,4.34195272315
2013-10-15,3.3,7.3,4.4,26.3,20.58,17.4,79.25,52.0,4.666667,,4.19623259172
2013-10-16,2.7,6.6,1.0,26.1,20.62,16.8,78.25,55.0,4.666667,,4.07506401666
2013-10-17,3.0,6.4,2.2,25.9,20.36,17.3,78.0,58.0,3.666667,,3.99805736146
2013-10-18,2.9,7.3,0.0,26.6,20.98,16.9,66.0,52.0,2.0,,4.35759398197
2013-10-19,3.8,7.2,0.0,28.2,22.38,18.5,66.75,48.0,1.666667,,4.41362239387
2013-10-20,3.8,4.2,0.0,28.4,21.58,18.9,72.25,42.0,2.666667,,3.86065504301
2013-10-21,2.9,2.8,11.0,26.1,20.86,18.4,74.75,54.0,3.333333,,3.4400861353
2013-10-22,3.0,9.6,0.0,27.9,21.5,16.9,59.75,44.0,3.333333,,5.45994975611
2013-10-23,5.3,11.6,0.0,27.8,21.28,16.3,59.5,50.0,5.0,,6.18691997817
2013-10-24,5.1,9.7,0.0,28.3,21.38,16.1,58.25,38.0,4.0,,5.72080628062
2013-10-25,6.0,10.5,0.0,30.4,22.3,15.9,49.25,31.0,0.2,,4.6620186931
2013-10-26,5.9,8.0,0.0,27.8,21.3,17.1,57.5,41.0,3.666667,,5.3484621501
2013-10-27,5.4,10.4,0.0,30.8,22.38,15.9,48.25,35.0,2.0,,5.6748371635
2013-10-28,6.7,9.4,0.0,33.0,24.62,18.3,42.75,21.0,2.0,,5.85343647515
2013-10-29,7.3,8.4,0.0,29.6,23.56,19.6,58.0,43.0,4.0,,5.81606034749
2013-10-30,5.8,8.2,0.0,28.8,22.36,18.0,65.75,40.0,4.0,,5.25763499827
2013-10-31,5.2,9.6,0.0,29.6,22.88,16.3,53.25,40.0,3.0,,5.74136556733
2013-11-01,5.3,11.5,0.0,28.4,22.02,17.1,56.0,,5.333333,,6.58688395405
2013-11-02,4.8,8.4,0.0,28.2,21.82,15.9,62.25,,2.0,,4.78834260456
2013-11-03,4.9,6.8,0.4,24.9,19.76,17.3,79.25,,3.666667,,4.00376566241
2013-11-04,3.6,8.1,0.6,26.0,20.28,16.2,72.25,,3.666667,,4.57596835593
2013-11-05,3.9,6.8,1.4,27.8,21.16,17.8,78.5,,3.666667,,4.26495663481
2013-11-06,4.1,8.2,28.3,27.3,21.7,17.8,75.0,,4.0,,4.70145366374
2013-11-07,3.2,6.5,1.0,27.6,21.6,17.7,66.5,,3.0,,4.56566203717
2013-11-08,4.2,9.1,0.0,28.2,21.86,17.1,57.0,,2.666667,,5.33237466158
2013-11-09,4.5,1.5,0.0,29.4,22.5,16.3,54.5,,2.0,,3.61930295192
2013-11-10,5.6,6.1,1.8,28.4,22.46,18.9,63.75,,1.666667,,4.30009431692
2013-11-11,4.1,4.0,0.1,26.1,21.2,18.7,73.0,,3.333333,,3.80902805686
2013-11-12,3.1,6.0,0.0,27.5,21.72,18.4,69.0,,2.0,,4.18821140015
2013-11-13,3.4,7.5,0.0,29.4,22.48,18.0,64.0,,3.0,,5.02476010926
2013-11-14,5.0,9.7,0.0,28.6,22.18,17.7,58.0,,4.666667,,6.06675234158
2013-11-15,5.9,8.1,0.0,27.6,21.34,16.9,64.25,,4.333333,,5.22767693056
2013-11-16,5.0,11.5,0.2,27.9,21.48,16.3,56.0,,3.0,,5.88028527474
2013-11-17,5.4,11.4,0.0,28.8,21.5,14.3,52.0,,2.666667,,5.85419045372
2013-11-18,6.8,7.7,0.0,27.6,21.32,16.1,64.75,,5.0,,5.21297589605
2013-11-19,5.3,7.6,0.0,27.8,20.58,17.1,73.75,,5.333333,,4.78722088309
2013-11-20,3.2,9.6,1.2,27.5,21.1,17.1,57.25,,4.333333,,5.84721142158
2013-11-21,5.6,10.6,0.0,28.6,21.34,15.7,61.25,,4.0,,5.81113421233
2013-11-22,5.2,10.8,0.0,32.4,23.1,16.1,48.0,,1.333333,,5.59047654612
2013-11-23,6.2,10.3,0.0,30.8,24.14,17.7,56.0,,2.333333,,5.76137362774
2013-11-24,8.9,3.5,0.0,28.7,21.84,18.9,72.75,,3.666667,,3.94532671615
2013-11-25,4.4,3.4,4.4,27.0,22.36,18.5,65.5,,3.333333,,4.0523872453
2013-11-26,5.0,1.9,0.0,25.8,21.5,18.6,82.5,,2.333333,,2.87788241961
2013-11-27,2.4,2.6,0.3,26.9,22.02,18.2,75.75,,3.333333,,3.43456364149
2013-11-28,3.2,0.0,14.0,22.6,19.48,18.1,92.5,79.0,2.666667,,2.02320222182
2013-11-29,0.5,2.6,3.2,24.8,20.7,18.3,85.75,,2.333333,,2.88804676296
2013-11-30,2.0,10.3,0.0,26.6,21.74,17.7,69.0,60.0,2.666667,,5.15078828862
2013-12-01,3.4,10.1,0.0,28.6,22.78,17.9,57.5,,2.666667,,5.60787366402
2013-12-02,6.3,9.4,0.0,28.6,22.46,17.9,69.0,,3.666667,,5.29918399709
2013-12-03,4.3,7.4,0.0,30.8,23.98,19.4,62.25,,2.333333,,5.03766572842
2013-12-04,5.0,8.2,0.0,31.9,25.62,19.6,55.25,,2.666667,,5.64110304291
2013-12-05,5.6,9.6,0.0,31.8,25.64,20.7,58.0,,3.333333,,6.15440053188
2013-12-06,5.5,5.7,0.0,29.4,23.86,19.3,62.0,,2.333333,,4.55817496628
2013-12-07,4.0,0.5,4.8,25.4,21.46,20.1,82.25,,2.333333,,2.59799649751
2013-12-08,1.8,1.3,1.4,24.9,21.24,18.9,85.25,,2.666667,,2.65296080833
2013-12-09,2.3,5.6,0.0,27.5,21.46,18.2,71.25,,3.333333,,4.2901286368
2013-12-10,3.5,11.3,0.0,29.8,23.1,17.0,59.25,,2.666667,,5.87645861178
2013-12-11,5.1,7.4,0.0,30.3,24.98,18.0,53.5,,2.666667,,5.31855773025
2013-12-12,5.8,3.6,0.0,28.3,22.84,19.5,72.25,,2.666667,,3.79591826873
2013-12-13,2.9,,8.5,24.2,20.74,19.1,87.5,,2.666667,,2.89126564368
2013-12-14,1.6,3.1,1.0,26.6,22.06,19.7,84.25,,2.0,,3.15327649297
2013-12-15,1.4,4.5,5.6,27.8,22.5,18.9,78.5,59.0,1.666667,,3.62022391576
2013-12-16,2.8,0.9,0.0,24.8,21.44,19.7,89.25,,2.666667,,2.44226816069
2013-12-17,1.2,0.9,9.9,22.1,20.22,19.2,95.0,,3.0,,2.12814832885
2013-12-18,1.0,0.0,30.3,21.6,19.06,17.7,89.25,,3.0,,2.10558549534
2013-12-19,0.9,0.4,5.4,23.1,20.46,17.8,88.5,,2.666667,,2.25799957103
2013-12-20,1.1,0.0,10.0,22.2,20.14,19.1,91.25,,2.666667,,2.08445124182
2013-12-21,0.6,0.5,18.6,24.4,20.58,18.9,88.75,,2.666667,,2.33842749776
2013-12-22,1.0,0.1,19.4,22.0,19.18,17.5,91.0,,2.0,,2.07860007195
2013-12-23,0.6,5.5,35.7,26.5,21.54,17.3,80.75,,3.666667,,3.80045617629
2013-12-24,3.1,6.9,0.0,27.0,21.68,19.3,81.25,,2.666667,,4.16323594987
2013-12-25,2.5,6.7,0.0,26.9,21.72,19.3,78.0,,3.0,,4.2415865024
2013-12-26,2.3,6.7,0.0,28.0,22.74,19.1,70.0,,3.0,,4.59364492158
2013-12-27,3.3,5.5,0.0,26.8,22.18,19.7,73.75,,3.666667,,4.24009099362
2013-12-28,3.6,5.5,0.0,26.4,21.78,19.3,72.5,,4.666667,,4.38927946456
2013-12-29,3.4,9.2,0.0,28.4,22.22,18.5,66.75,,1.5,,4.92113643738
2013-12-30,4.3,8.6,0.0,27.8,21.34,18.4,69.25,,2.666667,,4.92340074146
2013-12-31,4.3,10.2,0.0,28.0,21.9,18.2,65.5,,3.0,,5.44957062369
2014-01-01,4.1,7.8,0.0,27.6,21.72,18.7,69.75,49.0,3.333333,,4.85011066357
2014-01-02,3.1,8.6,0.0,28.3,21.78,17.4,65.25,45.0,3.0,,5.10900696224
2014-01-03,4.3,8.5,0.0,27.8,21.6,17.6,65.0,47.0,3.666667,,5.20690630348
2014-01-04,4.6,11.1,0.0,29.6,22.72,18.1,60.0,42.0,3.666667,,6.13924958931
2014-01-05,5.1,10.1,0.0,27.9,21.68,18.0,62.75,42.0,3.333333,,5.57753531525
2014-01-06,5.2,10.8,0.0,27.8,21.48,16.5,67.25,41.0,3.0,,5.4115812576
2014-01-07,4.9,11.0,0.0,27.9,21.96,17.3,61.5,42.0,4.0,,5.91068823371
2014-01-08,5.4,10.5,1.2,27.1,21.42,17.5,65.75,51.0,3.666667,,5.50778566615
2014-01-09,4.3,9.8,0.0,28.4,22.04,17.2,63.25,47.0,3.0,,5.42945609518
2014-01-10,4.4,9.3,0.0,28.8,22.94,18.8,69.25,49.0,4.333333,,5.45652217485
2014-01-11,4.3,8.2,4.2,27.0,21.86,18.6,70.75,56.0,4.0,,4.94304617152
2014-01-12,3.5,4.1,0.2,26.0,21.36,18.6,78.25,63.0,3.666667,,3.65630203178
2014-01-13,3.0,7.6,1.1,27.1,21.92,18.5,71.25,55.0,3.666667,,4.75753376744
2014-01-14,4.0,9.0,0.6,27.9,22.24,17.7,64.0,51.0,4.333333,,5.50769509836
2014-01-15,4.9,8.4,0.0,28.1,22.26,17.9,68.5,48.0,4.0,,5.1464046375
2014-01-16,4.1,9.2,0.0,28.8,22.6,18.0,68.25,50.0,3.666667,,5.33631558313
2014-01-17,4.4,11.5,0.0,29.7,22.66,16.4,59.25,45.0,2.666667,,5.90683544251
2014-01-18,4.5,6.7,0.0,28.8,23.14,19.2,65.5,50.0,2.666667,,4.74851629612
2014-01-19,4.0,6.4,0.0,29.4,22.92,19.0,68.25,50.0,3.333333,,4.77710166818
2014-01-20,4.0,8.3,0.0,29.0,23.44,19.5,67.75,52.0,3.0,,5.13638170068
2014-01-21,4.4,2.5,0.0,26.4,21.86,18.9,77.25,63.0,4.0,,3.444281703
2014-01-22,3.0,9.9,0.0,29.7,22.88,18.7,67.5,40.0,2.566667,,5.43276916459
2014-01-23,5.0,7.5,0.0,28.0,21.94,18.3,65.5,40.0,2.333333,,4.74428109953
2014-01-24,3.5,8.6,0.0,28.4,21.94,16.9,61.75,48.0,1.666667,,4.84852396047
2014-01-25,4.8,8.6,0.0,28.2,22.14,18.1,66.75,52.0,3.333333,,5.16667087684
2014-01-26,4.4,8.1,0.0,28.4,20.58,16.3,76.75,47.0,4.333333,,4.67214547687
2014-01-27,4.2,8.6,4.4,27.0,21.82,18.3,77.5,60.0,5.333333,,4.77468986592
2014-01-28,4.4,8.7,0.0,26.5,21.08,17.1,71.75,60.0,4.333333,,4.91478595408
2014-01-29,4.3,10.7,0.0,28.0,21.74,16.9,72.0,59.0,4.666667,,5.45459003535
2014-01-30,5.2,8.8,0.0,28.8,22.34,17.9,64.25,46.0,4.0,,5.49237581
2014-01-31,5.4,9.0,0.0,28.4,22.18,17.5,65.25,48.0,3.666667,,5.36053824052
2014-02-01,4.4,0.1,3.0,22.6,19.5,17.3,87.5,69.0,2.0,,2.18087578349
2014-02-02,1.8,7.6,0.0,27.6,21.42,17.3,75.25,52.0,3.666667,,4.56871291164
2014-02-03,4.1,9.1,0.0,28.2,22.22,17.1,64.75,50.0,3.333333,,5.29112344009
2014-02-04,4.4,5.7,0.0,28.2,21.78,16.9,78.75,55.0,3.666667,,4.038007141
2014-02-05,3.4,4.8,2.1,27.0,21.54,18.3,82.75,57.0,3.666667,,3.64590456053
2014-02-06,2.2,0.0,2.0,26.8,21.06,16.9,80.25,55.0,3.333333,,2.64607947345
2014-02-07,2.0,4.4,2.1,24.8,20.12,16.6,96.0,85.0,3.333333,,2.82431251119
2014-02-08,3.4,7.9,20.0,26.8,20.74,17.7,86.0,74.0,3.333333,,4.14051570366
2014-02-09,2.6,8.1,0.9,26.6,20.66,17.7,79.5,57.0,2.0,,4.36595250011
2014-02-10,3.7,11.2,0.0,27.6,22.02,17.3,70.5,48.0,3.333333,,5.46278226388
2014-02-11,4.4,8.7,0.0,28.4,22.34,18.5,73.75,54.0,3.0,,4.90801229626
2014-02-12,4.4,8.7,0.0,28.0,22.14,18.1,70.5,53.0,3.666667,,5.06135719294
2014-02-13,4.4,9.9,0.0,28.8,22.66,17.9,60.25,47.0,1.666667,,5.21579370185
2014-02-14,4.4,7.4,0.0,28.8,22.82,18.5,65.25,50.0,2.0,,4.68553563954
2014-02-15,4.3,5.2,0.0,28.4,22.3,18.5,67.5,50.0,2.666667,,4.27459977702
2014-02-16,4.6,8.3,0.0,28.4,23.34,18.1,59.25,49.0,2.0,,4.95893652468
2014-02-17,5.0,6.0,0.0,28.4,23.06,18.3,63.0,50.0,3.0,,4.67714973168
2014-02-18,4.8,9.0,0.0,29.0,23.34,17.9,57.0,45.0,2.0,,5.18493466162
2014-02-19,5.2,1.0,0.0,26.3,22.44,19.1,67.75,56.0,3.0,,3.342485899
2014-02-20,3.3,3.9,2.0,26.4,20.62,17.2,81.5,56.0,4.0,,3.42545889135
2014-02-21,3.2,5.8,0.3,26.4,21.62,18.5,81.75,66.0,5.0,,3.89280738813
2014-02-22,2.8,6.9,1.2,28.2,22.02,18.1,77.25,53.0,4.0,,4.40591199231
2014-02-23,3.8,4.2,2.1,26.4,20.58,18.3,87.25,65.0,3.333333,,3.24454945713
2014-02-24,1.0,5.9,5.0,27.8,21.42,18.5,83.0,57.0,4.333333,,3.90872831316
2014-02-25,3.6,6.3,0.0,28.4,21.64,17.8,81.0,66.0,4.0,,4.08714224646
2014-02-26,3.4,4.1,0.0,26.3,21.1,18.2,79.25,65.0,3.333333,,3.53411902187
2014-02-27,2.7,1.1,0.0,24.1,20.6,17.9,78.75,69.0,1.133333,,2.52181855388
2014-02-28,1.9,0.6,0.0,26.4,21.54,18.9,78.0,56.0,2.666667,,2.76646511128
2014-03-01,2.0,5.7,0.2,30.0,21.54,18.1,78.75,56.0,2.333333,,4.0135556991
2014-03-02,2.4,4.8,59.8,26.2,20.66,18.1,83.75,66.0,3.0,,3.46235268097
2014-03-03,2.8,6.1,0.0,25.8,21.34,17.7,80.5,64.0,3.0,,3.81310614008
2014-03-04,2.2,5.8,0.6,25.1,21.0,18.9,90.75,89.0,3.666667,,3.35006111637
2014-03-05,1.3,1.9,3.0,23.2,19.78,17.9,88.75,78.0,3.333333,,2.50694178232
2014-03-06,1.5,9.9,0.0,27.3,21.2,17.1,70.5,47.0,3.333333,,5.04787494955
2014-03-07,3.6,9.0,0.0,28.2,21.98,18.1,68.75,47.0,2.666667,,4.9341651462
2014-03-08,2.4,9.2,0.0,27.8,22.58,18.9,67.25,55.0,2.0,,4.88102540893
2014-03-09,3.4,7.8,0.0,28.6,22.58,18.5,67.75,50.0,2.666667,,4.74185166008
2014-03-10,4.0,8.0,0.0,27.8,22.14,18.5,69.25,48.0,3.666667,,4.85171991385
2014-03-11,3.8,8.7,5.2,27.0,21.6,18.2,72.75,52.0,3.333333,,4.71803611036
2014-03-12,3.7,10.2,0.0,27.6,22.08,17.3,68.5,49.0,4.0,,5.26929369302
2014-03-13,4.7,8.0,0.0,28.0,21.8,18.5,72.5,48.0,3.666667,,4.70715872598
2014-03-14,4.1,3.2,0.0,24.8,20.26,17.2,80.25,64.0,4.0,,3.16882489593
2014-03-15,3.0,6.7,0.0,26.5,21.02,18.2,80.75,61.0,4.0,,3.9643095097
2014-03-16,2.3,2.7,0.0,26.0,20.44,17.2,83.75,61.0,3.666667,,2.93572290778
2014-03-17,2.2,0.5,0.9,24.9,20.94,18.1,78.5,61.0,3.333333,,2.67569494433
2014-03-18,2.3,3.3,0.2,26.7,21.58,18.2,77.5,59.0,3.666667,,3.40056239272
2014-03-19,2.9,4.7,0.0,26.6,21.04,17.4,78.75,61.0,3.666667,,3.57838794262
2014-03-20,2.5,7.7,0.0,27.8,22.2,18.9,70.75,53.0,3.0,,4.55197718124
2014-03-21,3.1,5.3,0.0,27.0,22.02,19.1,73.5,57.0,2.0,,3.7355934254
2014-03-22,2.8,6.5,0.0,27.4,22.26,19.7,71.25,56.0,2.0,,4.08532694338
2014-03-23,2.8,10.4,0.0,28.0,23.18,19.5,62.75,48.0,2.0,,5.10677296121
2014-03-24,3.5,6.5,0.0,28.5,22.84,19.3,67.75,50.0,3.333333,,4.51759028636
2014-03-25,3.8,6.7,0.0,28.7,22.4,19.0,70.25,51.0,3.333333,,4.44942502936
2014-03-26,3.9,8.0,0.0,30.6,23.24,18.8,63.25,42.0,3.666667,,5.21786998587
2014-03-27,4.3,6.3,0.0,29.7,22.56,18.8,74.0,48.0,3.666667,,4.31176038538
2014-03-28,3.4,8.0,1.2,27.2,21.66,18.1,74.5,56.0,3.333333,,4.3570306924
2014-03-29,3.0,8.4,0.0,27.2,22.1,18.3,70.75,64.0,3.0,,4.52053313515
2014-03-30,3.2,5.5,0.0,26.6,21.7,18.3,74.75,58.0,2.0,,3.61004262056
2014-03-31,3.1,10.0,1.4,26.9,21.64,17.7,75.75,60.0,3.0,,4.59078250857
2014-04-01,3.5,8.3,0.0,28.6,22.26,19.1,76.0,,3.333333,,4.46656489506
2014-04-02,4.1,3.6,0.0,26.6,21.42,18.6,76.0,,3.0,,3.32748314665
2014-04-03,2.2,9.2,0.2,29.3,23.0,18.7,64.75,,2.666667,,4.91181353002
2014-04-04,4.0,8.7,0.0,29.9,23.64,19.9,67.0,,2.0,,4.66264977618
2014-04-05,4.4,7.9,0.0,30.2,23.34,20.1,69.0,,2.0,,4.46585542621
2014-04-06,4.1,4.7,0.0,28.2,23.34,19.9,73.5,,3.0,,3.73771501952
2014-04-07,3.4,7.8,2.3,29.6,22.18,19.3,81.25,,2.666667,,4.12402114185
2014-04-08,2.7,6.3,24.4,28.1,22.8,19.5,82.75,,3.0,,3.67650327777
2014-04-09,2.0,4.9,20.4,28.0,21.74,18.5,82.75,,2.333333,,3.28832226014
2014-04-10,1.5,3.2,8.6,26.2,22.36,19.5,87.0,,2.333333,,2.74975495002
2014-04-11,1.4,7.5,21.4,27.2,21.86,19.1,79.75,,3.0,,3.91346673411
2014-04-12,2.8,8.8,0.0,26.2,21.5,17.7,75.0,,4.0,,4.27445302051
2014-04-13,3.2,6.6,0.0,26.6,21.94,17.9,81.75,,3.0,,3.55496531333
2014-04-14,1.7,7.0,5.4,27.0,22.02,19.1,79.75,,2.666667,,3.7379382628
2014-04-15,2.9,9.7,0.0,27.1,21.7,18.4,76.25,,3.0,,4.35353096333
2014-04-16,3.8,10.6,0.0,27.1,21.32,17.0,65.25,,3.0,,4.7739298484
2014-04-17,3.9,7.1,0.0,26.8,21.3,17.5,70.25,,3.666667,,4.11544104521
2014-04-18,3.6,8.4,0.0,28.2,22.38,18.3,64.25,,2.0,,4.26120676918
2014-04-19,3.2,8.6,0.2,28.4,22.42,18.9,71.5,,2.0,,4.17843667629
2014-04-20,3.8,9.1,0.1,28.7,22.4,18.3,64.25,,2.333333,,4.49322347426
2014-04-21,3.9,10.2,0.0,28.8,22.68,19.2,64.75,,2.666667,,4.80580088496
2014-04-22,4.3,9.3,0.0,28.3,21.86,18.5,62.25,,3.0,,4.72525498569
2014-04-23,4.0,8.7,0.0,28.3,21.7,16.8,67.75,,2.333333,,4.19836899821
2014-04-24,3.6,8.8,0.0,29.4,23.48,19.7,65.75,,2.333333,,4.45218333143
2014-04-25,3.5,9.1,0.0,29.6,23.42,19.7,73.25,,3.0,,4.44244110453
2014-04-26,3.4,3.0,0.3,26.7,22.0,20.3,80.0,,3.0,,2.90162064159
2014-04-27,1.9,0.0,8.8,24.4,20.42,18.7,94.25,,2.666667,,1.67464817744
2014-04-28,1.0,6.3,7.9,23.9,19.82,17.4,73.5,61.0,4.0,,3.56859612171
2014-04-29,3.3,2.4,0.0,21.1,17.94,15.6,82.5,,4.666667,,2.41825029635
2014-04-30,,0.6,0.0,21.5,18.18,15.7,81.5,,4.666667,,2.23921385523
2014-05-01,2.2,1.1,0.1,22.8,19.22,16.6,85.5,74.0,4.0,,2.13407555446
2014-05-02,1.6,8.6,1.0,26.0,20.14,17.5,76.75,36.0,3.0,,3.77573166517
2014-05-03,2.9,0.4,3.1,21.5,19.38,17.7,91.75,88.0,3.666667,,1.71012394798
2014-05-04,1.0,3.1,3.1,23.4,19.62,15.9,83.0,71.0,3.666667,,2.50706150278
2014-05-05,1.8,7.5,1.0,24.8,19.36,16.7,74.75,54.0,3.0,,3.51590530643
2014-05-06,2.9,6.6,0.0,24.8,20.14,16.2,79.0,58.0,4.0,,3.28812780487
2014-05-07,2.0,3.2,3.7,23.5,20.1,18.2,85.25,81.0,3.333333,,2.46259403171
2014-05-08,0.8,6.2,6.9,24.4,19.44,17.8,77.75,57.0,3.333333,,3.23867426762
2014-05-09,2.1,10.1,0.0,27.4,21.14,17.0,72.5,46.0,2.666667,,4.08275326992
2014-05-10,2.3,6.5,0.0,29.3,23.56,18.1,66.25,55.0,3.0,,3.94513981282
2014-05-11,3.6,0.9,9.2,23.6,19.14,17.5,90.25,75.0,3.666667,,1.86039098809
2014-05-12,1.0,0.4,0.3,19.8,17.9,17.2,85.5,80.0,3.666667,,1.87450892725
2014-05-13,1.4,10.3,0.0,23.8,18.26,14.3,73.75,56.0,2.666667,,3.64620317799
2014-05-14,2.9,9.9,0.0,24.9,19.4,14.8,77.0,61.0,3.333333,,3.6434654418
2014-05-15,2.5,0.7,0.0,23.4,20.2,16.7,83.75,75.0,3.666667,,2.07669127951
2014-05-16,1.4,4.7,1.4,24.4,20.84,19.2,87.75,78.0,2.666667,,2.58433674838
2014-05-17,1.0,3.4,7.2,24.6,20.54,18.5,87.5,79.0,3.0,,2.36879065381
2014-05-18,0.8,1.3,0.2,24.8,19.86,17.7,90.25,78.0,3.0,,1.90996350977
2014-05-19,1.3,5.2,0.2,23.7,19.5,17.5,84.5,71.0,3.0,,2.66844924573
2014-05-20,1.7,6.3,0.0,24.9,20.16,17.6,81.5,66.0,4.0,,3.06281922878
2014-05-21,2.3,5.2,1.4,22.8,19.16,17.2,88.5,76.0,3.666667,,2.46488381676
2014-05-22,1.3,2.8,0.0,23.8,20.32,17.4,86.0,78.0,3.666667,,2.2711444588
2014-05-23,0.9,5.9,0.0,26.2,21.38,19.7,79.75,60.0,2.0,,2.99257146921
2014-05-24,2.0,8.4,0.0,28.6,22.06,19.1,77.75,53.0,2.0,,3.55596865165
2014-05-25,3.0,5.7,0.0,23.8,20.62,19.5,78.5,59.0,3.0,,2.98206693041
2014-05-26,2.1,9.8,0.0,26.6,20.98,17.8,71.25,50.0,3.766667,,4.03563061499
2014-05-27,3.5,9.4,0.0,25.8,19.88,17.6,69.25,47.0,4.0,,4.02554688847
2014-05-28,3.4,10.6,0.0,26.0,19.34,13.7,73.5,52.0,2.666667,,3.65613174009
2014-05-29,3.0,4.3,0.0,24.4,19.78,17.6,79.5,63.0,3.333333,,2.71845533584
2014-05-30,2.2,6.1,0.2,24.6,20.18,17.3,81.75,62.0,3.666667,,2.90024129631
2014-05-31,2.8,2.4,1.2,21.4,18.3,17.1,93.25,88.0,4.333333,,1.75590321368
2014-06-01,1.0,9.8,0.9,24.8,19.42,16.3,75.25,58.0,3.0,,3.53306206008
2014-06-02,2.2,9.4,0.0,24.6,19.5,16.6,74.0,56.0,2.666667,,3.46366187636
2014-06-03,2.5,6.5,0.0,27.6,21.1,14.7,68.25,53.0,2.666667,,3.35295065187
2014-06-04,3.5,10.3,0.0,26.0,20.62,17.8,69.75,51.0,3.666667,,4.02519473769
2014-06-05,3.7,8.8,0.0,24.9,20.06,17.1,74.75,58.0,4.666667,,3.64031017449
2014-06-06,2.9,4.2,0.1,23.6,19.48,17.9,81.75,65.0,4.0,,2.61013534435
2014-06-07,2.1,7.9,0.2,24.6,18.9,16.5,70.75,50.0,3.0,,3.38411611371
2014-06-08,3.0,10.1,0.0,25.0,19.5,14.7,69.75,45.0,2.0,,3.44756289498
2014-06-09,3.9,6.0,1.0,22.6,18.78,16.5,85.75,72.0,4.0,,2.55376782313
2014-06-10,1.5,6.2,2.7,23.6,19.0,16.8,85.0,64.0,4.0,,2.66922479668
2014-06-11,2.5,5.3,0.8,23.8,18.76,16.3,85.0,64.0,5.0,,2.58121826941
2014-06-12,2.2,7.1,4.2,24.3,18.86,15.6,82.5,57.0,4.666667,,2.91395739401
2014-06-13,2.9,6.2,3.4,22.7,18.52,16.3,82.5,68.0,4.666667,,2.74096364922
2014-06-14,1.6,4.1,5.4,22.4,18.86,16.7,86.5,70.0,3.666667,,2.25728073349
2014-06-15,1.8,7.2,1.4,22.2,18.3,16.1,81.75,66.0,3.666667,,2.80164979139
2014-06-16,2.4,2.2,0.0,21.6,18.2,15.1,89.5,80.0,4.666667,,1.83182697466
2014-06-17,1.1,0.2,2.0,21.0,18.02,16.1,92.0,85.0,4.0,,1.47209646081
2014-06-18,1.1,2.8,0.0,21.4,18.38,16.2,81.5,70.0,3.666667,,2.24503977397
2014-06-19,2.0,6.2,0.0,25.0,18.92,15.3,81.75,63.0,1.9,,2.64915870104
2014-06-20,2.6,8.2,0.0,24.3,18.72,16.3,76.0,54.0,3.666667,,3.27255198241
2014-06-21,3.3,6.2,0.0,23.0,17.96,15.0,80.75,59.0,4.0,,2.73816441762
2014-06-22,2.2,4.2,0.0,22.8,18.42,15.7,81.75,67.0,4.666667,,2.51960210339
2014-06-23,2.4,1.0,8.2,20.6,17.42,15.9,87.25,76.0,4.0,,1.76755617898
2014-06-24,1.6,3.3,2.4,20.8,17.34,15.1,87.75,79.0,4.0,,1.99970050972
2014-06-25,1.5,7.1,0.0,23.6,17.54,14.7,81.5,59.0,2.666667,,2.75047253876
2014-06-26,2.3,4.8,0.0,22.2,17.62,15.1,86.0,67.0,3.666667,,2.30056366302
2014-06-27,1.6,2.6,0.0,22.2,18.98,16.1,82.25,71.0,3.0,,2.16019757997
2014-06-28,2.4,6.5,0.2,24.0,18.98,16.9,79.5,58.0,2.0,,2.75934338888
2014-06-29,2.4,2.5,2.8,22.8,19.14,17.1,94.25,83.0,3.0,,1.76315951776
2014-06-30,,4.0,1.1,22.2,17.48,15.5,83.75,66.0,2.666667,,2.25125990313
2014-07-01,2.4,7.9,0.0,24.6,18.28,15.3,77.0,52.0,3.0,,3.11210591403
2014-07-02,2.4,9.1,0.0,25.0,18.9,15.7,72.5,48.0,3.333333,,3.50687810485
2014-07-03,2.9,8.8,0.0,25.3,19.4,16.3,71.25,49.0,3.333333,,3.56261288409
2014-07-04,4.0,9.0,0.0,24.2,18.38,15.1,70.75,50.0,3.333333,,3.48361943721
2014-07-05,3.4,2.6,0.0,21.8,17.3,14.7,84.5,68.0,5.0,,2.1547796382
2014-07-06,1.2,6.0,2.0,22.0,17.9,15.9,86.0,74.0,4.333333,,2.50212922866
2014-07-07,2.0,6.8,0.2,22.5,18.22,15.5,81.75,62.0,5.0,,2.8400330298
2014-07-08,2.0,4.1,1.6,22.5,18.2,15.3,92.25,85.0,5.0,,1.96968756096
2014-07-09,1.2,7.0,2.4,22.6,17.34,14.5,84.0,68.0,4.333333,,2.70277365653
2014-07-10,2.1,8.2,0.0,24.3,18.52,15.3,72.75,54.0,3.333333,,3.35943812346
2014-07-11,2.5,7.8,0.0,24.6,19.14,15.9,72.75,48.0,2.233333,,3.17245097921
2014-07-12,2.5,4.2,0.0,22.6,18.14,16.3,77.25,63.0,3.0,,2.6018242136
2014-07-13,2.4,5.1,0.0,22.6,18.38,15.9,82.5,60.0,3.333333,,2.55372737308
2014-07-14,2.7,0.0,0.4,19.6,16.7,15.1,94.0,90.0,4.333333,,1.33134171876
2014-07-15,1.1,3.4,0.0,21.8,17.68,14.8,87.0,70.0,4.333333,,2.1326020738
2014-07-16,2.1,0.8,1.4,20.3,17.12,14.8,87.75,76.0,4.333333,,1.73858309874
2014-07-17,1.1,5.9,1.0,23.6,18.4,14.3,79.75,60.0,4.0,,2.83172336827
2014-07-18,3.0,8.4,0.0,24.6,18.56,15.6,68.75,52.0,3.0,,3.54760721426
2014-07-19,2.6,5.4,0.0,23.8,19.28,17.2,74.75,61.0,4.0,,3.12194212487
2014-07-20,1.8,7.5,0.2,25.8,19.22,16.9,68.25,44.0,3.0,,3.59143850605
2014-07-21,3.9,2.4,0.0,23.0,18.04,16.0,84.5,62.0,4.0,,2.21976983523
2014-07-22,2.0,5.9,0.0,23.2,18.3,15.3,79.25,57.0,4.0,,2.90014170445
2014-07-23,2.0,0.4,4.0,19.4,17.06,15.7,94.25,89.0,4.666667,,1.39713577825
2014-07-24,1.0,4.0,4.7,21.6,18.24,16.0,86.25,70.0,4.333333,,2.31808877884
2014-07-25,2.3,2.2,3.4,22.0,18.06,15.9,88.5,76.0,3.0,,1.9697255038
2014-07-26,1.0,7.6,0.8,23.6,18.46,16.1,86.75,91.0,3.666667,,2.88635115453
2014-07-27,2.6,10.0,0.0,25.6,20.5,16.7,71.25,55.0,2.666667,,3.8355725509
2014-07-28,3.4,1.5,6.0,20.6,17.88,16.2,89.0,75.0,4.333333,,1.85845680712
2014-07-29,1.0,5.9,1.1,22.0,17.88,15.4,82.25,65.0,3.666667,,2.74680291235
2014-07-30,2.2,4.4,0.2,21.8,17.36,15.0,91.0,75.0,3.666667,,2.17841417569
2014-07-31,1.1,0.8,6.6,18.5,16.48,14.5,95.25,92.0,4.666667,,1.38261498952
2014-08-01,0.3,2.8,14.7,22.0,17.54,15.3,88.75,,4.0,,2.08349104706
2014-08-02,0.8,5.3,2.4,22.8,17.74,15.3,85.5,67.0,3.0,,2.58849820534
2014-08-03,1.4,7.9,0.2,24.8,18.58,15.9,84.25,,3.666667,,3.16968692265
2014-08-04,,7.0,0.0,25.6,19.34,16.5,76.5,,3.666667,,3.43888596033
2014-08-05,2.3,10.3,0.0,27.4,20.5,16.7,64.75,,3.0,,4.38955611687
2014-08-06,4.8,9.9,0.0,24.4,18.66,15.7,71.25,,5.333333,,4.168984094
2014-08-07,4.6,0.5,0.1,19.4,16.08,14.0,85.75,,4.666667,,1.85176572589
2014-08-08,1.6,3.7,0.3,21.7,16.6,13.7,84.0,,4.0,,2.40130926899
2014-08-09,2.0,7.1,0.0,22.8,17.1,14.5,74.75,,3.333333,,3.27768299949
2014-08-10,3.2,7.4,0.2,22.2,17.42,14.3,80.5,,3.333333,,3.08295748149
2014-08-11,1.6,6.0,0.2,22.6,16.96,14.3,80.75,,3.0,,2.88857392626
2014-08-12,2.6,9.6,0.0,24.3,18.4,14.7,65.0,,4.666667,,4.36234169191
2014-08-13,3.6,10.5,0.0,24.7,18.4,14.1,66.0,,3.666667,,4.28146312806
2014-08-14,3.2,9.7,0.0,25.1,19.46,15.6,72.25,,4.0,,4.0899958858
2014-08-15,3.7,1.1,2.2,20.6,16.0,14.4,94.0,,3.333333,,1.65245682955
2014-08-16,1.0,5.4,1.4,23.8,17.62,13.7,82.0,,4.333333,,2.91324718807
2014-08-17,3.2,1.3,1.4,20.8,16.58,14.1,91.5,,3.666667,,1.78420416196
2014-08-18,1.7,5.7,2.8,21.3,17.1,14.8,86.75,,3.366667,,2.66860399602
2014-08-19,1.5,7.9,0.1,23.3,18.02,14.3,79.25,,4.0,,3.40245780266
2014-08-20,2.6,7.8,3.4,23.0,17.86,15.2,79.0,,4.0,,3.43077192891
2014-08-21,2.8,7.1,0.7,23.5,17.42,15.0,85.5,,3.666667,,3.08266575096
2014-08-22,2.4,10.2,0.2,24.2,18.48,15.2,68.25,,4.0,,4.34043351494
2014-08-23,3.1,9.2,0.0,24.0,17.94,14.5,68.75,,3.0,,3.98651108361
2014-08-24,4.0,10.2,0.0,23.2,17.42,13.5,69.75,,3.666667,,4.09633128078
2014-08-25,3.4,7.7,0.0,24.4,18.14,14.7,75.0,,3.666667,,3.68438509179
2014-08-26,3.2,6.8,0.3,25.2,18.24,15.2,71.5,,4.0,,3.82427206332
2014-08-27,3.8,10.1,0.0,26.8,19.8,15.7,63.0,,3.666667,,4.79614602923
2014-08-28,4.0,8.7,0.0,27.6,20.42,16.2,71.0,,3.333333,,4.302179931
2014-08-29,3.0,6.6,0.0,26.8,20.06,17.9,72.75,,2.0,,3.66721980451
2014-08-30,3.5,10.4,0.0,26.0,19.86,14.3,66.5,,2.666667,,4.42645447739
2014-08-31,3.6,8.3,0.1,25.9,19.92,16.1,63.75,,2.666667,,4.2393355372
2014-09-01,4.3,10.0,0.0,27.0,19.8,14.5,56.75,39.0,2.0,,4.51588477364
2014-09-02,5.5,11.0,0.0,32.6,22.0,12.4,41.25,16.0,2.666667,,5.82573642674
2014-09-03,4.6,10.9,0.0,30.6,22.3,14.8,57.0,37.0,2.333333,,5.13965853893
2014-09-04,7.1,6.0,0.0,31.1,23.04,16.3,62.75,41.0,3.333333,,4.52633481031
2014-09-05,4.3,0.2,1.2,23.8,19.7,18.3,89.0,70.0,3.0,,1.99897932637
2014-09-06,2.4,9.8,0.5,22.9,17.92,14.7,63.0,45.0,3.333333,,4.42893808161
2014-09-07,4.2,9.7,1.4,22.0,16.74,13.5,80.25,59.0,2.666667,,3.71786157647
2014-09-08,3.6,5.5,0.3,23.8,17.56,13.5,75.0,53.0,4.0,,3.42758143403
2014-09-09,3.7,8.3,0.0,25.4,18.4,14.3,68.5,47.0,3.333333,,4.21513339176
2014-09-10,4.3,6.5,0.3,23.8,18.38,15.1,81.75,59.0,4.333333,,3.38633545803
2014-09-11,2.6,7.9,1.6,25.6,19.18,15.3,73.25,50.0,3.333333,,4.05597778105
2014-09-12,3.0,2.9,1.6,22.2,18.54,16.3,84.5,69.0,4.0,,2.63101254595
2014-09-13,2.4,4.6,0.1,24.4,19.06,15.5,71.5,57.0,3.333333,,3.49862275767
2014-09-14,2.1,6.4,1.1,24.4,18.54,15.3,76.0,52.0,2.333333,,3.53952611956
2014-09-15,3.2,10.7,0.1,26.6,19.32,14.0,62.75,39.0,3.333333,,4.98223259676
2014-09-16,4.8,9.5,0.0,27.6,20.64,15.7,58.5,40.0,2.666667,,4.91547733523
2014-09-17,4.3,7.2,0.1,26.8,19.74,16.4,68.75,46.0,3.666667,,4.36204753829
2014-09-18,4.1,10.4,0.0,26.6,19.86,15.5,56.0,36.0,4.666667,,5.64027620788
2014-09-19,5.9,10.0,0.0,25.8,20.22,14.7,63.25,45.0,4.0,,4.98380923509
2014-09-20,4.8,7.4,0.0,28.2,21.34,16.5,58.5,42.0,2.0,,4.42076483043
2014-09-21,4.2,9.6,0.0,30.4,22.7,16.9,57.75,40.0,2.666667,,5.31489173911
2014-09-22,5.8,8.4,0.0,33.6,23.98,16.7,59.0,28.0,3.333333,,5.59219459894
2014-09-23,6.4,2.7,2.0,22.5,19.04,17.4,91.0,80.0,3.666667,,2.42597023444
2014-09-24,1.3,6.6,0.2,26.0,20.02,16.3,75.5,56.0,4.333333,,4.0305571766
2014-09-25,3.5,7.4,0.1,27.4,19.82,16.8,75.0,46.0,4.0,,4.30740543514
2014-09-26,3.9,6.4,0.0,26.0,19.82,16.3,76.5,54.0,2.666667,,3.80535992458
2014-09-27,3.2,5.9,0.1,27.0,20.22,16.5,70.5,50.0,2.333333,,3.90896463947
2014-09-28,3.2,8.2,0.2,28.4,21.22,17.3,68.0,45.0,2.666667,,4.65598715962
2014-09-29,4.9,10.6,0.0,28.8,21.76,16.6,57.75,40.0,4.0,,5.83181425296
2014-09-30,5.2,9.2,0.0,28.7,22.02,16.5,63.75,48.0,2.666667,,4.98870865032
2014-10-01,4.0,7.9,0.0,28.9,21.54,17.3,61.5,44.0,3.333333,,5.04936363113
2014-10-02,4.7,9.9,0.0,28.9,22.34,17.3,58.25,42.0,3.333333,,5.56379117538
2014-10-03,5.6,1.3,0.2,22.6,18.78,17.3,79.25,60.0,4.333333,,2.79119464469
2014-10-04,1.8,4.6,0.2,22.6,17.54,14.5,77.25,58.0,3.333333,,3.2769286238
2014-10-05,3.6,8.0,0.0,25.4,18.5,12.3,66.25,58.0,3.666667,,4.44662517383
2014-10-06,5.2,7.8,0.0,24.6,17.44,12.2,69.5,48.0,3.333333,,4.17385026694
2014-10-07,3.8,6.4,1.0,24.0,17.92,14.0,69.75,50.0,4.0,,4.05139614582
2014-10-08,3.7,9.5,0.0,25.8,19.64,14.1,69.25,50.0,4.0,,4.77271120452
2014-10-09,4.3,7.0,0.4,26.0,19.68,16.3,78.0,55.0,4.666667,,4.09853346792
2014-10-10,3.3,8.6,0.0,27.4,20.46,15.3,65.25,47.0,3.666667,,4.94549344184
2014-10-11,5.0,8.0,0.0,28.0,21.1,16.9,71.25,48.0,4.666667,,4.85080789855
2014-10-12,4.8,7.4,0.0,26.7,20.24,16.7,81.75,56.0,4.0,,4.05083421871
2014-10-13,2.5,10.3,1.4,27.8,21.4,16.8,63.0,41.0,4.666667,,5.69180724285
2014-10-14,5.5,10.5,0.0,27.8,21.36,16.8,56.0,37.0,3.666667,,5.80943755524
2014-10-15,5.5,10.1,0.0,29.8,22.18,17.5,49.75,28.0,4.0,,6.36814196919
2014-10-16,7.2,11.1,0.0,28.0,21.2,15.5,52.25,32.0,4.0,,6.13109905756
2014-10-17,5.6,4.7,0.0,27.4,21.9,17.7,66.0,48.0,2.666667,,4.06120064934
2014-10-18,3.9,7.4,0.2,28.2,22.02,17.9,67.75,48.0,4.0,,4.90759289047
2014-10-19,4.6,8.4,0.0,29.2,23.02,18.1,58.75,43.0,1.333333,,4.73307224876
2014-10-20,5.8,8.5,0.0,31.6,23.98,18.7,61.0,42.0,3.333333,,5.6206591352
2014-10-21,5.0,5.9,0.0,27.8,21.66,18.5,67.25,46.0,3.333333,,4.49880776488
2014-10-22,4.6,8.1,0.0,28.2,21.64,17.0,56.0,39.0,3.333333,,5.3413381023
2014-10-23,5.5,11.4,0.0,28.0,21.22,15.7,54.25,38.0,4.333333,,6.23828915302
2014-10-24,6.6,8.9,0.0,26.6,20.98,15.1,57.5,45.0,3.666667,,5.29309455392
2014-10-25,5.4,9.3,0.0,28.2,22.1,15.9,55.5,43.0,2.666667,,5.32569151591
2014-10-26,4.6,10.6,0.0,29.6,22.14,16.7,49.75,40.0,2.666667,,5.91050787612
2014-10-27,6.2,8.4,0.0,29.8,22.86,16.7,55.5,41.0,3.0,,5.45410893128
2014-10-28,5.8,8.0,0.0,31.0,23.82,18.1,56.0,40.0,3.0,,5.5296406279
2014-10-29,5.6,6.3,0.0,30.0,21.94,18.3,73.25,42.0,3.666667,,4.56819940214
2014-10-30,4.0,2.9,24.7,25.0,20.56,17.6,80.5,64.0,4.0,,3.20705509033
2014-10-31,2.5,7.8,0.2,26.6,21.34,17.3,66.5,45.0,4.666667,,5.0282795308
2014-11-01,4.3,5.8,0.0,26.4,21.22,17.5,63.0,44.0,3.666667,,4.61044321846
2014-11-02,4.6,8.4,0.2,27.4,21.22,17.3,73.5,48.0,4.2,,4.80584017578
2014-11-03,3.3,7.3,0.2,27.2,20.72,17.3,75.0,56.0,3.666667,,4.44900552228
2014-11-04,3.5,7.8,0.0,27.0,21.06,16.5,64.75,53.0,3.333333,,4.85739653139
2014-11-05,4.1,9.2,0.1,28.2,21.96,17.5,74.0,42.0,3.333333,,4.94636309908
2014-11-06,4.3,3.1,0.1,26.0,20.82,17.5,76.5,60.0,3.666667,,3.46253364735
2014-11-07,2.8,8.1,0.0,27.6,21.46,18.1,74.0,76.0,3.0,,4.66122125505
2014-11-08,4.3,12.0,0.0,30.4,23.18,16.7,54.0,64.0,1.666667,,5.80859847747
2014-11-09,5.8,5.9,0.0,28.0,22.78,19.1,63.75,42.0,1.666667,,4.23767940713
2014-11-10,3.7,8.3,0.0,32.0,24.04,18.0,63.0,42.0,3.333333,,5.55626729974
2014-11-11,4.9,6.3,6.2,28.6,22.94,17.7,71.75,56.0,0.333333,,3.88064736758
2014-11-12,3.4,1.7,0.0,27.2,22.82,19.6,74.25,59.0,3.0,,3.30193482153
2014-11-13,2.5,1.3,9.0,25.4,21.34,19.7,91.75,84.0,2.666667,,2.45281283795
2014-11-14,0.8,2.4,2.0,26.8,21.06,19.1,84.75,57.0,1.333333,,2.914736225
2014-11-15,1.6,4.3,19.6,27.2,22.18,17.9,82.0,72.0,3.0,,3.51445624428
2014-11-16,1.4,0.0,7.2,22.6,20.9,19.3,93.25,86.0,2.666667,,2.01958387483
2014-11-17,1.0,1.6,76.0,25.0,20.16,17.8,90.0,75.0,3.0,,2.51540923902
2014-11-18,0.6,0.0,122.2,19.5,17.56,16.5,95.75,92.0,3.0,,1.77468971932
2014-11-19,0.4,0.8,4.8,20.4,18.18,16.6,92.5,85.0,3.666667,,2.04989418386
2014-11-20,0.7,0.9,0.4,21.8,19.12,16.8,93.75,85.0,3.333333,,2.07985894049
2014-11-21,0.9,8.0,3.3,25.2,20.7,17.9,87.25,68.0,4.333333,,3.94556465629
2014-11-22,1.6,6.5,10.2,25.2,20.7,18.1,84.5,68.0,3.666667,,3.7948501429
2014-11-23,1.8,8.0,6.0,25.6,20.9,18.1,72.5,52.0,2.666667,,4.512935885
2014-11-24,3.1,4.4,0.0,24.7,20.06,17.5,80.5,64.0,3.0,,3.44472308778
2014-11-25,1.9,5.1,0.0,25.4,20.06,17.5,79.0,59.0,3.0,,3.68366069717
2014-11-26,2.2,6.4,0.0,25.0,20.18,17.1,59.25,22.0,2.666667,,4.49284190176
2014-11-27,2.7,8.3,0.0,27.2,21.36,17.2,69.25,50.0,2.666667,,4.74441951121
2014-11-28,2.9,9.1,0.0,28.8,22.54,17.9,62.75,42.0,2.666667,,5.26769942881
2014-11-29,3.6,7.6,0.0,27.8,21.66,17.5,65.5,44.0,3.0,,4.84571525418
2014-11-30,3.6,9.5,0.0,27.6,21.7,16.1,52.5,39.0,3.333333,,5.68414458592
2014-12-01,5.2,6.9,0.0,26.3,20.9,16.3,67.0,48.0,4.0,,4.6656626132
2014-12-02,4.2,6.2,0.0,24.4,20.08,15.7,70.5,51.0,3.666667,,4.15495700458
2014-12-03,4.2,9.1,0.0,27.2,21.32,17.0,67.5,46.0,4.333333,,5.22936529558
2014-12-04,3.9,7.7,0.1,27.4,21.04,17.1,69.5,47.0,3.333333,,4.7332382539
2014-12-05,3.6,5.0,0.0,26.8,21.14,17.5,71.75,51.0,2.0,,3.83268309394
2014-12-06,2.8,5.6,0.0,26.0,21.82,18.9,75.75,56.0,3.333333,,4.04092686478
2014-12-07,3.2,3.4,0.2,27.0,21.34,18.1,79.0,57.0,3.666667,,3.50185678818
2014-12-08,3.1,3.6,2.0,24.6,20.66,17.5,72.75,61.0,4.0,,3.709220165
2014-12-09,3.4,3.7,0.0,25.4,20.82,17.3,79.75,66.0,3.666667,,3.40992284018
2014-12-10,2.0,1.1,0.1,23.6,19.98,17.6,89.5,86.0,3.666667,,2.37838187368
2014-12-11,1.7,5.9,0.1,26.7,20.96,17.9,80.5,58.0,2.466667,,3.86615635071
2014-12-12,2.3,7.2,0.0,26.2,21.38,18.3,78.25,58.0,4.666667,,4.33909735676
2014-12-13,3.0,4.1,1.2,26.2,21.94,18.1,72.0,58.0,3.666667,,3.916764174
2014-12-14,2.8,4.8,0.0,26.0,21.56,18.2,72.5,58.0,4.0,,4.07475390203
2014-12-15,2.6,0.7,5.0,25.0,20.86,17.9,93.25,77.0,2.666667,,2.21438391742
2014-12-16,1.1,3.9,2.8,26.8,22.06,19.3,79.5,58.0,2.0,,3.4597057665
2014-12-17,1.9,0.4,6.5,22.4,19.6,18.0,91.0,86.0,2.0,,2.16552045868
2014-12-18,1.1,3.0,2.6,26.4,21.12,17.9,85.75,72.0,3.666667,,3.06940878265
2014-12-19,1.7,2.1,3.4,26.2,21.3,19.5,90.25,89.0,2.666667,,2.72415858433
2014-12-20,1.0,2.8,47.4,25.2,21.06,18.3,83.25,64.0,3.333333,,3.08227358108
2014-12-21,1.2,5.2,0.4,23.9,20.16,18.3,83.25,67.0,2.666667,,3.50224261302
2014-12-22,1.6,6.7,0.4,25.6,20.68,18.2,80.75,61.0,3.0,,4.00731949471
2014-12-23,2.0,7.5,0.0,26.8,21.48,18.0,77.25,56.0,3.333333,,4.39544993183
2014-12-24,2.8,6.8,0.0,26.6,21.32,18.3,76.0,56.0,3.333333,,4.29812126739
2014-12-25,2.7,7.2,0.0,27.4,21.54,18.2,77.75,54.0,2.8,,4.32559764784
2014-12-26,3.4,2.7,0.4,24.4,20.78,17.9,87.5,74.0,3.333333,,2.8372952691
2014-12-27,1.8,10.1,0.0,26.4,20.5,16.1,79.75,55.0,4.666667,,4.718977309
2014-12-28,4.0,8.4,0.0,27.8,21.86,18.1,71.25,46.0,3.666667,,4.94641396991
2014-12-29,3.6,11.3,0.0,29.8,22.44,17.3,69.5,46.0,2.333333,,5.56845785451
2014-12-30,4.1,8.2,0.0,29.0,21.72,18.3,75.5,53.0,3.333333,,4.80089651859
2014-12-31,3.2,10.5,0.0,28.4,21.82,18.1,69.25,48.0,3.333333,,5.47160658542
2015-01-01,3.4,9.9,0.0,27.0,21.68,17.0,52.75,,3.0,,5.63669468616
2015-01-02,3.7,8.3,0.0,28.2,22.34,18.7,71.25,,2.0,,4.73715079716
2015-01-03,3.7,8.0,0.0,27.0,21.46,18.3,69.25,,2.666667,,4.73200270353
2015-01-04,3.5,10.8,0.0,25.8,20.62,15.9,65.0,,3.333333,,5.31956016518
2015-01-05,3.7,8.9,0.0,28.2,22.46,17.7,62.5,,2.666667,,5.18728819236
2015-01-06,4.3,10.2,0.0,28.0,22.4,18.7,67.5,,3.333333,,5.47619042788
2015-01-07,4.2,5.9,0.0,27.0,21.7,18.7,77.5,,2.8,,4.05167717413
2015-01-08,3.1,9.2,1.4,26.0,21.3,17.5,74.75,,4.0,,4.8147662159
2015-01-09,3.0,5.1,2.8,26.0,20.84,18.0,81.25,,3.666667,,3.7038416575
2015-01-10,2.8,5.2,1.0,25.8,20.92,17.7,75.5,,3.333333,,3.91482410284
2015-01-11,2.8,8.7,0.0,28.4,22.42,18.2,64.0,,4.0,,5.45417112824
2015-01-12,4.4,8.0,0.0,27.8,22.44,18.2,64.75,,3.666667,,5.15556182846
2015-01-13,4.6,3.2,0.0,25.6,21.2,17.5,65.5,51.0,3.0,,3.81565962904
2015-01-14,4.0,8.6,0.0,28.0,21.9,17.1,58.5,,3.333333,,5.40272762833
2015-01-15,4.7,6.1,0.0,26.8,21.44,17.7,67.0,,3.333333,,4.50671886781
2015-01-16,4.2,9.7,0.0,28.6,21.82,17.3,62.5,,3.333333,,5.54274140447
2015-01-17,5.1,9.2,0.0,29.0,22.38,17.7,61.75,,3.0,,5.44056978268
2015-01-18,4.7,8.6,0.0,28.4,22.54,17.7,60.5,,3.0,,5.30508697115
2015-01-19,5.0,10.8,0.0,28.4,22.0,17.2,60.25,,3.333333,,5.82418047605
2015-01-20,4.7,8.8,0.0,28.8,22.34,18.1,60.25,,2.666667,,5.31293059602
2015-01-21,5.3,6.5,0.0,28.2,22.2,17.3,66.75,,2.666667,,4.54053885213
2015-01-22,4.5,6.1,0.0,28.8,22.92,18.6,61.25,,3.0,,4.83292319769
2015-01-23,5.6,4.3,0.0,27.4,22.18,18.5,61.5,,2.666667,,4.23774865985
2015-01-24,4.4,9.8,0.0,27.2,21.8,17.2,68.5,,2.666667,,5.11169906081
2015-01-25,4.9,1.3,0.0,24.4,20.98,18.9,85.0,,4.0,,2.71565397564
2015-01-26,1.0,0.6,8.0,26.0,20.94,18.5,78.25,,3.666667,,2.92472973966
2015-01-27,2.2,7.5,0.0,28.6,22.46,18.1,63.5,,2.666667,,4.92305955945
2015-01-28,3.8,10.7,0.0,28.6,22.78,18.3,57.0,,2.666667,,5.79900619617
2015-01-29,5.8,10.9,0.0,28.6,22.46,16.9,54.5,,2.666667,,5.83244176545
2015-01-30,4.4,7.2,0.0,29.4,22.9,18.1,65.5,,2.666667,,4.85678730673
2015-01-31,4.0,5.1,0.0,27.6,23.3,19.5,67.0,,2.666667,,4.279367376
2015-02-01,5.9,8.1,0.0,29.4,23.06,18.5,71.25,40.0,2.666667,,4.89786826716
2015-02-02,5.0,8.8,0.0,29.0,23.1,18.1,59.0,42.0,2.666667,,5.36590894473
2015-02-03,5.2,6.7,0.0,27.8,23.14,17.7,58.0,48.0,3.0,,4.95143928308
2015-02-04,3.8,2.4,0.0,27.6,22.5,18.7,69.25,49.0,3.666667,,3.81338686655
2015-02-05,4.2,2.9,0.2,26.6,21.78,19.7,84.0,74.0,3.0,,3.1735855221
2015-02-06,1.5,2.0,8.6,24.8,21.18,19.3,83.75,64.0,3.0,,2.8901744819
2015-02-07,1.8,4.7,4.2,27.4,22.74,18.9,76.75,58.0,2.666667,,3.82508932537
2015-02-08,2.6,7.9,2.8,27.8,22.7,19.9,71.25,49.0,3.333333,,4.89913806785
2015-02-09,3.6,8.1,0.0,27.8,22.22,18.1,67.0,46.0,3.0,,4.94320695567
2015-02-10,4.6,9.4,0.0,28.6,22.46,17.7,64.0,46.0,3.666667,,5.5125831446
2015-02-11,5.0,9.9,0.0,29.2,22.74,18.7,63.0,42.0,3.666667,,5.76811386603
2015-02-12,4.8,9.3,0.0,29.4,22.78,17.1,66.25,41.0,4.0,,5.50330196432
2015-02-13,6.3,8.5,0.0,28.6,23.14,19.3,57.75,42.0,4.333333,,5.86582848059
2015-02-14,5.4,6.6,0.0,28.4,22.78,17.9,65.0,46.0,4.0,,4.95883947568
2015-02-15,6.0,7.6,0.0,30.4,23.58,19.3,63.5,44.0,2.666667,,5.11719587716
2015-02-16,4.0,8.6,0.0,29.8,23.14,19.1,68.5,42.0,3.0,,5.19893495511
2015-02-17,4.9,9.3,0.0,29.6,23.18,18.9,67.25,39.0,5.0,,5.73755196145
2015-02-18,5.4,8.4,0.0,29.8,22.38,19.1,72.25,42.0,4.0,,5.16178250915
2015-02-19,4.8,3.8,0.0,29.2,21.54,18.9,80.5,50.0,3.333333,,3.62731832843
2015-02-20,3.2,7.7,6.9,28.4,21.06,17.7,79.5,50.0,4.0,,4.47072335125
2015-02-21,2.0,3.9,0.3,26.2,21.94,18.3,72.5,59.0,3.666667,,3.83997971002
2015-02-22,3.3,0.0,0.0,22.6,20.14,18.9,90.25,74.0,4.0,,2.0981419534
2015-02-23,1.0,2.0,12.3,24.6,19.6,17.0,87.5,70.0,3.666667,,2.64187800931
2015-02-24,1.6,2.4,26.4,24.4,20.26,16.2,86.25,71.0,3.0,,2.72920180512
2015-02-25,1.5,3.6,12.0,25.0,21.3,18.5,87.25,73.0,3.666667,,3.04736035396
2015-02-26,1.9,8.0,0.9,27.9,22.0,18.8,79.75,57.0,3.666667,,4.50183359047
2015-02-27,2.6,5.6,0.0,26.6,22.54,19.7,73.25,57.0,2.666667,,4.07177051539
2015-02-28,3.2,5.0,0.0,28.8,22.26,19.9,82.0,58.0,3.0,,3.80015962558
2015-03-01,2.6,5.5,5.4,28.0,22.94,19.9,73.25,,2.666667,,4.13355240881
2015-03-02,3.3,8.2,0.0,27.0,22.48,18.7,69.25,,4.666667,,5.04121457514
2015-03-03,3.8,3.9,0.0,24.2,20.5,17.9,83.25,,2.133333,,3.14028246212
2015-03-04,1.8,9.6,0.0,27.6,21.5,17.0,65.5,,3.0,,5.13874395667
2015-03-05,4.1,9.5,0.0,28.2,21.92,17.0,68.5,,2.666667,,5.00723051733
2015-03-06,3.9,6.1,0.0,27.2,22.34,18.9,77.0,,4.333333,,4.19167867264
2015-03-07,3.4,10.5,0.0,28.4,22.7,18.4,64.5,,3.666667,,5.61929895816
2015-03-08,4.3,8.4,0.0,29.0,22.72,19.0,62.75,,3.0,,5.17445915341
2015-03-09,4.4,10.1,0.0,29.4,22.96,18.5,65.5,,2.666667,,5.36717467266
2015-03-10,4.0,6.0,0.0,28.0,22.78,19.3,75.5,,3.666667,,4.22317103967
2015-03-11,3.4,8.9,0.0,29.2,23.28,19.5,63.25,,4.0,,5.53399897
2015-03-12,4.8,10.7,0.0,29.2,22.5,16.7,54.75,,2.666667,,5.64661679913
2015-03-13,5.9,9.6,0.0,28.2,22.9,19.1,61.25,,2.733333,,5.29058316036
2015-03-14,5.2,10.6,0.0,29.7,23.08,17.1,61.25,,2.0,,5.30247312835
2015-03-15,5.2,10.3,0.0,29.8,23.26,16.9,57.5,44.0,1.666667,,5.17049760754
2015-03-16,5.1,5.4,0.0,28.2,22.72,19.0,64.25,,3.0,,4.37989273279
2015-03-17,4.1,8.2,0.0,29.8,23.42,19.3,63.25,,2.666667,,5.02278690255
2015-03-18,4.8,6.3,0.0,28.8,23.24,19.9,64.0,,3.666667,,4.82282154142
2015-03-19,4.9,8.1,0.0,28.6,22.86,18.2,60.75,,3.0,,5.01250841582
2015-03-20,4.6,4.3,0.0,27.8,22.26,18.3,62.75,,2.666667,,4.02575689645
2015-03-21,3.9,4.7,0.0,28.4,22.34,17.9,70.0,,2.666667,,3.88020676775
2015-03-22,3.0,5.4,2.3,28.6,23.02,19.5,71.75,,3.333333,,4.16497474059
2015-03-23,3.3,0.0,0.0,25.4,21.7,19.7,75.75,,1.733333,,2.41496699467
2015-03-24,2.7,9.0,0.0,29.8,23.16,18.4,60.75,,2.0,,4.92298074634
2015-03-25,5.0,9.1,0.0,30.4,24.22,20.0,61.25,,3.333333,,5.47301802454
2015-03-26,4.8,7.0,0.0,30.0,23.14,19.2,70.5,,2.8,,4.48805295861
2015-03-27,3.9,6.5,0.0,28.6,23.34,19.5,68.75,,2.0,,4.15245342176
2015-03-28,3.8,9.6,0.0,30.4,23.86,19.9,67.0,,2.0,,4.99488567126
2015-03-29,4.6,10.3,0.0,31.0,24.18,19.1,60.75,,2.0,,5.25659672301
2015-03-30,5.6,8.8,0.0,31.2,23.86,19.5,57.25,,2.666667,,5.29695251997
2015-03-31,5.4,11.1,0.0,29.6,22.78,17.5,57.0,,2.666667,,5.50352240031
2015-04-01,4.9,11.1,0.0,31.5,23.38,16.4,51.25,,2.333333,,5.62133522
2015-04-02,5.6,9.9,0.0,31.8,23.04,17.0,54.0,,3.333333,,5.79358391332
2015-04-03,5.8,10.8,0.0,30.4,23.46,18.1,54.75,,1.666667,,5.14228795728
2015-04-04,5.6,9.3,0.0,30.4,23.86,17.9,54.25,,2.666667,,5.27127704264
2015-04-05,4.7,5.7,0.0,29.4,24.18,20.1,68.5,,3.0,,4.21958505266
2015-04-06,3.6,7.5,1.9,31.4,24.2,20.3,68.75,,2.333333,,4.55066877553
2015-04-07,4.2,9.3,2.8,32.0,25.04,20.3,60.25,,3.0,,5.42289543916
2015-04-08,4.5,0.4,0.2,24.6,21.36,20.1,86.5,,4.0,,2.26677880083
2015-04-09,2.1,5.7,0.2,27.0,21.78,19.1,66.25,,4.0,,4.30106338017
2015-04-10,2.2,5.5,0.4,26.6,21.02,19.1,90.0,,4.0,,3.09564623984
2015-04-11,2.3,2.3,7.4,23.4,20.04,17.8,91.25,,4.666667,,2.23984592302
2015-04-12,0.6,2.2,2.5,24.4,20.74,17.9,84.75,,3.0,,2.52531643391
2015-04-13,2.0,4.0,0.0,26.4,21.44,18.6,81.0,,3.0,,3.10432848418
2015-04-14,2.4,2.5,0.0,25.5,21.3,18.3,79.0,,3.666667,,2.9208396724
2015-04-15,3.7,1.2,0.0,22.4,20.52,18.8,88.0,,3.0,,2.15544563991
2015-04-16,1.9,5.1,18.2,26.6,21.74,18.9,79.25,,3.0,,3.36716209689
2015-04-17,1.8,7.3,0.0,27.6,22.06,19.3,77.25,,2.333333,,3.83907070226
2015-04-18,2.8,9.0,0.0,29.4,23.18,19.1,70.25,,2.0,,4.37520649027
2015-04-19,3.8,7.0,0.0,28.0,22.54,19.7,74.75,,2.666667,,3.91436435792
2015-04-20,2.6,7.6,0.0,28.6,22.84,19.6,69.0,,2.666667,,4.22531252871
2015-04-21,3.3,9.2,0.0,29.4,23.2,19.6,66.75,,2.666667,,4.63353381252
2015-04-22,3.5,9.9,0.0,31.2,24.12,20.0,67.0,,2.666667,,4.90743727002
2015-04-23,4.5,10.0,0.0,30.6,23.98,20.1,64.5,,2.333333,,4.83328529225
2015-04-24,4.9,9.9,0.0,29.8,23.98,20.1,67.0,,2.333333,,4.67758381988
2015-04-25,4.2,7.3,0.0,28.9,23.6,19.5,68.5,,1.766667,,3.89507166437
2015-04-26,3.8,5.8,0.0,29.2,23.9,20.5,77.5,,3.0,,3.65890556769
2015-04-27,3.0,1.1,19.4,23.6,20.46,18.9,96.25,89.0,3.0,,1.77446791221
2015-04-28,0.7,5.3,7.9,24.8,20.92,18.2,83.25,,2.666667,,2.98992568384
2015-04-29,1.5,5.2,0.4,25.4,20.88,18.5,83.0,,2.666667,,3.00924244543
2015-04-30,2.1,4.2,0.0,25.0,21.4,19.3,85.0,,2.666667,,2.76668339801
2015-05-01,1.6,1.8,1.6,24.4,20.9,19.3,89.75,,3.333333,,2.15751466769
2015-05-02,1.4,0.0,0.2,22.6,20.14,18.3,87.75,,3.333333,,1.85872774088
2015-05-03,1.6,3.5,0.6,23.8,20.3,18.3,90.0,,3.666667,,2.36688522435
2015-05-04,1.3,5.7,2.0,25.2,20.66,18.1,81.75,,3.666667,,3.12659542793
2015-05-05,2.2,4.5,0.0,25.6,20.76,18.6,81.75,,3.333333,,2.93628460541
2015-05-06,2.4,7.8,0.0,27.6,21.68,18.4,75.25,,2.666667,,3.73743867266
2015-05-07,3.2,7.0,0.0,27.8,21.82,18.3,73.0,,2.666667,,3.66606533304
2015-05-08,3.1,10.2,0.0,28.4,22.26,18.9,65.75,,2.666667,,4.46043869961
2015-05-09,3.9,6.2,0.0,26.4,20.74,17.9,79.75,,2.666667,,3.20267895977
2015-05-10,3.0,2.2,0.0,23.8,20.66,17.7,90.5,,3.0,,2.06484305707
2015-05-11,1.4,8.2,0.2,28.6,22.12,18.5,70.5,49.0,3.0,,4.0255109809
2015-05-12,3.2,9.0,0.0,30.0,22.88,18.2,69.75,,3.333333,,4.33724139425
2015-05-13,4.0,8.8,0.0,28.0,22.1,19.9,71.25,,4.0,,4.28142098057
2015-05-14,4.0,2.6,0.0,22.2,19.74,18.5,92.75,,4.0,,1.9656535394
2015-05-15,0.6,0.0,7.2,19.6,17.62,16.5,96.25,,3.0,,1.35709370409
2015-05-16,0.8,0.2,4.9,20.8,18.58,16.3,91.5,,4.666667,,1.58291356336
2015-05-17,0.5,0.0,2.2,21.6,19.26,18.1,95.5,,5.0,,1.38881881109
2015-05-18,1.2,0.1,1.5,21.0,18.4,16.3,94.25,,3.666667,,1.44172360356
2015-05-19,1.0,4.9,3.6,22.2,19.52,16.2,84.0,,3.666667,,2.56041682109
2015-05-20,1.7,4.4,0.4,23.4,19.72,17.6,86.75,,4.0,,2.47944267143
2015-05-21,1.6,4.1,5.6,23.4,19.54,17.8,90.25,,3.666667,,2.27815434507
2015-05-22,1.3,0.5,1.0,20.8,18.34,16.7,92.75,,5.0,,1.53925421077
2015-05-23,0.8,5.0,1.4,22.6,19.14,16.3,83.5,,4.0,,2.60447036069
2015-05-24,1.8,0.5,0.0,22.4,18.78,15.5,86.25,,3.333333,,1.81876414722
2015-05-25,1.6,8.1,0.0,25.5,20.14,16.1,78.5,,3.333333,,3.31960903508
2015-05-26,2.4,4.6,0.6,24.8,20.38,18.0,90.25,,3.333333,,2.38481934047
2015-05-27,1.8,6.7,4.6,23.8,19.3,17.5,83.75,,3.333333,,2.87135591979
2015-05-28,2.2,8.8,0.0,25.8,19.96,16.8,76.25,,2.666667,,3.44100937277
2015-05-29,2.6,7.8,0.0,25.8,19.74,16.7,78.0,,3.0,,3.2710560141
2015-05-30,2.1,7.7,0.0,26.2,19.74,15.1,77.75,,2.0,,3.10089757212
2015-05-31,2.8,7.6,0.2,25.6,20.06,17.5,85.0,,4.666667,,3.06100608449
2015-06-01,2.8,7.9,0.0,25.2,20.12,17.5,77.25,,3.0,,3.28446197885
2015-06-02,2.8,7.1,3.2,23.4,19.86,18.1,88.75,,4.333333,,2.69619648208
2015-06-03,1.7,7.2,0.5,23.2,19.24,16.6,81.25,,3.0,,2.89701134321
2015-06-04,2.1,0.3,0.1,20.0,17.76,17.0,91.5,,3.666667,,1.51963931501
2015-06-05,0.8,4.7,1.4,23.4,18.94,16.9,86.5,,4.0,,2.41954913864
2015-06-06,1.6,0.4,1.2,21.2,18.54,17.5,95.0,,4.0,,1.4058314107
2015-06-07,0.6,2.5,5.8,22.0,18.86,17.3,93.75,,4.0,,1.75321623372
2015-06-08,0.8,1.4,4.4,21.2,18.9,16.9,89.75,,3.666667,,1.75330304866
2015-06-09,0.8,2.5,0.5,22.6,19.36,17.2,87.75,78.0,3.333333,,2.01903868021
2015-06-10,0.9,8.6,1.2,25.0,19.78,17.5,83.5,,3.0,,3.11765203795
2015-06-11,1.8,4.9,2.6,22.4,19.16,17.5,87.75,,3.333333,,2.33633559961
2015-06-12,1.5,9.0,0.4,26.2,19.9,15.9,71.75,,2.666667,,3.49274369829
2015-06-13,2.9,3.1,0.2,23.2,19.58,17.1,85.5,,3.0,,2.17876508196
2015-06-14,1.2,1.1,1.6,22.4,19.62,17.7,90.0,,3.0,,1.72883849137
2015-06-15,0.7,6.9,9.2,24.6,19.84,18.1,83.75,,3.333333,,2.87304107598
2015-06-16,1.7,8.2,0.0,25.8,19.46,15.5,82.0,,3.666667,,3.10049964168
2015-06-17,2.7,8.9,0.0,23.6,17.98,15.7,72.5,,3.666667,,3.42462169896
2015-06-18,3.5,8.3,0.0,24.2,18.52,15.4,75.75,,3.666667,,3.25298494414
2015-06-19,2.4,9.7,0.0,25.4,18.62,14.3,72.0,,3.666667,,3.6045411202
2015-06-20,3.6,8.2,0.0,23.2,18.34,16.5,74.25,,5.0,,3.44088773451
2015-06-21,3.2,2.2,0.0,22.0,17.94,15.3,83.0,,3.666667,,2.1068205681
2015-06-22,1.8,7.1,0.6,25.0,18.68,15.2,84.5,,4.0,,2.80234248942
2015-06-23,2.5,5.5,0.0,23.0,18.54,14.3,80.25,,3.666667,,2.62645496448
2015-06-24,2.1,1.8,1.2,23.0,19.1,16.3,82.75,,3.666667,,2.13230671573
2015-06-25,1.8,0.2,1.4,19.4,17.5,16.5,94.75,,4.666667,,1.30577238444
2015-06-26,0.5,1.9,4.4,19.2,16.78,15.3,93.5,,4.0,,1.54438909402
2015-06-27,0.8,1.3,1.4,20.4,17.1,14.7,89.25,,4.666667,,1.69300943924
2015-06-28,1.4,0.7,1.2,20.2,17.5,15.1,83.0,,4.666667,,1.94373649402
2015-06-29,1.2,2.8,0.2,22.8,18.66,15.7,84.75,,3.333333,,2.13149598837
2015-06-30,1.4,1.1,8.4,21.2,18.26,16.9,95.5,,3.0,,1.48101234908
2015-07-01,0.6,0.0,6.8,20.0,16.88,15.7,91.75,,3.0,,1.4247061632
2015-07-02,1.1,8.3,0.0,23.4,18.08,15.3,81.25,,3.666667,,2.99864266419
2015-07-03,2.3,1.9,0.0,22.6,18.46,15.9,83.75,68.0,2.666667,,2.00681779671
2015-07-04,1.4,4.7,0.0,24.2,19.22,17.3,81.25,,3.0,,2.60206967623
2015-07-05,1.2,7.4,0.0,24.8,19.62,16.9,82.75,,2.666667,,2.92246673129
2015-07-06,3.1,0.5,0.0,21.0,17.54,12.8,92.75,,4.333333,,1.41920823
2015-07-07,0.5,0.0,1.8,19.8,17.76,16.6,97.0,,3.0,,1.25768222906
2015-07-08,0.5,0.4,1.2,20.4,17.96,15.6,94.5,,3.666667,,1.38181240181
2015-07-09,0.5,6.6,2.8,23.0,18.66,17.1,89.0,,3.666667,,2.55025434022
2015-07-10,1.4,6.1,0.2,23.4,19.62,17.3,85.5,,3.333333,,2.64659213993
2015-07-11,2.0,4.2,3.2,22.8,18.82,16.9,86.5,,3.666667,,2.32604625936
2015-07-12,1.4,8.2,1.2,24.4,18.86,15.7,81.0,,3.0,,3.07688080095
2015-07-13,2.0,3.6,3.0,22.8,18.82,17.1,87.5,,3.666667,,2.21874241825
2015-07-14,1.2,9.1,1.2,24.2,18.86,15.8,78.0,,5.0,,3.46076554758
2015-07-15,2.7,4.0,2.4,22.0,18.2,16.2,86.0,,4.0,,2.29480836385
2015-07-16,1.9,5.1,0.8,21.6,17.36,14.6,84.75,,5.0,,2.44965378676
2015-07-17,1.0,8.2,3.0,23.2,17.86,14.9,83.75,,4.333333,,2.95557398906
2015-07-18,2.4,5.5,2.4,20.8,16.74,14.7,84.5,,5.0,,2.48237046281
2015-07-19,1.6,9.2,0.2,22.4,17.62,14.5,76.5,,4.0,,3.31715603974
2015-07-20,2.8,4.8,2.0,20.2,16.96,15.1,90.25,,3.666667,,2.13538976449
2015-07-21,1.1,9.6,0.0,24.0,18.02,14.6,77.0,,3.0,,3.39261891516
2015-07-22,2.7,7.0,0.0,23.8,17.58,14.3,76.75,,3.333333,,3.07563694147
2015-07-23,2.3,7.4,0.0,23.0,18.14,15.0,84.5,,3.666667,,2.84514331021
2015-07-24,2.6,5.5,1.3,21.4,17.46,14.9,91.25,,3.666667,,2.25407802243
2015-07-25,0.8,3.5,3.0,22.2,18.14,15.3,83.25,,3.0,,2.32570523898
2015-07-26,1.8,8.5,0.0,24.4,18.54,15.5,79.75,,3.333333,,3.28906583814
2015-07-27,3.0,7.4,0.0,24.8,18.64,15.7,77.5,,3.0,,3.22479279152
2015-07-28,3.0,9.9,0.0,24.6,18.88,15.7,75.0,,3.333333,,3.6938318098
2015-07-29,3.8,9.2,0.0,23.4,18.08,15.0,79.25,,4.0,,3.38629606558
2015-07-30,3.1,8.3,0.0,24.2,18.52,16.2,82.75,,3.666667,,3.22208562885
2015-07-31,3.5,6.5,0.6,22.6,17.7,15.3,81.75,,3.333333,,2.87490863944
2015-08-01,1.3,1.3,0.0,20.6,16.54,13.9,92.75,86.0,4.333333,,1.61826938652
2015-08-02,1.6,8.2,7.2,22.6,17.14,14.7,85.5,78.0,3.666667,,2.9721679437
2015-08-03,2.8,9.0,0.0,23.0,17.82,14.5,80.5,63.0,2.8,,3.26301873498
2015-08-04,2.6,9.8,0.0,23.4,17.22,14.2,68.5,47.0,3.666667,,3.88051269697
2015-08-05,3.4,9.5,0.0,25.2,18.14,12.9,67.0,45.0,2.666667,,3.80254046173
2015-08-06,3.1,4.9,0.0,21.4,18.22,15.3,89.5,75.0,3.666667,,2.35651210968
2015-08-07,1.3,7.7,0.4,23.8,17.66,14.5,74.25,49.0,3.333333,,3.42037778289
2015-08-08,3.0,9.5,0.0,22.6,16.82,12.1,73.0,46.0,4.0,,3.59955065039
2015-08-09,3.6,1.0,0.8,21.8,17.22,13.1,87.25,76.0,4.0,,1.89047046328
2015-08-10,1.1,4.6,2.0,21.8,17.56,14.8,82.25,64.0,5.0,,2.70195996444
2015-08-11,2.5,7.8,4.0,21.0,16.02,14.1,75.25,53.0,5.666667,,3.42883759538
2015-08-12,3.1,4.6,0.4,20.2,15.26,13.1,75.25,54.0,4.333333,,2.85476024057
2015-08-13,3.0,4.2,0.6,19.4,15.42,12.2,86.5,76.0,4.666667,,2.24904592712
2015-08-14,1.4,3.2,1.8,20.4,17.06,14.3,90.0,83.0,4.0,,2.08351408221
2015-08-15,0.6,5.8,4.6,23.6,18.7,16.1,84.0,62.0,5.0,,2.96500733786
2015-08-16,1.4,6.1,7.8,21.6,17.34,15.5,82.25,61.0,4.0,,2.93573340934
2015-08-17,2.8,7.9,0.3,22.8,17.9,14.5,80.0,51.0,4.0,,3.32461292421
2015-08-18,2.6,7.6,2.3,22.8,18.16,14.6,83.0,62.0,4.0,,3.17097949956
2015-08-19,2.0,6.7,3.6,23.2,18.0,15.6,81.0,62.0,3.666667,,3.18684008089
2015-08-20,2.4,9.3,0.0,26.0,19.64,16.0,68.25,43.0,3.333333,,4.25655928871
2015-08-21,2.9,9.0,0.0,26.8,19.78,15.5,71.25,47.0,1.666667,,3.87010694247
2015-08-22,4.0,8.8,0.0,25.4,19.58,16.3,75.25,54.0,3.333333,,3.92173528325
2015-08-23,3.2,3.9,0.2,23.4,18.82,16.3,79.75,58.0,2.666667,,2.79286769438
2015-08-24,2.4,9.4,0.0,26.2,19.3,14.9,65.25,43.0,3.0,,4.32751649265
2015-08-25,4.0,10.1,0.0,25.2,19.02,14.9,64.25,46.0,3.0,,4.40132253551
2015-08-26,3.7,7.5,0.0,27.6,20.16,15.4,71.0,43.0,3.333333,,4.03902139162
2015-08-27,3.3,9.8,0.0,27.4,21.52,18.0,62.75,40.0,3.0,,4.75657740556
2015-08-28,3.9,9.4,0.0,26.2,20.9,17.5,69.5,64.0,3.333333,,4.42728247827
2015-08-29,5.0,9.6,0.0,25.8,20.1,15.9,75.75,48.0,2.666667,,4.08200825343
2015-08-30,4.0,5.9,0.0,25.6,19.62,16.7,71.75,48.0,3.333333,,3.69972185993
2015-08-31,3.5,5.7,2.2,22.8,17.66,15.5,75.0,46.0,3.666667,,3.36970994051
2015-09-01,2.1,8.1,0.6,24.8,18.94,14.6,70.25,50.0,3.666667,,4.041842142
2015-09-02,3.0,10.1,0.0,27.2,19.68,15.2,58.25,28.0,3.0,,4.8845748234
2015-09-03,8.0,10.2,0.0,27.6,19.76,13.8,50.5,32.0,3.0,,5.12963669316
2015-09-04,5.1,10.1,0.0,29.6,21.1,13.9,48.75,27.0,0.666667,,4.17673994141
2015-09-05,5.0,11.0,0.0,31.8,23.58,14.3,45.0,25.0,1.333333,,4.94288030723
2015-09-06,7.4,9.6,0.0,28.4,21.94,17.5,60.75,38.0,3.333333,,5.08536160135
2015-09-07,5.6,10.3,0.0,28.4,21.0,17.6,59.0,36.0,3.666667,,5.38639815752
2015-09-08,5.5,9.9,0.0,28.0,20.72,15.0,57.0,32.0,3.333333,,5.14312866839
2015-09-09,5.2,8.4,0.0,27.6,21.22,17.8,68.0,47.0,3.333333,,4.58852931562
2015-09-10,3.8,7.4,0.0,28.0,20.5,15.7,64.0,37.0,3.7,,4.60214950166
2015-09-11,4.6,10.9,0.0,28.8,21.82,16.1,45.5,28.0,2.666667,,5.5603041767
2015-09-12,5.0,10.5,0.0,30.4,22.26,17.9,61.25,44.0,1.666667,,4.99595977224
2015-09-13,4.3,9.2,0.0,29.8,22.5,17.9,56.25,38.0,3.433333,,5.45412507499
2015-09-14,5.7,9.8,0.0,27.5,21.12,16.9,65.0,40.0,3.666667,,5.03086043901
2015-09-15,4.8,6.9,1.0,25.4,19.56,17.0,75.25,53.0,4.333333,,4.00823556644
2015-09-16,3.0,6.6,0.1,25.6,19.24,14.6,77.0,44.0,4.333333,,3.78481683998
2015-09-17,3.5,9.8,0.3,26.6,20.14,16.4,59.75,39.0,3.333333,,5.07729955486
2015-09-18,4.9,10.9,0.0,27.4,21.34,15.7,59.0,44.0,4.666667,,5.67413741477
2015-09-19,5.0,6.1,0.2,25.4,19.5,16.5,84.25,58.0,3.0,,3.42257127482
2015-09-20,2.4,4.8,0.5,25.6,20.3,16.9,81.75,57.0,3.666667,,3.32928146207
2015-09-21,2.8,4.6,0.0,25.4,19.8,16.7,68.5,52.0,3.666667,,3.85468917641
2015-09-22,3.2,10.2,0.0,28.0,20.62,15.5,56.25,35.0,4.0,,5.61268696363
2015-09-23,5.3,10.8,0.0,28.8,21.64,16.6,58.5,38.0,2.666667,,5.38868720138
2015-09-24,5.3,9.9,0.0,29.2,21.88,16.8,50.0,29.0,3.666667,,5.92104073927
2015-09-25,6.0,10.7,0.0,30.6,22.54,17.5,48.5,31.0,3.333333,,6.17564746149
2015-09-26,5.6,8.3,0.0,29.8,21.96,17.2,54.75,32.0,2.666667,,5.16008670976
2015-09-27,7.1,10.3,0.0,28.8,21.94,17.0,52.25,29.0,3.433333,,5.81609963355
2015-09-28,5.2,9.7,0.0,30.2,22.42,17.2,51.25,30.0,2.666667,,5.58524658289
2015-09-29,5.7,10.9,0.0,30.0,22.14,15.9,52.5,29.0,2.666667,,5.71537198458
2015-09-30,6.1,10.7,0.0,29.0,22.02,16.1,57.25,32.0,3.0,,5.57937450693
2015-10-01,6.2,5.0,0.0,28.2,21.56,17.6,65.0,,3.0,,4.21216129806
2015-10-02,4.1,10.8,0.0,27.6,20.58,14.7,47.0,,2.333333,,5.431480517
2015-10-03,5.8,11.1,0.0,28.4,21.9,16.5,49.5,,3.333333,,6.00748549188
2015-10-04,5.6,2.1,0.0,29.2,22.78,16.3,41.5,,1.333333,,3.51200797644
2015-10-05,6.3,9.6,0.0,33.8,24.94,17.0,50.25,,3.333333,,6.33867420658
2015-10-06,6.4,4.7,0.1,27.6,21.92,17.6,64.5,,4.0,,4.42053889137
2015-10-07,4.3,6.0,0.0,27.6,20.76,18.2,83.25,,4.333333,,3.81042385066
2015-10-08,2.9,4.8,4.4,25.4,19.32,16.7,76.25,,4.0,,3.69507518079
2015-10-09,2.9,7.8,0.0,26.2,19.78,15.9,81.5,,3.666667,,4.04356406245
2015-10-10,3.2,9.0,1.8,27.4,20.98,16.3,68.0,,3.333333,,4.90325745314
2015-10-11,5.0,8.8,0.8,26.4,20.74,16.9,64.0,,3.666667,,5.03147206729
2015-10-12,5.7,10.3,0.0,27.2,20.72,16.0,55.0,,4.333333,,5.8827590842
2015-10-13,5.5,9.1,0.0,28.8,21.04,15.7,56.0,,2.666667,,5.26102889247
2015-10-14,5.7,8.7,0.0,27.2,21.8,18.0,67.75,,4.0,,5.06170455516
2015-10-15,4.6,8.8,0.0,28.6,22.44,17.9,62.25,,3.666667,,5.37747341703
2015-10-16,5.1,10.2,0.0,29.4,22.54,17.7,55.5,39.0,3.333333,,5.89046573594
2015-10-17,5.8,10.5,0.0,30.4,22.82,16.9,47.75,,2.666667,,5.99050720627
2015-10-18,6.2,10.9,0.0,30.2,21.94,15.7,49.0,,2.666667,,5.96816545421
2015-10-19,7.8,10.5,0.0,29.0,22.4,17.6,51.5,,3.666667,,6.18195731225
2015-10-20,5.6,11.0,0.0,30.6,22.64,16.7,46.0,,3.333333,,6.47980917198
2015-10-21,6.7,11.4,0.0,33.2,24.06,16.4,46.5,,3.0,,6.67607409618
2015-10-22,6.7,11.1,0.0,32.0,23.88,18.1,55.0,,3.0,,6.29371922997
2015-10-23,5.5,7.4,0.0,28.6,22.1,18.5,64.0,,3.0,,4.92067229546
2015-10-24,4.1,5.7,0.0,27.6,21.9,18.5,68.75,,2.666667,,4.25196638453
2015-10-25,3.8,5.2,0.0,28.4,22.1,17.7,64.0,,4.0,,4.68395579326
2015-10-26,4.9,10.0,0.0,29.2,22.46,16.5,54.25,,3.666667,,5.97128124763
2015-10-27,6.2,6.2,0.0,28.4,22.1,18.1,60.75,,3.666667,,4.96503596505
2015-10-28,4.1,8.5,0.0,30.4,23.1,18.1,53.0,,3.333333,,5.8146369992
2015-10-29,5.1,8.9,0.0,31.0,23.96,17.6,55.75,,2.666667,,5.57966558505
2015-10-30,5.2,2.3,0.0,27.0,21.7,18.7,74.0,,4.666667,,3.66377626561
2015-10-31,3.0,7.4,0.0,27.6,22.3,18.1,62.5,,3.333333,,4.98410006733
2015-11-01,5.2,11.7,0.0,28.6,22.86,17.3,54.75,,3.666667,,6.27011493211
2015-11-02,5.6,10.0,0.0,29.8,22.58,16.1,56.25,,4.333333,,6.15451014428
2015-11-03,6.5,10.4,0.0,30.4,23.48,17.7,54.5,,4.666667,,6.57892722775
2015-11-04,6.5,10.1,0.0,29.8,22.88,17.6,48.0,,3.333333,,6.24282855547
2015-11-05,6.0,10.7,0.0,31.6,23.62,16.1,45.25,,3.0,,6.42677408815
2015-11-06,5.7,10.6,0.0,34.2,25.1,18.7,49.5,,2.666667,,6.50778783925
2015-11-07,6.5,7.5,0.0,30.6,23.5,18.9,53.25,,3.0,,5.53990442654
2015-11-08,6.2,8.4,0.0,30.4,23.14,17.5,49.25,,2.666667,,5.62691980619
2015-11-09,7.3,10.8,0.0,29.4,22.6,16.8,56.5,,4.333333,,6.29398141534
2015-11-10,6.7,10.1,0.0,29.2,22.3,17.2,53.5,,4.666667,,6.41026079021
2015-11-11,6.1,10.0,0.0,29.8,22.62,17.1,53.25,,4.666667,,6.47349923217
2015-11-12,6.3,9.9,0.0,32.4,23.72,17.2,43.0,,3.666667,,6.84793285358
2015-11-13,6.7,10.1,0.0,33.6,25.66,17.9,37.5,,1.333333,,5.64650591922
2015-11-14,8.0,10.1,0.0,33.0,25.58,19.1,46.5,,2.0,,6.00396701789
2015-11-15,6.7,10.7,0.0,32.4,24.82,19.9,50.25,,2.333333,,6.22441699435
2015-11-16,6.2,8.8,0.0,32.2,25.48,21.0,48.5,,3.0,,6.22658720688
2015-11-17,6.4,10.7,0.0,31.8,24.48,18.9,48.0,,3.666667,,6.81089762378
2015-11-18,6.2,8.3,0.0,31.4,23.82,18.9,52.0,,3.333333,,5.9789634117
2015-11-19,5.7,10.0,0.0,32.8,25.36,18.5,44.0,,3.0,,6.57483716171
2015-11-20,7.6,9.4,0.0,32.2,25.34,19.9,53.0,,2.0,,5.70102053689
2015-11-21,5.2,9.7,0.0,31.4,25.62,19.9,49.5,,2.0,,5.76359451228
2015-11-22,6.0,5.8,0.0,31.4,24.26,19.9,61.25,,2.333333,,4.7604091966
2015-11-23,5.1,8.0,0.0,32.0,25.38,19.7,53.5,,3.666667,,6.09315943919
2015-11-24,6.3,5.8,0.0,31.0,25.72,19.6,51.5,,3.0,,5.3238582148
2015-11-25,6.6,7.4,0.0,33.6,25.58,21.5,64.25,,2.666667,,5.39901038127
2015-11-26,4.8,9.3,16.2,33.4,25.62,20.2,63.5,,2.666667,,5.80701204505
2015-11-27,3.9,3.3,27.8,25.8,21.62,18.9,75.0,54.0,2.666667,,3.48000140554
2015-11-28,3.0,8.0,0.0,26.2,21.82,19.7,73.25,,3.333333,,4.69505130398
2015-11-29,3.4,11.2,0.0,27.6,22.5,18.3,57.5,,2.666667,,5.76489354721
2015-11-30,5.6,11.3,0.0,31.6,24.26,17.9,47.75,,2.333333,,6.24048580619
2015-12-01,6.8,11.7,0.0,31.6,23.86,17.2,51.25,,3.666667,,6.77218254434
2015-12-02,6.5,11.9,0.0,31.0,24.02,17.6,47.25,,2.333333,,6.30154744299
2015-12-03,6.4,11.0,0.0,33.8,25.82,18.3,44.5,,2.666667,,6.6800993713
2015-12-04,8.0,9.4,0.0,33.6,27.5,19.3,39.5,,1.333333,,5.5389849363
2015-12-05,6.7,5.5,0.0,31.8,26.38,21.1,51.25,,3.666667,,5.71787417739
2015-12-06,5.6,7.2,0.0,27.8,24.02,21.3,72.5,,1.666667,,4.47969832843
2015-12-07,2.5,9.9,9.8,32.0,25.36,20.2,56.5,,3.666667,,6.39023308653
2015-12-08,5.3,11.1,0.0,32.0,24.62,18.7,44.25,,3.333333,,6.88534193998
2015-12-09,6.4,10.9,0.0,31.0,23.72,17.7,48.5,,3.666667,,6.67801413743
2015-12-10,5.8,11.5,0.0,31.0,23.78,17.1,47.25,,2.333333,,6.1971316988
2015-12-11,6.1,10.9,0.0,32.6,24.42,17.3,50.75,,1.333333,,5.65988327288
2015-12-12,6.2,11.2,0.0,32.4,23.94,17.9,54.25,,2.666667,,6.29772868936
2015-12-13,5.8,11.6,0.0,32.1,24.56,18.5,52.25,,1.333333,,5.82119270765
2015-12-14,6.8,10.5,0.0,30.2,24.04,19.1,53.25,,5.0,,6.84506062648
2015-12-15,7.5,12.2,0.0,30.2,23.48,16.9,53.5,,4.333333,,6.81127238728
2015-12-16,6.5,12.0,0.0,32.0,24.24,17.2,49.0,,3.0,,6.68226712373
2015-12-17,6.9,11.2,0.0,30.6,24.56,19.0,49.5,,4.333333,,6.98307636899
2015-12-18,5.9,10.4,0.0,31.4,22.9,18.3,60.0,,2.666667,,5.88449329648
2015-12-19,7.0,9.2,0.0,30.6,22.98,18.5,57.5,,2.333333,,5.50864553627
2015-12-20,5.6,9.2,0.0,32.4,23.5,18.5,57.25,,2.0,,5.53710323916
2015-12-21,5.7,6.8,0.0,28.8,22.72,19.0,71.25,,4.0,,4.78774253738
2015-12-22,4.1,8.5,0.0,27.6,22.38,17.9,62.25,,4.666667,,5.53529557509
2015-12-23,5.1,8.3,0.4,28.0,22.04,17.7,67.5,,4.333333,,5.19340908677
2015-12-24,5.8,10.4,0.0,30.0,23.6,17.5,57.0,,4.666667,,6.4097250007
2015-12-25,6.1,9.1,0.0,31.4,23.26,18.3,59.5,,2.666667,,5.61615897036
2015-12-26,6.6,9.3,0.0,30.0,23.02,18.7,60.0,,4.0,,5.93144949537
2015-12-27,5.5,10.0,0.0,30.4,23.62,18.5,59.25,40.0,3.666667,,6.04456572169
2015-12-28,6.2,5.4,0.0,28.9,23.14,19.3,61.5,,3.666667,,4.90465446895
2015-12-29,5.4,5.9,0.0,29.0,23.84,19.5,61.5,,3.666667,,5.02496847809
2015-12-30,5.2,6.5,0.0,30.0,23.9,19.9,58.25,,3.0,,5.16452232768
2015-12-31,5.7,8.3,0.2,30.2,23.76,18.8,60.0,,3.333333,,5.55987976319
2016-01-01,5.2,9.8,0.0,31.6,25.06,19.8,54.25,,3.333333,,6.28330775119
2016-01-02,6.1,11.6,0.0,34.0,27.06,19.5,42.0,,3.333333,,7.35293499505
2016-01-03,8.8,9.3,0.0,34.6,26.46,20.5,52.5,,3.333333,,6.59499938031
2016-01-04,6.5,6.6,4.2,28.0,23.8,20.1,77.75,,3.666667,,4.40453594712
2016-01-05,2.5,3.2,10.2,27.9,22.88,19.3,85.25,,3.0,,3.24118307909
2016-01-06,1.3,1.1,65.0,24.6,20.18,18.7,89.25,,3.0,,2.46009300513
2016-01-07,1.0,2.0,44.1,25.6,21.52,18.6,91.5,,2.333333,,2.62497216443
2016-01-08,0.8,0.1,21.2,23.2,20.72,19.4,92.0,,2.666667,,2.11656823854
2016-01-09,1.0,6.2,24.6,27.2,22.06,19.0,82.5,,3.0,,3.98280898536
2016-01-10,2.6,10.3,6.4,27.6,22.26,19.5,84.5,,4.333333,,4.85067600187
2016-01-11,2.6,5.9,3.4,27.4,22.38,19.1,78.0,,3.0,,4.09803079837
2016-01-12,2.5,7.1,0.0,29.2,23.7,20.1,71.75,,2.666667,,4.70741580925
2016-01-13,3.4,5.0,0.0,28.2,23.04,20.0,82.5,,3.333333,,3.83002583768
2016-01-14,2.2,2.9,1.6,28.0,21.84,19.0,82.75,,2.666667,,3.2445233052
2016-01-15,2.0,5.8,6.8,27.6,23.32,19.3,77.0,,2.333333,,4.06258952389
2016-01-16,2.5,1.9,0.0,26.6,22.8,20.9,86.25,,3.0,,2.89957595622
2016-01-17,1.1,1.3,9.7,26.4,21.26,19.1,84.0,,2.333333,,2.74193832904
2016-01-18,1.7,2.2,0.7,27.2,22.24,19.0,78.75,,2.666667,,3.19007327015
2016-01-19,2.5,1.0,3.2,25.6,22.08,18.9,85.0,,3.0,,2.64783684448
2016-01-20,1.5,0.0,10.0,22.4,20.12,18.8,94.25,,3.0,,1.96697224144
2016-01-21,0.6,1.9,44.6,25.2,21.18,19.1,95.5,,3.0,,2.42853934714
2016-01-22,1.6,1.7,27.2,24.2,,19.6,97.5,,3.0,,2.28772348844
2016-01-23,0.6,1.3,41.8,25.2,21.5,18.9,92.75,,3.0,,2.39403288352
2016-01-24,0.8,0.4,16.2,23.4,21.38,19.7,92.0,,3.0,,2.18914810147
2016-01-25,1.0,2.4,4.1,26.6,22.86,19.9,87.5,,1.666667,,2.9096369617
2016-01-26,1.2,3.6,6.8,25.4,21.96,20.6,91.5,,2.666667,,3.04795413393
2016-01-27,1.6,1.6,0.4,25.8,21.82,19.9,89.0,,2.666667,,2.65653367846
2016-01-28,1.6,5.7,1.6,26.2,22.1,19.5,82.25,,2.666667,,3.83681755501
2016-01-29,2.2,10.6,9.6,26.6,21.98,17.9,74.25,,3.333333,,5.16103715804
2016-01-30,2.9,10.4,0.0,27.0,21.14,17.7,71.0,47.0,4.666667,,5.39662133223
2016-01-31,4.2,8.6,0.0,26.6,21.34,16.9,75.5,51.0,4.333333,,4.7108697776
2016-02-01,3.0,8.6,5.7,27.2,21.82,18.5,80.75,,3.0,,4.5666713625
2016-02-02,3.4,3.5,0.0,25.8,21.22,18.1,79.0,,3.333333,,3.43561199808
2016-02-03,3.0,0.7,3.4,24.6,20.7,18.9,86.25,,2.666667,,2.47634431075
2016-02-04,1.2,7.1,0.0,27.9,21.56,18.7,75.25,,3.666667,,4.55430427738
2016-02-05,3.0,7.2,0.0,27.6,22.18,18.3,71.5,,3.333333,,4.64509332908
2016-02-06,3.4,10.3,0.0,27.8,21.34,17.9,65.5,,3.666667,,5.57557106825
2016-02-07,3.1,9.3,0.0,27.0,21.38,17.3,67.25,,3.666667,,5.19408578782
2016-02-08,3.8,10.3,0.0,28.2,21.62,16.5,64.5,,4.0,,5.63432314585
2016-02-09,4.0,9.4,0.0,28.4,22.06,16.7,62.5,,3.0,,5.34658497067
2016-02-10,4.2,11.4,0.0,29.4,23.1,18.3,64.0,,2.666667,,5.82507051287
2016-02-11,3.8,7.3,0.0,30.2,24.14,19.3,66.25,,3.0,,5.04116279452
2016-02-12,3.8,7.8,0.0,26.2,22.74,18.5,76.25,,2.666667,,4.43107923151
2016-02-13,2.3,6.8,7.4,28.4,23.38,20.1,70.5,,3.0,,4.67312938957
2016-02-14,3.6,10.1,0.0,29.2,23.22,19.1,71.75,,2.666667,,5.33593604835
2016-02-15,4.0,11.0,0.0,29.6,23.22,18.5,60.0,,3.333333,,6.04703802323
2016-02-16,4.8,10.4,0.0,28.4,23.06,19.7,63.5,,4.333333,,5.95955684406
2016-02-17,4.6,9.8,0.0,28.4,22.26,18.1,59.0,,3.666667,,5.78088894443
2016-02-18,5.4,6.3,0.2,26.6,21.3,17.5,74.75,,3.0,,4.15404745592
2016-02-19,2.3,8.6,1.2,28.4,22.38,18.9,76.5,,2.666667,,4.7616137208
2016-02-20,3.0,4.9,0.8,26.4,21.9,18.9,78.5,,3.0,,3.75971385347
2016-02-21,2.6,9.6,0.0,28.2,22.78,17.5,67.75,,5.0,,5.52421219891
2016-02-22,4.8,9.7,0.0,28.2,22.9,18.8,68.5,,4.333333,,5.48086867186
2016-02-23,4.5,9.4,0.0,28.4,22.86,18.3,67.5,,4.0,,5.39956043462
2016-02-24,4.7,9.5,0.0,29.0,22.78,18.5,72.0,,4.0,,5.27884568489
2016-02-25,4.1,10.9,0.0,29.6,22.9,17.6,65.25,,3.333333,,5.74496300676
2016-02-26,4.8,7.2,0.0,28.2,22.86,18.7,70.0,,4.0,,4.82607843131
2016-02-27,4.4,7.7,0.0,28.4,22.74,18.7,73.0,,3.0,,4.66635023887
2016-02-28,3.8,9.6,0.0,29.2,23.3,18.3,64.25,49.0,2.666667,,5.33349306249
2016-02-29,4.6,5.9,0.0,28.4,22.58,18.6,68.75,51.0,3.0,,4.41295891716
2016-03-01,3.6,5.8,0.0,28.0,22.74,19.4,67.25,,3.333333,,4.52509206986
2016-03-02,3.3,9.4,0.0,27.0,22.38,18.1,71.75,,4.0,,5.02821437165
2016-03-03,3.9,6.3,0.0,28.4,22.58,19.1,69.5,,3.333333,,4.54433575101
2016-03-04,3.0,8.3,0.0,29.8,23.82,20.1,71.0,,2.666667,,4.9519247465
2016-03-05,3.7,4.9,0.0,27.0,22.8,20.2,77.75,,3.666667,,3.88874405244
2016-03-06,2.6,4.6,0.0,27.8,22.64,19.6,74.0,,3.333333,,3.96156995665
2016-03-07,3.2,9.4,0.0,28.4,23.12,18.1,63.75,,3.0,,5.25177026211
2016-03-08,3.6,7.2,0.0,28.2,22.58,18.7,69.5,,3.0,,4.60461399514
2016-03-09,3.8,7.7,0.0,29.4,23.06,18.3,68.5,,2.666667,,4.74135921405
2016-03-10,4.0,8.0,0.4,29.0,22.86,18.9,66.0,,0.233333,,4.18089073298
2016-03-11,3.5,10.3,0.0,29.4,23.34,18.9,64.5,,2.666667,,5.43097891452
2016-03-12,3.8,10.1,0.0,29.6,23.58,19.3,65.25,,2.0,,5.22983937996
2016-03-13,3.8,10.9,0.0,29.6,23.62,19.1,62.0,,2.0,,5.44373229224
2016-03-14,5.4,7.6,0.0,27.4,22.48,18.4,73.25,,4.333333,,4.60740345454
2016-03-15,3.5,9.3,0.0,28.0,22.08,16.8,67.0,,3.666667,,5.07961770716
2016-03-16,4.2,10.6,0.0,29.0,22.52,17.6,64.75,,3.0,,5.40752056625
2016-03-17,5.0,8.3,0.2,28.6,22.72,19.2,70.5,,3.666667,,4.89425427926
2016-03-18,3.4,7.0,0.0,29.4,22.9,18.7,67.5,,3.666667,,4.79296957476
2016-03-19,3.8,5.5,0.0,28.2,23.1,19.1,71.5,,2.0,,3.90177049046
2016-03-20,3.0,4.4,0.0,28.2,22.94,19.7,71.0,,3.0,,3.91011064867
2016-03-21,3.2,8.4,0.0,29.6,23.02,18.2,62.5,,2.666667,,4.96842204552
2016-03-22,4.3,10.8,0.0,30.4,23.78,18.2,62.25,,3.0,,5.61994236007
2016-03-23,4.4,9.5,0.0,30.2,24.16,19.5,62.0,,3.0,,5.39723102886
2016-03-24,4.4,6.6,0.0,29.2,23.38,20.5,71.5,,2.666667,,4.35247976103
2016-03-25,3.0,9.5,0.0,29.2,23.58,18.7,63.0,,2.666667,,5.12027432082
2016-03-26,4.6,8.5,0.3,29.4,23.42,18.9,66.0,,2.333333,,4.75730753091
2016-03-27,3.5,9.3,0.0,28.6,23.02,19.9,76.75,,4.333333,,4.82046259128
2016-03-28,3.3,9.7,0.0,27.2,22.54,18.1,73.5,,3.666667,,4.74971055876
2016-03-29,3.4,9.0,0.4,28.6,22.78,19.1,73.0,,3.666667,,4.79282517201
2016-03-30,3.8,3.4,0.0,27.4,22.5,19.1,73.5,59.0,2.666667,,3.39515528447
2016-03-31,2.7,9.1,0.0,28.2,22.5,18.3,68.25,48.0,4.0,,4.96876098135
2016-04-01,4.2,3.0,0.0,26.2,21.74,18.7,71.75,,4.333333,,3.61221905352
2016-04-02,2.1,4.3,0.0,27.2,21.54,17.1,74.25,,4.333333,,3.7054993802
2016-04-03,2.8,1.6,0.0,25.8,21.54,18.3,83.75,,4.0,,2.64893250121
2016-04-04,1.8,7.9,0.6,28.4,22.5,19.3,74.75,,2.666667,,4.28849755269
2016-04-05,3.6,8.2,0.4,27.5,22.16,19.1,77.0,,4.0,,4.3252920336
2016-04-06,,7.3,0.8,28.6,22.42,19.0,75.75,,3.333333,,4.19742734429
2016-04-07,3.3,9.6,0.0,30.0,23.46,18.9,65.75,,2.666667,,4.95666757977
2016-04-08,3.9,7.9,0.0,28.8,23.82,19.5,66.0,,3.333333,,4.70583305014
2016-04-09,3.7,7.9,0.0,29.2,24.58,19.7,63.25,,2.0,,4.42873134983
2016-04-10,3.8,6.9,0.0,29.2,23.1,19.1,65.25,,2.0,,4.1496118339
2016-04-11,4.0,7.4,0.0,28.4,22.62,18.9,66.5,,4.0,,4.65179025729
2016-04-12,3.9,3.3,0.0,24.8,21.48,19.2,87.75,,3.666667,,2.67719738688
2016-04-13,1.7,7.7,0.2,27.6,21.76,18.0,71.5,,4.333333,,4.39217581225
2016-04-14,3.6,3.7,0.2,25.0,19.86,17.2,75.5,,3.333333,,3.16472898173
2016-04-15,2.6,5.7,0.6,27.2,21.74,17.9,76.5,,3.0,,3.57451205049
2016-04-16,2.9,10.1,0.3,27.8,22.06,17.3,67.0,,4.333333,,4.9517804146
2016-04-17,5.0,10.3,0.0,28.2,23.1,18.7,55.25,,4.333333,,5.63360424643
2016-04-18,5.0,8.6,1.4,25.8,21.02,17.1,70.5,,5.0,,4.42515645505
2016-04-19,3.7,3.4,2.0,24.0,20.06,17.7,86.0,,4.0,,2.63602072378
2016-04-20,1.7,4.4,1.0,25.0,20.36,16.7,73.0,,3.666667,,3.36014218042
2016-04-21,3.9,10.0,0.0,28.2,21.58,16.6,59.5,,4.0,,5.12854125672
2016-04-22,4.1,10.3,0.0,28.4,21.98,17.7,60.5,,2.333333,,4.69322969426
2016-04-23,4.4,9.7,0.0,28.2,22.06,17.9,58.25,,3.0,,4.85137589784
2016-04-24,4.4,9.2,0.0,28.2,21.98,18.1,70.25,,3.0,,4.37677201839
2016-04-25,4.8,9.1,0.0,28.2,21.82,18.1,64.25,,3.0,,4.54043525341
2016-04-26,4.2,9.9,0.0,28.7,22.16,17.9,60.5,,2.666667,,4.70240062741
2016-04-27,4.1,9.5,0.0,29.8,22.3,16.3,61.5,,2.666667,,4.61769755969
2016-04-28,4.2,8.3,0.0,29.2,22.8,19.1,62.5,,2.666667,,4.43641151775
2016-04-29,4.3,9.0,0.0,28.6,22.66,18.5,62.75,45.0,4.0,,4.84570565397
2016-04-30,3.6,9.0,0.0,29.0,23.1,19.5,59.75,45.0,3.0,,4.72247123052
2016-05-01,4.0,10.7,0.0,30.6,23.66,17.9,56.5,,2.0,,4.74436131333
2016-05-02,4.8,9.6,0.0,28.4,22.5,18.2,63.0,,3.0,,4.57879961299
2016-05-03,4.8,1.2,0.1,23.4,20.38,18.7,87.5,,3.666667,,2.09742656545
2016-05-04,1.0,4.9,3.5,22.6,19.44,17.2,93.75,,4.0,,2.30929271075
2016-05-05,1.0,7.4,0.6,25.4,20.64,18.2,74.5,,3.666667,,3.69004857239
2016-05-06,2.9,9.5,0.0,28.0,21.54,17.3,67.75,,4.333333,,4.56036761571
2016-05-07,4.0,3.6,0.0,25.6,20.66,17.9,79.25,,5.0,,3.02499346268
2016-05-08,2.0,8.7,0.6,26.6,20.88,17.6,70.75,,4.0,,4.11666846924
2016-05-09,3.8,9.0,0.0,27.0,20.9,17.5,66.0,,4.0,,4.3838124903
2016-05-10,3.9,10.0,0.0,27.0,20.58,15.7,69.5,,3.333333,,4.16034651412
2016-05-11,3.3,6.7,0.0,28.6,21.48,17.7,71.5,,3.0,,3.70502555372
2016-05-12,3.0,7.7,0.0,28.2,21.44,17.9,68.0,,2.666667,,3.87057171393
2016-05-13,3.1,7.8,0.0,27.4,21.62,17.9,66.0,,3.0,,3.96858714478
2016-05-14,3.8,5.9,0.0,25.4,20.42,16.3,81.75,,4.0,,3.0151703482
2016-05-15,3.0,1.6,0.0,24.6,20.02,17.3,84.75,,4.0,,2.23751184075
2016-05-16,1.9,1.2,2.9,22.2,19.32,18.0,91.75,,3.666667,,1.77806257061
2016-05-17,1.0,6.6,0.0,27.0,20.68,17.2,81.75,,3.0,,3.1467039029
2016-05-18,1.7,7.5,0.0,28.4,21.08,17.8,74.25,,3.0,,3.65182208109
2016-05-19,3.3,5.8,0.0,26.0,20.74,17.2,72.0,,4.333333,,3.5358954828
2016-05-20,3.5,8.4,0.0,25.4,20.54,15.9,74.75,,5.0,,3.71765621356
2016-05-21,3.3,6.1,0.2,26.4,20.62,17.5,78.5,,3.333333,,3.16479778143
2016-05-22,2.8,9.7,0.0,27.2,21.38,17.7,65.25,,3.0,,4.14595555494
2016-05-23,4.4,9.0,0.0,30.0,22.56,18.1,61.75,,2.666667,,4.26880781555
2016-05-24,4.3,5.8,0.0,27.6,21.58,19.3,82.0,,4.0,,3.14671996002
2016-05-25,2.3,2.9,2.6,23.2,19.32,17.8,89.0,,4.0,,2.12772307437
2016-05-26,1.7,1.5,0.5,23.2,19.24,16.8,81.75,,3.666667,,2.21468646486
2016-05-27,2.3,7.3,0.0,27.4,20.38,16.5,72.75,,2.666667,,3.4145097693
2016-05-28,2.9,1.3,0.0,22.8,19.18,16.1,86.75,,4.333333,,1.96102681224
2016-05-29,1.2,1.4,0.8,24.4,19.42,17.3,88.75,,4.333333,,1.95212045328
2016-05-30,2.1,6.4,0.0,26.0,21.04,17.5,76.25,59.0,3.0,,3.15877114098
2016-05-31,2.4,7.6,0.0,27.8,20.86,17.2,78.5,56.0,3.0,,3.34663791084
2016-06-01,2.7,8.5,0.0,28.2,20.96,18.0,66.25,,3.0,,3.9435753637
2016-06-02,4.3,9.8,0.0,28.4,21.06,15.4,60.0,,2.666667,,4.11542116577
2016-06-03,4.3,4.8,0.0,30.6,21.1,14.7,64.0,,2.0,,3.19929608279
2016-06-04,5.2,5.5,0.0,30.4,21.7,17.3,74.75,,4.666667,,3.61865945613
2016-06-05,4.5,9.8,0.0,28.6,22.26,17.5,67.75,,2.0,,3.80029508802
2016-06-06,3.0,6.4,0.0,30.2,22.84,18.5,64.75,,2.666667,,3.71582983741
2016-06-07,4.4,8.2,0.0,31.6,21.02,16.2,84.75,,3.333333,,3.41126052803
2016-06-08,5.3,8.1,0.0,31.6,24.14,17.4,54.75,,2.666667,,4.32569353674
2016-06-09,5.5,9.9,0.0,27.8,21.92,18.3,69.5,,2.333333,,3.81839214519
2016-06-10,3.3,9.4,0.0,27.2,21.5,17.7,67.25,,3.333333,,3.97932108115
2016-06-11,3.6,8.6,0.0,29.6,21.78,17.3,69.75,,2.0,,3.61015633474
2016-06-12,3.4,8.4,0.0,28.8,21.24,17.8,69.5,,3.666667,,3.95397992908
2016-06-13,4.0,5.2,0.0,25.0,19.94,16.6,76.25,,2.8,,2.81940535312
2016-06-14,2.7,0.0,2.2,19.2,16.92,16.0,94.5,,3.666667,,1.30113423299
2016-06-15,0.5,1.1,1.1,21.4,17.88,15.2,85.0,,2.8,,1.81199372354
2016-06-16,1.6,8.6,0.0,25.8,18.46,14.8,72.75,,3.666667,,3.49434305675
2016-06-17,3.0,10.3,0.0,26.2,19.5,14.1,67.75,,3.666667,,3.89558370771
2016-06-18,3.5,6.6,0.0,22.2,19.22,16.5,81.75,,3.666667,,2.73851580323
2016-06-19,1.8,3.1,0.6,24.0,19.14,16.7,87.5,,4.0,,2.15220698968
2016-06-20,1.2,3.0,0.7,22.4,18.5,16.1,86.0,,3.333333,,2.09951852467
2016-06-21,1.6,7.6,0.0,24.0,18.38,14.5,76.0,,3.666667,,3.10858617042
2016-06-22,3.6,5.9,0.0,24.0,18.68,15.0,75.5,,4.0,,2.98851797644
2016-06-23,3.1,6.2,0.1,24.5,19.0,16.2,75.5,,3.333333,,3.00689266003
2016-06-24,2.3,8.5,0.0,25.2,18.42,14.9,74.0,,4.333333,,3.48006883783
2016-06-25,4.0,5.5,0.2,25.4,19.18,15.5,76.75,,5.0,,3.10785503193
2016-06-26,3.1,4.9,0.0,21.4,17.58,15.5,87.0,,5.0,,2.27462046696
2016-06-27,2.2,5.8,0.3,24.6,18.68,14.9,73.5,,4.333333,,3.15263377532
2016-06-28,4.0,8.6,0.0,23.2,18.26,15.1,75.5,,4.333333,,3.29768434084
2016-06-29,3.7,4.6,7.8,22.0,17.84,15.3,83.75,64.0,4.666667,,2.42006444655
2016-06-30,1.3,4.9,3.3,23.2,17.96,15.2,87.25,62.0,4.333333,,2.32873579306
2016-07-01,1.4,5.6,5.7,23.8,18.54,15.9,78.0,,4.333333,,2.91092903165
2016-07-02,1.6,8.4,1.4,23.4,18.3,15.3,84.25,,3.666667,,2.89803833838
2016-07-03,2.8,8.0,0.8,22.6,18.5,15.5,80.25,,3.333333,,2.94703645419
2016-07-04,2.1,7.1,1.2,23.8,18.42,14.9,86.5,,4.333333,,2.66461549083
2016-07-05,2.6,5.0,0.0,21.2,18.14,16.1,88.75,,4.0,,2.22663787545
2016-07-06,1.0,7.4,2.2,23.6,18.08,15.1,80.5,,3.0,,2.89148789609
2016-07-07,2.5,7.5,0.0,25.6,19.12,15.4,75.5,,3.0,,3.20106905756
2016-07-08,2.7,9.9,0.0,27.6,20.5,15.9,62.75,,2.0,,3.78368247174
2016-07-09,5.4,8.8,0.0,24.4,19.34,16.1,78.0,,2.333333,,3.19093337671
2016-07-10,2.8,0.1,2.2,19.6,17.5,16.1,93.0,,2.666667,,1.41314273847
2016-07-11,1.0,8.2,0.2,25.4,18.68,15.2,76.75,,3.333333,,3.29485710602
2016-07-12,2.8,7.2,0.0,25.4,19.28,16.2,71.25,,3.333333,,3.4109185294
2016-07-13,2.3,6.1,0.0,24.8,18.52,15.8,75.0,,3.666667,,3.12935022879
2016-07-14,2.6,6.6,0.0,25.0,18.46,15.2,72.75,,2.666667,,3.11207701264
2016-07-15,3.0,6.0,0.0,23.4,18.54,16.1,69.5,,2.666667,,3.07866696646
2016-07-16,2.0,7.8,0.0,25.6,19.06,14.7,72.5,,2.666667,,3.31397415728
2016-07-17,3.4,8.7,0.1,29.2,20.14,13.9,56.75,,2.0,,3.85523296234
2016-07-18,4.2,10.5,0.0,29.4,21.0,14.2,55.25,,2.666667,,4.44819188752
2016-07-19,5.2,8.7,0.0,25.6,19.18,14.0,70.0,,3.666667,,3.6891871506
2016-07-20,3.3,6.3,0.0,24.4,19.2,16.4,74.5,,3.666667,,3.22049076797
2016-07-21,2.4,10.3,0.0,26.0,19.62,15.2,67.25,,3.333333,,4.03374215946
2016-07-22,4.0,10.3,0.0,25.6,18.98,14.1,60.75,,3.333333,,4.18625398587
2016-07-23,4.0,9.1,0.0,24.8,18.66,15.3,74.75,,3.0,,3.50679546631
2016-07-24,3.6,9.1,0.6,24.2,18.62,16.1,77.25,,3.666667,,3.49349829129
2016-07-25,3.6,7.0,0.0,23.6,18.68,15.5,77.25,,4.666667,,3.2506580034
2016-07-26,2.8,5.7,4.4,22.4,17.3,15.3,86.25,,4.333333,,2.56893664688
2016-07-27,1.6,4.0,1.4,21.8,16.62,13.5,85.5,,4.0,,2.29645019602
2016-07-28,1.2,8.1,0.5,24.6,18.54,15.3,66.75,,3.666667,,3.80260158563
2016-07-29,4.1,9.5,0.0,24.2,18.22,14.5,72.5,,3.666667,,3.70845181305
2016-07-30,3.4,6.0,0.0,22.6,17.66,14.7,81.0,65.0,5.0,,2.90452730038
2016-07-31,4.2,1.2,0.3,20.0,17.1,15.1,88.5,81.0,5.0,,1.82797473309
2016-08-01,1.3,0.5,0.7,20.4,16.7,13.5,90.5,,3.666667,,1.60846319917
2016-08-02,1.0,8.6,0.4,23.5,18.04,14.5,78.25,,4.666667,,3.42681234205
2016-08-03,2.9,8.0,0.0,24.3,18.72,15.7,68.5,,4.0,,3.8381429055
2016-08-04,4.0,9.8,0.0,24.6,18.3,14.3,64.75,,4.0,,4.19840826061
2016-08-05,4.4,3.6,0.4,21.6,17.7,15.5,91.0,,4.333333,,2.11196585551
2016-08-06,1.3,9.9,0.5,25.2,18.82,15.7,75.75,,3.333333,,3.8329894684
2016-08-07,3.0,9.2,0.0,25.4,19.1,14.9,61.25,,2.0,,3.8531054459
2016-08-08,3.8,10.0,0.0,26.4,20.06,15.3,61.25,,2.666667,,4.27138824758
2016-08-09,4.1,10.3,0.0,27.2,19.8,14.3,60.25,,3.333333,,4.57397342101
2016-08-10,4.1,7.6,0.0,27.4,19.58,14.3,66.25,,3.333333,,3.99670822562
2016-08-11,3.7,9.1,0.0,28.4,21.04,16.6,62.75,,3.0,,4.44440032055
2016-08-12,4.1,8.7,0.0,26.6,20.02,16.5,72.0,,3.333333,,4.00250862187
2016-08-13,3.9,8.5,0.0,25.4,19.78,15.7,79.25,,3.666667,,3.61909232374
2016-08-14,3.8,8.7,0.0,27.4,20.26,15.3,67.0,,2.666667,,4.07364343508
2016-08-15,3.8,9.9,0.0,28.2,20.76,15.3,61.25,,3.666667,,4.79064900296
2016-08-16,4.0,9.1,0.0,31.0,22.3,15.9,52.25,,2.333333,,4.75032363305
2016-08-17,5.6,9.0,0.0,29.2,22.02,17.2,61.75,,3.0,,4.63689984522
2016-08-18,4.5,8.7,0.0,29.6,21.78,17.1,62.0,,3.666667,,4.82375856997
2016-08-19,4.9,8.6,0.0,25.0,19.94,16.3,68.0,,5.0,,4.37405670438
2016-08-20,4.0,9.5,0.0,27.6,20.94,16.5,61.75,,2.0,,4.29754313544
2016-08-21,4.6,10.6,0.0,28.6,20.86,17.3,51.5,,2.0,,4.78322268812
2016-08-22,5.3,10.8,0.0,31.8,22.32,14.2,53.5,,3.0,,5.410626889
2016-08-23,6.4,6.3,0.0,24.6,19.86,16.9,78.0,,4.666667,,3.52174657654
2016-08-24,2.3,2.7,0.7,20.0,17.88,16.2,94.75,,3.666667,,1.94678686537
2016-08-25,0.7,0.4,12.0,19.4,17.2,15.9,93.0,,4.0,,1.63727252507
2016-08-26,0.9,8.9,2.0,25.2,18.66,13.9,78.5,,5.0,,3.84368305084
2016-08-27,3.0,5.8,6.4,23.4,18.7,16.7,89.75,,4.0,,2.82511649759
2016-08-28,1.2,7.2,6.2,23.2,17.54,15.1,75.75,,3.333333,,3.52986448219
2016-08-29,3.0,8.7,0.6,25.2,18.9,15.1,81.25,,3.333333,,3.72105304747
2016-08-30,2.6,8.0,0.0,26.0,19.82,17.0,77.25,52.0,3.333333,,3.90320822342
2016-08-31,3.0,6.7,0.6,25.0,19.42,16.9,76.5,52.0,3.333333,,3.64629826262
2016-09-01,3.2,8.0,0.0,25.0,19.48,16.3,73.25,,4.333333,,4.08759439893
2016-09-02,3.4,6.4,0.5,23.2,18.5,16.3,79.25,,4.333333,,3.4370727041
2016-09-03,2.4,5.6,0.7,23.6,18.28,15.5,82.75,,4.0,,3.13333756891
2016-09-04,1.5,9.5,2.4,25.0,18.94,14.7,73.5,,4.333333,,4.26727176933
2016-09-05,3.4,4.4,3.0,22.6,18.64,16.2,85.0,,4.0,,2.8281431493
2016-09-06,2.1,8.3,0.4,25.2,18.98,15.5,74.0,,4.0,,4.10037873049
2016-09-07,3.3,10.0,0.0,25.8,19.7,15.6,69.25,,3.666667,,4.60521518662
2016-09-08,3.6,3.6,0.0,23.4,18.56,16.3,77.75,,3.666667,,3.06008943859
2016-09-09,2.2,8.0,0.0,25.6,18.94,13.9,69.5,,2.666667,,4.03003880036
2016-09-10,3.4,10.4,0.0,25.2,19.34,15.3,69.75,,4.0,,4.66333678983
2016-09-11,4.3,5.9,0.3,23.4,18.42,15.1,83.25,,5.0,,3.22048188918
2016-09-12,2.9,7.7,0.4,26.8,19.76,15.6,68.0,,3.0,,4.27926396463
2016-09-13,3.9,10.7,0.0,26.2,19.9,14.9,61.75,,3.666667,,5.08442050097
2016-09-14,4.9,9.0,0.0,27.4,20.24,15.4,73.0,,4.0,,4.52892238238
2016-09-15,4.0,8.4,0.0,27.8,20.56,15.3,63.25,,3.0,,4.6652651195
2016-09-16,3.9,6.6,0.0,26.2,20.1,15.9,73.5,,3.666667,,3.98684634869
2016-09-17,3.1,10.3,0.0,28.1,21.84,17.3,70.5,,5.0,,5.20023262917
2016-09-18,3.8,8.9,0.0,26.4,20.1,16.7,67.0,,3.333333,,4.6791216242
2016-09-19,4.5,9.2,0.0,28.4,20.82,15.3,56.0,,3.333333,,5.25625452534
2016-09-20,5.0,10.7,0.0,30.6,22.2,15.4,50.25,,3.0,,5.83335120948
2016-09-21,5.4,6.5,0.0,31.8,23.72,17.6,59.5,,2.666667,,4.79814444691
2016-09-22,4.0,2.4,0.2,25.6,20.42,17.9,77.5,,4.0,,3.16214692501
2016-09-23,3.1,0.7,0.4,24.0,19.74,16.7,86.5,,4.0,,2.30297388119
2016-09-24,1.8,5.2,1.4,25.4,19.98,17.1,80.0,,3.666667,,3.51409628339
2016-09-25,2.4,7.4,0.0,28.6,22.02,17.5,61.75,,3.333333,,4.88517139498
2016-09-26,4.0,4.4,0.0,27.0,21.02,17.6,86.25,,3.0,,3.19498929277
2016-09-27,2.0,0.0,23.2,21.4,19.42,18.1,87.75,,2.333333,,2.03159356828
2016-09-28,1.0,2.5,0.6,24.4,19.78,17.3,85.25,,3.333333,,2.73540863882
2016-09-29,1.6,4.2,1.3,25.2,20.36,17.3,85.0,64.0,3.666667,,3.13229943732
2016-09-30,3.2,5.6,0.2,27.6,22.22,17.9,68.25,48.0,4.333333,,4.45882238713
2016-10-01,3.3,4.1,0.0,27.4,22.46,18.9,73.75,,5.0,,4.01630346899
2016-10-02,3.6,9.6,0.0,28.2,21.7,17.5,64.75,,3.666667,,5.29321820789
2016-10-03,4.9,8.4,0.0,28.4,21.46,17.1,72.25,,3.333333,,4.70620092085
2016-10-04,4.4,8.3,0.0,29.9,22.68,17.3,59.5,,3.333333,,5.32594428741
2016-10-05,4.6,6.7,0.0,29.9,23.66,17.9,61.25,,2.666667,,4.7573008322
2016-10-06,3.7,3.8,0.0,29.0,23.26,19.8,80.25,,3.0,,3.53761547668
2016-10-07,1.9,4.0,11.0,29.4,22.98,20.3,80.0,,2.0,,3.52176254013
2016-10-08,2.4,1.4,6.2,25.2,21.1,19.7,88.0,,3.666667,,2.55131420142
2016-10-09,1.6,7.8,10.2,27.6,22.1,18.7,71.0,,4.0,,4.78725787152
2016-10-10,3.8,10.3,0.0,27.0,21.2,17.2,69.0,,3.666667,,5.18844712871
2016-10-11,4.6,5.6,0.0,24.8,20.58,17.8,72.5,,4.666667,,4.13074864979
2016-10-12,3.6,7.9,4.6,26.2,20.08,16.1,82.25,,5.0,,4.07141051796
2016-10-13,2.8,10.0,0.4,27.5,21.34,17.1,68.25,,5.0,,5.40631075543
2016-10-14,4.4,8.1,0.0,26.2,20.54,16.9,77.5,,4.0,,4.36949413517
2016-10-15,3.1,8.2,0.0,26.4,20.7,17.1,63.0,,3.333333,,4.92182440886
2016-10-16,4.0,9.8,0.0,26.6,21.1,16.7,71.25,,4.0,,5.00689850942
2016-10-17,4.5,10.1,0.4,27.8,21.4,17.0,68.25,,3.0,,5.17588859777
2016-10-18,4.4,9.9,0.0,28.2,22.24,17.6,64.0,,3.666667,,5.48847006325
2016-10-19,4.3,11.4,0.0,28.0,22.2,16.7,65.5,,3.0,,5.53987081248
2016-10-20,4.0,9.9,0.0,27.2,21.22,17.1,67.25,,3.0,,5.13407353996
2016-10-21,3.3,10.0,0.0,28.8,22.38,17.3,65.25,,3.333333,,5.44523256827
2016-10-22,4.4,8.6,0.0,29.0,22.78,18.5,63.0,,3.666667,,5.40944988076
2016-10-23,5.2,6.3,0.2,27.4,21.34,18.7,82.75,,3.666667,,3.960224019
2016-10-24,3.9,10.8,0.0,28.8,22.14,16.1,54.5,,3.666667,,6.0442595817
2016-10-25,5.2,10.1,0.0,29.8,22.4,16.2,53.75,,3.333333,,5.945171443
2016-10-26,5.8,10.4,0.0,29.4,22.6,17.2,54.75,,3.0,,5.86404589111
2016-10-27,5.3,10.7,0.0,30.0,22.72,16.9,54.75,,3.0,,5.97315776429
2016-10-28,5.6,8.9,0.0,33.0,24.58,16.9,50.75,,2.0,,5.55249210947
2016-10-29,5.4,10.5,0.0,29.2,23.22,18.5,57.75,,3.333333,,5.94936223916
2016-10-30,4.6,9.5,0.2,28.6,22.38,17.9,58.25,45.0,4.666667,,6.00928498228
2016-10-31,4.9,9.5,0.0,29.0,22.24,17.1,59.25,37.0,4.0,,5.78771165623
2016-11-01,5.6,9.2,0.0,29.4,22.5,17.3,61.75,,5.0,,5.90170485988
2016-11-02,5.9,9.8,0.0,29.2,22.34,17.3,59.75,,5.666667,,6.25610762172
2016-11-03,6.1,9.4,0.0,28.4,21.8,16.8,60.25,,4.666667,,5.80949093121
2016-11-04,5.6,10.4,0.0,29.4,22.26,16.5,61.5,,4.666667,,6.02870674913
2016-11-05,5.3,7.5,1.0,25.6,21.3,17.7,71.0,,5.0,,4.72224370629
2016-11-06,3.6,8.7,0.0,28.4,21.86,16.9,65.75,,2.666667,,5.00234527071
2016-11-07,5.3,8.5,0.0,27.6,21.28,16.6,64.5,,4.0,,5.20412343527
2016-11-08,4.3,5.9,0.0,28.4,21.8,17.2,61.25,,3.333333,,4.77087693384
2016-11-09,4.6,6.1,0.0,26.8,21.9,17.9,63.0,,4.0,,4.81145153755
2016-11-10,4.0,3.9,0.0,27.6,22.44,18.6,68.0,,3.333333,,4.08514517029
2016-11-11,3.5,2.7,0.0,27.2,22.3,18.9,70.0,,3.666667,,3.80889284507
2016-11-12,2.8,2.4,0.0,27.2,22.38,19.3,73.0,,4.333333,,3.73767550221
2016-11-13,2.6,0.0,0.5,25.6,20.66,18.7,83.25,,3.666667,,2.53662227689
2016-11-14,1.6,3.6,1.9,26.6,22.42,18.7,80.5,,3.0,,3.41576123172
2016-11-15,2.1,3.6,2.4,27.8,21.3,18.7,83.25,,3.0,,3.37136069826
2016-11-16,2.4,0.0,35.0,25.0,21.0,19.2,92.5,,2.666667,,2.10553503171
2016-11-17,0.7,3.2,10.0,25.8,21.74,18.9,85.5,,3.333333,,3.11593240051
2016-11-18,1.4,3.6,0.0,26.4,22.3,20.1,81.0,,3.333333,,3.46773223861
2016-11-19,2.0,4.2,0.0,28.4,22.54,19.3,80.5,,3.0,,3.67090794782
2016-11-20,1.0,0.0,3.2,22.8,20.02,18.1,91.0,,3.0,,2.07586537607
2016-11-21,1.0,3.3,3.7,23.8,19.64,16.8,89.0,,3.666667,,2.82069149312
2016-11-22,1.2,8.4,0.6,28.4,21.52,17.8,70.25,,3.0,,4.9122060688
2016-11-23,3.7,8.0,0.0,28.8,21.88,17.0,73.25,,3.0,,4.71483449305
2016-11-24,3.2,11.9,0.0,31.0,23.84,19.1,64.0,,3.0,,6.19092559737
2016-11-25,4.6,11.8,0.0,29.4,23.1,18.5,60.5,,3.0,,6.08059036804
2016-11-26,5.4,12.1,0.0,28.6,22.02,16.5,57.5,,3.666667,,6.21750449561
2016-11-27,5.2,11.8,0.0,29.2,22.1,16.5,56.0,,3.0,,6.08576161401
2016-11-28,5.2,11.7,0.0,30.0,22.5,17.7,55.75,,3.333333,,6.32917001228
2016-11-29,5.5,11.5,0.0,31.6,24.24,17.5,48.75,33.0,3.0,,6.55574287593
2016-11-30,6.1,11.6,0.0,32.2,24.94,18.3,53.25,39.0,3.0,,6.54399288252
2016-12-01,5.7,10.7,0.0,29.6,22.84,17.6,61.25,,3.666667,,5.96525633406
2016-12-02,4.5,9.5,0.0,29.6,23.74,19.3,64.0,,4.666667,,5.91885448321
2016-12-03,4.4,7.8,0.0,30.2,23.74,19.5,62.0,,2.333333,,5.09362818165
2016-12-04,4.0,7.3,0.0,29.6,22.9,19.1,69.75,,2.0,,4.64016418266
2016-12-05,4.4,11.1,0.0,33.0,26.16,20.0,50.0,,2.0,,6.21307482412
2016-12-06,6.0,10.4,0.0,31.6,25.72,20.3,54.75,,2.666667,,6.14563389913
2016-12-07,5.2,9.5,0.0,32.8,26.24,20.2,50.75,,2.666667,,6.16769626694
2016-12-08,6.5,6.9,0.0,31.8,23.26,19.6,68.75,,3.0,,4.98872204525
2016-12-09,3.4,7.3,22.0,29.4,23.14,18.9,66.75,,3.0,,4.93071440811
2016-12-10,3.8,9.0,0.0,30.4,22.98,17.9,56.75,,2.0,,5.30840696104
2016-12-11,3.8,7.3,0.0,30.8,23.18,19.3,61.75,,3.0,,5.24271712888
2016-12-12,3.5,8.6,0.0,31.6,22.32,19.0,88.75,,3.0,,4.60968605782
2016-12-13,5.4,5.8,0.0,27.0,22.86,19.5,67.5,,4.0,,4.64527726243
2016-12-14,4.2,11.7,0.0,30.2,23.72,19.3,50.5,,3.0,,6.48681543063
2016-12-15,5.7,7.3,0.0,29.4,22.94,18.3,59.75,,3.0,,5.15355648055
2016-12-16,4.3,5.2,0.0,31.4,22.46,18.7,72.75,,3.1,,4.39417156693
2016-12-17,4.7,11.3,0.0,29.2,21.06,16.5,68.25,,3.666667,,5.70213250842
2016-12-18,4.6,3.2,0.0,25.8,21.5,17.3,66.0,,3.666667,,3.95241382114
2016-12-19,4.4,8.0,0.0,28.2,20.76,17.4,74.5,,3.666667,,4.71756161115
2016-12-20,4.2,7.1,12.6,25.4,21.2,17.3,74.0,,4.333333,,4.39971778666
2016-12-21,3.3,7.7,0.0,27.8,21.98,17.9,68.0,,4.666667,,5.09821113628
2016-12-22,4.1,7.6,1.0,26.8,21.46,18.1,75.5,,5.333333,,4.65407467267
2016-12-23,3.1,7.9,0.0,28.6,23.34,17.9,58.0,43.0,3.0,,5.25520313212
2016-12-24,4.2,8.9,1.4,26.6,22.26,18.3,71.25,,3.666667,,4.9575467895
2016-12-25,3.6,11.4,0.0,27.0,21.42,17.7,57.5,,3.0,,5.81667412727
2016-12-26,5.6,7.7,0.0,29.4,22.58,18.4,65.25,,3.333333,,5.13405860212
2016-12-27,4.2,6.6,0.0,29.6,23.0,18.3,64.0,,3.666667,,5.05209631642
2016-12-28,5.1,2.8,0.0,26.8,22.32,17.9,60.5,,4.666667,,4.51121688338
2016-12-29,4.3,2.3,0.0,26.4,21.86,18.7,66.0,,4.333333,,4.03481483624
2016-12-30,4.2,6.4,0.0,28.2,22.78,18.1,59.0,,3.666667,,5.10499423659
2016-12-31,5.4,8.5,0.0,30.2,23.3,17.9,55.75,,3.666667,,5.84031690524
2017-01-01,5.0,10.5,0.0,30.6,23.58,18.5,59.0,40.0,3.666667,,6.18320536455
2017-01-02,5.7,9.8,0.0,32.6,24.48,17.5,51.5,32.0,3.0,,6.24071996188
2017-01-03,5.5,10.3,0.0,31.4,24.36,18.5,52.5,33.0,3.0,,6.23272711333
2017-01-04,6.1,11.3,0.0,30.6,23.56,17.8,54.5,36.0,3.0,,6.26067836664
2017-01-05,5.6,8.1,0.0,30.6,23.48,18.6,55.75,41.0,3.666667,,5.83659285439
2017-01-06,5.9,7.2,0.0,27.2,22.3,18.4,55.5,45.0,3.666667,,5.34066168758
2017-01-07,5.2,11.9,0.0,29.2,22.72,17.0,60.75,43.0,3.333333,,6.08830166428
2017-01-08,5.7,11.2,0.0,29.4,22.6,16.5,60.5,46.0,3.666667,,6.03178372624
2017-01-09,5.9,10.4,0.0,30.2,23.38,16.4,54.75,39.0,3.333333,,6.07866213616
2017-01-10,5.4,8.5,0.0,32.0,24.2,18.6,59.5,38.0,3.333333,,5.79288712303
2017-01-11,5.0,8.1,6.6,30.4,24.3,19.5,59.25,43.0,3.666667,,5.71408265066
2017-01-12,4.5,7.0,0.0,29.8,23.96,20.0,62.0,45.0,3.0,,5.13532688424
2017-01-13,4.0,9.0,0.0,30.6,24.3,20.0,58.25,42.0,3.666667,,5.99306857995
2017-01-14,5.9,10.3,0.0,31.6,24.32,19.0,55.0,39.0,3.0,,6.20815178579
2017-01-15,5.6,10.7,0.0,29.4,23.42,18.7,63.75,50.0,3.333333,,5.85842104547
2017-01-16,4.8,7.7,0.0,29.2,22.92,18.3,57.5,42.0,2.666667,,5.20135470269
2017-01-17,5.6,10.6,0.0,31.2,23.44,16.9,56.0,30.0,4.0,,6.43259205086
2017-01-18,5.7,6.9,0.0,31.4,23.54,18.0,60.75,39.0,2.666667,,5.09527035012
2017-01-19,5.7,7.1,0.0,29.4,23.38,18.9,63.25,48.0,3.666667,,5.21405070475
2017-01-20,4.9,11.1,0.0,29.6,22.6,16.6,59.75,42.0,3.333333,,5.99396434992
2017-01-21,5.0,8.6,0.0,30.2,22.96,17.3,59.0,41.0,2.666667,,5.39125294105
2017-01-22,4.7,10.3,0.0,30.8,23.86,18.3,61.25,38.0,2.0,,5.59701012141
2017-01-23,5.2,8.6,0.0,30.4,23.78,18.5,54.5,40.0,3.666667,,5.97839377325
2017-01-24,5.0,3.0,0.0,28.8,22.82,18.5,65.25,46.0,3.0,,4.01551711427
2017-01-25,4.0,7.1,0.0,30.4,23.46,18.7,59.5,42.0,3.333333,,5.35492306433
2017-01-26,4.9,11.9,0.0,30.8,23.78,18.1,52.25,40.0,2.0,,6.10109584326
2017-01-27,4.9,10.6,0.0,30.6,23.62,17.5,51.5,39.0,2.666667,,6.07529683482
2017-01-28,5.4,9.1,0.0,30.2,23.82,18.9,58.0,43.0,3.666667,,5.93353893857
2017-01-29,6.4,11.6,0.0,29.6,23.74,17.9,54.25,43.0,2.666667,,6.13260565168
2017-01-30,5.2,5.9,0.0,30.0,22.66,17.7,63.25,41.0,3.666667,,4.96199912714
2017-01-31,4.7,8.6,0.0,31.4,23.42,18.1,55.5,37.0,2.0,,5.36159352602
2017-02-01,6.0,6.5,0.0,30.4,24.02,18.7,55.75,41.0,2.666667,,5.11456036762
2017-02-02,5.0,0.7,0.0,30.0,24.02,18.5,62.0,47.0,2.0,,3.32426221663
2017-02-03,4.2,9.0,0.0,30.4,23.98,18.9,57.0,45.0,3.0,,5.7454655595
2017-02-04,4.6,9.3,0.0,31.2,24.42,18.1,51.75,39.0,3.0,,6.02225859124
2017-02-05,6.5,6.2,0.0,29.2,23.34,18.7,61.75,50.0,2.0,,4.54240256726
2017-02-06,4.8,8.9,0.0,31.5,24.12,18.5,60.0,41.0,2.666667,,5.5926718696
2017-02-07,5.6,5.0,0.0,29.8,23.66,19.7,67.0,51.0,2.0,,4.21249561929
2017-02-08,4.0,7.3,0.0,31.0,24.62,20.3,57.5,42.0,2.333333,,5.21038908243
2017-02-09,4.9,5.9,0.0,31.2,24.46,20.1,56.5,43.0,3.0,,5.20601850193
2017-02-10,5.2,1.8,0.0,30.0,22.9,18.3,67.75,58.0,4.333333,,4.06206849438
2017-02-11,3.8,5.3,0.3,29.2,22.74,18.5,64.75,41.0,3.666667,,4.72316507144
2017-02-12,5.0,3.4,0.0,25.8,21.82,17.3,61.25,54.0,3.666667,,4.19755660493
2017-02-13,4.0,3.2,0.4,25.4,21.14,17.5,69.75,57.0,4.666667,,3.93876634991
2017-02-14,4.1,0.2,0.0,24.0,20.86,17.9,64.75,58.0,4.0,,3.4312440208
2017-02-15,4.6,1.4,0.2,25.8,21.5,17.9,68.25,47.0,4.333333,,3.65698144799
2017-02-16,4.4,6.3,0.4,28.6,22.42,17.7,61.75,42.0,3.666667,,4.96755144535
2017-02-17,6.0,9.4,0.0,30.6,23.18,17.5,54.0,37.0,3.0,,5.85346343906
2017-02-18,6.8,10.6,0.0,30.4,22.7,19.1,62.25,41.0,1.666667,,5.51752315975
2017-02-19,5.3,11.6,0.0,29.6,24.1,18.7,47.5,38.0,2.666667,,6.29865801533
2017-02-20,7.0,10.7,0.0,30.0,23.5,17.7,59.0,36.0,4.666667,,6.35840843784
2017-02-21,6.1,5.9,0.2,30.0,22.06,18.5,73.5,46.0,4.666667,,4.63412713883
2017-02-22,3.2,7.4,11.4,28.7,22.14,17.5,68.75,48.0,4.333333,,4.98280387039
2017-02-23,4.1,8.8,0.0,29.6,22.56,17.6,63.75,44.0,3.333333,,5.37071880048
2017-02-24,4.7,7.9,0.0,29.5,23.52,19.1,63.25,47.0,4.0,,5.43176106436
2017-02-25,4.4,11.0,0.0,30.4,23.86,19.3,55.75,39.0,3.333333,,6.28085348537
2017-02-26,5.2,2.3,0.0,30.2,23.86,18.9,53.0,38.0,2.0,,3.90804285397
2017-02-27,4.0,11.1,0.0,31.8,24.18,17.9,59.5,31.0,3.333333,,6.23145777062
2017-02-28,6.2,7.7,0.8,31.6,24.44,20.0,63.5,41.0,3.0,,5.31589401877
2017-03-01,4.5,5.1,0.8,29.7,23.4,19.0,73.0,,3.0,,4.18300909496
2017-03-02,4.3,7.9,0.0,29.9,23.42,19.1,61.25,,3.666667,,5.43954249621
2017-03-03,5.9,10.9,0.0,30.6,23.28,17.2,53.0,,3.333333,,6.22971571458
2017-03-04,6.6,10.6,0.0,30.6,23.54,18.3,57.5,,3.0,,5.94799032849
2017-03-05,6.2,10.8,0.0,31.6,24.28,17.8,52.5,35.0,2.333333,,5.93217906549
2017-03-06,5.6,11.3,0.0,32.4,24.78,18.1,48.5,,3.666667,,6.84347086755
2017-03-07,6.9,10.5,0.0,32.4,24.42,17.1,52.0,,3.0,,6.21040019763
2017-03-08,6.5,5.5,0.0,29.8,23.4,19.4,57.5,,3.0,,4.83840659352
2017-03-09,5.5,7.4,0.0,28.8,22.8,18.1,55.5,,3.0,,5.15136401346
2017-03-10,5.3,10.0,0.0,30.6,23.16,18.2,61.0,,3.666667,,5.84555323987
2017-03-11,6.2,7.1,2.2,27.4,21.7,18.1,74.75,,3.0,,4.29901958051
2017-03-12,2.8,7.4,0.2,28.4,22.54,18.1,66.0,,3.666667,,4.88498971599
2017-03-13,4.3,7.1,0.0,29.4,23.34,18.2,60.25,,3.666667,,5.15836920051
2017-03-14,4.7,3.7,0.0,28.4,22.96,19.1,61.75,,3.333333,,4.26949537419
2017-03-15,4.5,7.6,0.0,29.3,22.84,17.6,58.0,,3.0,,5.0772141368
2017-03-16,4.8,6.9,0.0,29.6,23.58,18.6,61.5,,4.0,,5.17217090789
2017-03-17,5.3,5.3,0.0,28.6,22.22,19.7,77.25,,4.666667,,4.11618156544
2017-03-18,2.8,4.2,7.4,27.2,22.38,19.3,79.5,,3.0,,3.49598654533
2017-03-19,1.8,8.1,2.8,28.8,23.98,19.9,68.0,,2.0,,4.63607575581
2017-03-20,3.9,6.0,0.0,28.6,22.88,19.1,68.25,,3.333333,,4.43178045906
2017-03-21,3.5,9.8,0.0,30.8,23.64,18.1,59.75,,3.333333,,5.66116055747
2017-03-22,5.0,6.4,0.0,29.8,22.9,18.5,70.0,,3.666667,,4.55591036342
2017-03-23,4.3,6.7,0.0,27.8,22.84,19.1,68.0,,3.333333,,4.49638928689
2017-03-24,4.0,8.2,0.0,28.4,22.22,17.7,67.5,,3.333333,,4.78154802665
2017-03-25,5.1,10.9,0.0,30.6,24.1,19.1,59.0,,2.0,,5.43830453144
2017-03-26,4.3,7.1,0.0,31.6,24.66,20.1,59.0,,2.0,,4.72921705857
2017-03-27,4.2,10.1,0.0,32.6,24.34,18.7,56.5,,2.333333,,5.5795275036
2017-03-28,5.3,10.1,0.0,32.4,25.4,18.3,53.5,,2.666667,,5.75009735477
2017-03-29,6.0,2.1,21.0,25.7,21.86,19.6,88.5,,2.666667,,2.56081581879
2017-03-30,1.3,0.0,20.6,22.6,20.7,19.5,92.75,,3.0,,1.86939045107
2017-03-31,0.5,4.8,18.8,28.0,22.06,19.1,84.5,,2.666667,,3.34597199897
2017-04-01,1.8,0.7,14.2,23.4,20.14,18.1,92.0,86.0,3.0,,2.01355359904
2017-04-02,0.6,0.0,101.8,23.2,19.82,17.5,91.75,84.0,2.666667,,1.864032084
2017-04-03,0.5,2.2,2.0,25.2,21.0,19.0,86.25,72.0,3.0,,2.60120513214
2017-04-04,1.3,6.5,0.7,26.0,21.26,18.3,81.5,58.0,3.333333,,3.64722870798
2017-04-05,2.8,6.7,0.6,25.8,21.4,18.2,77.75,65.0,3.666667,,3.83161520669
2017-04-06,2.0,5.7,1.8,26.0,21.28,18.7,82.75,69.0,3.666667,,3.45476597541
2017-04-07,1.8,10.2,0.4,27.6,21.9,17.7,63.75,48.0,2.0,,4.71142623389
2017-04-08,3.5,8.5,0.0,27.6,21.9,18.1,70.5,52.0,4.333333,,4.65965133312
2017-04-09,3.6,7.7,0.3,27.4,21.98,17.9,71.0,48.0,3.333333,,4.29502889875
2017-04-10,3.7,9.8,0.0,28.4,22.32,17.6,66.5,48.0,3.0,,4.82521463439
2017-04-11,4.0,6.9,0.0,28.0,22.24,18.6,68.5,45.0,3.0,,4.22255490128
2017-04-12,3.3,5.5,0.0,29.8,23.04,19.2,69.25,46.0,2.666667,,3.98014754765
2017-04-13,4.0,9.1,0.0,28.3,22.4,18.7,68.75,49.0,0.333333,,3.98741599328
2017-04-14,4.2,5.8,0.0,26.6,21.86,18.5,77.0,61.0,3.666667,,3.6651674535
2017-04-15,2.9,2.5,0.0,23.7,21.4,18.5,80.0,72.0,4.0,,2.82518759412
2017-04-16,2.6,2.9,0.0,25.6,21.58,18.3,79.25,65.0,3.0,,2.89001828088
2017-04-17,2.3,9.7,0.0,29.4,22.96,19.2,72.25,51.0,3.0,,4.67346350752
2017-04-18,3.5,9.5,0.0,29.7,23.42,19.6,69.25,47.0,3.333333,,4.83207935955
2017-04-19,4.5,9.0,0.0,27.6,22.0,18.1,68.5,48.0,4.0,,4.6358973895
2017-04-20,4.3,1.7,0.0,22.6,19.7,18.5,93.5,74.0,3.0,,2.00096000318
2017-04-21,1.0,10.4,1.3,27.4,21.58,16.3,75.75,56.0,2.666667,,4.2890281332
2017-04-22,2.5,8.1,0.0,28.8,22.22,18.5,73.25,52.0,3.0,,4.18575266793
2017-04-23,3.0,7.9,0.0,28.8,22.74,18.9,75.5,54.0,3.0,,4.07452794462
2017-04-24,3.4,5.9,0.0,28.8,22.4,19.7,71.25,52.0,3.666667,,4.01760503851
2017-04-25,3.5,9.4,0.0,28.4,22.42,18.9,69.0,46.0,3.333333,,4.57432386412
2017-04-26,4.3,9.1,0.0,28.6,22.84,19.4,68.75,48.0,3.0,,4.48525145928
2017-04-27,3.7,10.8,0.0,29.2,22.66,18.5,65.5,49.0,3.333333,,4.95728945928
2017-04-28,3.5,8.9,0.6,28.4,22.82,19.5,76.75,54.0,2.666667,,4.10372647038
2017-04-29,2.7,10.5,0.0,28.4,22.1,17.5,68.5,47.0,3.333333,,4.64846514874
2017-04-30,5.2,10.7,0.0,27.2,21.5,17.9,64.25,45.0,3.666667,,4.80826466576
2017-05-01,5.0,8.6,0.0,26.2,20.26,15.7,75.75,,5.0,,3.9574635395
2017-05-02,3.2,3.9,1.0,23.0,19.18,17.3,90.0,,3.666667,,2.37544321874
2017-05-03,1.3,3.7,1.3,22.4,19.0,17.0,92.0,,4.0,,2.20786625473
2017-05-04,1.0,5.1,1.4,24.0,19.82,17.0,84.0,,3.666667,,2.83230367152
2017-05-05,1.9,3.5,0.8,24.4,20.26,17.9,87.75,,4.0,,2.46648504655
2017-05-06,0.6,8.2,1.6,26.1,20.8,18.1,80.5,,3.333333,,3.58892105073
2017-05-07,1.8,9.4,0.0,28.3,22.2,18.1,67.75,,2.666667,,4.24557080891
2017-05-08,4.7,10.2,0.0,27.6,21.48,16.5,68.75,,3.0,,4.27716635556
2017-05-09,3.4,10.1,0.0,27.6,21.86,17.5,68.75,,3.0,,4.2929155191
2017-05-10,3.9,9.2,0.0,27.8,21.9,18.2,68.75,,2.666667,,4.11062936303
2017-05-11,3.7,9.9,0.0,27.6,21.86,17.9,65.25,,3.666667,,4.52599228798
2017-05-12,3.9,10.2,0.0,27.4,20.18,16.1,78.25,,3.666667,,3.93994533368
2017-05-13,4.2,5.1,0.0,25.4,19.9,16.7,78.5,,3.666667,,3.04606021888
2017-05-14,2.0,7.4,0.5,27.0,21.0,17.6,76.75,,2.333333,,3.41334240818
2017-05-15,2.5,9.2,0.0,31.4,24.3,16.7,49.75,,2.333333,,4.63088387517
2017-05-16,6.5,10.0,0.0,32.6,25.34,17.3,48.75,32.0,2.133333,,4.76214113936
2017-05-17,5.7,7.1,0.0,28.6,22.9,19.5,73.5,,3.666667,,3.83746887205
2017-05-18,3.3,3.8,1.0,24.0,20.3,18.8,88.5,,4.0,,2.39057879215
2017-05-19,1.3,2.3,1.0,23.2,19.94,17.7,92.0,,2.666667,,1.95112354785
2017-05-20,0.8,2.6,1.4,23.0,19.5,17.7,92.5,,3.0,,1.96272233811
2017-05-21,0.6,3.0,1.6,23.2,20.06,18.1,90.75,,2.333333,,2.10073685664
2017-05-22,1.8,1.3,2.6,23.0,19.82,17.7,92.0,,3.0,,1.77254321109
2017-05-23,3.8,9.3,1.6,23.9,20.34,17.6,84.5,,4.0,,3.26755071864
2017-05-24,1.8,9.5,0.4,25.8,20.62,17.1,75.75,,3.666667,,3.72704781907
2017-05-25,2.9,5.9,0.6,21.8,19.1,17.1,91.25,,4.0,,2.36420453536
2017-05-26,1.2,9.0,0.8,22.6,18.82,15.9,80.0,,3.666667,,3.21027590253
2017-05-27,3.0,7.4,0.0,25.6,20.14,16.1,78.75,,4.666667,,3.32404875854
2017-05-28,2.4,1.2,2.2,23.0,18.94,16.9,88.25,,4.333333,,1.90282258383
2017-05-29,1.2,9.7,1.4,22.8,18.4,14.5,81.0,,3.333333,,3.17392129381
2017-05-30,2.5,10.2,0.0,25.4,19.64,15.9,70.0,,0.233333,,3.18735721167
2017-05-31,3.2,5.6,0.0,26.0,20.36,16.6,77.75,,3.0,,2.96095972302
2017-06-01,2.5,2.9,0.0,25.0,20.42,17.7,83.0,,3.0,,2.36450158831
2017-06-02,1.6,9.8,0.0,27.4,22.14,17.9,72.5,,2.666667,,3.80396329836
2017-06-03,2.9,4.8,0.0,27.4,21.46,17.9,80.0,,2.0,,2.72832607326
2017-06-04,3.2,5.5,0.0,24.8,20.58,17.3,83.5,,4.666667,,2.78476490008
2017-06-05,3.2,3.7,11.2,23.4,19.5,16.9,89.0,,4.333333,,2.17752627943
2017-06-06,1.2,6.4,0.0,25.0,20.0,17.2,82.75,,3.666667,,2.88004279581
2017-06-07,2.1,8.2,0.0,25.0,19.9,17.2,79.25,,3.333333,,3.23173930749
2017-06-08,2.6,8.1,0.0,25.8,19.88,16.3,75.5,,3.333333,,3.36430306383
2017-06-09,2.9,9.9,0.0,25.4,19.94,16.3,72.0,,3.666667,,3.74372922047
2017-06-10,2.8,9.4,0.0,27.4,21.02,17.1,70.5,,2.666667,,3.71969683478
2017-06-11,4.1,6.0,0.0,27.8,21.02,17.9,78.75,,3.0,,3.0744536699
2017-06-12,3.1,9.2,0.0,26.8,21.74,17.4,63.25,48.0,2.666667,,3.85414894281
2017-06-13,4.0,3.5,0.0,22.0,19.34,17.0,74.5,,3.666667,,2.67672736012
2017-06-14,2.6,8.0,0.0,23.8,19.36,16.0,72.25,,4.0,,3.41018550042
2017-06-15,3.5,3.0,1.0,21.4,17.9,14.7,96.25,,3.666667,,1.62343264131
2017-06-16,1.0,4.1,3.2,22.4,18.34,15.9,89.5,,4.333333,,2.10692591613
2017-06-17,2.0,8.7,2.4,23.4,18.5,15.3,83.75,,3.333333,,2.93035663426
2017-06-18,3.6,6.6,0.0,22.8,18.74,15.1,77.75,,3.333333,,2.8415824647
2017-06-19,2.9,7.9,0.0,25.4,19.3,15.9,66.25,,3.0,,3.52192254324
2017-06-20,3.4,7.7,0.0,24.6,19.54,15.6,77.25,,4.0,,3.18685321102
2017-06-21,3.4,9.4,0.0,24.6,19.54,15.6,77.25,,4.0,,3.39299893265
2017-06-22,4.4,7.4,0.0,22.4,18.34,16.0,78.5,,4.0,,2.9801022468
2017-06-23,2.4,4.7,2.7,22.0,18.1,15.7,88.0,,4.666667,,2.22714186876
2017-06-24,2.6,5.9,1.0,22.4,17.86,14.9,78.75,,4.666667,,2.81077256301
2017-06-25,1.0,5.5,0.0,23.4,18.06,15.5,82.0,,5.0,,2.70252392426
2017-06-26,2.6,3.9,0.5,20.6,17.24,15.0,86.5,,4.666667,,2.13025667478
2017-06-27,1.6,5.9,0.0,23.0,17.78,14.7,83.75,,4.0,,2.56519302423
2017-06-28,1.9,4.6,0.4,21.4,17.2,15.4,94.25,,3.666667,,1.92306100467
2017-06-29,1.0,4.9,2.0,22.6,18.2,15.2,83.5,,4.1,,2.46220116377
2017-06-30,2.4,4.1,0.0,23.4,18.26,14.7,81.25,,4.666667,,2.53726251364
2017-07-01,2.6,1.7,0.3,22.2,18.1,15.5,87.25,,3.0,,1.8562737989
2017-07-02,1.8,8.7,0.0,24.4,18.74,14.7,67.75,,3.666667,,3.60891155553
2017-07-03,4.4,2.0,0.0,19.2,15.9,14.7,85.75,,5.0,,1.92027852756
2017-07-04,2.1,2.8,0.7,18.2,14.68,12.1,80.0,,5.333333,,2.18480530263
2017-07-05,2.7,4.7,0.0,20.6,15.64,12.6,76.5,,5.333333,,2.68605819985
2017-07-06,2.6,3.1,0.3,20.8,16.38,13.5,92.5,,5.0,,1.72373179122
2017-07-07,1.0,7.8,0.4,22.7,17.38,14.5,78.25,,5.0,,3.10084555364
2017-07-08,3.3,5.8,0.6,22.2,16.62,14.1,83.25,,5.0,,2.58345026627
2017-07-09,3.4,7.5,0.0,22.4,17.42,14.1,67.25,,3.333333,,3.29433356759
2017-07-10,4.1,7.2,0.0,24.4,18.76,14.7,78.25,,4.666667,,3.13965525793
2017-07-11,3.0,2.9,2.2,21.6,16.46,14.7,80.5,62.0,3.666667,,2.29474651174
2017-07-12,2.2,5.8,0.2,22.2,17.26,14.1,82.5,,4.0,,2.59161414558
2017-07-13,2.7,8.7,1.7,22.8,17.42,14.7,81.0,,4.666667,,3.09442828787
2017-07-14,2.4,3.5,0.8,20.8,16.42,13.1,87.0,,4.666667,,2.0560083753
2017-07-15,1.9,1.5,0.4,20.0,15.76,14.4,86.5,,5.0,,1.87843582161
2017-07-16,2.0,6.6,0.7,22.6,17.02,13.1,81.0,,5.0,,2.80990464065
2017-07-17,3.8,5.3,0.0,21.6,17.22,14.7,84.0,,5.0,,2.51971779587
2017-07-18,2.1,8.5,0.4,22.6,17.16,14.2,77.5,,3.666667,,3.15920990601
2017-07-19,3.1,8.2,0.0,23.2,17.5,14.2,71.5,,3.333333,,3.34846918472
2017-07-20,3.3,0.1,0.7,19.4,17.18,15.3,89.0,,4.0,,1.58760370255
2017-07-21,1.1,4.1,1.6,22.4,17.54,15.3,88.0,,5.0,,2.24855059352
2017-07-22,1.8,8.7,0.0,24.2,18.54,15.3,73.5,,3.333333,,3.47868055014
2017-07-23,3.6,9.4,0.0,24.2,18.26,13.7,66.0,,3.666667,,3.83553599567
2017-07-24,4.2,3.7,0.0,21.8,17.26,15.3,94.25,,4.666667,,1.87396328171
2017-07-25,1.1,10.2,5.5,21.8,17.22,13.9,76.25,,5.666667,,3.53338944409
2017-07-26,3.6,7.5,0.0,21.4,17.18,14.0,82.5,,5.666667,,2.88472726937
2017-07-27,2.1,6.0,3.8,21.7,16.66,14.8,88.5,,4.333333,,2.45194482998
2017-07-28,2.3,9.9,1.2,23.2,17.62,13.9,76.0,,4.0,,3.53404457424
2017-07-29,3.6,6.2,0.0,22.6,16.86,13.5,81.5,,5.333333,,2.8546844959
2017-07-30,2.4,2.0,4.3,19.6,15.58,13.1,86.75,,4.666667,,1.92511492142
2017-07-31,1.4,4.0,3.8,20.0,15.96,13.7,88.0,,4.0,,2.1403473286
2017-08-01,0.8,5.2,7.8,21.6,16.5,14.0,86.75,,3.666667,,2.43043857854
2017-08-02,1.4,7.9,0.0,24.0,17.62,14.6,81.75,,3.333333,,3.14216150616
2017-08-03,2.1,6.6,0.0,23.3,18.36,15.5,78.5,,3.333333,,3.08130350996
2017-08-04,1.3,10.6,0.0,28.4,20.14,14.9,68.5,,2.0,,4.09054123102
2017-08-05,3.8,10.2,0.0,24.6,19.22,14.5,73.5,,3.666667,,3.86490628012
2017-08-06,3.3,6.8,0.0,22.8,18.42,16.1,82.5,,5.0,,3.05084997062
2017-08-07,2.6,2.4,1.8,20.4,16.3,14.7,79.75,,3.333333,,2.32566735156
2017-08-08,1.6,9.4,0.0,23.4,17.72,14.2,71.0,,3.666667,,3.78305400715
2017-08-09,3.0,6.6,0.1,25.7,18.54,14.6,72.75,,3.0,,3.41542617717
2017-08-10,2.7,9.4,0.0,28.4,19.52,14.5,70.5,,4.0,,4.29959308839
2017-08-11,4.9,9.7,0.0,25.4,18.06,13.5,69.75,,2.666667,,3.87375679572
2017-08-12,5.7,3.7,0.2,22.4,17.94,15.9,81.0,,2.666667,,2.56686910106
2017-08-13,2.4,9.3,0.0,25.4,19.14,15.7,69.0,,2.666667,,3.95503032801
2017-08-14,4.1,6.9,0.0,24.2,17.84,14.0,69.25,,3.333333,,3.57189258428
2017-08-15,3.6,6.3,0.0,23.4,16.96,12.6,76.0,,3.366667,,3.14974154202
2017-08-16,4.4,9.6,0.0,24.2,18.14,13.8,65.5,,3.0,,4.03416387525
2017-08-17,4.3,9.0,0.0,26.4,19.52,15.0,58.75,,3.333333,,4.49658551983
2017-08-18,3.9,9.5,0.0,26.8,20.18,15.5,62.5,,4.0,,4.66973259519
2017-08-19,4.4,9.0,0.0,26.0,19.74,15.9,61.75,,2.0,,4.04881173177
2017-08-20,4.6,7.1,0.0,26.2,19.46,14.3,70.75,,2.0,,3.51914302828
2017-08-21,3.2,7.1,0.0,27.2,20.04,16.6,69.0,,2.666667,,3.86633017134
2017-08-22,4.4,4.5,0.0,22.4,18.3,16.2,84.5,,5.666667,,2.76850536133
2017-08-23,1.8,3.7,3.0,22.4,17.34,15.1,87.0,,4.666667,,2.46914359693
2017-08-24,2.4,7.4,3.3,23.6,17.98,14.4,77.0,,4.666667,,3.55239428699
2017-08-25,,8.6,0.4,22.6,17.84,14.7,81.5,,4.666667,,3.46293302339
2017-08-26,3.0,3.8,1.0,21.8,17.94,14.7,83.5,,3.0,,2.57828390827
2017-08-27,2.1,6.8,1.6,23.6,17.84,14.5,79.25,,3.0,,3.29642398706
2017-08-28,2.6,9.3,0.0,23.6,18.32,15.0,69.5,,3.0,,4.03988938621
2017-08-29,3.6,8.4,0.0,25.4,18.54,13.9,62.75,,3.08664,,4.23119716339
2017-08-30,3.4,9.5,0.0,25.8,19.32,14.7,63.25,46.0,3.0,,4.44765764502
2017-08-31,4.0,9.7,0.0,25.8,19.68,15.7,64.5,,3.0,,4.50136907568
2017-09-01,,10.1,0.0,25.4,19.26,15.5,76.0,,4.11552,,4.25992547884
2017-09-02,5.9,8.4,0.0,25.4,18.58,13.3,68.75,,3.77256,,4.16537207904
2017-09-03,5.0,1.0,4.2,21.6,16.66,14.3,88.0,,4.45848,,2.03139451685
2017-09-04,1.1,1.1,1.0,20.4,16.78,14.3,80.0,,6.51624,,2.53383869657
2017-09-05,,5.4,0.0,22.4,17.66,13.7,79.5,,5.1444,,3.16742294039
2017-09-06,,0.6,0.4,21.4,17.7,15.3,90.0,,4.11552,,1.90559430471
2017-09-07,,2.2,0.6,23.0,18.1,15.2,82.75,,4.11552,,2.5678286574
2017-09-08,2.1,4.7,1.1,22.6,17.66,15.1,81.0,,4.80144,,3.06500003174
2017-09-09,,7.2,1.8,23.2,17.9,14.5,85.5,,4.45848,,3.24933865628
2017-09-10,2.6,8.8,1.4,23.4,18.1,14.9,74.25,,3.695547,,4.01227221829
2017-09-11,4.2,8.8,0.0,25.0,18.7,14.1,72.5,,5.1444,,4.31511852956
2017-09-12,4.8,8.6,0.0,24.6,18.2,13.9,61.25,,4.11552,,4.64289587831
2017-09-13,3.8,8.4,0.4,24.0,18.24,14.6,77.0,,3.77256,,3.90471273121
2017-09-14,3.7,7.8,0.6,24.2,18.68,15.2,76.0,,5.1444,,3.9914667215
2017-09-15,3.0,8.8,0.3,23.6,18.46,14.9,71.25,,4.45848,,4.27566212851
2017-09-16,3.7,6.9,3.5,23.8,17.9,14.5,85.0,,4.80144,,3.32160524405
2017-09-17,2.2,3.8,4.6,23.8,17.74,14.9,88.0,,5.1444,,2.67418119972
2017-09-18,1.1,5.8,3.0,23.4,18.4,16.2,81.0,,4.45848,,3.40232422815
2017-09-19,2.2,6.2,0.8,22.6,18.06,15.5,86.25,,4.45848,,3.14551668402
2017-09-20,1.7,7.9,1.0,23.4,18.12,14.7,75.0,,5.1444,,4.02321517119
2017-09-21,3.3,7.1,0.4,23.4,18.34,15.2,76.5,,5.1444,,3.85227134145
2017-09-22,3.3,10.4,1.2,24.2,18.26,14.1,72.0,,2.74368,,4.43158029783
2017-09-23,4.0,9.1,0.0,25.6,19.3,14.3,68.75,,3.4296,,4.5209068138
2017-09-24,4.5,7.9,2.2,25.0,18.82,14.5,80.0,,3.77256,,3.86695913573
2017-09-25,3.4,6.6,4.4,24.2,18.1,14.3,79.0,,3.77256,,3.62160334998
2017-09-26,2.8,8.1,0.8,24.6,18.94,15.0,77.25,,4.11552,,4.04560033444
2017-09-27,3.5,7.4,0.0,27.4,20.58,16.3,70.0,,3.77256,,4.49509510398
2017-09-28,4.0,7.4,0.0,26.6,20.72,17.4,70.5,,3.4296,,4.41715791237
2017-09-29,4.1,6.1,0.0,25.2,19.9,16.5,70.5,50.0,2.74368,,3.92516815373
2017-09-30,3.9,8.5,0.0,27.2,20.98,16.7,59.25,45.0,2.05776,,4.67449415794
2017-10-01,6.0,6.8,0.0,26.8,20.54,16.3,64.25,,2.74368,,4.37156399054
2017-10-02,5.0,9.2,0.0,28.0,21.32,16.8,63.25,,3.77256,,5.23843405761
2017-10-03,5.1,9.4,0.0,28.8,21.92,17.2,60.0,,3.666667,,5.49025297112
2017-10-04,5.8,9.5,0.0,26.8,21.54,17.8,62.5,,4.666667,,5.47080491149
2017-10-05,5.0,8.9,0.0,27.0,20.54,16.9,66.5,,5.1444,,5.21081731791
2017-10-06,4.9,9.8,0.0,27.4,20.3,16.1,66.25,,5.1444,,5.3834799639
2017-10-07,4.4,8.0,1.8,26.6,20.42,17.1,67.0,,4.11552,,4.84174890155
2017-10-08,3.8,9.3,0.0,27.4,20.5,15.3,62.0,,3.77256,,5.21841445101
2017-10-09,5.1,8.1,0.0,26.8,20.64,15.6,65.25,,4.45848,,4.95587819048
2017-10-10,4.1,8.1,0.0,27.5,20.46,15.0,62.25,,3.77256,,4.996422306
2017-10-11,4.8,9.2,0.0,26.9,20.92,16.1,56.25,,3.77256,,5.44762205998
2017-10-12,5.7,9.8,0.0,27.8,21.12,15.6,57.75,,3.4296,,5.47094427018
2017-10-13,6.0,11.0,0.0,28.8,21.5,15.9,60.5,,3.4296,,5.71949296938
2017-10-14,6.0,10.0,0.0,29.8,22.74,17.1,56.5,,2.05776,,5.36609698677
2017-10-15,5.7,7.3,0.0,30.2,22.3,16.9,62.5,,3.4296,,5.10452184609
2017-10-16,6.0,10.7,0.0,28.2,21.1,16.5,59.5,,4.11552,,5.85618812732
2017-10-17,6.5,6.9,0.4,25.0,19.06,15.5,76.25,,3.4296,,4.00362214843
2017-10-18,3.3,6.9,1.0,25.6,19.24,15.5,81.25,,4.80144,,3.88385579705
2017-10-19,3.0,5.9,0.8,26.8,20.02,16.1,78.0,,4.45848,,3.97160855449
2017-10-20,3.3,8.4,0.0,29.4,22.54,17.5,57.5,,4.45848,,5.81706195651
2017-10-21,5.4,10.4,0.2,30.4,23.42,18.5,64.0,,3.4296,,5.81231738953
2017-10-22,6.6,8.8,0.0,29.4,23.1,17.9,49.5,,4.11552,,6.19360527634
2017-10-23,6.4,10.3,0.0,28.6,22.06,17.3,57.5,,4.11552,,5.99146849571
2017-10-24,4.9,7.5,0.0,28.6,21.52,16.8,65.25,,4.11552,,5.07217770809
2017-10-25,5.8,8.3,0.0,28.8,21.6,17.2,62.0,,5.1444,,5.66050224353
2017-10-26,5.8,11.1,0.0,29.6,22.34,16.1,62.25,43.0,3.77256,,5.90914060473
2017-10-27,5.0,10.1,0.0,29.8,23.26,18.7,60.0,,3.77256,,5.96998385338
2017-10-28,4.9,10.4,0.0,32.0,23.74,17.5,50.75,,3.08664,,6.31599545229
2017-10-29,6.2,9.2,0.0,31.8,23.66,19.1,55.5,,3.08664,,5.95862784496
2017-10-30,7.2,10.7,0.0,31.0,24.4,18.6,47.75,,4.11552,,6.87823283296
2017-10-31,7.0,3.9,0.0,28.6,23.26,17.5,60.0,,3.4296,,4.46811926982
2017-11-01,4.5,3.3,0.0,28.0,24.14,20.0,69.25,,3.4296,,3.99380804114
2017-11-02,3.4,5.8,27.4,26.0,21.38,18.5,84.75,,4.11552,,3.69062953434
2017-11-03,2.4,1.8,0.6,24.4,20.06,18.3,87.25,,4.11552,,2.66365815977
2017-11-04,1.6,5.5,1.4,27.0,20.9,17.3,80.75,,3.77256,,3.81937778213
2017-11-05,2.0,6.4,0.4,27.2,21.38,17.5,72.25,,4.11552,,4.45818447315
2017-11-06,3.4,7.4,0.0,28.6,23.8,18.6,66.0,,2.74368,,4.82826946537
2017-11-07,3.9,0.0,0.0,23.8,19.9,18.5,93.75,,3.08664,,1.99212754497
2017-11-08,1.6,0.0,8.2,24.4,20.72,17.3,78.0,,3.4296,,2.662861038
2017-11-09,1.7,5.5,0.4,26.6,21.22,17.5,75.75,,3.4296,,3.99738488873
2017-11-10,2.9,9.7,0.0,29.4,22.5,17.5,58.0,,4.45848,,6.08718124779
2017-11-11,5.0,9.4,0.0,30.4,23.62,18.1,62.25,,2.74368,,5.5113060371
2017-11-12,5.0,7.6,0.0,32.0,26.82,20.9,54.0,,3.08664,,5.79107607991
2017-11-13,5.4,0.2,0.4,28.2,22.6,19.9,93.0,,2.74368,,2.23001533708
2017-11-14,0.6,0.0,44.4,20.7,19.34,18.5,92.5,,3.08664,,1.96680540954
2017-11-15,0.6,0.0,10.4,21.8,18.6,17.1,90.0,,4.45848,,2.05899193307
2017-11-16,1.5,5.5,1.6,25.4,20.0,17.0,84.0,,4.80144,,3.58024226848
2017-11-17,2.5,9.0,0.0,25.4,20.7,16.5,72.5,,4.45848,,4.78948417714
2017-11-18,3.1,11.1,0.0,26.8,20.82,15.5,69.0,,2.74368,,5.22018407675
2017-11-19,3.6,8.9,0.0,27.6,21.66,16.5,74.25,,2.74368,,4.72656678315
2017-11-20,3.0,5.4,0.0,25.6,21.28,19.0,79.5,,3.4296,,3.83340612232
2017-11-21,2.6,7.9,0.0,27.5,21.92,18.3,64.75,,3.08664,,4.96731901253
2017-11-22,3.6,8.2,0.0,29.2,22.46,17.3,67.5,,3.4296,,5.09230599863
2017-11-23,3.8,8.5,0.0,29.4,23.1,18.0,70.0,,3.4296,,5.10717129383
2017-11-24,,8.9,0.0,28.0,22.54,18.5,68.5,,5.1444,,5.42218190629
2017-11-25,4.9,10.5,0.0,27.6,22.1,17.5,70.25,,4.45848,,5.44959464051
2017-11-26,5.0,10.2,0.0,28.0,22.26,17.1,60.75,,3.333333,,5.61424441599
2017-11-27,4.8,12.0,0.0,27.0,21.94,17.4,65.25,,4.0,,5.83924857844
2017-11-28,4.2,10.1,0.0,28.0,21.5,16.5,65.0,,3.4296,,5.42642548797
2017-11-29,4.1,10.9,0.0,29.6,23.02,16.7,61.75,47.0,2.74368,,5.70925981174
2017-11-30,4.3,6.7,0.0,28.0,22.22,17.5,68.0,54.0,3.08664,,4.60381817475
2017-12-01,3.9,6.9,0.0,28.4,23.5,18.9,68.5,,3.0,,4.70430759691
2017-12-02,5.8,1.1,0.0,29.3,23.76,20.3,68.0,,3.666667,,3.74845142222
2017-12-03,2.8,3.9,0.0,27.6,22.82,19.1,59.0,,3.0,,4.37661324145
2017-12-04,2.4,8.6,0.0,31.2,23.74,19.3,58.0,,1.766667,,5.22337983575
2017-12-05,5.1,8.4,0.0,32.0,25.42,20.3,53.75,,2.666667,,5.7694179548
2017-12-06,7.3,11.3,0.0,31.6,25.44,19.8,55.5,,3.0,,6.42330719431
2017-12-07,5.5,9.3,0.0,29.6,23.86,18.7,64.0,,3.333333,,5.54686654358
2017-12-08,4.4,7.5,0.0,31.0,24.7,19.9,65.25,,3.333333,,5.29227277635
2017-12-09,6.0,2.0,0.0,27.0,21.86,18.9,88.25,,4.666667,,2.80652237338
2017-12-10,2.4,0.1,26.8,22.4,19.78,18.5,92.5,,4.333333,,2.01317022524
2017-12-11,2.0,0.9,0.6,26.8,21.8,18.5,85.25,,3.0,,2.64128028268
2017-12-12,2.3,5.0,9.0,28.0,22.54,19.1,81.25,,2.666667,,3.77494218116
2017-12-13,1.9,2.1,11.3,25.9,21.68,19.6,80.75,,3.333333,,3.11515373282
2017-12-14,2.1,8.2,0.0,26.2,21.48,17.8,71.25,,4.333333,,4.83279247386
2017-12-15,3.4,4.9,0.0,26.4,20.78,17.1,74.75,,3.333333,,3.88467963941
2017-12-16,3.4,7.5,0.0,26.2,20.7,17.1,73.75,,4.666667,,4.57017878493
2017-12-17,3.4,6.8,0.0,27.4,22.18,17.9,70.75,,3.666667,,4.59276398356
2017-12-18,3.6,6.2,0.0,26.4,21.64,18.6,76.0,,4.333333,,4.26644468812
2017-12-19,2.9,10.1,0.0,27.6,22.0,18.2,67.25,,4.333333,,5.54553587433
2017-12-20,4.0,10.2,0.0,28.2,21.94,17.9,70.0,,3.0,,5.29719696671
2017-12-21,4.7,11.3,0.0,28.5,22.46,18.0,66.75,,3.0,,5.66852282989
2017-12-22,3.9,6.6,0.0,27.2,21.82,18.5,71.75,,3.666667,,4.52429789398
2017-12-23,4.0,9.0,0.0,28.4,22.62,18.5,65.75,,3.0,,5.23348278637
2017-12-24,4.2,11.2,0.0,28.4,22.54,17.5,58.5,,3.333333,,5.959231572
2017-12-25,5.2,11.6,0.0,29.4,22.68,17.0,64.5,,3.333333,,5.90276090787
2017-12-26,4.3,5.2,0.0,27.8,22.42,18.8,72.5,,3.333333,,4.2058771819
2017-12-27,3.7,6.5,0.0,28.0,22.22,18.5,71.5,,3.0,,4.46942863633
2017-12-28,3.5,12.0,0.0,29.8,23.48,17.1,63.25,,2.766667,,5.95510593916
2017-12-29,4.6,9.4,0.0,29.6,23.26,18.3,70.25,,2.0,,5.09335238305
2017-12-30,4.0,8.5,0.0,30.6,24.18,19.9,60.5,43.0,2.666667,,5.46110993878
2017-12-31,4.8,5.4,0.0,27.8,22.74,19.3,72.75,58.0,3.333333,,4.26273570823
2018-01-01,,8.1,0.0,31.1,23.8,17.9,64.0,44.0,3.08664,,5.33452395677
2018-01-02,,9.2,0.0,31.6,24.7,19.6,54.0,40.0,2.74368,,5.91523985
2018-01-03,,11.4,0.0,33.0,25.76,19.3,52.5,35.0,3.4296,,6.85708463902
2018-01-04,,4.1,0.0,28.8,,20.9,81.25,57.0,3.08664,,3.72101685621
2018-01-05,,7.0,27.5,26.2,20.84,17.2,84.5,67.0,3.08664,,3.93826208973
2018-01-06,,10.5,0.4,27.8,22.26,17.5,62.5,47.0,3.4296,,5.65143197632
2018-01-07,,9.5,6.0,27.4,21.78,18.1,66.0,49.0,3.77256,,5.37952765076
2018-01-08,,9.9,0.0,27.4,21.72,17.2,67.25,50.0,3.77256,,5.3562339292
2018-01-09,,9.6,0.0,26.7,22.0,18.5,77.0,71.0,4.11552,,4.91932597178
2018-01-10,,7.3,3.4,27.4,21.24,18.0,83.75,66.0,4.45848,,4.15204558387
2018-01-11,,5.6,3.2,25.4,20.6,17.6,78.25,61.0,4.80144,,3.95783858978
2018-01-12,,7.5,0.0,27.6,21.94,17.8,65.75,50.0,3.4296,,4.9256863688
2018-01-13,,10.0,0.0,27.8,22.14,17.4,72.0,48.0,3.77256,,5.23091558653
2018-01-14,,7.3,1.6,27.6,22.08,18.7,77.5,50.0,3.77256,,4.48337225331
2018-01-15,,11.1,0.4,28.2,22.74,18.1,61.0,43.0,4.80144,,6.2099594534
2018-01-16,,11.2,0.0,28.0,22.56,17.2,57.25,43.0,5.1444,,6.42091269917
2018-01-17,,10.6,0.0,28.0,22.12,17.3,65.75,46.0,5.1444,,5.8479337281
2018-01-18,,7.4,0.0,28.6,21.9,17.3,69.5,50.0,4.11552,,4.93083659154
2018-01-19,,10.7,2.0,29.2,22.78,17.9,60.75,41.0,3.77256,,6.01462669032
2018-01-20,,9.4,0.0,29.0,22.9,18.2,60.25,45.0,3.77256,,5.7705477348
2018-01-21,,10.6,0.0,29.4,22.66,17.9,57.5,43.0,2.40072,,5.7287254483
2018-01-22,,11.9,0.0,28.8,22.9,17.3,52.75,42.0,3.4296,,6.38295608648
2018-01-23,,10.6,0.0,29.6,23.38,18.1,52.75,42.0,2.74368,,6.00287479879
2018-01-24,,7.1,0.3,29.2,22.98,18.1,58.0,43.0,3.77256,,5.42292161719
2018-01-25,,9.7,0.0,28.6,23.1,17.9,59.75,46.0,2.74368,,5.5150522256
2018-01-26,,7.2,0.0,28.6,22.3,18.1,69.5,47.0,3.77256,,4.87412891699
2018-01-27,,9.6,0.0,29.6,24.1,19.7,57.75,47.0,2.05776,,5.49281524786
2018-01-28,,5.2,0.0,29.2,23.06,18.9,67.5,47.0,2.74368,,4.38501010935
2018-01-29,,8.7,0.0,31.2,23.74,18.9,55.75,37.0,2.74368,,5.70146006354
2018-01-30,,5.5,0.0,31.2,24.26,18.7,61.25,43.0,2.74368,,4.80377496076
2018-01-31,,3.8,0.0,30.8,24.7,20.3,60.75,46.0,2.74368,,4.46591477014
2018-02-01,,5.7,0.0,30.4,24.54,20.1,60.75,40.0,3.08664,,4.97842603409
2018-02-02,,7.1,0.0,31.4,22.5,19.5,73.5,31.0,3.08664,,4.85866340198
2018-02-03,,0.8,56.5,25.2,21.82,19.5,92.0,84.0,2.5722,,2.32994913361
2018-02-04,,0.0,16.9,23.4,20.18,18.9,95.75,95.0,3.08664,,1.92366844333
2018-02-05,,3.8,32.7,27.0,22.14,18.7,82.25,63.0,2.74368,,3.41236481224
2018-02-06,,2.3,0.0,24.4,21.58,19.3,90.25,71.0,3.08664,,2.6897443593
2018-02-07,,0.1,17.7,23.2,20.66,19.3,92.75,79.0,2.74368,,2.07551999333
2018-02-08,,2.3,2.2,26.8,21.94,18.3,88.25,71.0,3.08664,,2.82989885231
2018-02-09,,4.8,35.0,26.2,21.22,17.3,84.75,66.0,3.08664,,3.45667090265
2018-02-10,,7.8,25.8,26.4,21.58,18.3,81.0,63.0,3.08664,,4.30551257597
2018-02-11,,5.9,0.0,25.0,20.26,17.1,84.25,72.0,3.08664,,3.63199714935
2018-02-12,,11.1,0.0,27.4,21.38,15.7,73.5,54.0,3.77256,,5.24889033571
2018-02-13,,6.5,0.0,27.4,21.94,18.1,82.0,58.0,3.77256,,4.05472639269
2018-02-14,,9.2,0.0,27.4,22.22,18.3,71.5,48.0,3.77256,,5.09134451185
2018-02-15,,3.7,0.0,25.4,21.14,17.5,77.5,61.0,4.11552,,3.55479816491
2018-02-16,,7.5,0.0,27.4,22.22,18.3,73.75,53.0,3.77256,,4.63676918587
2018-02-17,,3.7,0.0,25.6,20.94,17.7,80.25,64.0,3.77256,,3.41074811829
2018-02-18,,10.2,0.0,28.8,22.74,17.7,68.5,55.0,3.08664,,5.39810560642
2018-02-19,,10.4,0.0,28.4,22.86,18.1,68.25,54.0,3.4296,,5.48658632031
2018-02-20,,8.7,0.0,28.2,22.7,18.3,70.25,57.0,2.05776,,4.81640536921
2018-02-21,,10.5,0.0,28.8,22.62,17.2,72.75,56.0,3.77256,,5.35049642848
2018-02-22,,5.8,0.0,29.6,23.2,19.2,77.0,60.0,3.4296,,4.27296827377
2018-02-23,,6.7,0.0,30.4,23.14,20.3,81.25,59.0,2.74368,,4.35816772427
2018-02-24,,6.7,4.1,28.6,23.02,19.7,78.0,92.0,1.54332,,4.1929759705
2018-02-25,,6.7,0.4,27.2,22.06,18.5,81.75,62.0,2.05776,,4.01675941512
2018-02-26,,11.2,0.0,28.9,22.36,17.1,61.25,41.0,2.74368,,5.69864554116
2018-02-27,,10.2,0.0,29.6,23.34,18.9,64.0,46.0,3.08664,,5.6454701186
2018-02-28,,9.5,0.0,28.8,22.86,18.5,67.25,50.0,2.74368,,5.21821889613
2018-03-01,,10.1,0.0,29.2,23.58,18.5,61.5,46.0,3.08664,,5.63605762252
2018-03-02,,8.2,0.0,29.4,23.74,18.5,64.5,51.0,2.05776,,4.87131103435
2018-03-03,,8.6,0.0,29.8,23.9,20.1,64.0,48.0,2.74368,,5.2634302134
2018-03-04,,7.2,0.0,29.6,23.42,19.7,68.0,50.0,2.74368,,4.78472894558
2018-03-05,,7.7,0.0,31.6,24.92,19.5,62.0,44.0,3.08664,,5.34415528082
2018-03-06,,7.1,0.0,30.5,24.8,19.0,66.75,56.0,2.74368,,4.82734352188
2018-03-07,,5.7,0.0,28.7,24.58,21.6,74.25,69.0,3.77256,,4.4050361757
2018-03-08,,1.6,22.4,26.0,22.06,19.7,84.25,68.0,3.4296,,2.79126911556
2018-03-09,,3.5,0.0,27.2,23.04,20.5,86.5,78.0,2.74368,,3.16700848482
2018-03-10,,3.3,0.0,28.0,22.84,21.0,89.0,82.0,3.4296,,3.07604786965
2018-03-11,,0.5,50.0,26.4,21.94,19.9,92.25,76.0,2.74368,,2.20178350415
2018-03-12,,7.6,1.6,26.4,22.72,20.0,84.5,73.0,3.4296,,4.08362518179
2018-03-13,,1.6,8.3,26.8,21.7,18.3,83.5,67.0,2.74368,,2.73929849191
2018-03-14,,9.0,17.4,29.0,23.06,18.7,78.5,56.0,3.4296,,4.72970993452
2018-03-15,,11.0,0.0,26.8,22.72,18.2,76.25,63.0,2.74368,,4.97469863732
2018-03-16,,10.6,0.0,29.8,22.98,18.9,69.0,55.0,1.7148,,5.18014047137
2018-03-17,,9.8,0.0,29.6,23.26,18.7,75.0,53.0,2.05776,,4.91096022434
2018-03-18,,5.4,0.0,26.8,22.1,19.3,82.5,63.0,2.05776,,3.5714934741
2018-03-19,,6.5,0.0,26.6,22.04,18.6,77.0,63.0,2.74368,,3.97310344508
2018-03-20,,7.5,0.0,27.8,22.52,19.3,78.75,58.0,3.08664,,4.25806225483
2018-03-21,,8.2,0.0,28.2,22.88,19.0,74.75,59.0,2.74368,,4.51166969876
2018-03-22,,4.8,0.0,28.2,22.36,19.4,79.75,65.0,3.08664,,3.65214879231
2018-03-23,,5.6,0.0,27.4,21.7,18.7,82.75,65.0,3.08664,,3.6252062617
2018-03-24,,4.3,0.6,25.0,20.34,18.5,91.75,81.0,3.08664,,2.87300136994
2018-03-25,,4.3,6.6,25.4,21.1,18.5,85.5,74.0,3.08664,,3.1194473808
2018-03-26,,1.0,2.0,23.8,21.68,17.2,78.25,51.0,3.77256,,2.71873053654
2018-03-27,,7.6,0.0,25.8,21.22,17.1,74.5,53.0,3.77256,,4.18752165158
2018-03-28,,4.7,3.4,24.4,20.26,17.7,94.0,81.0,3.77256,,2.72748354269
2018-03-29,,5.6,2.4,23.2,19.86,17.5,89.0,84.0,3.77256,,3.04064118259
2018-03-30,,6.1,0.0,25.8,20.74,16.7,78.0,83.0,4.11552,,3.74152145443
2018-03-31,,9.8,0.0,27.0,21.66,17.9,78.25,58.0,3.77256,,4.53010092976
2018-04-01,,5.8,0.0,26.2,21.46,18.1,78.75,64.0,3.77256,,3.69281661632
2018-04-02,,9.3,0.0,27.0,21.96,18.0,74.25,57.0,3.08664,,4.50943374859
2018-04-03,,6.0,0.0,28.4,22.2,18.8,74.75,56.0,2.74368,,3.91331414382
2018-04-04,,6.5,0.0,28.4,22.84,19.8,76.0,53.0,2.74368,,4.00520992538
2018-04-05,,9.6,0.0,28.8,22.86,19.3,72.25,54.0,2.40072,,4.69665412805
2018-04-06,,7.7,0.0,28.0,22.58,19.5,70.75,53.0,2.74368,,4.35199198504
2018-04-07,,9.2,0.0,27.4,21.66,17.7,69.0,55.0,2.74368,,4.55208386397
2018-04-08,,8.6,0.0,27.2,21.3,16.3,67.5,46.0,2.40072,,4.31857348613
2018-04-09,,6.4,0.0,27.2,21.52,18.3,73.5,53.0,3.4296,,3.97700423751
2018-04-10,,3.5,0.4,25.2,20.98,17.9,75.25,60.0,3.77256,,3.28444214311
2018-04-11,,5.1,0.1,25.2,20.6,17.7,83.75,70.0,3.4296,,3.15505567554
2018-04-12,,1.2,2.0,24.4,20.4,17.8,85.5,70.0,3.4296,,2.33445072537
2018-04-13,,3.6,2.2,25.4,20.78,18.5,77.25,58.0,3.77256,,3.21737748244
2018-04-14,,4.9,0.5,26.2,21.1,18.1,85.0,66.0,3.77256,,3.11468283566
2018-04-15,,5.6,0.0,26.2,20.7,17.1,77.75,62.0,4.80144,,3.61335646338
2018-04-16,,7.1,0.0,26.0,21.38,16.7,72.75,60.0,2.74368,,3.79200171497
2018-04-17,,2.9,0.0,24.8,20.72,18.0,78.75,64.0,3.77256,,2.94535379319
2018-04-18,,3.5,0.1,23.0,19.58,17.5,91.75,78.0,3.4296,,2.37224914969
2018-04-19,,0.7,8.0,22.4,19.38,16.9,92.75,83.0,4.11552,,1.79648476749
2018-04-20,,5.6,0.4,24.2,20.46,18.3,90.75,78.0,5.1444,,2.77871919384
2018-04-21,,4.5,0.8,23.6,19.94,17.9,89.25,73.0,4.11552,,2.64678369007
2018-04-22,,3.8,0.0,23.6,19.86,17.5,83.5,67.0,4.45848,,2.79748414578
2018-04-23,,2.4,0.4,23.8,20.0,17.4,88.75,75.0,3.4296,,2.29168556029
2018-04-24,,7.3,1.2,26.0,20.36,17.2,84.25,55.0,4.11552,,3.4167846903
2018-04-25,,5.5,4.5,24.6,19.96,17.0,95.25,90.0,3.4296,,2.56028479187
2018-04-26,,5.8,3.1,25.6,20.24,17.0,86.25,60.0,3.77256,,3.01564801067
2018-04-27,,8.1,0.0,25.8,21.02,17.5,77.5,55.0,4.45848,,3.85051046823
2018-04-28,,10.3,1.0,26.4,21.14,18.3,74.25,48.0,3.77256,,4.35391815105
2018-04-29,,8.0,0.2,26.2,20.46,16.9,76.5,54.0,3.08664,,3.72125265783
2018-04-30,,5.6,0.0,25.8,20.32,17.5,83.75,60.0,4.80144,,3.12378938958
2018-05-01,,6.7,0.0,27.0,21.1,17.7,80.5,63.0,3.77256,,3.47401844288
2018-05-02,,6.7,0.0,26.4,21.14,18.1,81.25,61.0,3.77256,,3.40874411814
2018-05-03,,9.2,0.0,26.4,20.98,17.3,70.25,52.0,4.45848,,4.33092472636
2018-05-04,,5.2,0.0,25.2,20.7,18.1,85.75,74.0,5.1444,,2.91274214398
2018-05-05,,0.3,2.5,23.0,19.3,16.7,93.0,90.0,3.4296,,1.64637405209
2018-05-06,,1.6,4.2,22.6,19.1,16.9,90.25,82.0,3.77256,,1.95354634368
2018-05-07,,3.4,1.2,23.4,19.58,17.1,88.75,76.0,4.45848,,2.32505311856
2018-05-08,,6.1,0.5,24.6,19.78,17.1,82.25,59.0,3.4296,,3.04117204211
2018-05-09,,10.5,0.4,25.4,19.7,16.3,73.75,56.0,3.4296,,4.0256086094
2018-05-10,,7.0,0.0,25.2,19.42,15.5,73.75,54.0,3.4296,,3.45624137921
2018-05-11,,7.0,0.0,26.2,19.98,17.1,77.5,53.0,3.77256,,3.46539689197
2018-05-12,,7.2,0.0,26.8,20.9,18.1,75.5,53.0,3.08664,,3.55719532656
2018-05-13,,6.4,0.0,25.8,20.7,17.5,75.5,58.0,2.05776,,3.17938713877
2018-05-14,,9.1,0.0,26.6,,18.3,74.75,56.0,3.77256,,3.94488352028
2018-05-15,,8.7,0.8,25.9,20.0,16.7,73.5,50.0,3.4296,,3.7531939244
2018-05-16,,2.5,0.0,23.4,19.9,17.1,86.75,72.0,3.4296,,2.19821424265
2018-05-17,,1.2,0.1,24.2,20.02,17.7,90.25,87.0,3.4296,,1.89081998291
2018-05-18,,7.6,0.0,23.8,20.26,17.7,87.5,85.0,4.11552,,2.94211506509
2018-05-19,,8.4,0.0,25.8,20.34,17.3,70.5,56.0,3.4296,,3.79869975144
2018-05-20,,9.4,0.0,31.2,22.78,14.3,60.25,34.0,1.7148,,4.00929528567
2018-05-21,,10.6,0.0,28.4,22.34,17.3,68.25,56.0,3.4296,,4.37576763465
2018-05-22,,4.1,0.0,24.5,20.62,17.7,82.0,68.0,4.11552,,2.70635180515
2018-05-23,,4.1,0.0,23.8,20.04,18.1,88.0,77.0,3.4296,,2.38273427733
2018-05-24,,8.9,4.0,25.4,19.38,16.1,74.5,50.0,3.77256,,3.63398706089
2018-05-25,,1.0,3.0,21.6,17.94,15.7,94.5,83.0,4.45848,,1.50656627367
2018-05-26,,1.9,4.4,21.6,17.54,15.7,92.25,89.0,4.45848,,1.72927735199
2018-05-27,,7.6,3.3,23.2,19.22,15.5,83.5,67.0,4.80144,,2.93817017605
2018-05-28,,1.1,0.8,20.4,17.82,15.8,93.0,84.0,4.80144,,1.54896863415
2018-05-29,,5.9,3.5,22.4,18.44,16.4,84.75,67.0,5.83032,,2.67419684949
2018-05-30,,0.9,0.2,21.4,18.06,15.5,85.25,73.0,4.11552,,1.90690437618
2018-05-31,,6.0,0.0,23.6,18.62,15.1,81.75,63.0,3.77256,,2.75429829926
2018-06-01,,7.3,0.1,24.2,19.02,16.1,79.25,59.0,3.08664,,3.03071268963
2018-06-02,,7.2,0.3,25.6,20.14,17.3,82.25,58.0,3.08664,,3.03189780799
2018-06-03,,3.1,0.6,25.4,20.46,18.7,92.5,90.0,3.08664,,2.06940961647
2018-06-04,,5.6,6.3,22.7,19.14,17.9,86.5,72.0,4.11552,,2.54831761971
2018-06-05,,2.8,2.4,22.4,18.7,16.6,90.5,77.0,3.77256,,1.94115076124
2018-06-06,,6.0,3.9,23.0,18.7,16.5,90.0,78.0,3.08664,,2.41327717688
2018-06-07,,7.5,0.0,24.6,19.4,17.0,84.25,67.0,2.74368,,2.89818421719
2018-06-08,,7.5,0.0,25.4,20.22,17.1,77.0,58.0,2.74368,,3.16057147912
2018-06-09,,4.2,0.3,25.4,20.42,18.3,85.0,64.0,3.4296,,2.51012217877
2018-06-10,,7.0,10.0,23.6,19.18,16.9,80.5,65.0,3.77256,,2.95538437139
2018-06-11,,3.1,0.0,21.9,18.48,16.1,84.5,75.0,3.77256,,2.18942494322
2018-06-12,,6.9,2.7,23.6,19.12,16.0,86.0,72.0,3.77256,,2.67446082483
2018-06-13,,4.9,4.0,23.2,19.22,17.0,86.75,71.0,4.11552,,2.40710126923
2018-06-14,,7.5,0.8,23.8,18.86,15.5,75.5,51.0,3.77256,,3.16523845436
2018-06-15,,1.2,3.4,20.4,17.54,16.3,91.75,85.0,3.4296,,1.59626257401
2018-06-16,,6.6,0.1,23.4,18.06,14.7,84.25,63.0,3.08664,,2.61591982074
2018-06-17,,4.9,0.8,22.4,17.98,15.9,82.75,63.0,4.45848,,2.52821967062
2018-06-18,,5.9,0.2,22.4,18.18,15.5,79.5,65.0,4.45848,,2.78234488896
2018-06-19,,1.0,0.0,20.4,17.1,15.7,92.0,85.0,3.77256,,1.54482033163
2018-06-20,,7.4,0.0,22.0,17.98,15.1,78.75,59.0,5.48736,,3.01627128668
2018-06-21,,1.1,0.8,20.2,16.98,15.4,92.0,80.0,3.4296,,1.54563479184
2018-06-22,,8.7,2.1,23.4,17.86,15.1,77.25,61.0,2.74368,,3.0860619966
2018-06-23,,9.2,0.0,24.4,18.34,14.7,74.75,50.0,2.74368,,3.26514963511
2018-06-24,,7.0,0.0,24.4,18.42,15.7,73.25,48.0,3.77256,,3.23394404384
2018-06-25,,5.9,0.0,22.8,17.76,15.0,79.0,58.0,5.1444,,2.86389445672
2018-06-26,,6.5,2.8,23.4,18.2,15.4,81.25,58.0,3.4296,,2.75165695617
2018-06-27,,7.6,0.0,24.2,18.64,15.4,73.0,52.0,3.77256,,3.29409975812
2018-06-28,,1.7,0.8,19.9,17.36,15.9,94.25,79.0,4.11552,,1.51885739136
2018-06-29,,4.3,4.6,21.4,17.58,14.9,88.25,78.0,4.45848,,2.12100747876
2018-06-30,,7.3,3.7,23.0,18.54,15.5,80.0,63.0,3.77256,,2.91204044315
2018-07-01,,6.9,0.2,24.4,18.34,16.1,76.25,49.0,3.77256,,3.12426835717
2018-07-02,,7.1,0.0,25.0,18.82,16.1,76.25,48.0,2.74368,,3.05364895057
2018-07-03,,6.9,0.0,24.8,18.96,15.6,75.75,49.0,3.08664,,3.06503150049
2018-07-04,,9.1,0.0,23.6,18.64,16.1,72.0,50.0,2.74368,,3.36178024158
2018-07-05,,4.7,1.2,21.4,17.94,15.5,84.0,72.0,3.77256,,2.37009353823
2018-07-06,,3.7,0.8,22.4,18.3,15.9,83.75,64.0,3.77256,,2.31723932673
2018-07-07,,6.7,0.4,23.0,18.22,15.7,81.0,59.0,4.45848,,2.87249578094
2018-07-08,,8.0,0.0,24.4,18.58,14.5,72.5,48.0,2.91516,,3.24186261698
2018-07-09,,8.2,0.0,24.4,18.74,15.6,72.25,54.0,3.08664,,3.35059204521
2018-07-10,,10.4,0.0,24.6,18.28,13.6,65.25,46.0,2.74368,,3.70386739744
2018-07-11,,8.0,0.0,25.4,18.98,14.8,72.5,49.0,2.74368,,3.30369475436
2018-07-12,,7.3,0.0,25.4,19.3,16.7,71.25,47.0,3.4296,,3.45507951031
2018-07-13,,5.8,0.0,22.6,18.62,16.5,87.5,76.0,4.80144,,2.49167009259
2018-07-14,,7.2,0.0,22.6,17.78,15.1,90.0,82.0,2.74368,,2.55174040768
2018-07-15,,9.2,0.0,24.2,18.26,14.9,78.5,52.0,4.45848,,3.37597118125
2018-07-16,,4.7,0.0,22.4,17.62,14.4,78.0,64.0,3.4296,,2.63690632663
2018-07-17,,4.7,0.0,22.6,17.8,15.3,78.75,68.0,4.45848,,2.75193111562
2018-07-18,,6.6,0.6,23.4,17.8,15.6,80.75,64.0,4.11552,,2.92694513984
2018-07-19,,5.3,0.0,22.8,17.82,14.9,74.0,62.0,3.77256,,2.96636333597
2018-07-20,,6.1,1.8,23.6,18.14,14.3,78.75,64.0,4.45848,,2.95762206043
2018-07-21,,9.0,0.0,24.2,18.22,14.9,71.25,57.0,2.74368,,3.47554058418
2018-07-22,,8.4,0.0,23.8,18.3,14.9,71.0,46.0,4.11552,,3.60274345697
2018-07-23,,2.1,0.2,20.8,16.3,13.1,92.25,83.0,3.77256,,1.69444884256
2018-07-24,,7.3,1.4,22.4,17.06,14.7,76.0,64.0,4.11552,,3.1684122063
2018-07-25,,4.1,0.2,21.6,17.22,14.6,83.75,65.0,3.77256,,2.38159762096
2018-07-26,,,1.2,,,14.2,,57.0,3.60108,,
2018-07-27,,8.1,,23.4,,,66.0,48.0,3.60108,,
2018-07-28,,8.9,0.0,24.4,17.9,13.5,69.0,44.0,2.05776,,3.4200420913
2018-07-29,,8.6,0.0,24.4,18.3,15.3,70.0,48.0,2.05776,,3.43676577166
2018-07-30,,9.9,0.0,24.6,18.44,13.9,63.75,45.0,3.08664,,3.96500102118
2018-07-31,,8.4,0.0,26.2,19.66,15.5,63.75,44.0,3.4296,,4.05355432913
2018-08-01,,8.6,0.0,26.2,20.04,16.3,63.25,44.0,2.74368,,3.95890369106
2018-08-02,,8.7,0.0,25.4,18.82,14.0,66.0,48.0,3.4296,,3.90889279727
2018-08-03,,9.7,0.0,25.4,18.9,14.9,67.5,42.0,2.05776,,3.7561754188
2018-08-04,,10.6,0.0,26.4,19.74,15.3,62.25,41.0,2.74368,,4.28246088146
2018-08-05,,10.6,0.0,29.6,21.46,15.3,60.5,39.0,2.05776,,4.37976322434
2018-08-06,,5.8,0.0,25.8,19.96,17.2,70.5,54.0,3.77256,,3.59555548275
2018-08-07,,10.3,0.0,26.2,19.78,14.9,65.75,49.0,3.77256,,4.37067383152
2018-08-08,,8.4,0.0,26.4,19.78,16.4,72.25,46.0,4.45848,,4.03121352392
2018-08-09,,9.0,0.0,26.2,19.72,15.6,64.0,44.0,3.77256,,4.31835923915
2018-08-10,,6.7,0.0,26.8,20.3,15.9,58.5,38.0,2.74368,,3.96020071579
2018-08-11,,8.5,0.0,28.6,20.74,15.9,62.25,36.0,2.05776,,4.04205611047
2018-08-12,,9.0,0.0,31.6,22.94,15.1,49.75,31.0,1.7148,,4.40166096721
2018-08-13,,5.9,0.0,27.4,21.62,18.7,69.0,52.0,3.4296,,3.84037333845
2018-08-14,,6.8,0.0,26.5,20.84,17.3,69.75,50.0,4.11552,,3.97735586401
2018-08-15,,6.6,0.0,26.2,20.38,17.2,68.75,50.0,3.08664,,3.76915924232
2018-08-16,,9.3,0.0,27.6,20.3,15.2,68.75,46.0,3.77256,,4.35900022168
2018-08-17,,7.0,0.0,26.4,20.34,16.5,62.5,43.0,3.4296,,4.15472341975
2018-08-18,,9.5,0.0,22.6,19.46,16.1,62.5,43.0,4.0,,4.33958485628
2018-08-19,,9.0,0.0,22.8,19.02,15.5,61.75,40.0,2.0,,3.82481491805
2018-08-20,,7.1,0.0,23.4,19.18,15.7,70.75,55.0,2.0,,3.40883803626
2018-08-21,,7.1,0.0,23.4,19.18,16.1,69.0,46.0,2.666667,,3.60342004073
2018-08-22,,4.5,0.0,23.8,18.5,15.8,84.5,71.0,4.7,,2.80227712434
2018-08-23,,3.7,3.0,24.4,17.68,14.8,87.0,60.0,4.666667,,2.55330716256
2018-08-24,,7.4,3.3,26.6,18.8,15.5,77.0,60.0,4.666667,,3.82329301957
2018-08-25,,8.6,0.4,27.0,18.34,13.5,84.25,67.0,3.0,,3.58296486446
2018-08-26,,3.8,1.0,26.6,19.06,15.5,83.5,65.0,5.0,,2.93709569112
2018-08-27,,6.8,1.6,22.5,17.62,14.5,79.25,54.0,3.0,,3.23232176448
2018-08-28,,9.3,0.0,22.0,18.06,15.3,69.5,53.0,3.0,,3.9414475924
2018-08-29,,8.4,0.0,23.2,18.24,14.6,62.75,44.0,3.0,,4.0744497669
2018-08-30,,9.5,0.0,23.6,18.66,13.8,63.75,46.0,3.0,,4.21499921183
2018-08-31,,9.7,0.0,22.4,18.84,14.9,85.0,69.0,3.0,,3.58197952251
2018-09-01,,10.1,0.0,25.4,18.78,13.3,64.75,43.0,3.4296,,4.50937622572
2018-09-02,,10.4,0.0,25.2,18.74,14.5,62.25,44.0,3.08664,,4.62297051606
2018-09-03,,7.0,0.0,27.0,20.14,15.9,68.5,48.0,2.74368,,3.99877282681
2018-09-04,,7.6,0.0,28.6,21.08,16.6,69.25,47.0,3.4296,,4.37979713293
2018-09-05,,5.1,0.0,28.6,21.92,17.2,71.25,53.0,3.4296,,3.87690803096
2018-09-06,,6.0,0.0,26.4,20.34,16.9,68.25,54.0,4.80144,,4.26917031036
2018-09-07,,7.3,2.2,25.6,19.62,16.7,80.0,51.0,5.1444,,3.80585392221
2018-09-08,,0.5,5.8,20.6,17.54,15.3,89.75,76.0,5.1444,,1.89028079001
2018-09-09,,5.8,5.9,23.4,17.94,14.9,78.0,52.0,3.77256,,3.3683932077
2018-09-10,,6.1,1.4,24.5,19.06,15.3,75.5,59.0,3.4296,,3.58444186074
2018-09-11,,6.7,0.2,24.6,18.98,15.5,77.25,59.0,3.08664,,3.61715551981
2018-09-12,,10.4,0.0,26.4,19.66,13.9,62.25,43.0,3.77256,,4.98214254908
2018-09-13,,7.8,0.0,24.6,19.06,15.3,68.25,50.0,3.77256,,4.23935177925
2018-09-14,,6.2,0.0,25.0,18.94,15.5,74.5,49.0,3.77256,,3.75774709875
2018-09-15,,8.6,0.0,27.1,20.68,14.7,61.25,34.0,2.05776,,4.40485931277
2018-09-16,,8.2,0.0,30.4,22.38,17.5,65.25,37.0,2.05776,,4.61004913321
2018-09-17,,7.6,0.0,29.7,22.86,18.7,62.25,35.0,3.4296,,4.99230679921
2018-09-18,,10.1,0.0,29.0,22.18,17.9,58.25,36.0,3.08664,,5.41824475064
2018-09-19,,8.4,0.0,29.0,22.24,17.9,61.5,40.0,3.4296,,5.09729826091
2018-09-20,,10.2,0.0,27.8,21.62,17.2,61.25,43.0,3.4296,,5.30599904264
2018-09-21,,9.3,0.0,29.2,21.82,16.7,59.25,36.0,2.05776,,4.89359539575
2018-09-22,,7.4,0.0,29.2,22.26,17.5,58.0,64.0,3.08664,,4.9616284384
2018-09-23,,7.4,0.0,29.0,21.98,16.7,63.5,41.0,2.05776,,4.42628217761
2018-09-24,,9.4,0.0,28.8,21.88,17.1,58.0,41.0,3.77256,,5.51662029704
2018-09-25,,7.8,0.2,27.6,21.02,16.7,61.75,43.0,3.08664,,4.76414998605
2018-09-26,,9.8,0.0,28.8,22.02,17.1,57.5,41.0,3.77256,,5.62980128586
2018-09-27,,8.4,0.0,29.4,21.84,17.1,58.25,37.0,3.4296,,5.30285880155
2018-09-28,,8.1,0.0,29.6,21.86,16.3,51.5,34.0,3.4296,,5.50534333517
2018-09-29,,9.5,0.0,30.4,22.74,17.9,55.0,32.0,2.74368,,5.53177020118
2018-09-30,,9.3,0.0,29.6,22.46,17.5,51.0,35.0,2.05776,,5.21532537985
2018-10-01,,10.4,0.0,28.2,22.02,17.7,55.75,40.0,3.77256,,5.82748794035
2018-10-02,,10.7,0.0,28.4,21.9,16.3,56.25,37.0,3.77256,,5.81568465938
2018-10-03,,7.0,0.0,28.8,21.76,17.2,71.5,64.0,2.74368,,4.37826873752
2018-10-04,,8.0,0.0,30.6,22.7,17.3,63.25,43.0,3.08664,,5.10734973456
2018-10-05,,7.6,0.0,28.6,21.94,17.9,63.25,46.0,3.4296,,4.97954254181
2018-10-06,,,0.0,,,15.3,,32.0,4.11552,,
2018-10-07,,9.4,0.0,28.4,21.86,16.7,56.0,42.0,2.40072,,5.19481922039
2018-10-08,,8.3,0.6,28.4,21.42,17.5,61.75,44.0,3.77256,,5.24834364631
2018-10-09,,9.9,0.0,29.5,22.02,17.1,49.25,32.0,3.4296,,6.03223339634
2018-10-10,,10.1,0.0,29.0,21.64,15.6,52.0,31.0,3.4296,,5.84954628971
2018-10-11,,10.4,0.0,29.2,22.48,17.2,53.25,38.0,3.77256,,6.08560986511
2018-10-12,,10.3,0.0,28.4,21.54,16.5,59.25,40.0,3.4296,,5.61553901735
2018-10-13,,7.1,0.0,29.2,22.22,17.5,56.25,39.0,2.74368,,4.99551992829
2018-10-14,,9.5,0.0,32.0,25.18,18.3,54.0,55.0,2.5722,,5.77553245639
2018-10-15,,8.9,0.0,32.4,24.92,19.0,56.25,43.0,3.08664,,5.86432682739
2018-10-16,,3.7,0.0,27.2,22.3,19.3,66.75,54.0,3.08664,,3.98097568416
2018-10-17,,1.2,0.0,26.6,22.72,19.0,64.75,51.0,3.77256,,3.70804013596
2018-10-18,,2.5,0.0,27.6,22.04,17.7,63.25,48.0,3.4296,,3.95283177289
2018-10-19,,7.8,0.0,31.6,24.26,18.5,52.0,32.0,2.40072,,5.38727432123
2018-10-20,,7.7,0.0,32.0,26.3,18.9,59.5,34.0,2.74368,,5.34537322395
2018-10-21,,0.0,1.4,23.2,20.46,19.3,82.25,68.0,4.11552,,2.52176098331
2018-10-22,,4.3,0.0,25.6,20.3,16.3,75.5,58.0,4.11552,,3.69661985841
2018-10-23,,4.6,0.4,26.0,21.24,17.3,75.5,60.0,4.45848,,3.86255992781
2018-10-24,,5.8,0.0,29.4,22.42,17.7,65.75,42.0,4.45848,,4.90320166022
2018-10-25,,10.7,0.0,31.0,24.1,19.1,48.0,30.0,3.08664,,6.42306418079
2018-10-26,,10.2,0.0,31.4,24.42,18.7,45.75,28.0,2.05776,,5.87143540359
2018-10-27,,6.7,0.0,31.6,25.86,20.1,53.0,34.0,4.11552,,5.97773664845
2018-10-28,,2.6,2.4,31.2,22.98,20.9,81.0,53.0,3.08664,,3.45610405643
2018-10-29,,6.2,8.8,28.0,22.64,18.6,78.25,57.0,3.08664,,4.13746973819
2018-10-30,,2.6,0.2,26.0,21.78,18.5,74.5,61.0,4.45848,,3.59556515294
2018-10-31,,6.6,0.0,27.6,21.92,18.8,69.0,50.0,3.77256,,4.68214494662
2018-11-01,,7.5,0.0,28.8,22.38,18.3,65.5,47.0,3.08664,,4.94140637594
2018-11-02,,11.6,0.0,30.4,23.7,17.7,52.5,36.0,3.08664,,6.35310865104
2018-11-03,,4.6,0.0,26.4,21.46,17.5,66.5,52.0,3.4296,,4.17730582485
2018-11-04,,7.6,0.0,30.4,23.08,17.2,59.0,39.0,2.74368,,5.17558051116
2018-11-05,,9.1,0.0,30.4,24.2,18.0,58.0,44.0,3.4296,,5.79085402671
2018-11-06,,3.4,0.0,25.4,21.68,17.6,66.25,57.0,4.80144,,4.18922831454
2018-11-07,,9.4,1.0,29.4,22.78,17.3,52.25,35.0,4.11552,,6.1871587466
2018-11-08,,9.1,0.0,30.4,23.24,18.4,64.5,35.0,4.45848,,5.7924722991
2018-11-09,,8.0,0.2,29.2,22.3,17.7,63.5,45.0,2.74368,,5.0462163772
2018-11-10,,5.3,0.2,28.2,22.2,17.4,67.75,48.0,4.45848,,4.60977722107
2018-11-11,,1.3,0.0,26.2,21.54,18.3,74.25,56.0,3.08664,,3.14384783087
2018-11-12,,0.0,0.9,22.4,19.84,18.5,93.5,75.0,3.4296,,1.95940210581
2018-11-13,,6.4,2.7,27.2,21.72,18.3,70.0,50.0,3.77256,,4.55845017347
2018-11-14,,8.5,0.0,29.2,22.72,18.2,68.0,67.0,3.4296,,5.17688143941
2018-11-15,,6.6,0.0,29.0,22.64,17.8,61.5,44.0,3.4296,,5.01050972441
2018-11-16,,5.2,0.0,28.0,22.38,18.3,66.5,51.0,3.08664,,4.37693312645
2018-11-17,,7.1,0.2,28.6,22.42,17.9,59.5,43.0,3.08664,,5.05911229189
2018-11-18,,11.1,0.0,29.2,22.98,17.1,58.5,50.0,4.80144,,6.37014049932
2018-11-19,,8.7,0.0,29.8,23.3,17.3,49.0,30.0,3.77256,,6.12416617742
2018-11-20,,9.7,0.0,30.4,23.96,18.4,49.0,32.0,3.4296,,6.28991672664
2018-11-21,,10.2,0.0,29.7,23.58,18.6,57.0,35.0,5.83032,,6.70123615528
2018-11-22,,9.8,0.0,29.6,22.82,17.9,57.25,34.0,5.48736,,6.47027615848
2018-11-23,,10.5,0.0,30.0,22.9,17.3,61.25,36.0,3.08664,,5.80069909993
2018-11-24,,8.2,0.0,28.6,22.86,18.1,51.0,39.0,3.4296,,5.72716430714
2018-11-25,,1.4,0.2,26.4,21.06,18.5,81.0,49.0,4.11552,,3.01199365668
2018-11-26,,0.0,5.2,20.1,18.36,17.9,96.25,93.0,3.08664,,1.80073997968
2018-11-27,,0.5,7.8,22.2,18.86,15.5,82.75,72.0,3.77256,,2.4524608993
2018-11-28,,1.4,0.0,24.4,20.54,17.0,78.5,67.0,3.77256,,2.95835954207
2018-11-29,,6.3,1.0,26.4,21.18,17.9,83.5,62.0,3.77256,,3.86421235638
2018-11-30,,5.6,1.3,28.0,21.98,18.3,74.25,55.0,3.77256,,4.26484844913
2018-12-01,,2.6,1.3,27.8,21.9,18.9,81.5,62.0,3.08664,,3.23347896815
2018-12-02,,2.2,1.2,25.8,21.58,19.9,91.25,86.0,3.77256,,2.6772708324
2018-12-03,,2.0,13.2,27.2,22.02,18.9,91.0,83.0,2.74368,,2.6883228397
2018-12-04,,4.0,31.1,27.2,21.66,18.7,78.25,61.0,3.4296,,3.67249665636
2018-12-05,,2.4,13.0,27.2,21.46,18.7,93.0,79.0,3.08664,,2.68590998983
2018-12-06,,2.0,27.0,25.3,20.72,18.3,86.0,67.0,3.08664,,2.79161817555
2018-12-07,,8.6,1.0,27.4,22.3,18.5,76.5,56.0,2.74368,,4.67983014405
2018-12-08,,9.9,0.0,30.4,23.18,17.9,72.5,52.0,3.4296,,5.39588576034
2018-12-09,,0.2,0.4,23.4,19.94,18.5,85.5,68.0,3.77256,,2.40289773001
2018-12-10,,3.7,0.8,26.4,21.22,18.5,80.0,60.0,4.80144,,3.58742685339
2018-12-11,,3.3,4.0,25.2,21.34,18.7,76.75,60.0,5.48736,,3.69815310676
2018-12-12,,8.3,0.0,26.4,21.4,17.5,70.75,53.0,5.48736,,5.0069487294
2018-12-13,,6.8,0.0,26.4,21.02,17.6,71.5,50.0,4.80144,,4.61594175605
2018-12-14,,9.5,0.0,27.4,21.26,16.9,63.5,43.0,2.05776,,5.01825315726
2018-12-15,,4.3,0.0,26.4,21.14,16.7,75.75,54.0,5.1444,,3.90302480243
2018-12-16,,3.3,0.0,25.4,20.66,17.7,77.5,58.0,3.08664,,3.38408729189
2018-12-17,,8.4,0.0,27.2,20.88,16.1,69.75,54.0,3.4296,,4.81511692107
2018-12-18,,9.0,0.0,28.4,21.52,16.7,67.25,47.0,3.77256,,5.22936903619
2018-12-19,,7.6,0.0,27.6,21.34,18.1,70.5,48.0,3.4296,,4.75669438817
2018-12-20,,11.1,0.0,28.7,21.78,17.4,62.5,37.0,3.4296,,5.84160234697
2018-12-21,,11.0,0.0,30.4,24.74,16.9,58.25,52.0,2.05776,,5.69753962712
2018-12-22,,4.6,0.0,29.4,21.86,16.9,71.75,38.0,2.40072,,3.95760387885
2018-12-23,,7.5,0.0,29.2,23.02,18.5,65.0,49.0,2.05776,,4.75811474468
2018-12-24,,6.6,0.0,29.4,22.88,18.2,65.75,40.0,3.08664,,4.81008842696
2018-12-25,,9.6,0.0,28.8,22.58,16.5,63.25,43.0,2.40072,,5.23002677405
2018-12-26,,11.0,0.0,30.2,23.36,17.6,59.5,40.0,3.4296,,6.10288943404
2018-12-27,,11.8,0.0,30.8,24.24,18.3,57.0,40.0,3.4296,,6.46450311143
2018-12-28,,8.4,0.0,29.6,23.46,17.9,59.5,44.0,1.7148,,4.96471449146
2018-12-29,,5.0,0.0,28.4,22.66,18.7,68.5,48.0,2.74368,,4.2344046256
2018-12-30,,2.8,0.0,25.6,22.66,18.9,67.0,62.0,2.74368,,3.66225542318
2018-12-31,,7.5,0.0,26.4,21.42,16.5,68.5,59.0,3.08664,,4.59026879081
2019-01-01,,6.8,0.4,29.4,23.12,19.1,62.0,70.0,3.08664,,5.03738989184
2019-01-02,,9.2,0.8,29.2,22.7,17.7,65.0,36.0,4.80144,,5.7082634446
2019-01-03,,10.8,0.0,28.7,22.86,17.8,57.5,40.0,3.77256,,6.09453716881
2019-01-04,,8.1,0.0,30.0,23.5,18.7,57.25,35.0,2.74368,,5.39719984458
2019-01-05,,7.3,0.0,30.6,24.24,18.1,53.5,27.0,4.11552,,5.92187358703
2019-01-06,,4.1,0.2,27.0,21.92,18.3,66.0,55.0,3.77256,,4.28167378136
2019-01-07,,3.3,0.0,26.0,21.36,18.3,68.0,49.0,4.45848,,4.10355859668
2019-01-08,,6.0,0.0,27.4,21.34,17.2,71.5,60.0,3.4296,,4.33953703698
2019-01-09,,6.4,0.0,28.2,22.24,17.7,61.25,45.0,3.08664,,4.8293218122
2019-01-10,,0.0,0.0,25.2,20.98,17.5,77.5,61.0,3.08664,,2.6917143793
2019-01-11,,7.6,0.0,28.6,22.74,17.7,59.75,41.0,3.4296,,5.26505034026
2019-01-12,,8.9,0.0,30.2,23.32,18.8,59.5,34.0,3.4296,,5.7449172479
2019-01-13,,11.4,0.0,29.2,23.16,16.6,55.5,40.0,3.77256,,6.28831393708
2019-01-14,,5.1,0.0,29.2,23.06,18.5,69.0,45.0,3.4296,,4.44580804312
2019-01-15,,7.4,0.0,29.1,23.12,19.5,70.0,47.0,3.08664,,4.87808568719
2019-01-16,,6.3,0.0,28.8,22.06,17.7,62.0,42.0,3.08664,,4.83244784178
2019-01-17,,11.1,0.0,30.6,23.16,16.5,52.5,36.0,3.08664,,6.26327244469
2019-01-18,,10.2,0.0,30.4,23.68,18.3,52.75,33.0,3.4296,,6.27172399602
2019-01-19,,10.8,0.0,30.4,23.44,17.6,49.75,31.0,3.4296,,6.4670016328
2019-01-20,,8.8,0.0,31.0,23.78,18.8,57.0,37.0,3.08664,,5.78600861582
2019-01-21,,10.1,0.0,29.8,23.7,18.1,56.0,41.0,3.4296,,6.05801623247
2019-01-22,,10.6,0.0,29.6,23.06,16.9,53.25,39.0,4.45848,,6.51662238561
2019-01-23,,9.5,0.0,30.4,23.82,18.7,54.75,38.0,2.74368,,5.82071851947
2019-01-24,,10.6,0.0,31.2,24.26,19.7,56.0,37.0,2.40072,,6.01986824759
2019-01-25,,7.1,0.0,29.6,23.94,18.9,55.0,42.0,2.05776,,4.95839158565
2019-01-26,,4.1,0.0,28.6,22.82,17.5,53.75,37.0,2.74368,,4.53229560786
2019-01-27,,9.1,0.4,30.4,23.46,17.5,59.75,51.0,4.80144,,6.11758549137
2019-01-28,,7.5,0.0,29.4,22.1,16.9,71.25,46.0,5.1444,,5.06198778256
2019-01-29,,5.5,2.8,26.8,21.62,18.5,76.5,55.0,3.77256,,4.08567634671
2019-01-30,,10.7,1.7,29.4,22.74,17.5,62.0,43.0,3.08664,,5.80128874299
2019-01-31,,8.9,0.0,29.6,23.34,17.5,60.0,44.0,3.4296,,5.60902008783
2019-02-01,,6.9,0.0,29.4,23.26,18.5,58.25,43.0,3.4296,,5.29625424153
2019-02-02,,6.0,0.0,28.6,23.74,18.9,58.0,41.0,2.05776,,4.57672218078
2019-02-03,,8.1,0.0,29.4,24.3,19.5,59.25,46.0,2.05776,,5.09666024419
2019-02-04,,7.6,0.0,31.4,25.3,20.1,60.25,42.0,3.08664,,5.50031783512
2019-02-05,,5.7,4.1,30.4,24.1,18.9,55.25,41.0,3.08664,,5.13781021007
2019-02-06,,3.9,0.0,29.4,23.98,20.9,72.25,46.0,3.77256,,4.20992079613
2019-02-07,,4.9,24.8,28.2,22.82,19.7,81.0,66.0,3.08664,,3.8365863214
2019-02-08,,8.2,0.0,30.4,24.02,18.5,66.0,48.0,3.77256,,5.41441446449
2019-02-09,,8.8,0.0,29.8,23.86,18.5,57.0,45.0,2.05776,,5.27757189891
2019-02-10,,8.2,0.0,30.4,23.7,18.9,56.25,34.0,2.05776,,5.22174963076
2019-02-11,,10.6,0.0,30.4,24.06,18.7,52.75,34.0,3.08664,,6.23169280649
2019-02-12,,9.1,0.0,31.4,24.7,19.1,50.0,34.0,2.74368,,5.96951026624
2019-02-13,,9.9,0.0,33.2,25.86,18.3,47.0,32.0,2.74368,,6.36960364235
2019-02-14,,2.9,38.4,27.6,21.7,17.5,74.5,49.0,2.74368,,3.46209203705
2019-02-15,,10.2,1.1,30.4,24.74,18.5,65.0,46.0,2.05776,,5.47051387145
2019-02-16,,4.8,0.0,27.6,22.58,18.5,90.5,72.0,3.08664,,3.34452671562
2019-02-17,,6.3,51.0,28.4,23.42,18.3,74.25,55.0,3.08664,,4.34513730876
2019-02-18,,3.3,21.2,26.4,22.78,20.1,91.5,73.0,3.08664,,2.95457142127
2019-02-19,,10.1,17.4,30.2,24.46,20.9,70.5,47.0,2.05776,,5.43294502931
2019-02-20,,9.5,0.0,31.0,24.92,19.6,54.75,40.0,2.05776,,5.59099712563
2019-02-21,,11.4,0.0,30.2,24.5,19.7,60.0,43.0,3.08664,,6.169665783
2019-02-22,,9.3,4.2,29.4,23.38,19.7,65.5,44.0,3.77256,,5.60157347334
2019-02-23,,6.6,0.0,28.2,23.1,19.5,64.75,54.0,3.08664,,4.78222728048
2019-02-24,,6.8,0.0,29.2,23.86,18.9,64.25,47.0,2.74368,,4.79457368044
2019-02-25,,7.5,0.0,31.6,24.64,19.9,64.5,37.0,3.08664,,5.2704310055
2019-02-26,,4.8,0.0,29.4,24.14,20.5,75.0,63.0,3.08664,,4.10544621095
2019-02-27,,6.3,2.5,28.8,23.42,18.5,69.75,51.0,2.74368,,4.4444622223
2019-02-28,,9.1,0.0,29.7,24.22,20.2,55.25,44.0,3.08664,,5.77746947964
2019-03-01,,9.0,0.0,28.6,23.3,19.1,66.5,50.0,3.4296,,5.28463369405
2019-03-02,,10.5,0.0,29.4,23.58,19.1,61.5,46.0,2.74368,,5.67156289535
2019-03-03,,8.8,0.0,29.0,22.94,19.1,70.5,48.0,4.45848,,5.26455533153
2019-03-04,,8.8,0.0,29.6,23.18,19.1,72.0,50.0,3.77256,,5.14319909427
2019-03-05,,8.0,0.0,29.7,22.78,18.9,72.0,48.0,4.45848,,5.06335700946
2019-03-06,,10.1,0.0,28.8,23.76,19.5,65.0,47.0,4.80144,,5.8530980688
2019-03-07,,8.7,0.0,29.0,23.38,19.9,67.25,51.0,4.45848,,5.43120286247
2019-03-08,,10.5,0.0,29.8,23.66,19.1,58.5,44.0,3.77256,,6.06153083056
2019-03-09,,9.7,0.0,30.4,24.1,20.2,58.75,41.0,3.77256,,6.00456199888
2019-03-10,,10.3,0.0,31.1,23.78,17.7,55.75,37.0,2.40072,,5.68487045849
2019-03-11,,10.5,0.0,30.2,23.66,18.1,52.0,36.0,3.08664,,6.02419174212
2019-03-12,,10.4,0.0,30.6,23.9,17.3,55.5,38.0,3.08664,,5.88367997003
2019-03-13,,10.5,0.2,30.4,24.24,19.4,57.0,43.0,3.77256,,6.15833034503
2019-03-14,,10.3,0.0,31.4,23.86,17.9,65.5,38.0,3.77256,,5.77446591744
2019-03-15,,9.9,0.0,30.4,24.78,18.9,59.0,42.0,2.05776,,5.34392776186
2019-03-16,,11.3,0.0,31.2,24.66,18.1,42.25,29.0,2.05776,,5.93766498405
2019-03-17,,9.2,0.0,31.4,24.5,19.3,52.0,29.0,1.7148,,5.23210954498
2019-03-18,,9.7,0.0,32.4,25.64,20.5,58.25,40.0,2.74368,,5.78977530434
2019-03-19,,9.9,0.0,32.6,27.1,20.2,48.75,35.0,2.40072,,5.91325605356
2019-03-20,,8.2,0.0,32.7,26.2,22.3,60.25,40.0,4.45848,,6.08564736396
2019-03-21,,0.5,5.9,26.4,22.28,20.6,90.75,64.0,2.74368,,2.225957956
2019-03-22,,4.6,3.6,28.6,23.06,20.1,85.25,70.0,3.08664,,3.44080683801
2019-03-23,,0.5,49.0,23.6,21.82,19.5,91.25,81.0,2.74368,,2.09390000008
2019-03-24,,2.1,7.4,26.8,22.46,19.7,86.5,68.0,2.05776,,2.68175787421
2019-03-25,,2.5,0.4,25.8,21.92,19.8,92.5,89.0,3.08664,,2.53088384619
2019-03-26,,9.8,10.6,27.4,22.42,19.9,75.25,52.0,3.4296,,4.83220187719
2019-03-27,,5.9,0.2,26.4,22.14,19.7,87.5,77.0,4.11552,,3.44621489239
2019-03-28,,9.6,2.2,27.2,22.42,19.1,74.5,52.0,4.80144,,4.86445749863
2019-03-29,,9.7,0.0,27.2,22.18,18.5,76.0,63.0,4.80144,,4.75620587088
2019-03-30,,8.3,0.0,27.6,22.18,18.3,73.75,49.0,2.74368,,4.38351543674
2019-03-31,,8.5,0.0,27.8,22.3,18.9,77.75,55.0,2.74368,,4.33286441117
2019-04-01,,6.8,0.0,28.6,22.86,19.5,78.75,55.0,3.4296,,4.07889687482
2019-04-02,,3.4,0.0,27.4,22.86,19.7,81.25,69.0,2.40072,,3.10280796673
2019-04-03,,5.1,0.2,27.4,22.88,19.5,86.25,78.0,2.74368,,3.30788156569
2019-04-04,,7.1,18.2,28.2,22.68,19.3,78.75,56.0,2.40072,,3.97296809003
2019-04-05,,7.8,2.4,28.6,22.98,20.3,81.5,51.0,3.08664,,4.1451614934
2019-04-06,,9.0,0.0,28.6,23.02,19.5,78.0,49.0,3.08664,,4.46616606797
2019-04-07,,9.0,0.0,28.4,22.86,19.7,77.0,52.0,3.77256,,4.54670663702
2019-04-08,,2.4,0.0,27.0,22.38,19.7,80.5,63.0,3.08664,,2.93031470253
2019-04-09,,6.5,0.0,29.0,23.28,20.0,79.75,63.0,3.4296,,3.93253548488
2019-04-10,,7.0,0.0,29.2,24.04,20.5,74.25,55.0,3.4296,,4.28635818296
2019-04-11,,4.9,0.0,29.5,23.42,20.7,79.75,58.0,3.08664,,3.60236514724
2019-04-12,,4.9,0.0,28.4,22.98,20.3,78.75,55.0,3.08664,,3.55348597527
2019-04-13,,6.0,0.0,28.0,22.06,18.9,78.25,56.0,3.4296,,3.73857601145
2019-04-14,,6.8,0.0,27.0,22.34,18.7,79.25,56.0,3.77256,,3.79231892679
2019-04-15,,9.1,0.5,28.2,22.78,18.7,75.5,56.0,3.08664,,4.3731091792
2019-04-16,,8.3,0.0,27.6,22.5,18.7,77.0,56.0,3.4296,,4.14669419761
2019-04-17,,6.6,0.0,28.2,22.78,19.6,75.75,57.0,3.08664,,3.90205380927
2019-04-18,,8.3,0.0,31.4,24.5,20.4,72.0,49.0,2.74368,,4.55452015467
2019-04-19,,9.5,0.0,31.2,24.38,20.5,69.0,46.0,3.08664,,4.94355966585
2019-04-20,,8.8,0.0,27.6,23.34,20.3,67.25,57.0,2.05776,,4.30899755148
2019-04-21,,6.9,0.0,28.4,22.9,19.1,71.5,47.0,2.40072,,3.91453384627
2019-04-22,,6.2,29.0,26.6,21.68,18.8,81.0,63.0,3.4296,,3.46739750343
2019-04-23,,6.4,0.8,25.6,21.6,18.7,87.25,71.0,3.4296,,3.17857813074
2019-04-24,,9.0,1.4,26.2,21.46,18.5,78.0,61.0,3.4296,,4.01119310608
2019-04-25,,10.5,0.0,26.0,21.48,17.6,75.25,59.0,3.4296,,4.28982605832
2019-04-26,,3.8,1.2,26.2,21.26,17.9,81.25,60.0,3.77256,,2.96925016647
2019-04-27,,6.8,0.0,26.8,21.38,18.1,70.75,50.0,2.74368,,3.77072818202
2019-04-28,,8.3,0.0,28.0,21.86,17.7,67.75,42.0,2.40072,,4.08681506847
2019-04-29,,9.3,0.0,31.6,24.28,18.7,66.5,46.0,2.74368,,4.69304852692
2019-04-30,,9.8,0.0,30.6,23.5,19.1,69.25,39.0,2.40072,,4.54015493304
2019-05-01,,9.6,0.0,28.8,23.24,19.0,67.75,51.0,3.08664,,4.54584115095
2019-05-02,,9.2,0.0,28.4,23.06,19.5,70.5,52.0,2.05776,,4.14764692966
2019-05-03,,8.1,0.0,28.4,22.74,19.7,71.25,52.0,2.74368,,4.07303534924
2019-05-04,,2.7,0.0,25.4,21.38,19.1,81.25,62.0,4.80144,,2.81941894806
2019-05-05,,9.0,0.4,27.2,21.54,17.9,77.0,57.0,3.77256,,3.97378909002
2019-05-06,,7.4,0.2,25.0,20.92,18.6,80.75,70.0,3.08664,,3.38767637203
2019-05-07,,9.5,0.4,27.8,21.96,18.2,68.5,48.0,2.74368,,4.22547614292
2019-05-08,,9.6,0.0,29.2,22.98,18.8,69.75,48.0,3.08664,,4.3986551758
2019-05-09,,9.0,0.0,28.6,22.64,19.4,74.75,48.0,3.77256,,4.19525249454
2019-05-10,,4.2,0.2,25.8,21.58,18.5,83.0,66.0,3.77256,,2.82949580927
2019-05-11,,3.3,0.2,25.2,21.26,18.9,87.0,73.0,4.45848,,2.50499429828
2019-05-12,,4.1,0.6,26.0,21.46,18.5,84.75,67.0,3.4296,,2.70687707133
2019-05-13,,9.0,1.2,27.6,22.42,19.6,75.5,55.0,3.08664,,3.95501371005
2019-05-14,,6.4,10.8,27.6,22.26,18.7,75.75,55.0,2.74368,,3.41699625585
2019-05-15,,6.5,0.0,27.5,22.06,19.1,77.75,55.0,2.74368,,3.36790221374
2019-05-16,,6.2,0.2,27.2,22.08,19.0,76.5,58.0,3.77256,,3.4783600485
2019-05-17,,3.1,0.0,25.6,21.34,17.9,79.0,60.0,3.08664,,2.67298427124
2019-05-18,,4.0,0.3,25.4,22.78,17.7,71.25,52.0,3.08664,,3.07754970165
2019-05-19,,2.8,0.8,25.6,20.62,18.3,81.25,57.0,2.74368,,2.49805557147
2019-05-20,,4.9,0.0,26.8,21.7,18.3,76.25,58.0,3.4296,,3.15627837969
2019-05-21,,5.1,0.0,26.8,21.24,19.0,84.5,61.0,3.08664,,2.83892495675
2019-05-22,,8.2,2.4,27.2,21.56,18.3,73.75,56.0,3.4296,,3.75771632985
2019-05-23,,6.8,0.0,27.4,22.0,19.0,76.5,57.0,3.77256,,3.51967920008
2019-05-24,,9.6,0.0,28.6,22.54,18.9,68.25,44.0,2.05776,,3.94716016807
2019-05-25,,10.1,0.0,29.2,22.66,17.7,61.0,40.0,2.05776,,4.14427846609
2019-05-26,,10.0,0.0,29.0,22.54,18.5,65.0,44.0,2.05776,,4.06125127855
2019-05-27,,4.4,0.0,23.8,20.14,17.1,77.75,67.0,3.77256,,2.82088143142
2019-05-28,,6.2,0.0,25.0,20.98,18.1,80.5,66.0,4.45848,,3.09768018872
2019-05-29,,6.7,0.6,27.4,21.26,18.3,78.0,51.0,3.08664,,3.27718753787
2019-05-30,,8.8,0.0,27.4,21.24,18.0,73.5,52.0,3.4296,,3.78549914721
2019-05-31,,10.4,0.0,27.2,21.34,16.9,66.75,48.0,2.05776,,3.84834238893
2019-06-01,,9.0,0.0,27.4,20.78,17.7,67.0,46.0,2.74368,,3.8606804961
2019-06-02,,10.2,0.0,28.4,22.94,17.9,59.75,45.0,2.05776,,4.05337851915
2019-06-03,,9.9,0.0,28.2,21.88,18.0,60.0,40.0,3.08664,,4.35724689325
2019-06-04,,10.3,0.0,27.2,21.82,18.3,62.5,46.0,2.74368,,4.154195374
2019-06-05,,8.5,0.0,17.4,,17.1,61.25,40.0,3.4296,,3.46195819053
2019-06-06,,0.5,0.1,22.2,17.98,15.9,87.25,64.0,4.45848,,1.79458941056
2019-06-07,,4.5,0.0,22.4,18.66,15.7,78.25,62.0,4.45848,,2.71382717137
2019-06-08,,9.1,0.0,25.8,19.84,14.8,71.0,51.0,3.77256,,3.67122824881
2019-06-09,,0.7,1.0,22.6,19.46,17.1,86.25,72.0,3.77256,,1.86487646194
2019-06-10,,0.1,0.9,21.4,18.5,16.1,89.75,77.0,5.1444,,1.61052851826
2019-06-11,,9.4,6.0,25.0,19.94,16.3,78.75,54.0,4.80144,,3.469130943
2019-06-12,,6.2,1.7,23.8,19.48,16.5,80.5,63.0,4.45848,,2.896779228
2019-06-13,,0.1,3.0,20.2,18.34,17.1,94.5,85.0,3.77256,,1.35398024296
2019-06-14,,7.2,4.1,23.8,18.86,16.5,80.75,53.0,4.80144,,3.02358728265
2019-06-15,,6.4,0.0,25.2,19.02,15.7,91.5,84.0,5.1444,,2.40000815919
2019-06-16,,5.9,2.8,22.2,18.14,15.1,86.5,71.0,3.77256,,2.4190393918
2019-06-17,,2.3,0.0,22.0,18.9,16.7,93.75,83.0,4.45848,,1.68322904969
2019-06-18,,0.0,5.4,19.6,17.8,16.2,97.25,95.0,4.11552,,1.17635286255
2019-06-19,,9.0,5.3,25.8,19.48,16.0,78.5,54.0,3.77256,,3.37132817784
2019-06-20,,6.5,0.0,23.4,19.56,17.0,83.75,69.0,4.11552,,2.7459186214
2019-06-21,,8.1,9.7,24.2,19.1,16.9,85.25,58.0,4.80144,,2.93507184248
2019-06-22,,5.0,5.4,20.4,17.78,16.1,92.75,86.0,4.11552,,1.99712017142
2019-06-23,,3.5,0.8,21.8,18.54,15.9,86.75,74.0,3.4296,,2.10961702347
2019-06-24,,7.3,1.8,24.2,18.9,16.5,84.75,60.0,3.77256,,2.81484951678
2019-06-25,,9.4,0.4,24.2,19.24,16.0,78.25,60.0,4.11552,,3.35210359676
2019-06-26,,9.5,1.2,23.8,18.16,15.6,73.75,55.0,4.11552,,3.51117594452
2019-06-27,,5.9,0.0,24.4,18.5,14.7,79.75,59.0,3.4296,,2.76412137895
2019-06-28,,5.3,0.0,23.2,18.54,15.9,80.25,63.0,3.08664,,2.61855110478
2019-06-29,,3.2,0.7,19.8,17.8,16.0,93.5,86.0,4.80144,,1.71115148018
2019-06-30,,6.7,0.5,23.6,18.7,15.5,81.25,62.0,3.77256,,2.82135107395
2019-07-01,,6.6,0.4,24.6,18.82,15.3,79.5,53.0,3.08664,,2.86899726683
2019-07-02,,4.4,0.0,22.4,17.8,13.8,83.0,70.0,2.91516,,2.30516148705
2019-07-03,,7.6,0.0,26.6,19.6,13.6,70.75,48.0,2.74368,,3.30205412283
2019-07-04,,9.8,0.0,28.5,21.56,15.5,69.75,51.0,2.74368,,3.83155255361
2019-07-05,,7.2,0.0,28.4,22.1,18.5,75.5,54.0,2.74368,,3.38926585844
2019-07-06,,7.7,0.5,28.2,22.7,17.1,69.75,52.0,2.40072,,3.49986282881
2019-07-07,,4.1,0.8,25.4,20.42,18.7,83.5,60.0,3.77256,,2.60409489345
2019-07-08,,0.0,0.4,18.6,17.08,16.1,90.5,81.0,4.11552,,1.4766517496
2019-07-09,,1.8,0.1,20.2,16.16,14.0,83.0,68.0,4.80144,,2.05819666834
2019-07-10,,8.4,0.0,23.2,17.62,13.2,79.25,56.0,5.1444,,3.11682097774
2019-07-11,,6.9,0.0,23.4,17.48,13.9,76.5,56.0,3.77256,,3.0091276392
2019-07-12,,9.6,0.0,26.4,19.38,14.7,63.5,42.0,4.11552,,4.19444477054
2019-07-13,,5.8,0.0,23.6,18.58,14.9,75.75,61.0,2.05776,,2.72866409434
2019-07-14,,9.0,0.0,25.6,19.66,15.9,66.0,46.0,2.05776,,3.52199932516
2019-07-15,,8.8,0.0,25.2,19.46,14.3,65.25,46.0,3.08664,,3.6962523141
2019-07-16,,9.6,0.0,27.4,20.4,16.2,60.25,38.0,3.08664,,4.21055362091
2019-07-17,,10.4,0.0,27.6,20.14,12.7,55.25,34.0,3.08664,,4.36631123109
2019-07-18,,10.4,0.1,27.6,19.86,16.3,78.25,67.0,4.11552,,3.86216492624
2019-07-19,,9.7,0.0,21.6,16.38,12.1,76.25,60.0,3.77256,,3.20864285392
2019-07-20,,6.0,0.2,22.6,17.18,14.1,81.25,53.0,4.45848,,2.76146732743
2019-07-21,,2.7,3.2,21.0,17.06,14.5,92.25,84.0,4.80144,,1.78125572267
2019-07-22,,0.8,2.4,18.8,16.58,14.7,95.25,92.0,4.11552,,1.37534974416
2019-07-23,,6.1,8.2,23.0,17.66,15.2,84.5,51.0,3.77256,,2.68328978267
2019-07-24,,2.5,1.2,20.8,17.38,15.9,86.0,76.0,3.77256,,2.08530763233
2019-07-25,,7.7,2.1,22.0,16.94,13.9,87.75,71.0,4.11552,,2.6694132533
2019-07-26,,6.1,2.5,21.2,16.78,14.3,88.5,65.0,4.45848,,2.41325035018
2019-07-27,,5.9,5.6,20.6,16.78,14.7,89.0,80.0,3.08664,,2.38701187899
2019-07-28,,3.8,1.0,21.2,17.42,15.1,91.25,75.0,3.08664,,2.06689454207
2019-07-29,,5.4,6.9,23.6,18.1,14.1,83.5,62.0,3.4296,,2.65411956796
2019-07-30,,1.6,2.2,20.6,17.18,14.2,87.5,75.0,3.77256,,1.88500667533
2019-07-31,,8.9,0.5,25.2,19.0,15.0,82.0,82.0,2.40072,,3.31001275153
2019-08-01,,8.1,0.0,24.4,18.16,14.0,76.25,53.0,3.4296,,3.3682072512
2019-08-02,,7.3,0.0,23.6,18.3,14.9,79.0,58.0,2.05776,,3.04060953468
2019-08-03,,10.6,0.0,26.2,19.42,15.5,71.25,50.0,2.05776,,3.90088944283
2019-08-04,,8.7,0.0,25.4,19.02,14.3,77.25,53.0,4.45848,,3.613922285
2019-08-05,,3.2,2.4,21.1,17.62,16.3,81.25,73.0,4.45848,,2.52527483728
2019-08-06,,6.3,3.6,22.2,17.18,14.5,78.0,55.0,5.48736,,3.14567099032
2019-08-07,,2.0,0.3,21.8,17.14,14.5,77.0,63.0,4.45848,,2.56229569365
2019-08-08,,10.0,0.3,24.2,18.0,13.6,74.25,44.0,3.4296,,3.75150182074
2019-08-09,,3.2,0.0,23.4,18.3,13.7,81.25,64.0,3.77256,,2.52584878814
2019-08-10,,3.4,4.2,20.4,17.7,15.9,96.0,89.0,4.80144,,1.81931190101
2019-08-11,,7.6,5.4,23.2,18.86,15.5,86.5,67.0,3.77256,,3.01069725659
2019-08-12,,7.5,0.1,23.8,18.68,16.1,86.5,64.0,4.11552,,3.06350865925
2019-08-13,,8.2,0.6,24.4,18.46,15.3,69.5,49.0,3.77256,,3.87686976432
2019-08-14,,5.6,0.0,22.6,18.36,15.6,80.5,60.0,4.11552,,2.98573686362
2019-08-15,,6.7,0.2,23.0,17.78,12.3,77.25,60.0,5.48736,,3.27571038956
2019-08-16,,6.1,2.2,20.8,17.02,14.9,91.25,78.0,3.77256,,2.50453751073
2019-08-17,,5.8,3.1,21.4,17.38,14.7,91.0,77.0,4.45848,,2.46898916228
2019-08-18,,4.7,2.8,22.6,17.86,14.5,85.5,69.0,2.74368,,2.60380799993
2019-08-19,,7.7,0.4,25.0,19.46,15.5,76.25,53.0,3.08664,,3.58324856118
2019-08-20,,6.2,0.0,24.0,19.12,16.8,79.75,59.0,3.4296,,3.25093368976
2019-08-21,,7.7,0.0,25.4,18.9,15.3,73.25,51.0,3.4296,,3.77416479205
2019-08-22,,9.3,0.0,24.8,19.02,15.3,75.5,55.0,3.4296,,3.91086754705
2019-08-23,,7.3,0.0,24.0,20.42,16.1,69.0,55.0,3.77256,,3.89136210635
2019-08-24,,7.9,0.0,26.0,19.06,15.7,73.0,48.0,3.77256,,3.9579112464
2019-08-25,,8.3,0.0,25.8,19.22,15.5,71.0,44.0,3.08664,,3.98847809785
2019-08-26,,7.7,0.0,24.2,,,74.75,50.0,4.11552,,
2019-08-27,,4.8,0.0,22.6,17.9,15.3,82.0,62.0,4.45848,,2.92379580331
2019-08-28,,7.3,0.0,23.4,17.78,14.1,84.25,61.0,4.45848,,3.19770572502
2019-08-29,,2.7,2.7,21.6,17.44,14.8,89.75,69.0,3.77256,,2.19396807233
2019-08-30,,5.0,5.0,21.8,17.38,15.1,89.5,72.0,3.08664,,2.61700863272
2019-08-31,,9.1,0.8,24.6,18.5,14.9,74.5,49.0,2.05776,,3.86315054913
2019-09-01,,8.9,0.0,25.0,19.14,15.1,66.25,44.0,2.05776,,4.04409910652
2019-09-02,,7.0,0.0,27.2,20.26,16.3,68.0,45.0,3.4296,,4.17934963385
2019-09-03,,9.2,0.0,26.2,20.44,17.3,68.75,49.0,3.4296,,4.50771956166
2019-09-04,,9.3,0.0,26.4,20.36,16.6,68.75,48.0,3.08664,,4.46016136657
2019-09-05,,10.1,0.0,27.0,20.3,15.7,66.75,46.0,4.45848,,4.92807348923
2019-09-06,,7.4,0.6,23.2,18.18,16.3,81.5,57.0,4.11552,,3.51755528045
2019-09-07,,5.9,0.4,25.4,19.38,15.1,75.5,50.0,5.1444,,3.74638124076
2019-09-08,,1.4,3.4,21.8,18.06,16.3,93.0,82.0,3.08664,,1.97938200292
2019-09-09,,6.5,7.1,24.0,19.18,16.3,87.75,67.0,3.4296,,3.18334135683
2019-09-10,,2.3,1.3,21.2,18.6,16.6,98.25,96.0,3.08664,,1.95185720495
2019-09-11,,8.4,3.9,25.2,19.4,16.1,78.25,55.0,4.11552,,4.01172747504
2019-09-12,,8.3,1.8,25.6,20.16,17.4,83.25,59.0,3.08664,,3.86734298224
2019-09-13,,9.4,0.0,27.4,20.82,16.9,68.5,39.0,2.05776,,4.50100509638
2019-09-14,,8.7,0.0,26.0,19.78,16.7,78.75,47.0,3.77256,,4.14866481769
2019-09-15,,9.3,0.2,26.6,20.22,15.9,77.25,48.0,3.77256,,4.33757270476
2019-09-16,,8.1,2.3,25.2,18.7,16.0,77.5,47.0,3.77256,,4.01954944616
2019-09-17,,10.7,0.0,26.4,19.58,14.5,72.5,48.0,3.77256,,4.71373619407
2019-09-18,,9.8,0.0,27.6,21.14,16.8,67.5,47.0,2.74368,,4.8122225508
2019-09-19,,7.2,0.0,27.6,21.0,17.4,70.25,48.0,3.4296,,4.38538656546
2019-09-20,,9.4,0.0,28.8,20.58,15.9,59.25,36.0,2.05776,,4.83632765788
2019-09-21,,10.0,0.0,28.6,21.06,16.9,62.5,39.0,2.74368,,5.11981525809
2019-09-22,,8.2,0.0,28.0,20.22,15.3,60.0,40.0,2.74368,,4.7408584422
2019-09-23,,10.4,0.0,28.0,20.96,15.8,76.0,63.0,4.11552,,4.81825307287
2019-09-24,,5.8,0.0,22.4,18.86,16.5,82.25,71.0,4.11552,,3.3328306089
2019-09-25,,8.6,0.0,26.2,20.2,16.2,67.5,47.0,3.4296,,4.64074640879
2019-09-26,,6.3,2.6,26.0,20.22,17.0,74.5,53.0,3.4296,,3.97151310207
2019-09-27,,7.1,0.0,29.6,21.46,16.1,66.75,42.0,1.7148,,4.25347375686
2019-09-28,,6.5,0.0,29.2,21.9,17.3,73.0,46.0,3.08664,,4.27477379492
2019-09-29,,6.8,0.0,27.6,22.14,18.1,66.0,47.0,3.4296,,4.59725523121
2019-09-30,,6.8,0.0,28.2,21.96,18.8,71.75,52.0,3.4296,,4.44960324433
2019-10-01,,7.4,0.0,26.4,20.88,16.2,69.75,53.0,3.77256,,4.45066647215
2019-10-02,,8.6,0.0,27.2,20.74,16.6,76.0,52.0,3.77256,,4.50262004044
2019-10-03,,8.2,1.8,26.6,20.22,16.5,78.75,55.0,3.4296,,4.24563973042
2019-10-04,,9.3,0.0,28.8,22.14,17.9,71.0,44.0,5.1444,,5.25766829466
2019-10-05,,10.1,0.0,27.6,21.26,16.5,65.25,41.0,2.74368,,5.09173407044
2019-10-06,,8.4,0.0,28.6,20.94,15.1,60.25,42.0,2.74368,,4.93414116507
2019-10-07,,9.1,0.0,30.0,22.4,17.3,65.5,42.0,3.77256,,5.37802774612
2019-10-08,,7.6,0.1,28.2,22.14,17.5,69.25,50.0,4.11552,,4.82580758536
2019-10-09,,11.3,0.0,29.4,22.16,16.0,61.0,36.0,4.80144,,6.1153170406
2019-10-10,,8.6,0.0,28.4,21.42,16.5,66.0,43.0,5.1444,,5.33810801269
2019-10-11,,7.6,0.0,24.6,20.58,17.1,70.5,64.0,5.1444,,4.58768920747
2019-10-12,,8.7,0.0,26.6,21.02,16.9,73.25,52.0,5.1444,,4.79897903265
2019-10-13,,9.3,0.0,27.6,21.26,17.1,66.5,42.0,4.45848,,5.29238096355
2019-10-14,,11.0,0.0,29.0,21.92,15.8,57.5,41.0,3.08664,,5.75140383991
2019-10-15,,7.3,0.0,29.2,21.98,17.1,66.25,38.0,4.11552,,5.01962142022
2019-10-16,,6.6,0.0,27.3,21.24,17.5,67.0,47.0,4.11552,,4.70501979865
2019-10-17,,6.3,0.0,27.6,20.94,16.3,61.5,46.0,3.77256,,4.79821184426
2019-10-18,,9.5,0.0,28.6,21.9,16.1,56.75,39.0,2.74368,,5.37140614632
2019-10-19,,9.3,0.0,31.4,23.54,17.7,48.5,28.0,2.05776,,5.56185234541
2019-10-20,,9.2,0.0,33.4,24.58,16.9,50.0,28.0,2.40072,,5.8477259185
2019-10-21,,7.3,0.0,32.4,25.42,19.9,53.0,38.0,3.08664,,5.7062735456
2019-10-22,,4.2,0.0,30.2,23.28,19.2,75.75,54.0,2.74368,,3.87388201007
2019-10-23,,6.1,0.5,29.6,23.82,18.7,70.25,51.0,3.08664,,4.51805690127
2019-10-24,,7.8,0.0,30.2,23.4,19.1,57.75,42.0,3.4296,,5.53674773909
2019-10-25,,10.7,0.0,30.8,23.66,18.7,52.0,33.0,2.74368,,6.11340106752
2019-10-26,,10.6,0.0,31.6,23.42,16.9,47.75,29.0,2.74368,,6.21273698301
2019-10-27,,8.6,0.0,30.4,23.3,18.5,55.5,33.0,3.4296,,5.79030891076
2019-10-28,,10.1,0.0,30.8,23.42,18.1,56.75,35.0,4.45848,,6.39811342647
2019-10-29,,8.7,0.0,30.2,22.98,17.5,55.0,40.0,4.45848,,6.1202832945
2019-10-30,,11.5,0.0,30.2,23.36,17.3,51.75,34.0,5.48736,,7.12597068778
2019-10-31,,7.5,0.0,29.2,22.86,18.4,70.25,48.0,4.11552,,4.97948200753
2019-11-01,,7.8,0.8,31.4,23.3,17.9,64.25,38.0,3.08664,,5.25458333031
2019-11-02,,7.7,0.0,28.6,21.98,18.3,64.5,44.0,3.08664,,5.00530132708
2019-11-03,,10.2,0.0,29.8,22.58,15.9,56.5,36.0,2.74368,,5.67806301342
2019-11-04,,8.4,0.0,31.2,24.16,19.0,58.25,40.0,3.08664,,5.64136761435
2019-11-05,,10.4,0.0,32.6,25.22,19.1,49.25,38.0,3.08664,,6.52327493262
2019-11-06,,10.9,0.0,30.2,24.04,17.6,45.75,30.0,2.74368,,6.24152641516
2019-11-07,,8.0,0.0,31.8,23.38,18.7,59.5,36.0,3.77256,,5.78527493432
2019-11-08,,9.4,0.0,31.4,23.86,17.9,51.25,36.0,3.4296,,6.21899700261
2019-11-09,,10.3,0.0,31.0,23.78,18.5,50.5,35.0,2.74368,,6.11884717376
2019-11-10,,10.5,0.0,31.6,24.18,18.3,47.0,31.0,1.7148,,5.76157895923
2019-11-11,,6.9,0.0,31.0,23.88,19.5,55.25,38.0,3.4296,,5.58080772293
2019-11-12,,10.4,0.0,31.2,23.94,18.5,56.25,34.0,3.77256,,6.35928847435
2019-11-13,,9.9,0.0,29.6,23.26,16.8,57.5,38.0,4.11552,,6.04190254552
2019-11-14,,11.1,0.0,30.2,23.6,17.8,50.0,34.0,3.4296,,6.4718669746
2019-11-15,,10.8,0.0,34.0,25.5,16.9,42.5,26.0,1.7148,,6.04301312141
2019-11-16,,7.8,0.0,32.6,25.74,18.5,50.5,35.0,1.37184,,5.01502287884
2019-11-17,,4.1,0.2,28.0,22.54,19.3,71.25,53.0,3.08664,,3.99849958708
2019-11-18,,2.4,0.0,26.4,21.88,19.1,72.25,59.0,3.4296,,3.56302161091
2019-11-19,,9.8,0.0,30.6,23.34,18.0,54.0,41.0,3.4296,,6.12170655826
2019-11-20,,10.8,0.0,30.6,23.54,18.1,55.75,38.0,3.4296,,6.2640781256
2019-11-21,,9.3,0.0,28.8,22.64,17.8,58.25,43.0,4.11552,,5.86302057612
2019-11-22,,7.3,0.0,29.8,23.38,18.3,57.5,39.0,3.4296,,5.41305981078
2019-11-23,,6.5,0.0,31.8,24.7,18.5,55.0,36.0,1.7148,,4.78164254852
2019-11-24,,8.6,0.0,34.8,29.58,19.9,40.75,26.0,3.08664,,6.72397168735
2019-11-25,,2.2,9.3,26.0,21.92,19.3,86.0,54.0,3.08664,,2.89348061456
2019-11-26,,0.0,0.7,22.0,20.12,18.8,95.0,92.0,4.11552,,1.86763241229
2019-11-27,,0.2,4.9,22.2,19.64,17.8,95.5,87.0,3.77256,,1.88170907875
2019-11-28,,7.7,2.6,28.5,22.22,17.6,78.5,57.0,2.74368,,4.45153122168
2019-11-29,,9.8,0.0,32.2,25.06,20.1,57.0,36.0,3.4296,,6.28012499006
2019-11-30,,11.7,0.0,32.0,24.54,17.9,51.5,36.0,2.05776,,6.16180728632
2019-12-01,,11.8,0.0,33.6,25.82,17.7,44.0,28.0,1.7148,,6.23920508528
2019-12-02,,11.4,0.0,35.0,27.58,19.5,43.75,28.0,2.74368,,7.01281045738
2019-12-03,,10.9,0.0,33.0,26.42,20.5,51.25,35.0,3.08664,,6.6905898505
2019-12-04,,9.9,0.0,30.8,24.32,19.0,55.5,38.0,3.77256,,6.276857
2019-12-05,,11.3,0.0,31.6,24.54,18.3,45.0,26.0,2.74368,,6.53361288226
2019-12-06,,11.0,0.0,32.6,25.7,18.3,49.25,33.0,1.7148,,5.94026696091
2019-12-07,,8.6,0.0,33.4,27.82,20.3,42.25,31.0,1.37184,,5.39299632773
2019-12-08,,9.2,0.0,31.4,25.38,20.1,53.25,43.0,3.77256,,6.35267444738
2019-12-09,,11.6,4.4,30.1,23.88,18.3,56.5,38.0,4.11552,,6.56271595127
2019-12-10,,10.1,0.0,31.0,23.78,17.1,56.75,38.0,3.77256,,6.18847916562
2019-12-11,,11.3,0.0,30.6,24.04,17.7,56.0,43.0,2.74368,,6.1053678038
2019-12-12,,11.6,0.0,31.6,24.36,17.4,57.5,41.0,3.77256,,6.54468576152
2019-12-13,,10.2,0.0,31.6,24.42,18.5,50.75,38.0,2.74368,,6.16086012282
2019-12-14,,9.3,0.0,30.6,23.66,18.5,68.0,45.0,4.80144,,5.74455796008
2019-12-15,,6.7,0.3,26.8,21.5,18.3,75.25,57.0,3.77256,,4.36261357974
2019-12-16,,9.8,1.4,29.6,22.98,17.8,65.5,43.0,3.4296,,5.56999248299
2019-12-17,,7.5,0.2,30.0,23.24,18.2,65.25,46.0,3.77256,,5.23414049315
2019-12-18,,5.9,0.0,31.0,23.24,18.1,64.75,47.0,4.11552,,5.09674433222
2019-12-19,,11.6,0.0,31.2,23.94,17.1,51.0,37.0,3.4296,,6.61934791657
2019-12-20,,10.2,0.0,30.0,24.34,18.5,59.25,44.0,4.45848,,6.25494907227
2019-12-21,,9.4,0.0,30.8,24.1,19.1,53.25,38.0,2.74368,,5.87397308448
2019-12-22,,10.5,0.0,31.6,24.14,18.3,51.25,36.0,2.05776,,5.88959322808
2019-12-23,,11.9,0.0,32.2,24.72,18.3,49.5,33.0,3.4296,,6.91513974544
2019-12-24,,9.8,0.0,32.0,25.14,19.1,54.5,44.0,3.77256,,6.4417513199
2019-12-25,,5.8,0.0,29.2,23.6,19.6,67.5,53.0,3.77256,,4.77461553022
2019-12-26,,6.7,0.0,29.2,23.06,18.5,65.5,47.0,3.08664,,4.83942192414
2019-12-27,,2.9,0.2,26.6,21.42,17.7,77.75,57.0,3.77256,,3.43554351721
2019-12-28,,7.3,0.0,29.0,23.34,18.5,68.25,54.0,3.08664,,4.8520120418
2019-12-29,,7.4,0.0,31.0,23.38,18.3,71.0,43.0,3.08664,,4.92278911946
2019-12-30,,5.6,2.4,28.2,21.94,17.3,79.75,56.0,2.74368,,3.91382851017
2019-12-31,,0.0,35.1,25.8,21.0,18.3,87.0,69.0,3.08664,,2.33994439507
2020-01-01,,4.0,5.2,24.0,21.46,18.6,86.5,81.0,3.4296,,3.15944849025
2020-01-02,,1.9,0.7,21.4,21.22,19.9,91.0,83.0,2.40072,,2.51207414281
2020-01-03,,3.4,12.4,27.0,22.72,19.8,84.75,68.0,2.74368,,3.27084516808
2020-01-04,,1.7,25.0,25.0,20.9,19.5,92.0,80.0,3.08664,,2.51890265039
2020-01-05,,0.7,14.1,24.6,21.08,18.6,82.25,66.0,3.4296,,2.6819618118
2020-01-06,,1.7,0.4,24.8,22.34,19.1,83.75,76.0,3.08664,,2.82905306301
2020-01-07,,8.8,6.0,31.0,24.2,20.2,74.5,49.0,2.74368,,5.17123908529
2020-01-08,,7.8,0.0,30.2,23.3,20.1,77.5,51.0,3.08664,,4.79996708395
2020-01-09,,9.8,0.0,30.6,23.5,18.7,63.5,42.0,3.77256,,5.89322716351
2020-01-10,,11.2,0.0,28.2,22.24,16.5,61.0,47.0,3.08664,,5.75254787613
2020-01-11,,9.6,0.0,30.2,24.04,19.1,63.25,48.0,3.4296,,5.7611401847
2020-01-12,,9.1,0.0,30.0,23.18,18.5,63.5,44.0,3.08664,,5.5086035918
2020-01-13,,9.1,0.0,31.0,24.62,20.2,64.0,43.0,3.08664,,5.66893025961
2020-01-14,,10.2,0.0,32.0,24.14,19.8,59.75,40.0,3.08664,,6.13983208847
2020-01-15,,10.8,0.0,30.7,23.84,18.3,55.25,42.0,3.4296,,6.33062504253
2020-01-16,,9.9,0.0,29.4,23.66,18.3,61.75,43.0,2.74368,,5.58632126722
2020-01-17,,11.7,0.0,31.8,24.34,18.5,56.0,39.0,3.77256,,6.73979022045
2020-01-18,,11.1,0.0,31.6,24.54,19.9,59.75,41.0,3.77256,,6.51355069601
2020-01-19,,7.7,0.0,30.0,23.06,17.9,61.75,45.0,3.4296,,5.34533401349
2020-01-20,,8.9,0.0,30.6,24.5,19.2,57.0,42.0,3.08664,,5.78881820616
2020-01-21,,5.4,0.0,30.2,,20.1,78.5,49.0,3.4296,,4.23599656091
2020-01-22,,0.0,66.2,21.0,20.02,19.1,96.0,96.0,1.37184,,1.98485119519
2020-01-23,,0.0,3.4,21.8,20.06,18.7,94.75,90.0,3.4296,,1.90966648469
2020-01-24,,0.0,21.8,22.8,21.1,17.5,84.25,81.0,2.74368,,2.31216272258
2020-01-25,,1.6,3.3,30.2,22.9,19.7,81.0,50.0,2.05776,,3.03623948793
2020-01-26,,0.0,41.3,23.2,,19.9,96.75,93.0,2.40072,,1.95406872159
2020-01-27,,4.8,45.1,27.4,,28.7,83.75,65.0,2.40072,,3.97484069201
2020-01-28,,8.2,0.0,27.8,22.86,19.5,78.25,62.0,2.74368,,4.64402849332
2020-01-29,,8.8,0.0,29.0,22.9,19.3,74.0,55.0,4.11552,,5.14878677664
2020-01-30,,10.6,0.0,27.4,22.18,17.5,72.25,54.0,4.11552,,5.35149207616
2020-01-31,,9.3,0.0,28.4,22.98,18.7,64.75,48.0,2.05776,,5.14298787179
2020-02-01,,7.2,0.0,30.6,25.38,28.7,66.75,42.0,3.08664,,5.56460826593
2020-02-02,,5.9,0.0,29.6,23.5,19.9,71.75,49.0,3.08664,,4.53012086339
2020-02-03,,3.2,0.0,26.0,22.9,20.7,76.0,69.0,2.74368,,3.52273370478
2020-02-04,,4.6,0.2,28.4,22.98,19.7,80.75,56.0,3.08664,,3.79157899932
2020-02-05,,7.9,0.0,28.4,23.14,19.9,73.25,57.0,2.74368,,4.79191457675
2020-02-06,,4.4,0.0,27.4,22.62,19.3,75.25,57.0,2.40072,,3.78395701177
2020-02-07,,1.1,0.0,26.6,22.5,19.3,77.75,62.0,2.74368,,2.96297061347
2020-02-08,,0.5,0.0,25.2,21.18,19.1,86.25,72.0,3.08664,,2.47193038068
2020-02-09,,0.9,3.8,24.0,21.22,19.3,82.25,50.0,2.74368,,2.65306300899
2020-02-10,,6.9,0.0,29.2,23.02,19.7,76.0,52.0,3.08664,,4.55157400718
2020-02-11,,10.1,0.0,29.2,23.74,20.1,70.25,58.0,2.74368,,5.45418170951
2020-02-12,,11.7,0.0,29.8,23.42,17.9,60.5,37.0,3.08664,,6.10695793739
2020-02-13,,7.2,0.0,29.2,24.82,19.7,62.5,52.0,3.08664,,5.11193102954
2020-02-14,,8.9,0.0,29.0,23.86,20.1,67.75,52.0,2.74368,,5.2303465846
2020-02-15,,8.4,0.0,27.8,23.46,20.3,67.5,63.0,2.74368,,5.0399129562
2020-02-16,,10.6,0.0,30.2,23.66,17.9,62.25,47.0,2.74368,,5.75473751315
2020-02-17,,11.3,0.0,30.2,23.46,17.7,67.25,44.0,4.45848,,6.04789344958
2020-02-18,,7.2,0.0,29.2,22.98,19.7,67.0,48.0,3.77256,,5.08617403465
2020-02-19,,8.9,0.0,29.2,22.38,18.9,76.5,50.0,3.4296,,4.95748237411
2020-02-20,,8.5,19.6,29.0,23.26,18.9,72.0,56.0,2.05776,,4.81963867711
2020-02-21,,5.2,0.0,25.6,23.26,18.9,70.25,56.0,2.74368,,4.02469844071
2020-02-22,,9.7,0.0,31.8,24.54,20.5,68.5,46.0,3.08664,,5.69615305943
2020-02-23,,5.4,0.0,31.6,25.98,20.9,60.0,39.0,2.74368,,4.88864732909
2020-02-24,,8.9,0.0,30.2,24.3,20.5,66.0,49.0,4.11552,,5.6791754316
2020-02-25,,8.4,0.0,30.4,23.62,19.4,66.0,44.0,3.77256,,5.45133587971
2020-02-26,,7.8,0.0,31.8,24.56,19.9,60.75,37.0,2.40072,,5.25041768667
2020-02-27,,7.8,0.0,33.4,26.4,20.8,55.75,35.0,2.74368,,5.70390009964
2020-02-28,,6.4,0.0,33.2,26.08,21.3,66.5,56.0,2.40072,,4.906638723
2020-02-29,,7.3,7.0,30.8,24.24,20.4,70.0,44.0,3.08664,,4.95544025467
2020-03-01,,7.4,0.0,29.2,23.74,19.3,61.5,52.0,2.05776,,4.77782695555
2020-03-02,,9.6,0.0,30.8,24.48,19.2,61.25,47.0,2.74368,,5.60824590071
2020-03-03,,8.0,0.0,30.8,24.74,19.2,61.5,48.0,2.74368,,5.24195394413
2020-03-04,,8.1,0.0,31.6,24.44,19.8,71.25,47.0,3.77256,,5.23122864127
2020-03-05,,0.3,8.0,24.8,22.48,20.9,92.25,80.0,2.74368,,2.15621732389
2020-03-06,,1.4,3.8,23.6,23.58,30.9,97.0,93.0,3.08664,,2.24325680213
2020-03-07,,5.4,15.8,29.8,23.1,19.3,85.0,60.0,3.08664,,3.77287524531
2020-03-08,,2.1,4.9,27.0,23.08,20.6,85.5,71.0,2.74368,,2.87311032386
2020-03-09,,4.7,11.0,28.6,23.22,20.1,85.75,63.0,3.4296,,3.53868595551
2020-03-10,,6.4,0.0,28.8,23.62,20.3,80.0,63.0,3.08664,,4.15886442008
2020-03-11,,9.3,0.0,30.2,24.24,20.2,75.75,43.0,3.77256,,5.13897130035
2020-03-12,,6.2,0.0,30.4,23.02,20.1,78.5,52.0,4.11552,,4.35937984503
2020-03-13,,8.3,3.8,26.2,21.66,17.7,83.5,71.0,3.77256,,4.11985359219
2020-03-14,,4.0,0.4,27.0,21.74,18.5,77.0,55.0,3.77256,,3.62443887252
2020-03-15,,4.0,0.0,24.6,21.46,18.5,77.25,72.0,3.08664,,3.39468947246
2020-03-16,,6.1,0.3,29.0,22.92,18.4,70.0,53.0,3.08664,,4.35528554842
2020-03-17,,7.9,0.0,29.6,23.52,19.4,70.25,50.0,3.4296,,4.8728683581
2020-03-18,,7.1,0.0,30.0,23.46,19.1,68.75,50.0,3.08664,,4.70020458523
2020-03-19,,7.1,0.0,30.8,24.5,20.3,71.5,47.0,3.08664,,4.70258645359
2020-03-20,,4.7,0.2,27.8,24.22,20.3,74.0,66.0,2.74368,,3.81520924783
2020-03-21,,8.6,0.0,29.0,24.02,20.3,73.25,56.0,3.77256,,4.90462471522
2020-03-22,,7.8,0.0,30.6,24.54,20.5,70.75,45.0,3.08664,,4.84821278506
2020-03-23,,4.8,6.4,27.2,22.76,19.8,82.0,67.0,3.4296,,3.53100474421
2020-03-24,,3.2,0.0,26.6,22.18,19.3,80.75,65.0,3.60108,,3.21170358821
2020-03-25,,5.2,0.2,25.2,21.82,18.3,79.75,72.0,3.77256,,3.53793735949
2020-03-26,,5.3,1.0,26.8,21.86,18.5,80.0,62.0,3.4296,,3.61508123204
2020-03-27,,8.8,0.0,26.0,21.66,16.7,71.5,62.0,3.77256,,4.51522869198
2020-03-28,,6.0,0.8,26.4,21.26,18.1,86.25,72.0,3.4296,,3.43855182122
2020-03-29,,7.7,0.6,28.0,21.5,18.5,84.0,58.0,4.11552,,3.99286112458
2020-03-30,,10.0,0.5,26.6,21.64,18.0,67.5,58.0,3.77256,,4.97954386248
2020-03-31,,7.1,0.0,27.0,21.82,17.9,83.0,63.0,3.77256,,3.79550058787
2020-04-01,,7.2,0.0,23.0,21.68,18.6,86.75,80.0,3.4296,,3.43880886711
2020-04-02,,9.5,1.0,28.6,22.78,18.1,69.25,52.0,3.4296,,4.89929262543
2020-04-03,,9.1,0.0,30.0,23.7,18.1,67.25,46.0,1.7148,,4.59586391533
2020-04-04,,9.6,0.0,34.0,25.76,19.6,59.25,32.0,1.37184,,5.02205310776
2020-04-05,,10.9,0.0,32.2,25.7,20.5,67.25,46.0,2.74368,,5.50649902324
2020-04-06,,7.5,0.0,28.2,23.22,20.1,78.25,62.0,3.08664,,4.13830338499
2020-04-07,,8.4,0.1,29.2,23.34,19.9,76.25,52.0,2.74368,,4.40053412699
2020-04-08,,9.0,0.0,30.4,24.58,21.0,69.0,52.0,3.08664,,4.95498847598
2020-04-09,,5.9,0.0,29.2,23.76,19.4,73.5,51.0,3.4296,,4.05308253515
2020-04-10,,4.9,28.0,27.8,22.7,19.9,83.75,68.0,2.74368,,3.30220336297
2020-04-11,,2.8,0.0,27.6,22.7,20.1,93.0,88.0,3.4296,,2.49470890919
2020-04-12,,3.6,17.2,27.2,22.7,19.7,94.25,88.0,2.40072,,2.62777404862
2020-04-13,,0.6,18.0,22.2,21.34,20.5,93.75,88.0,3.08664,,1.86720169118
2020-04-14,,0.0,15.8,23.6,20.76,19.5,92.75,85.0,3.4296,,1.79649640924
2020-04-15,,3.2,0.3,25.8,21.78,19.1,86.0,73.0,2.74368,,2.71324707315
2020-04-16,,6.8,0.0,26.8,21.66,19.3,83.75,65.0,3.77256,,3.57134163041
2020-04-17,,7.9,0.0,28.2,22.3,18.9,80.75,57.0,3.08664,,3.92580428794
2020-04-18,,9.0,2.4,26.6,22.5,19.5,87.75,79.0,3.77256,,3.77753054792
2020-04-19,,7.9,7.8,25.2,23.22,28.9,92.0,86.0,3.08664,,3.63283195097
2020-04-20,,5.0,3.5,23.0,20.3,18.6,94.5,89.0,4.45848,,2.46045393258
2020-04-21,,1.0,3.9,22.8,20.3,18.5,93.75,85.0,3.08664,,1.85499372612
2020-04-22,,1.5,4.0,23.6,20.08,18.2,94.5,84.0,3.08664,,1.92237672901
2020-04-23,,5.4,0.0,25.0,21.14,18.1,86.75,72.0,3.08664,,2.9520118544
2020-04-24,,4.3,0.0,24.0,20.46,17.1,81.25,73.0,3.77256,,2.9204459155
2020-04-25,,9.4,0.0,25.4,20.54,15.9,71.5,43.0,4.45848,,4.2374373334
2020-04-26,,3.4,0.0,25.0,20.18,17.5,91.0,86.0,3.77256,,2.37803368451
2020-04-27,,0.0,5.2,21.0,19.38,17.3,90.5,88.0,4.11552,,1.71520376996
2020-04-28,,1.7,0.0,21.0,18.64,15.9,93.75,88.0,3.4296,,1.79943235954
2020-04-29,,0.3,2.4,20.2,,16.7,73.0,89.0,4.11552,,2.52863292359
2020-04-30,,6.0,1.8,24.2,19.62,16.1,85.0,54.0,3.4296,,2.93137663717
2020-05-01,,1.9,0.0,24.8,20.5,17.9,85.5,70.0,2.05776,,2.23862137977
2020-05-02,,4.7,0.4,26.4,20.82,16.9,78.25,62.0,2.05776,,2.94554209973
2020-05-03,,6.4,0.0,28.4,22.5,19.7,79.25,55.0,2.05776,,3.41627132389
2020-05-04,,6.6,0.0,25.2,21.0,18.7,85.25,71.0,3.77256,,3.13994613081
2020-05-05,,2.9,1.6,23.2,20.02,17.8,90.5,80.0,3.4296,,2.18877489262
2020-05-06,,1.2,2.8,24.0,20.66,18.6,92.25,79.0,3.4296,,1.87910851109
2020-05-07,,3.3,1.8,25.8,21.6,18.9,89.25,73.0,3.08664,,2.41602579243
2020-05-08,,6.4,0.0,27.2,22.02,19.1,83.0,64.0,3.08664,,3.25146969268
2020-05-09,,0.0,0.8,20.2,18.18,16.9,94.0,90.0,3.08664,,1.48007643292
2020-05-10,,0.0,0.4,20.8,17.7,14.9,91.75,86.0,3.08664,,1.53327390617
2020-05-11,,0.5,0.2,21.6,18.76,16.1,91.25,81.0,3.77256,,1.66625678716
2020-05-12,,6.0,1.4,24.0,20.28,17.4,89.25,75.0,4.11552,,2.673114723
2020-05-13,,4.8,2.3,22.8,19.8,18.0,92.5,83.0,3.4296,,2.33169529862
2020-05-14,,1.1,0.0,23.0,19.46,17.1,90.0,79.0,3.08664,,1.84241118439
2020-05-15,,4.1,0.0,25.4,20.86,18.5,83.0,64.0,2.05776,,2.60594624833
2020-05-16,,7.3,0.0,25.8,21.38,18.3,77.25,64.0,2.05776,,3.27276087988
2020-05-17,,6.1,0.0,26.0,21.02,18.3,80.5,64.0,3.08664,,3.10555867756
2020-05-18,,4.1,0.1,25.2,21.04,18.2,85.5,73.0,3.4296,,2.57494496557
2020-05-19,,1.6,2.4,22.2,19.62,18.1,96.0,88.0,4.11552,,1.61695168345
2020-05-20,,0.2,4.6,22.6,18.94,16.9,93.0,86.0,3.08664,,1.54799201099
2020-05-21,,0.7,3.0,22.0,18.7,16.9,95.0,95.0,3.08664,,1.52719051027
2020-05-22,,3.3,3.3,23.4,19.58,17.7,95.0,95.0,3.08664,,1.9689544496
2020-05-23,,5.0,1.2,23.2,20.06,17.9,89.0,89.0,3.08664,,2.43668725313
2020-05-24,,,3.2,,,17.9,,93.0,3.08664,,
2020-05-25,,6.4,0.0,27.4,21.1,17.3,87.0,89.0,1.54332,,2.8496741499
2020-05-26,,5.6,0.0,28.2,22.14,17.5,83.0,86.0,2.05776,,2.8628202193
2020-05-27,,4.7,0.0,28.4,22.06,18.9,90.0,78.0,3.08664,,2.58202956433
2020-05-28,,1.3,7.8,23.4,,18.7,95.0,94.0,3.08664,,1.65670290271
2020-05-29,,7.5,5.2,24.4,18.54,14.9,92.0,95.0,3.08664,,2.60273063932
2020-05-30,,5.0,0.0,23.6,18.22,13.9,90.0,90.0,4.11552,,2.23509649981
2020-05-31,,,,,,,,89.0,,,
2020-06-01,,0.7,0.0,26.2,20.18,15.9,91.0,84.0,3.08664,,1.72610261073
2020-06-02,,3.2,0.0,24.4,20.22,18.3,91.0,92.0,1.54332,,2.09849547709
2020-06-03,,5.2,0.3,25.4,,,91.0,90.0,3.08664,,
2020-06-04,,5.1,14.6,23.6,19.42,17.9,95.0,90.0,3.08664,,2.18351047734
2020-06-05,,3.2,3.3,22.4,18.62,15.9,92.0,95.0,2.5722,,1.92719473454
2020-06-06,,0.0,1.2,21.6,18.54,16.7,95.0,90.0,4.11552,,1.3428424295
2020-06-07,,,,,,,,95.0,,,
2020-06-08,,10.2,3.0,24.4,19.1,15.5,87.0,86.0,2.5722,,3.12018799136
2020-06-09,,8.9,0.0,25.8,19.98,15.9,83.0,80.0,2.5722,,3.1382183658
2020-06-10,,7.4,0.6,24.6,19.78,15.7,84.0,85.0,1.54332,,2.77092942797
2020-06-11,,7.7,0.0,24.6,19.98,16.9,83.0,77.0,2.5722,,2.93051945051
2020-06-12,,8.6,0.0,25.4,19.58,15.7,8.0,84.0,4.11552,,6.18305380542
2020-06-13,,6.0,0.0,23.8,19.26,15.5,96.0,77.0,4.11552,,2.0996797869
2020-06-14,,,,,,,,96.0,,,
2020-06-15,,6.3,2.0,24.2,18.66,14.5,92.0,95.0,4.11552,,2.30175973711
2020-06-16,,4.1,0.6,24.0,18.74,16.3,88.0,90.0,4.62996,,2.26232485006
2020-06-17,,5.6,1.2,23.4,18.62,15.9,94.0,86.0,4.11552,,2.12893619587
2020-06-18,,1.6,6.2,20.2,17.42,15.5,96.0,94.0,3.08664,,1.46896300891
2020-06-19,,8.6,0.7,23.4,18.06,15.9,87.0,84.0,2.5722,,2.82722371076
2020-06-20,,1.1,0.0,23.4,,,92.0,86.0,4.11552,,
2020-06-21,,,,,,,,95.0,,,
2020-06-22,,3.9,3.6,23.0,17.82,14.1,95.0,95.0,3.60108,,1.82231713208
2020-06-23,,1.9,6.2,21.6,17.3,14.3,93.0,95.0,2.5722,,1.63394862062
2020-06-24,,5.8,0.2,22.4,17.78,13.7,91.0,84.0,4.11552,,2.17364769053
2020-06-25,,0.1,3.1,20.2,17.46,15.9,96.0,94.0,3.08664,,1.28487976064
2020-06-26,,6.5,5.6,22.0,17.98,15.9,93.0,95.0,4.11552,,2.23006813713
2020-06-27,,6.4,1.2,22.0,18.26,16.3,91.0,92.0,2.5722,,2.36950928501
2020-06-28,,,,,,,,89.0,,,
2020-06-29,,7.2,0.3,23.6,18.5,15.1,86.0,87.0,2.5722,,2.65392058935
2020-06-30,,4.6,0.2,23.8,18.54,15.5,92.0,86.0,3.08664,,2.12820389023
2020-07-01,,7.1,1.0,26.6,19.9,16.5,88.0,91.0,2.5722,,2.78944897958
2020-07-02,,9.6,0.0,26.8,20.26,13.5,80.0,76.0,1.54332,,3.19768284433
2020-07-03,,7.9,0.0,27.0,20.22,15.7,81.0,82.0,2.5722,,3.11379109311
2020-07-04,,7.6,0.0,24.8,18.86,15.9,83.0,78.0,3.08664,,2.92805479753
2020-07-05,,,,,,,,84.0,,,
2020-07-06,,7.9,0.0,25.4,19.58,15.7,84.0,82.0,3.08664,,2.97044202959
2020-07-07,,8.7,0.0,24.6,19.1,15.5,84.0,79.0,4.11552,,3.05902824933
2020-07-08,,2.7,0.8,23.8,18.66,15.3,93.0,86.0,3.60108,,1.83422696879
2020-07-09,,7.6,3.8,23.6,18.94,16.7,94.0,92.0,3.08664,,2.54628077209
2020-07-10,,2.3,4.7,22.6,18.06,16.3,9.0,95.0,6.68772,,7.35503022533
2020-07-11,,6.5,0.0,23.2,17.5,14.7,85.0,79.0,4.11552,,2.645687472
2020-07-12,,,,,,,,95.0,,,
2020-07-13,,7.3,0.2,25.2,19.02,15.1,83.0,81.0,1.54332,,2.84007783385
2020-07-14,,8.4,0.0,25.6,19.54,16.3,86.0,83.0,1.54332,,3.03926557907
2020-07-15,,8.2,0.3,25.8,19.06,16.5,87.0,88.0,4.11552,,3.0218101191
2020-07-16,,5.1,0.0,23.6,17.9,14.1,86.0,84.0,3.08664,,2.42468332191
2020-07-17,,2.2,0.0,22.0,18.26,15.3,91.0,82.0,3.08664,,1.83019441677
2020-07-18,,6.4,3.4,23.4,17.98,14.9,88.0,87.0,5.1444,,2.5540378463
2020-07-19,,,,,,,,89.0,,,
2020-07-20,,8.0,11.2,22.8,17.86,13.9,87.0,90.0,4.11552,,2.75136601166
2020-07-21,,3.8,1.2,23.2,18.22,16.1,94.0,85.0,4.11552,,1.98382885579
2020-07-22,,6.8,1.4,23.4,17.94,14.7,82.0,72.0,5.1444,,2.94369804971
2020-07-23,,4.9,1.8,22.2,17.74,14.9,91.0,86.0,3.60108,,2.21895990282
2020-07-24,,4.5,1.2,21.8,17.86,15.9,91.0,88.0,1.54332,,2.24199852481
2020-07-25,,8.0,1.1,23.0,17.14,13.9,83.0,83.0,3.08664,,2.9484877458
2020-07-26,,,,,,,,83.0,,,
2020-07-27,,0.0,3.2,21.6,17.66,14.7,95.0,95.0,3.08664,,1.39796008319
2020-07-28,,6.8,7.3,22.6,18.14,14.9,91.0,82.0,4.11552,,2.51460683428
2020-07-29,,5.1,3.1,22.8,17.38,15.1,90.0,95.0,1.54332,,2.4087140341
2020-07-30,,8.8,0.4,22.4,17.06,14.5,87.0,81.0,3.60108,,2.95778857543
2020-07-31,,5.8,0.2,22.0,17.02,12.7,91.0,84.0,3.08664,,2.34114980724
2020-08-01,,4.4,6.8,22.0,16.86,14.1,91.0,92.0,3.08664,,2.19686934475
2020-08-02,,,,,,,,91.0,,,
2020-08-03,,0.0,0.0,22.2,16.86,13.5,91.0,84.0,3.08664,,1.57169192264
2020-08-04,,0.0,3.4,18.0,15.3,13.7,95.0,95.0,3.08664,,1.34138300942
2020-08-05,,5.2,2.4,20.2,15.94,12.9,92.0,85.0,4.11552,,2.14765060459
2020-08-06,,3.8,3.8,20.0,16.82,14.5,95.0,95.0,4.11552,,1.88591210791
2020-08-07,,6.2,3.2,22.0,17.22,14.7,93.0,95.0,4.11552,,2.39763183957
2020-08-08,,4.4,4.4,21.6,16.82,14.5,95.0,92.0,3.08664,,2.11220067509
2020-08-09,,,,,,,,94.0,,,
2020-08-10,,7.2,7.2,23.0,17.62,14.7,85.0,90.0,4.11552,,2.96988488619
2020-08-11,,5.1,0.0,23.4,17.7,13.9,88.0,82.0,1.54332,,2.55668241283
2020-08-12,,6.4,0.0,23.6,18.26,14.5,82.0,80.0,4.11552,,3.03618328673
2020-08-13,,5.6,0.3,23.4,18.22,15.7,94.0,83.0,3.08664,,2.49334747908
2020-08-14,,4.4,2.8,23.4,18.06,15.5,88.0,91.0,3.08664,,2.51569609548
2020-08-15,,8.1,0.0,25.2,18.26,15.1,85.0,84.0,2.5722,,3.30763573324
2020-08-16,,,,,,,,86.0,,,
2020-08-17,,6.6,0.0,25.2,19.18,16.3,84.0,87.0,1.54332,,3.11922250165
2020-08-18,,5.0,0.0,24.2,18.58,14.9,84.0,82.0,4.62996,,2.86226115102
2020-08-19,,6.3,0.0,24.6,19.14,15.9,81.0,79.0,3.08664,,3.19626017789
2020-08-20,,8.8,0.0,24.4,19.26,15.9,82.0,82.0,3.08664,,3.57295605274
2020-08-21,,7.6,0.3,26.2,19.82,16.7,88.0,81.0,1.54332,,3.36661302948
2020-08-22,,9.8,0.0,26.4,19.9,15.5,76.0,64.0,2.5722,,4.03937388435
2020-08-23,,,,,,,,82.0,,,
2020-08-24,,7.4,0.0,24.4,19.26,13.9,79.0,81.0,4.11552,,3.46932558717
2020-08-25,,6.9,0.2,25.2,18.14,14.9,84.0,78.0,1.54332,,3.22459159557
2020-08-26,,6.7,0.0,23.6,17.06,13.5,88.0,80.0,2.5722,,2.96471231992
2020-08-27,,8.8,0.0,25.0,17.66,11.9,81.0,74.0,1.54332,,3.51879598447
2020-08-28,,7.1,0.0,25.2,18.42,13.7,81.0,83.0,3.08664,,3.37921063667
2020-08-29,,8.4,0.0,25.4,19.98,15.7,81.0,80.0,3.08664,,3.71169521084
2020-08-30,,,,,,,,82.0,,,
2020-08-31,,8.9,0.0,25.4,19.5,14.7,83.0,73.0,5.65884,,3.71968970784
2020-09-01,,3.1,0.6,22.2,17.9,15.9,94.0,88.0,3.08664,,2.20254269027
2020-09-02,,6.9,6.2,23.6,17.58,14.7,89.0,87.0,5.1444,,2.98183162765
2020-09-03,,6.3,1.4,23.6,17.66,14.1,92.0,90.0,4.11552,,2.77589064464
2020-09-04,,9.5,0.6,24.8,18.14,14.1,83.0,77.0,3.08664,,3.79679987802
2020-09-05,,8.7,0.3,24.2,17.78,14.5,78.0,84.0,4.11552,,3.86312562505
2020-09-06,,,,,,,,87.0,,,
2020-09-07,,7.5,0.0,25.8,18.9,15.1,83.0,82.0,3.60108,,3.5965317428
2020-09-08,,6.1,2.8,23.8,18.3,15.9,92.0,84.0,4.11552,,2.87197659396
2020-09-09,,7.8,4.8,24.6,18.86,16.1,86.0,91.0,3.08664,,3.53086803198
2020-09-10,,7.0,0.4,25.4,18.74,16.1,90.0,82.0,3.08664,,3.29860140368
2020-09-11,,10.1,1.2,25.0,18.38,13.9,73.0,71.0,2.5722,,4.26987771671
2020-09-12,,7.3,0.0,24.6,18.42,14.9,82.0,74.0,5.1444,,3.59277772984
2020-09-13,,,,,,,,84.0,,,
2020-09-14,,4.4,9.2,23.4,17.66,14.1,88.0,94.0,3.08664,,2.74198832491
2020-09-15,,7.8,4.2,23.4,18.1,15.5,93.0,86.0,4.11552,,3.15076122983
2020-09-16,,4.6,1.4,22.4,17.82,16.1,92.0,92.0,3.08664,,2.67808152692
2020-09-17,,7.0,1.8,23.4,17.78,14.9,88.0,90.0,1.54332,,3.35382589029
2020-09-18,,10.5,0.0,26.4,19.46,14.7,77.0,73.0,1.54332,,4.41685115312
2020-09-19,,9.9,0.0,27.8,20.02,15.1,73.0,72.0,2.5722,,4.60746591075
2020-09-20,,,,,,,,73.0,,,
2020-09-21,,8.4,0.0,27.2,20.74,15.5,77.0,76.0,3.60108,,4.26998862127
2020-09-22,,7.9,0.0,27.6,21.22,17.5,75.0,73.0,5.1444,,4.54609127633
2020-09-23,,5.7,0.2,25.8,19.34,16.3,59.0,76.0,4.11552,,4.61113548166
2020-09-24,,5.4,0.2,25.2,18.62,16.1,87.0,88.0,3.60108,,3.1996102715
2020-09-25,,6.2,0.0,24.8,18.82,15.7,88.0,84.0,4.11552,,3.26110793771
2020-09-26,,5.3,1.0,24.4,18.98,16.1,86.0,86.0,1.54332,,3.20663644356
2020-09-27,,,,,,,,81.0,,,
2020-09-28,,8.1,0.6,29.2,20.38,15.9,80.0,84.0,1.54332,,4.2073630369
2020-09-29,,8.5,0.0,28.2,21.18,18.1,82.0,78.0,2.5722,,4.33672083167
2020-09-30,,9.7,0.0,28.4,21.18,17.5,73.0,70.0,2.5722,,4.84619767966
2020-10-01,,11.0,0.0,27.8,21.46,16.7,69.0,66.0,3.08664,,5.2195219514
2020-10-02,,10.1,0.0,28.0,21.42,16.7,68.0,67.0,4.11552,,5.26669632229
2020-10-03,,9.0,0.0,28.4,21.78,16.7,67.0,64.0,1.54332,,4.62152681379
2020-10-04,,,,,,,,69.0,,,
2020-10-05,,9.6,0.0,27.8,20.9,15.9,69.0,68.0,2.5722,,4.84861893502
2020-10-06,,10.8,0.0,28.8,21.58,16.3,67.0,70.0,1.54332,,5.05419523879
2020-10-07,,10.9,0.0,31.2,23.06,17.7,68.0,66.0,1.02888,,5.21360694722
2020-10-08,,9.5,0.0,33.2,23.94,16.7,52.0,46.0,1.02888,,5.04388708442
2020-10-09,,10.1,0.0,32.4,22.9,18.7,71.0,56.0,1.54332,,5.26818116061
2020-10-10,,9.6,0.0,34.0,25.86,18.7,50.0,68.0,3.08664,,6.36058248138
2020-10-11,,,,,,,,51.0,,,
2020-10-12,,7.7,10.4,27.8,21.42,18.5,78.0,84.0,1.54332,,4.27178612636
2020-10-13,,9.0,0.0,28.0,21.82,17.5,66.0,70.0,2.5722,,4.95459484838
2020-10-14,,10.7,0.0,28.6,21.3,15.5,64.0,62.0,2.5722,,5.31898684323
2020-10-15,,10.2,0.0,30.2,22.06,16.7,69.0,65.0,1.54332,,5.08816993777
2020-10-16,,10.3,0.0,30.8,22.66,17.7,71.0,68.0,1.80054,,5.23390969438
2020-10-17,,9.6,0.0,30.2,21.7,17.1,70.0,70.0,2.5722,,5.15750774814
2020-10-18,,,,,,,,74.0,,,
2020-10-19,,6.4,4.8,26.4,20.3,17.5,78.0,95.0,2.5722,,3.96807210567
2020-10-20,,7.3,0.4,26.6,20.14,17.5,89.0,82.0,1.54332,,3.92624307102
2020-10-21,,9.2,0.0,28.6,20.7,17.1,72.0,71.0,3.60108,,5.03259793611
2020-10-22,,8.7,0.2,28.4,21.02,17.7,78.0,73.0,2.5722,,4.63282999046
2020-10-23,,4.6,0.0,28.2,21.1,17.3,71.0,75.0,3.08664,,4.01614940985
2020-10-24,,8.6,0.0,28.4,21.62,17.7,74.0,71.0,3.60108,,4.84927480459
2020-10-25,,,,,,,,70.0,,,
2020-10-26,,2.8,13.2,25.2,21.5,17.7,91.0,89.0,3.08664,,2.71506784759
2020-10-27,,3.8,33.4,25.8,21.06,18.3,90.0,92.0,2.5722,,3.03873430371
2020-10-28,,5.5,1.8,28.8,22.54,18.7,80.0,58.0,2.5722,,3.92732404194
2020-10-29,,1.3,12.8,24.4,20.18,18.5,89.0,91.0,3.08664,,2.47001995912
2020-10-30,,7.2,0.0,26.6,19.94,17.5,83.0,82.0,5.1444,,4.05688476776
2020-10-31,,,0.4,,,17.9,,89.0,3.08664,,
2020-11-01,,,,,,,,,,,
2020-11-02,,1.5,43.8,25.4,21.02,17.5,95.0,94.0,2.5722,,2.31997458411
2020-11-03,,6.7,39.8,27.4,21.3,18.1,83.0,93.0,3.60108,,4.02988983242
2020-11-04,,0.0,8.9,29.4,20.7,17.3,93.0,85.0,2.5722,,2.15362269874
2020-11-05,,3.2,13.8,25.2,20.42,18.1,89.0,87.0,3.08664,,2.90898504162
2020-11-06,,0.5,5.8,23.6,19.74,17.9,90.0,92.0,3.08664,,2.22824454102
2020-11-07,,10.5,1.4,26.6,20.82,18.1,86.0,90.0,3.08664,,4.7041611535
2020-11-08,,,,,,,,84.0,,,
2020-11-09,,11.1,0.0,27.4,21.3,16.3,71.0,66.0,2.5722,,5.23700546065
2020-11-10,,10.1,0.0,27.2,20.3,16.7,76.0,74.0,1.54332,,4.82838787377
2020-11-11,,9.7,0.0,27.0,21.06,17.3,75.0,75.0,2.5722,,4.85278197985
2020-11-12,,8.4,0.0,28.0,20.66,16.9,77.0,75.0,2.5722,,4.56758817505
2020-11-13,,7.6,0.0,26.8,20.22,17.5,83.0,76.0,1.54332,,4.1553223777
2020-11-14,,7.8,0.0,26.6,20.42,17.9,75.0,81.0,1.54332,,4.33176280584
2020-11-15,,,,,,,,76.0,,,
2020-11-16,,3.2,0.0,27.2,21.86,18.5,74.0,82.0,3.08664,,3.61878293072
2020-11-17,,1.5,0.0,27.0,22.72,19.2,71.0,78.0,2.5722,,3.27120322061
2020-11-18,,3.3,0.0,28.2,22.38,19.8,90.0,78.0,2.5722,,3.103060864
2020-11-19,,1.6,23.7,25.2,20.94,19.1,94.0,91.0,2.5722,,2.42865356365
2020-11-20,,4.6,36.4,27.2,21.9,18.9,87.0,80.0,3.08664,,3.43328312279
2020-11-21,,1.1,2.4,26.4,21.82,19.3,88.0,80.0,2.5722,,2.56607940639
2020-11-22,,,44.2,,,19.6,,92.0,3.08664,,
2020-11-23,,10.8,0.0,26.6,21.36,17.3,78.0,70.0,3.60108,,5.00638882473
2020-11-24,,10.5,0.0,26.5,20.86,17.6,80.0,76.0,4.11552,,4.87671286632
2020-11-25,,5.5,1.0,25.0,19.5,16.5,89.0,82.0,5.1444,,3.25031428396
2020-11-26,,4.7,0.2,24.0,20.06,16.3,86.0,82.0,3.60108,,3.21982107626
2020-11-27,,5.2,2.2,24.6,19.42,17.3,90.0,88.0,2.5722,,3.28428131737
2020-11-28,,4.4,0.5,23.8,19.38,16.3,85.0,86.0,3.08664,,3.19049621395
2020-11-29,,,,,,,,85.0,,,
2020-11-30,,7.5,6.0,24.8,20.08,16.3,79.0,84.0,2.5722,,4.06975323013
2020-12-01,,9.7,0.0,27.6,21.34,17.1,70.0,49.0,2.74368,,5.0568363328
2020-12-02,,7.2,0.0,26.6,21.26,17.9,74.25,59.0,2.74368,,4.35895338165
2020-12-03,,8.1,0.0,27.4,21.86,17.5,74.5,56.0,2.74368,,4.58217795206
2020-12-04,,7.2,0.0,26.8,21.38,19.1,77.0,61.0,3.77256,,4.42774392544
2020-12-05,,2.9,0.4,25.8,21.22,18.5,89.5,75.0,3.08664,,2.87668521692
2020-12-06,,2.9,0.0,25.8,20.78,16.9,88.5,75.0,3.08664,,2.86280128938
2020-12-07,,7.5,0.0,26.8,20.88,17.5,74.25,55.0,2.74368,,4.41820474986
2020-12-08,,5.7,0.0,26.6,21.66,18.5,73.75,59.0,3.08664,,4.12903758856
2020-12-09,,8.1,0.0,26.6,22.06,17.3,69.0,56.0,3.08664,,4.74012820425
2020-12-10,,6.2,0.0,27.8,21.48,17.2,75.0,54.0,3.08664,,4.21174728495
2020-12-11,,9.0,0.3,27.2,20.9,17.9,73.75,50.0,2.74368,,4.80545710344
2020-12-12,,9.3,0.0,27.6,20.94,16.9,67.75,50.0,2.74368,,5.03008107481
2020-12-13,,9.3,0.0,27.6,21.34,16.9,64.75,46.0,2.05776,,4.96545469867
2020-12-14,,9.7,0.0,29.0,22.18,16.9,58.5,41.0,3.08664,,5.6130574039
2020-12-15,,8.2,0.0,27.0,21.66,17.1,67.25,52.0,2.74368,,4.77944316398
2020-12-16,,7.2,0.0,26.8,21.9,17.4,67.75,54.0,2.74368,,4.55654710254
2020-12-17,,6.7,0.0,27.0,21.92,17.9,70.75,55.0,2.74368,,4.39373382684
2020-12-18,,7.3,0.1,28.4,22.06,18.5,86.75,75.0,2.5722,,4.1336756562
2020-12-19,,8.2,0.0,30.6,23.78,19.7,65.0,42.0,1.7148,,4.97158306375
2020-12-20,,2.1,0.0,26.0,22.02,18.3,70.75,52.0,2.05776,,3.22469447593
2020-12-21,,3.8,0.0,26.0,21.14,18.2,75.0,57.0,3.08664,,3.6370524362
2020-12-22,,9.7,,28.0,,,64.0,47.0,2.5722,,
2020-12-23,,11.8,0.0,30.0,22.56,16.1,56.0,37.0,2.40072,,5.9572721926
2020-12-24,,11.6,0.0,27.6,21.7,15.5,56.75,42.0,3.77256,,6.01688786246
2020-12-25,,10.2,0.0,28.0,21.58,15.7,66.5,55.0,2.74368,,5.23272113336
2020-12-26,,7.6,0.0,29.2,22.38,18.5,71.0,54.0,2.74368,,4.77217092416
2020-12-27,,10.6,0.0,28.4,22.58,16.9,54.75,41.0,3.08664,,5.86364328722
2020-12-28,,9.6,0.0,27.8,21.84,17.2,61.0,43.0,4.45848,,5.74293286717
2020-12-29,,8.3,0.0,27.0,21.18,17.3,62.0,44.0,3.4296,,5.14599137839
2020-12-30,,9.8,0.0,28.2,22.24,17.2,54.25,35.0,3.4296,,5.8365577469
2020-12-31,,7.3,0.0,30.0,22.62,16.8,60.5,42.0,3.08664,,5.14833822174
2021-01-01,,6.2,0.0,27.8,22.48,18.3,65.25,51.0,2.74368,,4.54623358421
2021-01-02,,8.5,0.0,25.2,22.0,18.1,73.0,65.0,2.74368,,4.59511362411
2021-01-03,,4.6,0.0,27.0,21.78,18.3,71.25,56.0,3.4296,,4.07842060152
2021-01-04,,5.2,0.0,27.6,21.9,18.3,67.75,49.0,3.08664,,4.31638643979
2021-01-05,,6.4,0.0,28.2,22.66,17.9,62.25,49.0,4.11552,,5.07230490444
2021-01-06,,9.7,0.0,29.0,22.6,18.2,57.0,37.0,3.08664,,5.74395955579
2021-01-07,,9.2,0.0,31.0,23.08,18.0,55.5,34.0,2.05776,,5.47122772865
2021-01-08,,9.8,0.0,31.6,24.5,19.3,56.25,36.0,3.08664,,6.10019495296
2021-01-09,,10.2,0.0,30.6,24.34,19.0,58.75,43.0,2.74368,,5.87814028771
2021-01-10,,10.1,0.0,31.0,24.9,20.6,61.75,45.0,3.4296,,6.0874457426
2021-01-11,,10.2,0.0,31.0,24.62,20.1,61.75,43.0,3.4296,,6.08247500757
2021-01-12,,10.3,0.0,31.6,24.64,20.2,62.75,43.0,3.77256,,6.223058704
2021-01-13,,7.8,0.0,30.8,23.98,18.8,64.0,44.0,4.45848,,5.64349391522
2021-01-14,,4.3,0.0,26.4,22.36,18.7,65.0,56.0,3.4296,,4.26287057021
2021-01-15,,3.6,0.0,25.0,21.46,18.7,79.25,67.0,4.45848,,3.52064315907
2021-01-16,,7.1,13.7,26.8,21.5,18.3,79.5,60.0,3.4296,,4.25814180673
2021-01-17,,8.0,0.8,27.4,21.24,17.3,71.5,46.0,3.4296,,4.76224600537
2021-01-18,,9.3,0.0,26.8,21.92,17.0,65.75,54.0,4.11552,,5.29995139802
2021-01-19,,10.7,0.0,28.6,21.9,16.3,55.5,42.0,4.11552,,6.17406242284
2021-01-20,,8.5,0.0,28.2,22.06,17.7,66.75,45.0,4.45848,,5.32937324243
2021-01-21,,7.0,0.0,27.8,21.92,18.1,66.25,45.0,4.80144,,5.1107330125
2021-01-22,,5.9,0.0,26.8,21.38,17.0,68.25,55.0,4.45848,,4.589484625
2021-01-23,,4.8,1.0,26.4,20.9,17.3,70.0,53.0,4.45848,,4.27136861011
2021-01-24,,1.4,0.0,22.2,20.12,18.3,82.25,69.0,3.60108,,2.73286912187
2021-01-25,,4.0,2.3,26.6,21.04,17.7,78.5,57.0,4.45848,,3.69539017874
2021-01-26,,0.9,0.4,24.8,20.62,17.5,77.0,61.0,4.11552,,3.01789126351
2021-01-27,,7.6,0.0,28.6,,26.9,62.0,40.0,3.08664,,5.59041928423
2021-01-28,,7.0,0.0,28.4,22.28,18.2,64.5,46.0,3.4296,,4.96411373846
2021-01-29,,8.9,0.0,29.0,22.48,17.3,60.5,41.0,3.4296,,5.52249699122
2021-01-30,,9.4,0.0,30.0,22.96,18.1,64.5,37.0,4.45848,,5.83038965532
2021-01-31,,7.7,0.0,29.9,22.54,19.0,71.5,41.0,3.77256,,5.04396776592
2021-02-01,,,0.0,,,19.1,,48.0,3.08664,,
2021-02-02,,,0.0,,,18.7,,76.0,3.08664,,
2021-02-03,,7.5,0.0,28.4,22.9,19.3,68.25,51.0,2.74368,,4.8317138384
2021-02-04,,7.5,0.0,29.6,22.74,19.1,67.25,45.0,2.40072,,4.86332335478
2021-02-05,,7.6,0.0,31.6,24.46,19.5,61.0,38.0,1.37184,,4.84535456946
2021-02-06,,5.8,0.0,30.6,,20.5,76.5,44.0,2.74368,,4.3653353727
2021-02-07,,2.2,19.0,27.4,21.74,19.1,82.25,58.0,2.40072,,3.04407742636
2021-02-08,,0.0,29.0,27.4,20.62,18.5,85.0,88.0,2.5722,,2.43003852493
2021-02-09,,0.6,3.4,23.4,20.58,18.1,82.5,71.0,2.40072,,2.49538891454
2021-02-10,,9.6,0.0,27.6,22.18,17.7,68.0,74.0,1.54332,,4.92217847318
2021-02-11,,6.8,0.0,26.6,21.5,17.9,70.25,58.0,4.45848,,4.67615185591
2021-02-12,,10.9,0.0,28.2,21.86,16.5,61.75,45.0,2.74368,,5.58209624737
2021-02-13,,8.3,0.0,27.8,22.22,17.7,67.0,46.0,3.77256,,5.10403721066
2021-02-14,,9.5,0.0,29.8,23.22,17.9,55.0,42.0,3.08664,,5.8227876536
2021-02-15,,9.0,0.0,30.4,23.78,17.3,58.75,39.0,2.05776,,5.26744225163
2021-02-16,,1.3,0.0,27.0,21.98,20.1,79.75,61.0,2.74368,,2.95860485179
2021-02-17,,6.0,0.0,27.8,22.7,19.5,71.5,56.0,3.08664,,4.39467069682
2021-02-18,,0.7,3.4,27.2,22.02,19.7,81.75,66.0,3.08664,,2.77537045697
2021-02-19,,1.4,6.8,25.8,21.38,19.1,85.5,62.0,2.74368,,2.68722762078
2021-02-20,,4.7,53.0,26.6,21.54,18.5,79.25,60.0,2.05776,,3.59775026074
2021-02-21,,9.2,0.0,27.6,21.5,16.9,69.5,55.0,3.08664,,4.99334186453
2021-02-22,,4.5,0.0,27.6,21.7,17.9,73.0,62.0,2.74368,,3.85815170305
2021-02-23,,7.2,0.0,28.6,22.94,18.9,65.75,44.0,2.05776,,4.61670015989
2021-02-24,,8.2,0.0,29.2,23.3,18.3,63.75,46.0,3.08664,,5.17664884723
2021-02-25,,7.0,0.0,28.6,,18.7,67.0,71.0,1.54332,,4.39205408519
2021-02-26,,6.1,0.0,28.6,22.1,17.1,61.25,37.0,2.05776,,4.39137759826
2021-02-27,,7.1,0.0,29.4,22.38,18.3,70.0,40.0,3.77256,,4.84184436435
2021-02-28,,4.5,0.3,29.2,21.94,17.9,71.0,41.0,3.77256,,4.21156023111
2021-03-01,,4.5,3.2,24.2,20.06,18.1,84.25,70.0,3.77256,,3.29512720237
2021-03-02,,8.3,1.8,27.4,21.42,17.9,65.25,44.0,3.77256,,5.0877662228
2021-03-03,,7.1,0.0,27.2,21.34,16.9,67.75,46.0,3.77256,,4.67244451132
2021-03-04,,8.0,0.0,28.6,22.26,17.9,66.25,45.0,2.74368,,4.85514656822
2021-03-05,,7.4,0.0,30.4,22.7,17.7,60.0,67.0,1.54332,,4.61869109049
2021-03-06,,10.4,0.0,32.0,28.94,18.7,42.0,30.0,1.7148,,5.74225506747
2021-03-07,,10.2,0.0,32.2,25.38,19.5,44.25,31.0,1.7148,,5.71506020453
2021-03-08,,10.5,0.0,32.4,25.16,18.8,49.0,29.0,2.40072,,6.07240681349
2021-03-09,,9.0,0.0,31.2,25.5,19.7,47.75,40.0,2.74368,,5.88679319043
2021-03-10,,7.7,0.0,30.8,23.18,18.5,58.25,35.0,3.08664,,5.33056048576
2021-03-11,,8.2,0.0,30.0,23.72,20.0,60.5,42.0,2.74368,,5.23379230422
2021-03-12,,10.5,0.0,30.9,23.36,18.5,56.75,31.0,3.60108,,6.12736501972
2021-03-13,,11.4,0.0,30.4,23.18,17.7,55.5,29.0,2.05776,,5.69277822195
2021-03-14,,9.0,0.0,29.2,23.18,18.5,56.5,38.0,2.74368,,5.35445711211
2021-03-15,,10.7,0.0,29.0,22.32,16.3,56.5,41.0,2.40072,,5.44099203041
2021-03-16,,9.7,0.0,30.0,23.08,17.6,55.0,39.0,3.77256,,5.92026143797
2021-03-17,,9.5,0.0,29.0,22.64,18.5,58.0,38.0,3.77256,,5.69035506552
2021-03-18,,7.9,0.0,28.9,22.58,17.6,65.25,42.0,3.08664,,4.84730221322
2021-03-19,,7.1,0.0,29.8,23.26,19.1,70.5,46.0,3.08664,,4.61980061362
2021-03-20,,5.7,0.6,24.6,20.54,18.5,85.25,76.0,3.77256,,3.41576797854
2021-03-21,,7.0,0.0,26.6,21.3,17.9,70.75,56.0,3.08664,,4.28267388554
2021-03-22,,5.6,0.7,27.6,21.34,17.3,71.0,50.0,3.77256,,4.15452803566
2021-03-23,,10.0,0.0,29.2,22.72,18.1,59.5,37.0,4.11552,,5.750788418
2021-03-24,,9.9,0.0,29.0,22.46,17.1,51.25,35.0,4.11552,,6.01870021012
2021-03-25,,9.9,0.0,29.0,22.52,16.6,55.5,37.0,3.77256,,5.68195232548
2021-03-26,,10.1,0.0,29.4,22.02,17.3,57.5,34.0,2.05776,,5.1244465347
2021-03-27,,10.3,0.0,29.4,22.7,16.9,56.25,42.0,2.74368,,5.40928333206
2021-03-28,,10.6,0.0,30.4,22.34,16.5,57.0,32.0,1.7148,,5.12140813556
2021-03-29,,10.7,0.0,31.4,23.94,18.1,50.0,31.0,2.40072,,5.7100658612
2021-03-30,,6.7,0.0,30.6,23.92,20.2,56.0,39.0,2.40072,,4.77699636471
2021-03-31,,5.2,0.0,30.0,24.4,20.6,67.0,43.0,2.40072,,4.1135811806
2021-04-01,,4.9,0.0,29.4,24.54,19.5,67.0,60.0,2.74368,,4.06242958521
2021-04-02,,8.5,0.0,29.2,23.18,20.7,70.25,50.0,1.88628,,4.54553514918
2021-04-03,,10.0,0.0,30.0,23.3,19.1,57.0,39.0,1.02888,,4.69113194978
2021-04-04,,8.4,0.0,29.4,22.38,17.1,61.75,44.0,1.7148,,4.45479000636
2021-04-05,,10.5,0.0,29.8,22.86,18.0,63.75,36.0,5.48736,,5.8343758827
2021-04-06,,4.3,0.2,26.0,21.86,18.5,73.5,61.0,3.4296,,3.55491109298
2021-04-07,,5.2,0.0,29.0,22.66,18.7,70.0,52.0,3.08664,,3.98179548969
2021-04-08,,7.3,0.0,27.0,21.68,17.8,69.75,47.0,4.45848,,4.44434286139
2021-04-09,,6.2,2.4,26.0,20.18,17.5,76.25,57.0,3.08664,,3.677128289
2021-04-10,,2.5,11.4,24.2,19.14,16.9,89.75,76.0,3.08664,,2.37240692156
2021-04-11,,2.5,4.8,26.4,20.58,17.7,85.75,64.0,2.74368,,2.61193720302
2021-04-12,,2.3,0.0,25.6,21.44,19.2,79.75,60.0,3.08664,,2.8325251775
2021-04-13,,8.2,0.0,28.8,22.36,18.5,63.5,46.0,3.08664,,4.68724769173
2021-04-14,,6.7,0.0,27.6,22.32,16.9,60.5,49.0,3.4296,,4.46267551367
2021-04-15,,7.1,0.0,26.6,20.6,17.0,74.5,48.0,4.11552,,3.97953244475
2021-04-16,,2.0,0.0,25.6,20.42,16.9,77.5,52.0,3.08664,,2.76617216471
2021-04-17,,5.8,0.0,27.4,21.54,17.5,71.0,52.0,2.05776,,3.57686243007
2021-04-18,,6.6,0.0,27.6,21.1,16.9,73.5,55.0,2.05776,,3.64617732793
2021-04-19,,6.7,0.0,28.0,21.5,18.9,78.5,51.0,3.4296,,3.78813371976
2021-04-20,,8.4,40.2,29.0,23.2,18.9,73.25,51.0,2.74368,,4.25977350335
2021-04-21,,3.9,6.6,23.6,21.84,20.1,88.25,83.0,2.40072,,2.66442347995
2021-04-22,,6.1,35.8,27.0,22.12,19.7,85.0,65.0,3.08664,,3.3351241133
2021-04-23,,1.0,0.9,24.8,21.22,19.5,81.0,58.0,2.40072,,2.35148436425
2021-04-24,,5.1,6.2,27.0,21.32,18.4,87.5,63.0,2.05776,,2.96710470373
2021-04-25,,7.7,0.8,26.6,21.54,18.7,78.25,62.0,3.77256,,3.83121659154
2021-04-26,,8.9,0.0,27.0,21.52,18.9,74.75,56.0,2.74368,,4.07668070624
2021-04-27,,9.6,0.0,27.2,20.62,16.3,69.5,45.0,2.74368,,4.23038481366
2021-04-28,,8.2,0.0,28.4,22.04,17.8,69.5,47.0,3.08664,,4.20623098719
2021-04-29,,4.7,0.0,23.8,20.56,18.8,87.25,74.0,3.77256,,2.73749761799
2021-04-30,,3.8,2.8,23.4,19.9,18.1,88.5,75.0,3.77256,,2.48442842542
2021-05-01,,2.7,9.9,23.0,18.86,16.9,86.75,72.0,3.77256,,2.32594174724
2021-05-02,,0.3,2.2,23.2,18.66,16.5,86.75,76.0,2.74368,,1.8918137715
2021-05-03,,10.1,0.0,25.8,19.72,15.8,77.25,52.0,2.74368,,3.87468413292
2021-05-04,,2.8,0.6,23.8,20.14,17.2,83.0,69.0,3.4296,,2.5022266404
2021-05-05,,1.8,3.0,21.8,19.02,17.3,91.25,83.0,2.74368,,1.93881721661
2021-05-06,,6.8,0.8,25.0,20.02,17.3,80.5,59.0,3.08664,,3.24490776878
2021-05-07,,3.6,0.3,25.4,20.74,18.1,77.0,60.0,2.05776,,2.74086662348
2021-05-08,,8.9,0.0,26.8,20.98,17.9,74.75,58.0,2.05776,,3.7461778807
2021-05-09,,0.6,0.0,25.4,19.86,16.7,81.0,74.0,3.08664,,2.21972252909
2021-05-10,,1.5,0.4,21.2,18.14,15.7,87.25,74.0,5.1444,,2.01009438098
2021-05-11,,4.8,0.3,21.8,17.86,15.3,76.25,60.0,3.4296,,2.8434288046
2021-05-12,,10.5,0.0,26.2,19.46,13.1,67.0,47.0,2.74368,,4.00872033545
2021-05-13,,6.5,0.0,25.0,19.9,17.0,80.25,60.0,2.74368,,3.09092443592
2021-05-14,,5.2,0.0,24.2,19.62,16.9,76.0,64.0,4.11552,,3.15511196316
2021-05-15,,1.8,0.0,24.8,19.54,16.7,74.25,54.0,3.77256,,2.73393337348
2021-05-16,,3.2,0.0,24.2,19.2,16.6,82.0,81.0,2.05776,,2.38444956521
2021-05-17,,6.2,0.0,26.1,21.32,16.3,67.5,46.0,3.08664,,3.52709149172
2021-05-18,,6.2,0.0,24.8,19.2,16.0,75.25,54.0,2.74368,,3.10552158875
2021-05-19,,7.4,0.0,26.4,19.76,15.4,61.25,35.0,3.08664,,3.87670140795
2021-05-20,,10.1,0.0,27.2,20.58,15.9,64.75,44.0,3.08664,,4.19553388392
2021-05-21,,9.8,0.0,30.4,21.26,14.9,66.0,46.0,2.05776,,4.03809776013
2021-05-22,,9.2,0.0,28.0,21.9,16.9,62.75,46.0,2.05776,,3.89556023961
2021-05-23,,9.3,0.0,28.6,21.38,15.1,61.25,42.0,2.05776,,3.90760889094
2021-05-24,,9.8,0.0,27.6,20.06,14.5,63.0,64.0,2.5722,,3.99783339276
2021-05-25,,9.7,0.0,27.2,19.66,14.1,72.25,59.0,3.08664,,3.76889622692
2021-05-26,,6.2,0.0,23.2,19.38,16.0,81.75,70.0,3.77256,,2.82299776986
2021-05-27,,9.9,0.0,26.0,19.9,16.8,64.75,40.0,3.4296,,4.12471001505
2021-05-28,,10.1,0.0,25.8,18.8,14.7,63.25,42.0,2.74368,,3.90965133819
2021-05-29,,9.6,0.0,26.0,19.38,15.3,63.75,50.0,2.05776,,3.66788589572
2021-05-30,,8.0,0.0,25.8,20.06,16.7,65.25,44.0,2.05776,,3.45020114304
2021-05-31,,4.9,0.1,24.2,19.58,16.3,78.75,63.0,2.74368,,2.69640929991
2021-06-01,,6.0,0.0,26.2,19.92,16.5,74.0,53.0,2.05776,,2.97526532435
2021-06-02,,6.5,0.0,25.2,20.64,17.9,80.25,59.0,3.4296,,3.03467677374
2021-06-03,,3.1,0.0,24.2,19.56,17.4,81.75,64.0,3.4296,,2.43394815185
2021-06-04,,3.6,0.2,26.8,19.62,14.9,81.25,54.0,3.08664,,2.52920240453
2021-06-05,,6.2,4.8,26.0,19.62,16.7,83.0,69.0,3.08664,,2.84441610985
2021-06-06,,3.3,0.4,25.8,19.1,15.5,86.0,72.0,3.08664,,2.26833314466
2021-06-07,,5.0,5.2,23.0,18.84,16.4,87.75,71.0,2.74368,,2.34247499758
2021-06-08,,5.4,1.8,24.2,19.16,17.2,81.5,60.0,2.74368,,2.67004100665
2021-06-09,,4.9,0.5,23.8,19.08,16.6,84.75,68.0,3.4296,,2.49150321779
2021-06-10,,2.7,3.8,23.0,19.14,17.3,88.75,69.0,3.08664,,2.01371198909
2021-06-11,,6.2,1.0,26.2,19.46,16.3,80.75,68.0,2.74368,,2.86466781142
2021-06-12,,7.5,0.0,27.0,19.98,16.7,73.0,51.0,2.05776,,3.21130371744
2021-06-13,,3.6,0.0,26.8,20.42,16.7,77.75,66.0,3.08664,,2.68504528562
2021-06-14,,0.8,0.8,21.2,18.4,16.9,87.75,73.0,4.11552,,1.77158050429
2021-06-15,,0.1,0.0,20.2,,15.9,89.0,80.0,3.08664,,1.54493313095
2021-06-16,,3.9,0.0,23.8,18.38,15.3,83.25,62.0,2.74368,,2.31381054394
2021-06-17,,1.0,0.0,20.6,19.32,15.2,77.75,50.0,3.08664,,2.05771439568
2021-06-18,,4.3,0.2,23.2,18.18,14.5,84.25,68.0,3.77256,,2.34197951952
2021-06-19,,5.2,0.0,23.4,18.14,14.9,84.25,68.0,2.05776,,2.38316912147
2021-06-20,,6.6,0.0,24.4,18.38,14.7,80.25,65.0,2.05776,,2.70421515504
2021-06-21,,6.2,0.0,25.6,19.42,16.7,82.0,60.0,3.08664,,2.81764689027
2021-06-22,,4.3,0.2,25.8,19.98,17.1,81.0,55.0,3.4296,,2.65022943634
2021-06-23,,2.4,2.0,22.8,18.8,16.8,88.25,71.0,3.77256,,1.97921335099
2021-06-24,,2.7,0.0,21.4,,16.5,80.75,65.0,3.08664,,2.21455916529
2021-06-25,,7.0,0.4,24.2,18.14,15.3,81.25,66.0,3.08664,,2.82840365867
2021-06-26,,7.0,0.0,24.2,17.82,12.7,75.25,65.0,3.08664,,2.94342945751
2021-06-27,,5.5,0.8,24.2,18.22,15.1,79.0,65.0,3.08664,,2.70910756139
2021-06-28,,1.6,0.8,18.7,16.24,13.1,95.25,82.0,3.4296,,1.39791178535
2021-06-29,,6.1,2.6,22.6,17.02,14.7,81.75,60.0,3.08664,,2.6000219032
2021-06-30,,8.1,0.4,24.4,18.02,13.1,75.0,50.0,2.74368,,3.07202230483
2021-07-01,,2.1,0.0,21.8,18.46,16.5,86.5,72.0,3.4296,,1.9677959689
2021-07-02,,3.7,1.2,23.4,18.02,15.5,85.0,71.0,3.77256,,2.28337484049
2021-07-03,,9.2,0.2,24.8,18.3,13.1,65.0,50.0,2.40072,,3.44131911539
2021-07-04,,3.5,0.0,24.6,18.06,13.3,75.75,48.0,3.08664,,2.55677556441
2021-07-05,,3.8,0.6,22.6,18.16,17.3,85.0,69.0,3.4296,,2.30780574426
2021-07-06,,2.4,0.0,22.2,,15.6,84.25,66.0,4.11552,,2.13996684497
2021-07-07,,7.1,0.0,23.6,17.98,13.7,76.25,57.0,3.4296,,2.9910572402
2021-07-08,,7.3,3.9,22.8,17.42,14.6,83.0,58.0,2.74368,,2.7299178697
2021-07-09,,5.6,0.1,22.2,17.66,14.5,85.5,66.0,3.08664,,2.41619567461
2021-07-10,,1.1,0.3,22.0,17.82,15.5,83.75,67.0,2.74368,,1.89771494036
2021-07-11,,4.8,0.0,22.4,18.1,15.1,77.0,59.0,4.11552,,2.76441280993
2021-07-12,,5.2,0.0,24.0,18.7,15.6,74.25,53.0,3.77256,,2.9984921112
2021-07-13,,8.4,0.0,24.6,19.02,15.5,73.0,50.0,4.45848,,3.57862703148
2021-07-14,,2.7,1.8,19.4,17.22,16.1,92.75,81.0,4.11552,,1.73483500721
2021-07-15,,7.4,1.9,25.0,18.66,15.1,81.5,50.0,3.08664,,2.98795556495
2021-07-16,,9.4,0.0,24.6,17.78,14.5,75.5,44.0,2.05776,,3.29037030223
2021-07-17,,8.6,0.0,25.6,18.9,14.1,61.75,40.0,1.7148,,3.4016353225
2021-07-18,,9.5,0.0,26.0,19.54,14.9,68.75,44.0,2.05776,,3.55943167639
2021-07-19,,8.2,0.0,26.4,19.68,16.0,65.75,39.0,3.08664,,3.78726609227
2021-07-20,,7.6,0.2,26.0,20.38,16.6,69.5,45.0,4.11552,,3.78748450504
2021-07-21,,3.6,0.0,22.4,17.66,16.3,84.5,62.0,4.45848,,2.3831696728
2021-07-22,,1.6,0.6,21.0,17.54,15.3,89.5,73.0,4.11552,,1.80603979092
2021-07-23,,0.2,1.6,18.4,16.1,14.1,87.25,71.0,5.1444,,1.6688612709
2021-07-24,,0.0,0.4,18.8,15.98,13.1,93.5,86.0,3.08664,,1.3487305939
2021-07-25,,4.5,2.7,20.8,,14.3,83.25,62.0,2.74368,,2.35785929011
2021-07-26,,6.3,1.0,22.2,17.18,13.7,85.5,65.0,4.11552,,2.60025706807
2021-07-27,,6.4,1.5,24.0,18.66,16.1,83.0,58.0,2.74368,,2.85422268904
2021-07-28,,7.6,0.5,26.6,20.2,16.8,74.25,47.0,2.74368,,3.48686482888
2021-07-29,,10.5,0.0,30.4,22.08,14.5,56.25,29.0,2.05776,,4.381539542
2021-07-30,,9.9,0.0,25.4,20.38,16.3,70.25,54.0,3.77256,,4.0388320608
2021-07-31,,0.0,0.8,18.6,16.34,15.3,93.25,79.0,4.45848,,1.40430049151
2021-08-01,,5.1,2.8,21.6,15.74,13.1,84.25,74.0,2.74368,,2.45758727924
2021-08-02,,0.4,0.3,18.4,15.92,13.7,92.75,85.0,3.77256,,1.45610800039
2021-08-03,,6.9,4.2,23.2,17.16,13.7,76.5,53.0,3.08664,,3.09464597337
2021-08-04,,7.4,0.0,22.8,16.8,12.9,74.75,48.0,4.45848,,3.31582228584
2021-08-05,,7.3,0.0,23.6,17.94,14.8,76.25,53.0,4.11552,,3.34726048562
2021-08-06,,4.9,2.6,21.8,17.34,14.9,82.25,60.0,4.80144,,2.70415336003
2021-08-07,,5.0,3.2,19.8,15.74,12.7,85.75,68.0,3.08664,,2.36144785322
2021-08-08,,6.7,3.0,20.8,16.14,13.1,91.25,80.0,2.05776,,2.54872673738
2021-08-09,,9.0,0.4,22.6,16.9,14.3,82.75,55.0,4.45848,,3.2559104702
2021-08-10,,7.1,0.0,22.6,17.54,14.7,77.5,54.0,3.4296,,3.19448807719
2021-08-11,,9.4,0.0,26.0,18.48,13.3,66.5,38.0,3.4296,,4.11377274421
2021-08-12,,10.5,0.0,25.2,18.84,14.6,61.25,44.0,3.4296,,4.4555456673
2021-08-13,,9.2,0.0,21.6,17.7,14.5,72.0,63.0,2.74368,,3.56070838688
2021-08-14,,4.8,0.0,21.8,17.3,12.7,79.75,62.0,3.08664,,2.68736116457
2021-08-15,,6.7,0.4,24.2,17.62,14.9,84.0,51.0,3.08664,,3.03958988612
2021-08-16,,9.1,0.0,25.0,17.76,12.6,68.25,43.0,3.77256,,4.01640621702
2021-08-17,,8.9,0.0,25.0,18.38,13.7,67.75,41.0,4.80144,,4.23235015173
2021-08-18,,5.6,0.0,20.2,17.5,15.3,86.75,71.0,5.48736,,2.60423504761
2021-08-19,,9.2,1.3,24.0,18.36,14.9,78.0,42.0,5.1444,,3.77997310579
2021-08-20,,9.7,0.0,25.6,19.26,14.5,66.0,69.0,3.60108,,4.34673685076
2021-08-21,,7.8,0.0,25.8,18.9,14.9,73.5,56.0,3.08664,,3.74656723792
2021-08-22,,5.6,0.4,26.0,18.7,15.1,82.25,59.0,3.08664,,3.10516082686
2021-08-23,,2.3,2.5,20.0,17.36,16.2,92.75,87.0,3.4296,,1.96071284823
2021-08-24,,8.8,3.2,24.8,18.54,15.1,76.5,53.0,3.77256,,3.83860301367
2021-08-25,,8.4,0.0,26.0,19.5,15.3,71.25,43.0,3.77256,,4.10410659424
2021-08-26,,7.8,0.2,26.0,19.64,16.0,70.25,47.0,2.74368,,3.92001643982
2021-08-27,,8.9,0.0,26.0,19.98,15.9,69.5,43.0,3.08664,,4.19624217465
2021-08-28,,6.3,1.2,26.0,19.22,16.3,74.75,50.0,3.77256,,3.69573512881
2021-08-29,,6.3,0.4,25.6,19.74,16.3,76.5,56.0,2.74368,,3.4910795159
2021-08-30,,9.1,0.5,26.0,19.64,15.6,67.0,47.0,3.4296,,4.40363755157
2021-08-31,,6.5,0.9,25.8,19.74,16.5,77.25,53.0,4.80144,,3.73949530867
2021-09-01,,1.5,0.2,24.0,18.78,16.5,83.75,62.0,4.80144,,2.49058779423
2021-09-02,,3.4,0.4,23.2,18.08,15.4,80.0,63.0,3.77256,,2.84287056509
2021-09-03,,8.0,0.0,23.6,18.42,15.1,75.5,60.0,3.08664,,3.72939302442
2021-09-04,,8.0,0.8,25.2,18.98,16.7,82.25,66.0,3.08664,,3.69227465508
2021-09-05,,6.8,0.0,27.4,21.46,17.5,73.75,53.0,2.05776,,3.79940187437
2021-09-06,,7.5,0.0,30.0,21.76,17.7,67.25,37.0,3.08664,,4.54423857239
2021-09-07,,9.7,0.0,28.2,21.8,17.6,64.5,43.0,3.77256,,5.06849198291
2021-09-08,,5.5,0.0,24.6,19.7,16.8,76.5,59.0,4.45848,,3.59321506416
2021-09-09,,6.9,0.0,28.8,21.14,16.1,59.0,34.0,3.4296,,4.72265352848
2021-09-10,,10.9,0.0,26.8,20.98,14.7,58.25,42.0,3.08664,,5.09263236746
2021-09-11,,10.1,0.0,27.8,20.38,15.1,63.0,37.0,2.40072,,4.75814284577
2021-09-12,,7.7,0.0,26.8,20.94,17.1,64.0,42.0,2.74368,,4.4036713639
2021-09-13,,8.0,0.0,28.0,21.28,17.2,65.0,44.0,4.11552,,4.85750297022
2021-09-14,,9.5,0.0,27.6,20.98,16.7,66.0,60.0,4.11552,,5.02240327825
2021-09-15,,9.5,0.0,29.2,21.76,17.2,62.25,40.0,4.45848,,5.47106947017
2021-09-16,,9.5,0.0,28.6,21.64,16.5,58.75,31.0,4.80144,,5.64646562086
2021-09-17,,8.8,0.0,28.0,20.86,16.5,58.25,30.0,2.40072,,4.78703909233
2021-09-18,,9.3,0.0,28.4,21.1,14.9,57.0,40.0,2.05776,,4.7655839489
2021-09-19,,8.9,0.0,28.4,21.62,15.1,48.5,30.0,2.40072,,5.04349561228
2021-09-20,,7.3,0.0,28.4,20.88,16.3,61.25,38.0,3.77256,,4.88493729931
2021-09-21,,9.7,0.0,30.2,22.84,16.8,51.5,30.0,3.08664,,5.66608762504
2021-09-22,,10.9,0.0,36.0,26.1,16.1,37.0,17.0,3.4296,,7.26601539245
2021-09-23,,7.2,0.0,24.4,20.58,18.3,75.25,47.0,4.80144,,4.16528998983
2021-09-24,,5.2,0.6,23.4,18.3,15.3,79.25,66.0,3.08664,,3.30978106631
2021-09-25,,,1.0,,,15.1,,63.0,3.08664,,
2021-09-26,,6.1,0.0,24.0,18.94,16.3,77.25,68.0,3.08664,,3.63773649074
2021-09-27,,7.0,0.0,28.2,21.4,17.4,64.5,37.0,4.80144,,5.01070146399
2021-09-28,,7.0,0.0,28.0,20.92,16.6,62.25,39.0,4.11552,,4.91951808463
2021-09-29,,9.1,0.0,28.6,21.58,15.9,56.25,37.0,3.4296,,5.39525701637
2021-09-30,,8.7,0.0,30.6,22.18,16.3,56.0,27.0,2.74368,,5.30345914878
2021-10-01,,11.0,0.0,29.6,23.66,18.5,54.25,35.0,2.05776,,5.55461490326
2021-10-02,,8.6,0.0,30.2,22.98,18.3,60.0,34.0,1.02888,,4.6016884776
2021-10-03,,8.5,0.0,30.6,23.7,18.3,48.25,34.0,1.7148,,5.06020728248
2021-10-04,,8.2,0.0,30.2,22.1,16.7,57.25,31.0,2.5722,,5.11521700743
2021-10-05,,9.0,0.0,30.5,22.66,15.9,51.5,26.0,3.77256,,5.94085202991
2021-10-06,,8.3,0.0,29.0,22.12,16.6,59.25,39.0,4.11552,,5.45342000819
2021-10-07,,11.0,0.0,29.8,22.4,16.0,52.25,34.0,3.08664,,5.96322474054
2021-10-08,,8.5,0.0,26.8,22.54,17.9,56.0,48.0,1.7148,,4.6998758987
2021-10-09,,8.2,0.0,27.4,22.3,15.1,65.5,37.0,2.05776,,4.49836671831
2021-10-10,,10.1,0.0,28.2,22.54,17.7,58.5,46.0,2.74368,,5.43477864667
2021-10-11,,9.8,0.0,31.2,23.78,15.9,52.25,36.0,3.08664,,5.90681297756
2021-10-12,,6.6,0.0,30.0,23.06,20.1,71.0,42.0,3.08664,,4.64391731919
2021-10-13,,4.4,35.2,27.2,21.2,18.4,81.0,55.0,4.11552,,3.6002882041
2021-10-14,,10.3,0.0,29.9,23.4,18.5,58.5,39.0,4.11552,,6.11266045545
2021-10-15,,8.1,0.0,29.8,23.14,19.3,58.25,36.0,3.08664,,5.3973621172
2021-10-16,,7.4,0.0,28.6,22.1,17.5,63.0,44.0,2.05776,,4.6122998903
2021-10-17,,7.7,0.0,29.2,22.26,17.9,61.5,41.0,3.08664,,5.09248419046
2021-10-18,,9.5,0.0,30.0,23.16,18.0,53.25,35.0,3.77256,,6.08357442416
2021-10-19,,5.5,0.0,29.2,22.86,18.3,63.75,45.0,3.08664,,4.57828983158
2021-10-20,,3.0,0.0,28.6,23.6,19.3,65.0,49.0,2.40072,,3.79056577125
2021-10-21,,0.8,0.0,25.8,,20.3,83.5,64.0,3.4296,,2.69444109594
2021-10-22,,3.1,28.5,26.8,20.9,17.7,76.5,58.0,3.08664,,3.41031990364
2021-10-23,,0.2,0.0,23.6,21.06,19.5,79.75,58.0,3.08664,,2.59490366085
2021-10-24,,0.8,19.8,25.2,21.86,19.1,85.0,73.0,2.74368,,2.53491140314
2021-10-25,,4.0,1.6,26.2,22.08,19.5,79.5,64.0,4.11552,,3.61868812278
2021-10-26,,4.2,0.0,25.4,21.22,18.5,76.5,60.0,3.77256,,3.68291699905
2021-10-27,,10.2,4.0,27.2,20.88,16.9,71.75,45.0,3.77256,,5.14434559683
2021-10-28,,8.3,0.1,26.6,21.16,17.5,77.0,55.0,4.11552,,4.547864604
2021-10-29,,5.1,4.6,24.8,20.06,17.1,83.75,64.0,2.74368,,3.43408959416
2021-10-30,,10.2,0.0,26.8,21.18,15.9,62.75,48.0,2.05776,,5.05478556619
2021-10-31,,6.3,0.2,27.4,21.38,17.7,69.75,44.0,2.05776,,4.19781094827
2021-11-01,,6.5,0.4,27.6,21.96,17.6,66.5,46.0,3.4296,,4.6456623385
2021-11-02,,4.4,0.0,27.6,21.84,18.6,78.75,54.0,2.74368,,3.66855439914
2021-11-03,,0.7,15.8,23.6,21.08,19.2,87.75,81.0,3.08664,,2.39003026787
2021-11-04,,3.9,19.4,23.6,21.62,19.1,84.25,71.0,3.08664,,3.20127882101
2021-11-05,,1.6,8.6,26.6,22.02,18.5,76.75,53.0,2.05776,,2.95851808905
2021-11-06,,,0.6,,,19.9,,82.0,3.08664,,
2021-11-07,,4.1,13.0,24.2,21.14,19.1,87.75,77.0,2.74368,,3.15007428619
2021-11-08,,3.6,42.2,24.8,21.26,18.7,86.5,70.0,2.74368,,3.09547702932
2021-11-09,,1.2,2.2,24.2,20.84,19.3,83.25,72.0,3.08664,,2.70622690081
2021-11-10,,6.2,0.0,26.0,21.26,18.1,75.5,59.0,4.11552,,4.20767523441
2021-11-11,,7.6,0.0,27.0,21.02,17.3,72.5,50.0,3.77256,,4.62349800012
2021-11-12,,,0.0,,,18.3,,44.0,3.08664,,
2021-11-13,,5.6,0.0,26.2,20.86,17.9,80.25,68.0,2.74368,,3.78858932575
2021-11-14,,2.2,0.2,25.6,20.42,18.1,80.5,56.0,3.08664,,3.05156025866
2021-11-15,,3.1,2.0,24.0,19.78,17.5,89.75,76.0,3.4296,,2.78494939992
2021-11-16,,0.8,4.8,21.2,19.1,18.1,95.75,93.0,3.4296,,1.98783985711
2021-11-17,,,4.1,,,17.3,,59.0,3.60108,,
2021-11-18,,7.0,1.3,26.8,21.18,18.1,76.5,53.0,3.4296,,4.32639132974
2021-11-19,,7.8,0.0,27.8,21.58,18.1,73.25,53.0,2.74368,,4.61322764911
2021-11-20,,5.0,0.0,27.0,21.26,18.1,76.5,56.0,2.05776,,3.75656815507
2021-11-21,,7.5,0.0,26.8,21.18,17.7,71.0,51.0,2.05776,,4.41810666552
2021-11-22,,9.4,0.0,28.0,22.76,19.2,70.0,52.0,3.77256,,5.29196171432
2021-11-23,,4.3,0.0,28.6,22.52,18.9,73.0,50.0,2.74368,,3.9340191728
2021-11-24,,4.3,0.0,27.2,22.42,20.1,80.5,60.0,3.77256,,3.72185605708
2021-11-25,,3.3,1.0,25.8,21.48,17.8,73.75,60.0,3.4296,,3.60319490302
2021-11-26,,7.6,0.0,27.8,21.86,16.7,64.75,52.0,2.05776,,4.60443596155
2021-11-27,,6.7,0.0,29.0,22.02,18.1,81.25,50.0,3.08664,,4.20674112522
2021-11-28,,0.8,59.8,28.2,20.78,17.9,85.0,63.0,3.08664,,2.66908050749
2021-11-29,,7.5,0.0,28.0,23.34,18.6,71.0,53.0,3.08664,,4.71519034408
2021-11-30,,2.2,0.0,25.6,22.32,19.5,83.0,71.0,2.74368,,2.98084900438
2021-12-01,,3.2,18.3,24.6,22.38,19.9,89.0,84.0,2.40072,,2.97183257893
2021-12-02,,2.5,11.8,23.2,,20.5,85.5,81.0,3.4296,,2.91779468027
2021-12-03,,0.8,0.4,23.6,21.38,19.7,79.25,56.0,3.08664,,2.78245378615
2021-12-04,,0.8,10.2,23.6,20.74,18.1,84.25,71.0,3.08664,,2.53659525932
2021-12-05,,4.7,0.4,25.6,20.78,17.9,86.25,73.0,3.08664,,3.36313468537
2021-12-06,,6.5,7.3,26.2,21.16,17.3,82.0,65.0,3.4296,,3.92333286247
2021-12-07,,6.5,0.0,26.4,22.02,18.7,77.0,60.0,3.08664,,4.17541491077
2021-12-08,,3.9,0.0,27.2,,,79.5,60.0,2.74368,,
2021-12-09,,1.8,40.2,24.0,20.82,18.4,89.0,76.0,2.74368,,2.58560563281
2021-12-10,,2.8,2.7,23.8,21.42,19.1,87.75,70.0,3.08664,,2.86120318612
2021-12-11,,0.0,14.6,23.6,20.42,18.7,91.5,83.0,2.05776,,2.1073692303
2021-12-12,,1.9,0.7,23.8,19.98,17.9,87.0,75.0,2.05776,,2.64333151666
2021-12-13,,3.5,0.5,26.6,20.82,17.3,80.75,61.0,2.74368,,3.3202504313
2021-12-14,,7.6,0.0,27.6,22.12,18.1,71.25,52.0,3.4296,,4.72523887348
2021-12-15,,7.0,0.0,28.4,22.52,19.1,74.75,52.0,3.4296,,4.56588662554
2021-12-16,,8.9,0.0,26.4,21.38,18.1,71.75,60.0,3.4296,,4.87804145626
2021-12-17,,6.3,0.0,25.2,21.62,18.7,72.0,63.0,3.08664,,4.23768046996
2021-12-18,,7.8,0.0,27.8,22.54,19.3,77.25,54.0,2.74368,,4.54910356302
2021-12-19,,2.6,0.0,26.4,22.18,19.1,80.0,62.0,2.74368,,3.20231080079
2021-12-20,,1.7,0.0,26.0,21.68,18.8,84.5,67.0,3.08664,,2.83298420976
2021-12-21,,1.1,36.2,23.8,19.92,18.5,91.75,85.0,2.74368,,2.33440808109
2021-12-22,,1.6,23.8,22.0,20.58,18.3,93.25,86.0,2.74368,,2.32779877175
2021-12-23,,0.0,11.4,24.8,21.6,18.3,87.0,76.0,2.40072,,2.27620643552
2021-12-24,,0.6,19.8,26.8,22.06,19.1,81.25,64.0,3.08664,,2.76628033453
2021-12-25,,0.0,16.2,24.2,,19.1,89.25,81.0,3.08664,,2.21737039385
2021-12-26,,2.2,4.5,25.0,20.74,18.1,88.5,76.0,3.08664,,2.72197976093
2021-12-27,,0.1,4.1,24.2,20.9,18.5,86.75,70.0,3.08664,,2.32558097003
2021-12-28,,0.5,0.0,24.2,21.12,19.1,82.75,75.0,2.74368,,2.55873760321
2021-12-29,,10.9,0.0,26.8,21.34,18.7,71.75,52.0,3.08664,,5.33059079308
2021-12-30,,10.7,0.0,27.2,21.64,17.8,68.75,48.0,3.4296,,5.41623807721
2021-12-31,,6.1,0.0,26.0,20.82,18.1,76.25,70.0,2.05776,,3.96560631122
2022-01-01,,2.5,0.0,25.2,21.1,19.1,82.0,67.0,3.08664,,3.08572707351
2022-01-02,,0.0,0.6,24.0,19.98,18.3,82.25,65.0,3.08664,,2.47542557386
2022-01-03,,0.4,0.0,22.0,19.54,17.8,83.75,77.0,2.74368,,2.39462358861
2022-01-04,,6.9,0.0,24.2,19.8,16.4,76.75,59.0,2.74368,,4.00051308807
2022-01-05,,7.7,0.0,27.2,21.74,18.1,70.5,49.0,3.08664,,4.70345850234
2022-01-06,,4.2,0.0,26.2,22.38,18.7,78.5,64.0,2.74368,,3.59075583338
2022-01-07,,2.8,0.0,23.4,20.58,18.9,88.5,84.0,2.40072,,2.82564406312
2022-01-08,,2.7,33.2,25.0,21.04,18.4,87.75,78.0,2.74368,,2.87304885558
2022-01-09,,3.8,2.0,26.2,21.8,19.5,85.75,66.0,2.74368,,3.28227441911
2022-01-10,,4.4,0.0,26.2,21.78,19.3,77.25,60.0,3.4296,,3.77935631194
2022-01-11,,6.4,0.6,26.4,21.54,18.9,79.5,61.0,3.4296,,4.10749589247
2022-01-12,,10.7,0.0,27.0,21.46,17.5,68.0,48.0,3.4296,,5.41999613408
2022-01-13,,9.3,0.0,28.2,22.02,17.2,63.5,46.0,2.74368,,5.24331314482
2022-01-14,,6.7,0.0,24.0,21.18,18.3,79.75,71.0,3.08664,,3.96502025606
2022-01-15,,4.4,0.1,22.0,19.48,16.4,94.25,87.0,3.08664,,2.79093058217
2022-01-16,,7.5,2.7,26.2,20.94,16.9,81.0,62.0,3.08664,,4.16410542289
2022-01-17,,6.9,0.0,26.4,21.18,18.5,82.25,64.0,3.08664,,4.08101941913
2022-01-18,,11.7,0.0,27.9,21.48,16.9,65.0,45.0,3.08664,,5.72730887369
2022-01-19,,8.5,0.0,29.0,21.96,17.6,66.75,41.0,2.74368,,5.06469683415
2022-01-20,,6.0,0.0,28.2,21.98,19.5,78.0,50.0,3.77256,,4.26506638239
2022-01-21,,6.8,0.0,27.8,22.62,18.9,72.25,56.0,3.08664,,4.54076275002
2022-01-22,,7.2,0.0,28.8,23.04,19.8,68.25,49.0,2.05776,,4.66555453042
2022-01-23,,7.9,0.0,28.6,23.14,18.9,68.0,54.0,3.4296,,5.0630660369
2022-01-24,,9.0,0.0,27.6,23.1,19.1,75.25,52.0,3.77256,,4.97115983809
2022-01-25,,6.8,1.3,27.2,22.14,17.5,66.75,54.0,3.08664,,4.63197613931
2022-01-26,,3.1,0.0,26.4,21.58,19.1,81.5,58.0,4.45848,,3.39519569249
2022-01-27,,4.6,7.2,27.0,21.34,18.3,74.75,53.0,3.08664,,3.89048758061
2022-01-28,,5.7,0.0,26.2,21.14,18.9,73.25,52.0,2.74368,,4.10930057548
2022-01-29,,5.9,0.0,26.8,21.22,18.5,79.75,49.0,3.08664,,3.9806168485
2022-01-30,,8.2,9.4,26.8,22.46,18.3,74.5,53.0,3.08664,,4.66070039477
2022-01-31,,8.4,1.2,26.6,21.54,19.3,73.25,50.0,2.05776,,4.66173633334
2022-02-01,,6.8,0.0,26.8,21.58,18.9,77.75,52.0,3.08664,,4.26973383296
2022-02-02,,8.8,0.0,27.6,22.46,19.1,67.25,48.0,2.05776,,4.93795771867
2022-02-03,,9.0,0.0,28.4,22.74,18.7,64.5,42.0,1.7148,,4.98902290356
2022-02-04,,9.7,0.0,28.8,22.62,19.1,68.5,44.0,2.74368,,5.33613833983
2022-02-05,,5.0,0.0,28.0,23.26,19.5,68.75,47.0,3.08664,,4.31559771204
2022-02-06,,6.5,0.0,27.8,22.82,18.3,65.75,49.0,2.74368,,4.59984122228
2022-02-07,,8.7,0.0,28.2,22.78,19.7,73.0,55.0,2.05776,,4.86184815036
2022-02-08,,8.1,0.0,28.4,23.26,19.9,66.5,49.0,3.08664,,5.12016447628
2022-02-09,,9.6,0.0,28.6,23.02,18.5,67.0,46.0,3.77256,,5.49535550228
2022-02-10,,6.5,0.0,27.8,22.14,19.5,74.75,48.0,3.08664,,4.39999571252
2022-02-11,,7.6,0.0,27.4,23.22,18.9,57.5,54.0,2.74368,,5.08000959386
2022-02-12,,5.1,0.0,28.0,22.18,19.7,76.25,46.0,2.74368,,4.00262047103
2022-02-13,,1.0,27.2,24.8,20.78,17.9,85.0,70.0,2.74368,,2.55869725896
2022-02-14,,7.6,2.2,26.0,22.46,18.5,71.25,60.0,2.74368,,4.52985863278
2022-02-15,,9.9,0.0,27.8,22.54,18.1,69.25,52.0,1.54332,,4.99693910371
2022-02-16,,9.0,0.0,27.6,22.7,19.1,71.25,56.0,2.05776,,4.87474514128
2022-02-17,,7.1,0.0,28.6,22.78,18.5,72.5,48.0,2.74368,,4.5572059526
2022-02-18,,3.6,0.0,27.6,21.94,18.7,70.25,44.0,2.74368,,3.79887745531
2022-02-19,,5.4,0.4,28.2,21.1,18.3,72.5,45.0,3.08664,,4.19465378387
2022-02-20,,2.2,3.2,26.4,21.18,18.7,81.5,54.0,3.08664,,3.05297774137
2022-02-21,,7.5,2.2,26.8,21.98,18.9,77.0,57.0,3.77256,,4.46434294628
2022-02-22,,5.9,0.0,26.4,22.06,18.9,76.5,63.0,3.4296,,4.0872284005
2022-02-23,,10.1,0.0,29.0,22.84,17.8,69.0,49.0,3.08664,,5.36238934853
2022-02-24,,7.0,0.0,29.4,23.08,19.3,74.5,49.0,3.08664,,4.58493002178
2022-02-25,,4.8,0.0,29.0,23.34,19.1,70.75,49.0,3.77256,,4.33297536274
2022-02-26,,8.8,0.0,26.6,22.5,19.1,71.75,54.0,3.08664,,4.84693529671
2022-02-27,,8.4,0.0,26.4,21.58,19.3,78.5,52.0,3.08664,,4.51995196225
2022-02-28,,8.3,0.0,28.4,22.2,17.9,65.5,45.0,2.74368,,4.95027835003
2022-03-01,,8.6,0.0,28.0,22.54,18.1,65.75,47.0,3.77256,,5.1953867157
2022-03-02,,0.4,0.0,26.2,22.2,19.3,71.75,54.0,3.08664,,3.04556694253
2022-03-03,,5.0,0.0,26.6,21.34,18.1,83.0,63.0,4.11552,,3.59114135141
2022-03-04,,3.9,7.7,26.8,20.76,18.2,86.5,62.0,4.11552,,3.19941702291
2022-03-05,,3.5,9.3,25.0,19.98,18.3,88.5,69.0,3.4296,,2.93470542904
2022-03-06,,7.3,21.3,26.5,20.92,18.1,82.25,60.0,3.4296,,4.06161636096
2022-03-07,,6.4,0.0,24.8,21.1,18.3,80.5,64.0,3.77256,,3.8528198943
2022-03-08,,9.5,0.6,26.2,21.42,17.7,76.5,57.0,4.11552,,4.71978193369
2022-03-09,,8.1,0.0,27.6,22.02,18.1,76.25,58.0,3.08664,,4.49633458176
2022-03-10,,6.3,1.2,24.0,21.32,19.0,88.75,79.0,3.4296,,3.46036891685
2022-03-11,,6.1,0.0,26.8,22.1,18.7,76.25,54.0,3.77256,,4.1052891591
2022-03-12,,8.4,0.0,27.6,22.34,19.1,74.25,56.0,2.05776,,4.53135423102
2022-03-13,,9.7,0.0,28.8,23.1,19.1,66.75,46.0,2.74368,,5.20608788711
2022-03-14,,7.2,0.0,27.8,22.66,19.1,69.25,52.0,3.4296,,4.64641841419
2022-03-15,,4.4,0.0,28.4,22.14,19.6,79.0,57.0,3.08664,,3.66666401446
2022-03-16,,2.7,0.2,25.6,22.02,19.7,83.75,70.0,3.08664,,2.96859206888
2022-03-17,,3.4,0.0,27.0,22.02,18.8,76.0,50.0,3.77256,,3.54969224078
2022-03-18,,6.1,0.0,27.2,21.62,18.3,79.25,59.0,4.45848,,3.97644899489
2022-03-19,,8.7,3.0,27.4,22.1,17.5,69.25,49.0,1.88628,,4.51104253319
2022-03-20,,8.8,0.0,27.4,22.06,18.3,70.25,49.0,2.05776,,4.57150318512
2022-03-21,,8.1,0.0,28.2,22.38,19.3,68.25,50.0,3.08664,,4.77699110312
2022-03-22,,7.2,0.0,27.2,22.5,18.7,73.5,58.0,4.11552,,4.43058570863
2022-03-23,,8.0,2.7,27.7,21.72,18.9,85.5,72.0,4.45848,,4.04892931699
2022-03-24,,9.5,0.0,26.7,21.9,18.2,76.0,61.0,3.4296,,4.61598798083
2022-03-25,,10.5,0.0,28.1,21.76,17.7,66.5,45.0,3.08664,,5.17841872508
2022-03-26,,8.0,0.0,27.0,22.06,17.9,70.0,52.0,2.05776,,4.29526980386
2022-03-27,,7.5,1.2,28.7,22.12,18.9,78.5,51.0,2.05776,,4.14357836122
2022-03-28,,2.9,0.3,27.4,21.48,18.8,81.75,56.0,3.08664,,3.05934429179
2022-03-29,,9.1,0.0,28.2,21.9,17.5,72.25,46.0,3.4296,,4.70695620548
2022-03-30,,7.4,3.2,27.7,21.98,18.8,79.5,55.0,2.74368,,4.04912357681
2022-03-31,,8.8,1.0,28.6,22.3,18.8,69.0,45.0,3.08664,,4.78307306216
2022-04-01,,10.7,0.0,28.5,22.2,17.3,65.0,48.0,2.74368,,5.10896026632
2022-04-02,,1.7,0.0,26.1,21.6,18.1,73.0,53.0,3.08664,,3.05360479656
2022-04-03,,6.8,0.0,25.5,21.36,18.1,74.5,61.0,3.08664,,3.91275971431
2022-04-04,,5.4,2.2,25.5,20.46,17.9,85.25,65.0,3.4296,,3.24443837151
2022-04-05,,9.3,4.3,27.5,22.16,18.3,72.5,57.0,3.4296,,4.62911338497
2022-04-06,,10.2,0.0,28.9,22.48,18.5,64.5,42.0,2.74368,,5.04721222736
2022-04-07,,10.1,0.0,28.2,21.88,17.4,62.75,41.0,2.74368,,4.94938014741
2022-04-08,,10.2,0.0,30.1,22.92,17.9,61.0,68.0,1.54332,,4.7887676052
2022-04-09,,9.9,0.0,29.7,22.56,16.7,59.75,39.0,2.05776,,4.83440283098
2022-04-10,,9.8,0.0,29.9,22.96,17.9,61.75,39.0,2.05776,,4.82738309847
2022-04-11,,8.4,0.0,29.5,22.74,19.3,72.75,49.0,2.74368,,4.46072964744
2022-04-12,,8.6,0.0,29.8,22.92,19.1,70.25,47.0,2.05776,,4.42871922772
2022-04-13,,9.7,0.0,29.3,22.82,17.7,68.5,52.0,2.40072,,4.64954573773
2022-04-14,,6.2,0.3,30.7,24.56,19.6,61.25,43.0,2.74368,,4.45787171017
2022-04-15,,10.0,0.0,31.9,25.0,20.9,64.5,39.0,2.74368,,5.24014435144
2022-04-16,,0.3,43.2,25.3,21.12,19.5,86.25,74.0,3.08664,,2.15971182863
2022-04-17,,4.7,0.4,25.5,21.34,19.8,85.25,68.0,3.08664,,3.04297959504
2022-04-18,,0.0,2.4,21.5,19.24,18.1,94.5,92.0,3.08664,,1.6351544192
2022-04-19,,0.0,3.1,22.8,19.46,17.3,89.75,76.0,3.77256,,1.8428317307
2022-04-20,,2.6,2.8,23.0,20.04,17.1,82.25,76.0,4.11552,,2.62518624712
2022-04-21,,5.3,0.6,25.5,20.64,18.1,82.75,63.0,3.08664,,3.13877047506
2022-04-22,,4.9,0.0,25.3,20.96,18.1,82.5,64.0,3.08664,,3.0559414905
2022-04-23,,7.9,1.2,27.0,22.1,18.7,74.75,62.0,2.05776,,3.82928774188
2022-04-24,,11.1,0.0,26.5,22.68,19.1,66.0,44.0,2.05776,,4.55214313784
2022-04-25,,10.1,0.0,26.7,21.28,18.1,74.5,50.0,5.48736,,4.53908736287
2022-04-26,,9.8,1.0,26.6,20.8,16.8,74.75,51.0,5.48736,,4.38436083802
2022-04-27,,3.8,0.0,25.3,20.32,17.3,78.25,65.0,4.11552,,3.06848421883
2022-04-28,,5.9,1.2,24.5,20.28,17.5,87.0,72.0,4.11552,,2.93988431705
2022-04-29,,7.7,2.4,25.3,20.88,17.5,71.25,56.0,3.77256,,3.93062127002
2022-04-30,,7.6,1.2,25.7,20.24,17.1,79.25,55.0,3.77256,,3.57616730581
2022-05-01,,7.4,6.2,25.3,20.72,17.3,76.0,61.0,3.77256,,3.65233992293
2022-05-02,,7.9,0.6,26.5,20.6,17.1,76.5,54.0,3.4296,,3.73319280061
2022-05-03,,9.0,0.0,26.7,21.54,17.3,68.0,56.0,3.08664,,4.16903787298
2022-05-04,,6.0,1.4,26.7,21.78,18.8,79.0,60.0,3.4296,,3.38260286061
2022-05-05,,7.7,0.0,27.5,21.6,18.7,72.5,51.0,3.08664,,3.89845837662
2022-05-06,,7.6,0.2,27.1,20.64,18.5,74.5,55.0,2.74368,,3.71042202607
2022-05-07,,6.0,0.0,26.4,19.74,15.7,72.25,50.0,4.11552,,3.60128547697
2022-05-08,,10.6,0.0,28.1,21.76,16.7,66.0,45.0,2.05776,,4.23893994612
2022-05-09,,7.0,0.0,24.7,19.78,15.7,77.0,53.0,3.77256,,3.35374371302
2022-05-10,,3.6,0.0,23.4,19.86,16.7,86.5,82.0,3.77256,,2.41300495424
2022-05-11,,4.9,0.2,24.7,19.68,16.7,81.0,60.0,3.4296,,2.87029947121
2022-05-12,,8.7,0.0,28.5,21.64,16.9,70.5,47.0,3.08664,,4.0374512819
2022-05-13,,10.1,0.0,29.3,22.32,18.5,63.0,44.0,2.05776,,4.30144564349
2022-05-14,,9.1,0.0,25.7,20.84,17.1,63.5,44.0,3.08664,,4.10410062869
2022-05-15,,4.9,0.0,26.3,21.08,18.1,77.5,51.0,3.08664,,3.06401254729
2022-05-16,,2.7,0.0,25.5,20.88,19.0,84.25,70.0,2.74368,,2.41324867985
2022-05-17,,7.0,0.0,29.9,23.0,17.7,73.5,48.0,2.74368,,3.66546057201
2022-05-18,,7.4,0.0,28.1,23.96,19.9,63.0,54.0,3.77256,,4.33453014997
2022-05-19,,9.0,1.3,29.4,23.38,19.8,58.75,46.0,3.4296,,4.71585108115
2022-05-20,,4.9,0.0,24.3,19.68,17.3,80.5,58.0,3.08664,,2.78505345574
2022-05-21,,0.0,0.1,19.7,17.64,16.1,92.25,88.0,3.08664,,1.46932746292
2022-05-22,,6.0,0.1,23.3,18.8,15.9,75.0,53.0,3.77256,,3.10687669309
2022-05-23,,9.7,0.0,24.7,18.84,14.1,81.25,61.0,4.11552,,3.35532762181
2022-05-24,,2.3,4.6,22.1,18.0,16.3,85.25,67.0,4.45848,,2.16958318689
2022-05-25,,0.3,0.0,21.2,17.94,16.1,93.0,83.0,3.77256,,1.49492255916
2022-05-26,,4.8,7.0,22.7,18.34,16.1,83.5,72.0,4.45848,,2.57999102495
2022-05-27,,3.5,0.0,22.8,18.22,15.3,86.0,71.0,3.77256,,2.2429470768
2022-05-28,,9.7,0.0,24.5,18.56,14.1,75.0,60.0,2.74368,,3.41552591297
2022-05-29,,6.2,0.0,25.9,19.84,16.3,75.0,49.0,2.05776,,2.97978899393
2022-05-30,,3.4,0.0,25.7,20.3,16.4,81.5,63.0,3.08664,,2.50419391398
2022-05-31,,6.8,0.3,26.7,21.1,18.7,79.75,53.0,3.77256,,3.26123463762
2022-06-01,,8.6,0.6,25.7,19.96,16.9,71.75,50.0,3.77256,,3.69949276236
2022-06-02,,3.2,0.0,25.8,20.42,17.2,83.0,62.0,4.11552,,2.52029924103
2022-06-03,,8.9,0.0,27.3,20.96,17.3,65.75,52.0,2.05776,,3.65069701998
2022-06-04,,9.2,0.0,25.5,19.08,15.3,67.25,47.0,3.4296,,3.78223803985
2022-06-05,,0.4,2.8,19.5,17.12,15.9,87.75,73.0,3.08664,,1.6278012342
2022-06-06,,7.7,0.0,23.1,16.76,12.9,79.0,53.0,3.77256,,2.9333639363
2022-06-07,,7.9,0.0,24.1,18.18,15.3,74.5,53.0,3.77256,,3.28917910285
2022-06-08,,8.1,0.2,26.7,19.16,13.8,74.25,45.0,2.74368,,3.28626271648
2022-06-09,,6.0,0.0,27.1,19.44,15.1,74.25,46.0,2.74368,,3.06446838498
2022-06-10,,8.3,0.0,25.4,20.1,16.9,72.0,46.0,1.20036,,3.08709935495
2022-06-11,,9.6,0.0,27.9,21.32,17.3,64.75,43.0,2.05776,,3.7618728279
2022-06-12,,4.7,0.0,25.8,21.34,18.3,71.25,53.0,2.74368,,3.00457048711
2022-06-13,,8.1,0.0,28.2,21.24,18.0,71.25,47.0,2.74368,,3.60814586659
2022-06-14,,8.0,0.0,25.8,19.4,15.5,81.25,59.0,4.11552,,3.13894632497
2022-06-15,,2.0,1.6,21.7,17.84,15.5,78.25,63.0,3.77256,,2.2939638031
2022-06-16,,10.0,0.0,24.2,17.52,13.0,69.25,48.0,3.4296,,3.56417670069
2022-06-17,,9.3,0.0,26.3,19.44,14.7,62.5,42.0,2.05776,,3.54657615061
2022-06-18,,6.7,0.0,26.9,18.68,14.3,80.25,68.0,2.05776,,2.83478766393
2022-06-19,,10.2,0.0,25.9,19.72,15.1,67.25,41.0,2.05776,,3.55630384462
2022-06-20,,1.9,0.0,21.7,17.48,13.1,85.5,70.0,4.45848,,1.9395080656
2022-06-21,,0.5,0.3,21.5,17.84,15.5,89.5,73.0,4.11552,,1.62527009956
2022-06-22,,5.7,8.0,23.3,18.1,15.9,84.25,64.0,3.77256,,2.56272763972
2022-06-23,,1.6,1.6,22.2,18.54,16.1,92.5,88.0,3.77256,,1.6535326175
2022-06-24,,1.4,1.2,20.3,18.04,16.5,89.75,86.0,3.4296,,1.69884577456
2022-06-25,,2.2,2.1,20.5,17.22,15.6,85.75,72.0,2.74368,,1.9020178715
2022-06-26,,7.9,1.1,21.7,17.52,14.1,75.25,53.0,2.40072,,2.87095570681
2022-06-27,,9.2,0.0,24.0,18.2,14.6,74.25,50.0,4.45848,,3.46572112581
2022-06-28,,7.6,0.0,22.4,17.56,13.5,70.25,58.0,4.45848,,3.31592214671
2022-06-29,,9.6,0.0,24.6,17.94,12.9,67.5,47.0,3.08664,,3.54114468104
2022-06-30,,6.9,0.0,23.7,17.34,14.6,76.25,52.0,3.08664,,2.94084019447
2022-07-01,,6.4,0.0,24.7,18.56,14.3,69.0,45.0,2.74368,,3.1029858916
2022-07-02,,2.3,0.0,24.8,18.34,14.7,72.75,54.0,2.05776,,2.33663671566
2022-07-03,,6.4,1.2,24.1,18.04,15.3,87.0,74.0,3.77256,,2.57137766947
2022-07-04,,4.8,1.7,21.7,17.38,15.1,89.25,74.0,4.11552,,2.16215529223
2022-07-05,,6.2,1.8,23.8,17.88,15.3,85.25,54.0,4.11552,,2.62045623229
2022-07-06,,8.2,0.2,24.7,18.8,14.6,78.5,57.0,4.11552,,3.19940870698
2022-07-07,,2.9,1.8,21.7,17.84,15.5,88.25,74.0,3.77256,,1.99067410356
2022-07-08,,7.5,1.5,23.7,17.84,14.5,82.25,71.0,4.45848,,2.90662563718
2022-07-09,,6.1,0.4,24.5,17.64,14.3,80.5,64.0,3.77256,,2.81540440159
2022-07-10,,2.0,2.0,21.1,17.68,14.7,87.75,74.0,2.05776,,1.81446151072
2022-07-11,,8.2,2.2,23.8,18.16,15.3,74.25,47.0,4.45848,,3.41880297916
2022-07-12,,6.3,0.2,25.5,19.88,16.3,83.75,60.0,3.4296,,2.82568172967
2022-07-13,,1.1,1.0,21.7,18.26,16.2,88.75,91.0,4.11552,,1.78763825579
2022-07-14,,4.1,0.0,21.5,17.54,14.6,82.25,71.0,3.77256,,2.37906703197
2022-07-15,,7.9,0.0,23.8,17.9,14.7,71.25,51.0,3.77256,,3.41985074242
2022-07-16,,7.4,0.2,25.1,18.2,14.9,74.75,58.0,2.05776,,3.0688414944
2022-07-17,,7.5,0.0,22.3,21.8,15.3,59.25,62.0,3.77256,,3.77992603048
2022-07-18,,4.5,0.0,23.4,17.6,13.8,83.0,43.0,3.77256,,2.47981059739
2022-07-19,,5.7,1.9,23.1,17.54,15.3,84.5,61.0,4.11552,,2.62378835402
2022-07-20,,2.7,1.1,22.7,17.66,14.8,90.0,70.0,3.4296,,1.95609244087
2022-07-21,,9.0,4.2,22.8,17.5,14.1,81.5,58.0,4.45848,,3.12940194186
2022-07-22,,0.9,2.2,19.7,17.24,15.3,89.75,84.0,3.08664,,1.65463171836
2022-07-23,,,5.4,,,14.9,,56.0,3.08664,,
2022-07-24,,8.6,1.8,20.7,17.44,16.3,93.75,86.0,3.08664,,2.64459474512
2022-07-25,,5.9,2.4,21.5,17.76,14.6,79.25,65.0,4.45848,,2.83398044165
2022-07-26,,5.1,1.3,22.2,17.76,14.8,81.0,63.0,4.80144,,2.72871545703
2022-07-27,,4.5,0.0,22.1,17.18,14.5,77.25,66.0,3.77256,,2.73411315676
2022-07-28,,4.1,1.5,22.0,17.66,15.2,88.25,68.0,3.08664,,2.24664227882
2022-07-29,,10.1,0.2,27.5,19.72,14.5,65.5,39.0,1.7148,,3.82498919114
2022-07-30,,8.7,0.0,29.4,21.22,16.5,69.25,38.0,2.05776,,3.84688612958
2022-07-31,,9.7,0.0,26.7,20.4,16.5,63.75,48.0,2.05776,,3.94048998412
2022-08-01,,8.0,0.0,25.0,18.98,15.3,75.5,48.0,4.80144,,3.62131426678
2022-08-02,,8.9,0.0,25.1,20.24,16.5,63.5,48.0,3.08664,,4.02560385338
2022-08-03,,6.3,0.0,24.9,19.78,15.7,67.0,54.0,4.45848,,3.80538053526
2022-08-04,,9.8,0.0,25.9,18.56,13.6,71.0,50.0,3.77256,,3.9718177506
2022-08-05,,3.6,1.2,22.7,18.28,15.7,81.75,67.0,3.77256,,2.56057660258
2022-08-06,,8.5,0.3,27.4,19.42,15.1,62.25,36.0,2.74368,,4.07668760835
2022-08-07,,6.3,4.0,25.3,18.76,16.7,83.0,67.0,2.40072,,3.01771808892
2022-08-08,,10.0,0.0,25.9,18.36,14.0,64.75,38.0,3.08664,,4.16742848183
2022-08-09,,9.3,0.0,26.1,18.94,14.2,59.0,32.0,3.08664,,4.29263534916
2022-08-10,,10.1,0.0,27.3,19.66,14.6,59.5,37.0,2.40072,,4.30541653201
2022-08-11,,10.2,0.0,31.3,22.16,13.1,46.25,28.0,2.40072,,4.95019560421
2022-08-12,,8.0,0.0,26.7,20.2,14.9,68.25,46.0,3.4296,,3.98081880847
2022-08-13,,1.5,0.0,22.3,18.44,15.9,82.0,73.0,3.77256,,2.29633638918
2022-08-14,,0.0,8.2,21.3,17.16,14.7,88.25,80.0,3.08664,,1.72579996141
2022-08-15,,7.8,0.5,23.7,18.04,15.1,79.5,60.0,3.77256,,3.38159339678
2022-08-16,,7.0,0.4,23.9,18.12,14.3,80.75,54.0,4.11552,,3.21894318102
2022-08-17,,8.8,1.0,25.5,18.94,15.8,70.5,46.0,4.11552,,4.12981124306
2022-08-18,,5.4,0.0,23.3,17.96,14.9,74.5,64.0,3.4296,,3.19381567478
2022-08-19,,10.2,0.1,25.5,18.76,14.1,66.25,43.0,2.40072,,4.1356349433
2022-08-20,,2.0,1.5,25.5,18.04,14.9,89.0,71.0,3.08664,,2.18993960392
2022-08-21,,3.3,5.1,21.9,17.24,13.7,78.0,62.0,4.11552,,2.72712308564
2022-08-22,,6.1,0.0,22.5,17.08,13.8,84.75,69.0,4.45848,,2.87190141776
2022-08-23,,6.0,3.1,22.8,17.54,14.3,81.0,58.0,4.11552,,3.06685782028
2022-08-24,,5.2,0.0,22.5,17.34,14.6,83.75,65.0,4.11552,,2.83138020179
2022-08-25,,10.3,0.0,24.3,18.08,13.7,71.0,40.0,5.48736,,4.36276749868
2022-08-26,,7.4,0.0,22.6,17.78,14.5,76.75,61.0,2.74368,,3.38101556031
2022-08-27,,8.0,2.2,23.9,18.0,14.3,75.75,56.0,2.74368,,3.5905003582
2022-08-28,,7.0,0.0,25.3,18.32,15.1,69.0,39.0,2.05776,,3.62680849175
2022-08-29,,8.5,0.0,26.2,19.06,14.7,65.0,42.0,2.74368,,4.19162503379
2022-08-30,,8.8,0.0,23.9,17.6,14.1,80.0,61.0,4.80144,,3.68817247183
2022-08-31,,2.9,2.6,19.7,15.46,12.9,79.25,63.0,3.77256,,2.52917317363
2022-09-01,,4.7,1.2,21.6,16.42,13.3,84.75,63.0,4.11552,,2.6873405101
2022-09-02,,3.1,0.4,21.8,16.5,14.1,87.0,76.0,3.08664,,2.38359840716
2022-09-03,,2.2,5.2,22.7,17.64,13.9,92.5,84.0,3.08664,,2.06975785845
2022-09-04,,2.2,2.3,23.7,19.04,15.3,85.25,70.0,3.08664,,2.42158652725
2022-09-05,,5.0,1.6,22.9,17.64,15.6,83.25,62.0,3.77256,,2.98132079657
2022-09-06,,10.4,1.4,24.9,18.16,13.5,68.75,46.0,4.45848,,4.57599180788
2022-09-07,,5.6,2.6,22.9,17.54,14.8,83.75,60.0,3.77256,,3.04508703647
2022-09-08,,7.3,1.7,24.1,18.38,14.9,87.25,66.0,4.45848,,3.24659383274
2022-09-09,,8.8,2.4,25.5,18.92,14.9,76.75,51.0,2.40072,,3.96803483712
2022-09-10,,10.5,0.3,26.4,19.18,15.1,73.25,54.0,2.05776,,4.42088299836
2022-09-11,,10.5,0.0,27.7,21.68,16.3,62.75,47.0,2.05776,,4.79297992825
2022-09-12,,9.9,0.0,27.4,19.58,15.3,66.25,37.0,3.4296,,4.83947763722
2022-09-13,,10.9,0.0,25.7,19.52,14.9,67.0,46.0,3.77256,,4.87469919319
2022-09-14,,7.9,0.0,29.6,21.2,17.1,67.0,36.0,2.74368,,4.58490346702
2022-09-15,,7.3,0.0,28.9,21.34,17.5,65.75,41.0,2.74368,,4.48043795177
2022-09-16,,9.0,0.0,28.5,21.12,16.9,54.5,33.0,2.74368,,5.09537458994
2022-09-17,,9.4,0.0,28.7,21.12,16.7,58.25,30.0,2.40072,,4.96541478667
2022-09-18,,1.2,0.0,23.7,19.28,16.5,80.75,66.0,4.45848,,2.66286300343
2022-09-19,,2.8,1.8,23.5,19.26,16.2,85.25,69.0,4.45848,,2.69154674036
2022-09-20,,6.1,1.2,25.6,19.88,16.5,76.75,55.0,2.74368,,3.67966577839
2022-09-21,,10.3,0.0,29.7,21.8,16.3,58.5,37.0,3.77256,,5.68096902047
2022-09-22,,8.8,0.0,30.5,22.58,15.8,55.0,38.0,3.08664,,5.38007210313
2022-09-23,,5.4,0.0,31.3,22.96,17.9,63.75,59.0,2.05776,,4.19763304829
2022-09-24,,4.2,0.0,27.7,22.64,19.7,72.75,58.0,3.08664,,3.77494761572
2022-09-25,,8.0,0.0,27.3,21.28,17.7,63.5,48.0,2.74368,,4.67583205321
2022-09-26,,9.8,0.0,27.5,20.74,16.2,54.0,37.0,5.48736,,6.09124501876
2022-09-27,,9.8,0.0,28.1,20.6,14.5,57.25,35.0,4.45848,,5.63409014999
2022-09-28,,7.5,0.0,27.5,21.08,17.3,68.5,45.0,4.11552,,4.7032189097
2022-09-29,,10.7,0.0,30.0,22.56,16.5,49.5,29.0,3.08664,,5.96645613691
2022-09-30,,11.4,0.0,28.7,21.44,16.3,53.0,32.0,1.7148,,5.3239494255
2022-10-01,,6.9,0.0,27.1,21.08,16.5,60.5,52.0,3.08664,,4.63954517173
2022-10-02,,9.1,0.0,28.3,21.16,16.9,60.25,41.0,2.05776,,4.88388900798
2022-10-03,,9.6,0.0,29.7,22.04,16.9,52.75,30.0,4.11552,,6.06143069057
2022-10-04,,9.6,0.0,31.3,22.7,16.7,47.75,27.0,3.4296,,6.17342981115
2022-10-05,,9.4,0.0,30.9,22.98,18.5,56.0,31.0,3.4296,,5.86507469953
2022-10-06,,9.2,0.0,29.9,22.7,18.5,59.0,37.0,3.4296,,5.61815711139
2022-10-07,,8.7,0.0,30.3,22.92,18.1,56.0,35.0,1.7148,,4.99120378154
2022-10-08,,10.1,0.0,31.3,24.32,19.5,54.25,37.0,3.77256,,6.31591901223
2022-10-09,,7.9,0.0,28.5,22.4,17.1,60.5,43.0,5.83032,,5.72664063801
2022-10-10,,9.2,0.0,28.1,22.04,18.3,68.25,51.0,4.45848,,5.28563610369
2022-10-11,,8.8,0.0,28.1,21.68,17.5,61.25,39.0,4.80144,,5.60039273797
2022-10-12,,9.4,0.0,27.3,20.8,16.9,70.75,50.0,5.48736,,5.16997203789
2022-10-13,,10.0,0.0,28.5,21.48,16.3,63.5,42.0,4.45848,,5.61847529161
2022-10-14,,10.0,0.2,28.7,21.6,16.7,54.0,34.0,3.77256,,5.91902878314
2022-10-15,,6.8,0.0,27.2,20.74,16.3,68.0,46.0,3.08664,,4.43505612236
2022-10-16,,6.8,0.4,26.7,19.92,16.1,73.5,45.0,3.77256,,4.27831980988
2022-10-17,,9.7,0.0,28.7,21.28,15.5,52.25,32.0,4.11552,,6.00741581626
2022-10-18,,11.2,0.0,28.9,21.76,16.3,56.25,33.0,4.45848,,6.26348101923
2022-10-19,,7.8,0.0,28.6,21.92,17.3,59.25,36.0,4.80144,,5.60706609934
2022-10-20,,9.8,0.0,28.7,21.7,16.4,55.75,41.0,3.77256,,5.82444363173
2022-10-21,,6.4,0.0,27.1,20.84,16.5,66.75,46.0,3.08664,,4.42601590317
2022-10-22,,9.3,0.0,30.5,22.52,17.3,59.5,38.0,2.05776,,5.26607020113
2022-10-23,,6.5,0.0,29.7,23.4,18.1,56.5,40.0,2.05776,,4.6965066573
2022-10-24,,4.5,0.0,28.7,22.6,18.0,70.5,51.0,3.77256,,4.21144199399
2022-10-25,,0.0,0.6,23.2,19.76,18.0,88.0,74.0,3.77256,,2.19371870488
2022-10-26,,1.0,1.0,24.5,20.08,17.3,86.25,70.0,3.77256,,2.50326110983
2022-10-27,,2.9,2.3,25.7,20.34,17.1,77.5,60.0,3.77256,,3.34171728553
2022-10-28,,3.3,0.0,27.6,21.22,18.3,71.0,51.0,3.08664,,3.75074269947
2022-10-29,,7.7,0.3,28.4,21.7,17.9,67.0,45.0,2.05776,,4.64136193415
2022-10-30,,8.6,0.0,30.1,23.12,16.9,55.5,36.0,2.05776,,5.17467095621
2022-10-31,,5.6,0.0,29.8,24.26,18.8,57.75,45.0,3.08664,,4.92985083257
2022-11-01,,2.3,0.0,27.7,22.44,19.3,72.5,59.0,3.4296,,3.59206261442
2022-11-02,,1.4,0.0,27.5,22.32,20.1,79.75,61.0,3.08664,,3.04042045045
2022-11-03,,2.1,4.8,28.7,20.68,18.4,93.0,88.0,2.74368,,2.66009654075
2022-11-04,,0.0,78.1,20.1,18.96,17.7,95.25,95.0,2.74368,,1.8386185684
2022-11-05,,0.0,12.4,19.8,17.94,16.3,93.75,90.0,3.08664,,1.83578163073
2022-11-06,,0.2,9.8,21.7,18.8,16.3,85.0,75.0,3.08664,,2.25772331317
2022-11-07,,4.3,0.0,26.6,20.06,14.7,67.25,47.0,4.11552,,4.13436067186
2022-11-08,,5.0,0.0,27.3,20.46,14.6,75.0,54.0,3.08664,,3.81204502267
2022-11-09,,3.5,0.0,27.3,22.06,18.3,74.5,55.0,3.08664,,3.65570155078
2022-11-10,,7.4,0.1,28.3,22.52,19.1,71.0,49.0,3.4296,,4.78952389898
2022-11-11,,8.0,0.0,28.7,22.04,17.1,64.25,44.0,2.05776,,4.77784735111
2022-11-12,,4.7,25.4,27.7,20.56,17.7,77.5,29.0,3.08664,,3.8007516273
2022-11-13,,4.9,0.2,27.1,20.0,17.1,79.5,49.0,2.74368,,3.68057660808
2022-11-14,,7.5,0.0,28.7,22.02,17.8,70.25,48.0,3.08664,,4.7541191443
2022-11-15,,8.6,0.0,29.6,23.24,19.6,69.0,49.0,3.08664,,5.20187464862
2022-11-16,,3.5,0.0,27.9,22.3,18.7,75.5,63.0,2.74368,,3.61629621981
2022-11-17,,4.5,0.0,27.5,22.4,18.9,73.75,61.0,3.4296,,3.99522202881
2022-11-18,,0.2,15.8,25.5,20.8,18.1,87.25,77.0,3.08664,,2.34804467463
2022-11-19,,0.8,4.7,25.7,20.88,17.9,82.0,61.0,3.08664,,2.69455109214
2022-11-20,,0.7,2.2,24.9,20.32,17.7,82.25,63.0,3.08664,,2.62757325689
2022-11-21,,5.9,2.4,26.9,21.24,17.7,79.0,57.0,4.11552,,4.02823587755
2022-11-22,,9.6,0.0,27.8,22.12,18.6,72.25,48.0,3.08664,,5.10661758099
2022-11-23,,2.5,2.2,26.5,20.96,17.3,77.0,59.0,3.08664,,3.27487425273
2022-11-24,,5.7,0.0,26.9,22.22,18.2,71.75,60.0,2.74368,,4.15111008162
2022-11-25,,0.0,3.6,22.3,19.4,18.1,92.25,76.0,3.08664,,2.0141996905
2022-11-26,,4.2,8.4,27.9,22.28,17.9,76.75,59.0,2.74368,,3.70276433131
2022-11-27,,4.8,5.6,27.9,21.8,17.7,79.0,55.0,2.74368,,3.7504174407
2022-11-28,,0.1,23.0,23.6,20.5,19.1,87.25,77.0,3.08664,,2.29649667141
2022-11-29,,2.7,6.1,27.5,21.48,18.7,78.25,63.0,4.11552,,3.48914200394
2022-11-30,,4.0,0.0,26.6,21.78,18.3,75.75,56.0,3.4296,,3.72865681868
2022-12-01,,5.7,0.0,28.0,22.38,19.8,82.5,68.0,3.08664,,3.94252311195
2022-12-02,,3.2,0.2,25.3,21.4,19.3,86.25,76.0,3.08664,,3.07571263554
2022-12-03,,5.7,3.3,26.4,20.54,17.3,80.0,55.0,2.74368,,3.81050289758
2022-12-04,,0.6,10.2,22.5,19.68,17.3,89.75,81.0,3.08664,,2.22234310703
2022-12-05,,2.5,11.4,23.6,19.22,16.2,84.75,76.0,3.77256,,2.82363286857
2022-12-06,,4.7,3.1,25.7,20.8,17.3,80.5,64.0,3.08664,,3.56082739807
2022-12-07,,6.5,0.0,25.9,21.28,17.2,74.75,62.0,3.08664,,4.15370398669
2022-12-08,,6.9,0.0,29.4,23.04,18.2,73.0,55.0,3.08664,,4.59779791922
2022-12-09,,4.2,0.0,29.7,24.24,20.3,74.5,54.0,2.74368,,3.97651821153
2022-12-10,,8.4,0.0,28.7,23.44,19.9,77.5,55.0,3.08664,,4.79902943386
2022-12-11,,8.4,0.0,29.3,22.68,19.7,71.25,46.0,2.74368,,5.00406420674
2022-12-12,,7.7,0.0,30.7,23.58,17.7,70.25,46.0,3.08664,,4.95976114376
2022-12-13,,10.0,0.0,30.7,24.3,18.1,59.5,45.0,2.74368,,5.7582284995
2022-12-14,,4.3,0.0,30.1,25.42,20.7,57.25,47.0,2.74368,,4.65802560046
2022-12-15,,0.0,14.6,24.7,20.5,19.3,86.0,66.0,2.40072,,2.32820945293
2022-12-16,,3.0,2.4,25.7,21.4,18.3,81.25,62.0,2.74368,,3.18590246347
2022-12-17,,3.0,12.8,24.5,20.6,18.1,87.5,72.0,2.40072,,2.90959314503
2022-12-18,,4.3,6.4,26.5,22.0,18.9,80.0,62.0,2.05776,,3.51722494761
2022-12-19,,10.9,0.0,27.9,21.96,17.8,72.5,55.0,2.74368,,5.30749270519
2022-12-20,,9.9,0.0,28.7,22.34,17.6,58.5,45.0,2.74368,,5.55963227014
2022-12-21,,9.9,0.0,30.5,23.86,17.3,55.75,36.0,2.40072,,5.66559753212
2022-12-22,,3.0,0.0,27.5,22.94,20.2,81.5,62.0,3.08664,,3.35793828486
2022-12-23,,1.6,4.9,24.1,20.78,18.6,83.75,72.0,3.08664,,2.76038721715
2022-12-24,,0.4,32.5,24.3,20.32,18.5,94.5,88.0,2.40072,,2.11286991118
2022-12-25,,2.0,40.8,24.1,20.8,17.7,82.75,70.0,2.74368,,2.83252239835
2022-12-26,,5.0,0.0,26.2,21.18,17.5,80.25,67.0,3.4296,,3.69651025408
2022-12-27,,6.0,1.4,26.3,20.72,18.2,84.25,65.0,3.08664,,3.7771793541
2022-12-28,,7.2,0.0,27.5,21.4,18.1,78.5,55.0,3.08664,,4.32415409456
2022-12-29,,8.3,0.0,28.0,22.12,18.4,75.0,58.0,3.4296,,4.7766775321
2022-12-30,,6.3,0.0,26.3,20.76,18.1,74.75,48.0,2.05776,,4.06248967834
2022-12-31,,10.3,0.0,28.5,21.76,16.9,66.5,44.0,2.05776,,5.2286882831
2023-01-01,,8.4,0.0,27.5,21.76,17.7,74.0,48.0,3.4296,,4.76325815654
2023-01-02,,3.6,0.4,24.9,20.8,18.3,92.75,85.0,3.4296,,2.84449513889
2023-01-03,,3.1,4.8,25.7,21.16,18.4,87.25,71.0,3.4296,,3.01053786061
2023-01-04,,2.0,1.8,25.2,21.56,19.1,82.25,77.0,2.74368,,2.9425948021
2023-01-05,,5.5,7.4,27.1,21.9,19.1,84.5,71.0,2.74368,,3.74325861584
2023-01-06,,4.1,0.0,27.5,22.44,19.1,77.0,63.0,2.05776,,3.61324792061
2023-01-07,,8.3,0.0,27.7,22.52,19.3,71.25,54.0,2.05776,,4.74537658823
2023-01-08,,7.9,0.0,27.3,22.12,18.1,74.25,56.0,2.05776,,4.50408105063
2023-01-09,,6.8,0.0,27.4,21.6,18.6,79.25,57.0,2.74368,,4.21217495349
2023-01-10,,7.9,0.0,28.4,21.92,18.4,75.5,53.0,2.40072,,4.60463327008
2023-01-11,,5.2,0.0,28.0,22.18,18.9,74.5,55.0,3.4296,,4.16279742255
2023-01-12,,9.2,0.0,27.4,21.74,17.7,75.0,59.0,3.77256,,4.92011375103
2023-01-13,,8.3,0.0,27.7,21.96,18.5,74.25,57.0,2.74368,,4.72602999642
2023-01-14,,8.1,0.0,27.5,22.48,19.3,69.25,51.0,2.05776,,4.73519872233
2023-01-15,,5.6,0.0,26.4,21.62,18.5,75.5,53.0,2.05776,,3.91980041495
2023-01-16,,10.5,0.6,28.0,21.38,17.3,67.75,55.0,3.08664,,5.4195253104
2023-01-17,,8.1,0.0,28.0,21.62,18.1,73.75,48.0,3.08664,,4.74348389044
2023-01-18,,9.4,0.0,28.3,22.12,17.3,68.75,50.0,2.74368,,5.1250397708
2023-01-19,,4.0,0.2,25.6,21.28,18.4,81.0,63.0,3.08664,,3.44685702746
2023-01-20,,9.0,0.0,27.5,22.4,18.7,72.5,59.0,3.08664,,4.97675245039
2023-01-21,,3.8,0.0,26.7,21.84,18.3,68.0,54.0,2.74368,,3.88312836713
2023-01-22,,3.5,0.4,27.8,22.38,17.9,75.25,55.0,1.7148,,3.43955923072
2023-01-23,,5.6,0.0,28.1,23.72,19.5,70.0,55.0,2.74368,,4.34168465318
2023-01-24,,10.5,8.4,28.7,23.48,19.7,67.0,53.0,2.05776,,5.44912919468
2023-01-25,,9.3,0.0,29.3,22.84,18.5,70.5,49.0,2.05776,,5.08419223535
2023-01-26,,10.3,0.0,29.9,23.56,17.9,58.0,46.0,2.05776,,5.58216407968
2023-01-27,,9.0,0.0,30.1,24.84,19.1,58.0,47.0,3.4296,,5.83809718771
2023-01-28,,10.8,0.5,29.3,22.92,18.5,69.0,48.0,3.77256,,5.74057184921
2023-01-29,,9.6,0.0,29.3,22.56,16.7,60.5,39.0,2.74368,,5.4754703907
2023-01-30,,8.8,0.0,28.7,22.72,17.9,59.5,41.0,2.05776,,5.12416367312
2023-01-31,,8.8,0.0,28.7,21.96,17.9,67.5,56.0,3.08664,,5.16600645549
2023-02-01,,4.9,0.0,27.1,22.12,18.3,67.5,54.0,3.08664,,4.23489931688
2023-02-02,,6.3,1.1,26.6,21.54,18.1,78.25,59.0,2.05776,,4.0093189076
2023-02-03,,6.7,0.0,29.5,23.2,18.7,64.0,41.0,2.74368,,4.8464436501
2023-02-04,,7.3,0.2,28.7,23.0,19.5,71.5,53.0,2.05776,,4.5917759495
2023-02-05,,9.8,0.0,29.9,23.16,17.9,62.0,40.0,1.7148,,5.28450648951
2023-02-06,,8.0,0.0,29.7,23.12,19.7,64.75,42.0,2.05776,,4.98355350328
2023-02-07,,8.5,0.0,28.7,22.56,18.7,67.0,53.0,2.74368,,5.08187806568
2023-02-08,,10.9,0.0,28.9,22.36,16.1,58.0,37.0,2.05776,,5.52999638729
2023-02-09,,9.3,0.0,29.7,22.04,16.3,58.5,37.0,2.74368,,5.47989189586
2023-02-10,,8.4,0.0,29.7,23.68,18.7,63.75,45.0,2.05776,,5.04588594717
2023-02-11,,10.3,8.8,28.9,23.2,18.9,63.25,48.0,3.77256,,5.84639211945
2023-02-12,,7.0,0.0,28.5,22.76,19.1,69.0,48.0,3.08664,,4.75013433689
2023-02-13,,10.9,0.0,29.3,23.32,18.1,64.0,44.0,2.74368,,5.70542284012
2023-02-14,,7.9,0.0,29.3,23.52,18.5,62.5,47.0,2.05776,,4.91084393374
2023-02-15,,7.5,0.0,28.7,23.4,19.7,63.75,46.0,2.05776,,4.80044344681
2023-02-16,,6.6,0.0,29.3,23.6,19.7,64.25,50.0,2.74368,,4.82185797128
2023-02-17,,8.9,0.0,29.7,23.64,18.7,62.25,49.0,2.05776,,5.17264277415
2023-02-18,,7.5,0.0,27.3,22.56,19.3,73.25,57.0,3.77256,,4.69747268402
2023-02-19,,8.6,0.0,28.3,22.56,17.5,66.0,47.0,2.74368,,5.01303026442
2023-02-20,,4.5,0.2,28.3,21.36,18.7,87.5,68.0,3.77256,,3.42356662296
2023-02-21,,4.9,3.2,25.9,21.2,17.5,80.75,69.0,4.45848,,3.66792263685
2023-02-22,,4.6,3.0,27.2,21.5,18.9,84.75,64.0,3.77256,,3.51629437734
2023-02-23,,7.8,0.1,28.7,22.38,18.3,68.25,51.0,2.74368,,4.82449132173
2023-02-24,,9.0,0.0,28.7,21.88,18.3,76.5,48.0,2.40072,,4.8015421952
2023-02-25,,7.8,0.0,29.9,23.12,18.7,71.0,48.0,4.45848,,5.12524381863
2023-02-26,,3.0,0.1,27.3,22.04,19.3,80.5,60.0,3.08664,,3.31445301247
2023-02-27,,5.5,8.1,27.9,22.14,19.6,83.25,62.0,3.08664,,3.81187134292
2023-02-28,,5.4,0.0,28.2,22.78,19.1,71.75,55.0,2.74368,,4.15893646299
2023-03-01,,6.8,5.4,28.5,22.76,19.1,74.0,57.0,3.4296,,4.5075492641
2023-03-02,,10.1,0.0,28.9,23.02,18.7,67.25,49.0,3.4296,,5.48549376272
2023-03-03,,6.4,0.0,28.3,22.82,18.7,68.75,53.0,3.4296,,4.59489898363
2023-03-04,,7.8,0.0,29.1,22.48,18.3,67.0,44.0,2.74368,,4.84651894041
2023-03-05,,7.4,0.0,29.7,23.1,18.5,67.75,47.0,2.40072,,4.70384837243
2023-03-06,,7.4,0.0,29.7,23.4,19.8,68.75,52.0,2.74368,,4.8043605663
2023-03-07,,9.2,0.0,29.7,23.5,19.1,58.0,34.0,4.80144,,6.12414527913
2023-03-08,,10.4,0.0,29.2,22.56,18.1,61.25,41.0,3.4296,,5.7230440522
2023-03-09,,9.9,0.0,29.8,22.92,17.3,58.5,46.0,3.4296,,5.73655416844
2023-03-10,,9.1,0.0,29.9,22.98,18.2,62.5,45.0,3.08664,,5.37612537992
2023-03-11,,6.6,0.0,29.6,22.88,19.1,66.75,47.0,3.4296,,4.78796457426
2023-03-12,,4.8,0.0,28.0,22.42,19.2,79.0,56.0,3.08664,,3.73638992679
2023-03-13,,2.8,0.5,26.7,22.06,18.9,83.25,70.0,4.11552,,3.11447863461
2023-03-14,,3.7,16.0,26.7,21.3,17.5,84.5,71.0,2.74368,,3.12516233493
2023-03-15,,8.8,1.4,27.7,21.94,17.4,68.0,50.0,3.08664,,4.85145859063
2023-03-16,,8.5,0.0,28.9,22.58,18.6,64.25,42.0,2.74368,,4.9820173775
2023-03-17,,3.7,0.3,26.7,21.66,18.7,79.0,54.0,3.08664,,3.37672989023
2023-03-18,,0.3,0.0,26.1,21.64,17.9,73.5,63.0,2.74368,,2.77285868624
2023-03-19,,6.6,1.2,27.5,21.22,18.3,85.25,68.0,3.4296,,3.77041107261
2023-03-20,,7.2,0.8,28.0,21.54,18.9,84.5,59.0,3.4296,,3.98059477153
2023-03-21,,1.1,0.0,25.7,20.84,18.5,92.75,84.0,4.11552,,2.18117059974
2023-03-22,,3.5,7.8,25.7,20.2,18.1,93.75,91.0,3.08664,,2.65910540247
2023-03-23,,7.9,5.2,26.9,21.14,18.5,77.25,53.0,3.4296,,4.2917375539
2023-03-24,,5.3,0.0,24.7,20.24,17.7,91.5,83.0,3.08664,,3.04354210753
2023-03-25,,6.5,4.5,26.5,21.62,18.9,88.5,77.0,3.08664,,3.54025296441
2023-03-26,,7.2,3.2,27.6,21.66,19.3,86.5,64.0,3.08664,,3.83785181647
2023-03-27,,1.2,4.0,24.7,20.84,18.7,78.25,44.0,3.4296,,2.79110054549
2023-03-28,,10.8,2.2,27.7,21.1,16.1,75.25,53.0,3.77256,,4.84231759738
2023-03-29,,8.2,12.4,26.5,21.1,17.9,80.75,62.0,2.22924,,4.04393979578
2023-03-30,,4.7,1.7,26.2,21.1,18.1,83.25,64.0,3.77256,,3.29928162481
2023-03-31,,5.4,0.0,25.9,20.46,16.4,83.5,70.0,3.08664,,3.30540906438
2023-04-01,,7.9,0.0,28.0,21.74,18.1,72.75,45.0,2.05776,,4.21682831005
2023-04-02,,8.3,0.0,30.5,22.56,19.3,72.75,43.0,2.74368,,4.63968747157
2023-04-03,,6.9,0.0,27.7,22.1,18.4,68.25,49.0,2.74368,,4.24100454031
2023-04-04,,9.4,0.0,27.4,21.9,18.2,73.75,55.0,3.08664,,4.56011221112
2023-04-05,,5.0,0.0,26.9,21.82,18.7,76.75,58.0,3.4296,,3.62050250418
2023-04-06,,6.5,0.0,27.4,21.42,18.5,78.75,51.0,3.77256,,3.86850713109
2023-04-07,,4.4,0.0,26.6,21.5,18.9,79.75,52.0,3.08664,,3.31686060246
2023-04-08,,6.7,3.0,27.5,21.36,19.1,79.5,52.0,3.08664,,3.82809242137
2023-04-09,,0.0,0.2,26.3,21.72,19.1,81.5,58.0,3.08664,,2.36638281063
2023-04-10,,6.8,0.0,29.1,22.94,19.5,74.75,52.0,2.74368,,4.06715201645
2023-04-11,,4.7,7.8,26.2,21.3,18.3,85.25,73.0,2.74368,,3.07231126105
2023-04-12,,9.2,0.0,28.6,22.46,18.7,72.75,53.0,3.08664,,4.56163496085
2023-04-13,,8.8,0.0,28.7,21.84,17.0,63.75,36.0,3.08664,,4.71116479675
2023-04-14,,6.7,0.0,27.7,22.44,19.7,72.5,55.0,2.05776,,3.8549082613
2023-04-15,,,0.0,,,17.9,,46.0,4.11552,,
2023-04-16,,9.4,0.0,31.7,23.4,16.9,53.75,38.0,2.05776,,4.91637687177
2023-04-17,,8.0,0.0,29.8,22.9,18.7,70.75,50.0,3.08664,,4.42529144944
2023-04-18,,8.1,0.0,31.5,24.2,19.7,71.0,45.0,2.74368,,4.52287298473
2023-04-19,,10.8,0.0,32.4,25.46,20.3,54.5,37.0,3.77256,,6.06032455287
2023-04-20,,6.3,0.3,31.0,24.74,21.4,70.5,47.0,2.40072,,4.09230232936
2023-04-21,,6.7,1.2,28.3,22.68,20.5,76.25,60.0,2.05776,,3.74168573461
2023-04-22,,8.0,0.0,27.3,21.96,18.5,73.75,56.0,2.74368,,4.004749254
2023-04-23,,3.7,1.9,25.9,21.32,18.1,72.25,60.0,3.77256,,3.38466954057
2023-04-24,,6.3,1.4,25.9,20.72,18.2,81.75,61.0,3.77256,,3.38563149255
2023-04-25,,9.5,0.0,26.7,20.96,17.3,74.25,53.0,3.4296,,4.19942942228
2023-04-26,,4.0,0.0,26.2,21.4,18.5,79.25,69.0,3.77256,,3.11608837016
2023-04-27,,4.1,0.0,28.9,22.68,18.9,74.0,52.0,2.74368,,3.33648027579
2023-04-28,,7.1,0.0,30.7,23.52,19.7,76.75,59.0,2.22924,,3.85485808121
2023-04-29,,7.5,8.6,28.1,22.56,19.9,74.5,54.0,2.05776,,3.79047164415
2023-04-30,,4.1,0.0,27.5,22.68,19.7,72.5,57.0,3.08664,,3.38459994197
2023-05-01,,2.9,1.3,27.0,21.92,19.7,90.0,76.0,3.08664,,2.44335343826
2023-05-02,,2.2,4.8,26.1,21.44,18.9,81.25,62.0,2.74368,,2.56182458846
2023-05-03,,6.7,0.0,27.9,21.96,19.1,82.0,63.0,3.77256,,3.49905063455
2023-05-04,,7.5,0.0,27.0,21.02,17.8,77.5,52.0,3.4296,,3.66831640841
2023-05-05,,4.0,0.0,25.7,21.16,18.5,76.75,60.0,3.77256,,3.12132590728
2023-05-06,,5.4,0.0,27.7,22.0,18.7,68.0,50.0,3.08664,,3.68715550716
2023-05-07,,5.2,0.1,27.5,21.52,18.3,75.5,54.0,2.74368,,3.27839186586
2023-05-08,,4.0,1.2,25.1,20.88,18.3,88.25,77.0,3.4296,,2.53209720578
2023-05-09,,4.7,0.8,25.9,21.1,18.8,86.75,70.0,3.4296,,2.75376685353
2023-05-10,,5.9,0.2,27.1,21.38,18.7,78.5,51.0,3.4296,,3.34224132454
2023-05-11,,8.4,0.0,28.9,22.54,17.8,72.0,49.0,2.05776,,3.80852689983
2023-05-12,,1.9,0.3,26.3,20.64,18.9,87.5,62.0,3.08664,,2.23325290396
2023-05-13,,7.0,24.8,27.3,21.2,18.5,81.0,57.0,3.08664,,3.36395155303
2023-05-14,,1.8,0.0,26.5,21.84,19.1,82.0,64.0,3.08664,,2.43824138608
2023-05-15,,2.5,0.3,25.7,21.56,18.9,81.25,69.0,2.74368,,2.49795884298
2023-05-16,,3.8,0.1,26.4,21.18,18.9,82.75,63.0,2.74368,,2.68019521136
2023-05-17,,3.7,0.0,25.9,20.88,18.7,78.5,61.0,3.4296,,2.86975226781
2023-05-18,,3.4,0.0,24.9,20.42,17.9,81.5,63.0,3.77256,,2.65233420751
2023-05-19,,5.6,0.0,25.9,19.88,17.5,83.5,58.0,2.05776,,2.80737346102
2023-05-20,,7.3,0.0,24.7,19.16,16.5,80.0,68.0,1.20036,,2.97233595714
2023-05-21,,5.6,0.0,24.6,19.34,14.9,76.0,82.0,3.08664,,2.97039639532
2023-05-22,,3.9,0.2,24.8,20.0,17.1,82.75,63.0,3.77256,,2.61135482939
2023-05-23,,2.4,0.0,24.0,19.78,17.1,85.0,72.0,3.77256,,2.25848943007
2023-05-24,,1.1,7.4,22.7,19.32,17.6,88.5,72.0,3.77256,,1.88190985024
2023-05-25,,4.4,0.0,23.9,19.74,16.6,85.75,70.0,3.77256,,2.47305975359
2023-05-26,,3.0,3.4,22.4,19.14,17.1,94.75,93.0,3.08664,,1.86885961907
2023-05-27,,0.7,3.5,25.5,19.88,16.1,81.25,64.0,3.08664,,2.12531133398
2023-05-28,,0.5,0.0,24.9,19.44,16.3,82.75,68.0,2.05776,,1.89502537445
2023-05-29,,6.5,0.0,26.9,20.64,17.9,80.0,58.0,2.74368,,3.09363804808
2023-05-30,,6.3,0.0,25.2,20.1,17.5,77.75,61.0,3.08664,,3.06580190969
2023-05-31,,7.7,0.0,26.5,20.3,16.7,75.75,56.0,2.74368,,3.32361296398
2023-06-01,,8.0,0.0,26.1,20.14,17.1,76.25,54.0,3.4296,,3.42659773687
2023-06-02,,8.9,0.0,25.5,19.88,16.3,79.0,56.0,2.05776,,3.24079993482
2023-06-03,,3.6,0.0,24.7,20.12,17.1,75.5,60.0,3.77256,,2.82626201358
2023-06-04,,0.3,0.0,21.1,21.8,14.9,62.25,71.0,3.77256,,2.77318176214
2023-06-05,,1.3,0.0,22.8,18.9,16.1,82.75,48.0,3.77256,,2.09061128139
2023-06-06,,5.0,1.6,23.7,18.68,16.3,87.0,69.0,3.77256,,2.42066765425
2023-06-07,,0.9,1.2,21.8,18.56,16.7,94.25,85.0,3.08664,,1.5198897288
2023-06-08,,0.4,1.4,21.1,18.48,16.5,95.25,90.0,3.08664,,1.39317213648
2023-06-09,,2.1,2.2,22.9,18.88,16.9,89.5,76.0,3.08664,,1.89221118192
2023-06-10,,8.8,3.1,23.6,18.78,16.7,83.0,67.0,2.05776,,3.00775881459
2023-06-11,,8.5,0.0,25.5,19.36,15.9,77.25,48.0,2.05776,,3.15317883554
2023-06-12,,8.0,0.0,26.0,19.46,16.3,74.0,53.0,3.4296,,3.41855294536
2023-06-13,,7.7,0.0,26.1,19.92,16.7,80.25,58.0,3.4296,,3.1582091468
2023-06-14,,8.2,0.0,26.2,20.58,16.8,74.0,57.0,3.77256,,3.52417172712
2023-06-15,,2.8,4.7,22.8,19.1,16.7,89.0,77.0,3.4296,,1.99304326694
2023-06-16,,6.1,1.5,25.1,19.44,17.1,83.75,57.0,3.77256,,2.77416793202
2023-06-17,,8.3,0.0,26.9,21.6,16.3,67.5,46.0,2.05776,,3.40786110609
2023-06-18,,7.9,0.0,26.5,19.88,16.1,75.25,52.0,2.05776,,3.15586487886
2023-06-19,,4.0,0.0,22.9,19.46,16.3,85.75,76.0,4.11552,,2.29610599715
2023-06-20,,0.7,4.4,20.5,17.7,16.1,89.0,74.0,4.80144,,1.67655277756
2023-06-21,,0.4,1.8,20.1,16.88,14.9,91.0,79.0,3.77256,,1.49126205842
2023-06-22,,4.3,0.6,21.7,17.24,14.5,81.5,69.0,3.77256,,2.38745173811
2023-06-23,,5.7,0.0,23.5,18.16,13.9,79.75,57.0,4.45848,,2.7491503049
2023-06-24,,8.8,0.0,24.5,19.32,15.3,69.75,52.0,2.22924,,3.28181904907
2023-06-25,,7.3,0.0,25.0,19.38,16.1,66.0,48.0,2.74368,,3.37260124732
2023-06-26,,6.2,0.3,24.7,18.7,14.2,81.75,53.0,3.4296,,2.72278788835
2023-06-27,,3.7,0.2,22.9,18.52,15.0,85.0,69.0,4.11552,,2.2562014987
2023-06-28,,7.6,0.3,25.5,19.22,15.9,71.5,49.0,3.08664,,3.3402930265
2023-06-29,,4.5,0.3,25.5,19.6,16.7,84.5,62.0,4.11552,,2.55427962993
2023-06-30,,9.6,1.0,24.9,19.16,15.9,76.5,53.0,2.74368,,3.35935609938
2023-07-01,,2.8,0.4,23.5,18.56,15.7,78.75,58.0,2.05776,,2.2234835652
2023-07-02,,7.9,0.0,23.9,18.36,15.3,77.25,57.0,2.05776,,2.95639385058
2023-07-03,,9.8,0.0,26.7,19.44,14.3,64.25,44.0,3.08664,,3.8946606867
2023-07-04,,7.6,0.0,23.4,17.68,15.3,72.5,50.0,4.11552,,3.32560048689
2023-07-05,,2.6,0.0,21.0,16.38,13.5,86.5,70.0,3.77256,,1.94428618158
2023-07-06,,4.7,4.1,22.2,17.42,13.7,81.5,63.0,4.11552,,2.47673866356
2023-07-07,,2.0,0.3,22.6,17.8,15.2,86.25,66.0,2.05776,,1.89713332689
2023-07-08,,2.1,0.8,22.7,18.04,16.1,86.5,71.0,3.77256,,2.01961049136
2023-07-09,,5.0,0.2,24.7,19.76,16.5,81.0,69.0,2.74368,,2.6427612096
2023-07-10,,7.9,0.0,25.7,20.24,18.3,74.5,56.0,3.77256,,3.53555358111
2023-07-11,,8.9,0.0,26.7,20.16,16.7,71.5,52.0,3.77256,,3.80004578947
2023-07-12,,10.0,0.0,26.0,19.54,15.3,64.25,44.0,3.4296,,4.03976029816
2023-07-13,,10.0,0.0,27.9,20.6,14.9,60.5,36.0,2.40072,,3.99479901865
2023-07-14,,10.3,0.0,,,14.1,65.5,34.0,2.05776,,
2023-07-15,,8.8,0.0,24.8,19.58,14.9,73.5,54.0,2.05776,,3.26619715361
2023-07-16,,7.2,0.0,24.7,19.92,16.9,69.75,52.0,3.4296,,3.48761869111
2023-07-17,,9.8,0.0,26.5,20.24,16.5,67.75,45.0,3.08664,,3.94588314466
2023-07-18,,9.4,0.0,25.8,19.92,16.2,62.25,44.0,3.4296,,4.10698477117
2023-07-19,,9.6,0.0,25.9,19.6,16.7,67.75,57.0,3.77256,,4.04308173808
2023-07-20,,5.8,0.0,23.7,17.86,14.3,74.5,50.0,5.48736,,3.25113309375
2023-07-21,,4.2,0.6,23.5,17.76,14.9,81.0,69.0,4.80144,,2.66200786189
2023-07-22,,3.4,7.2,22.7,17.52,14.1,84.75,66.0,4.11552,,2.28047983507
2023-07-23,,2.8,0.0,22.3,17.96,15.3,84.25,62.0,3.08664,,2.19238369975
2023-07-24,,6.3,0.0,22.7,17.82,15.6,83.75,71.0,4.80144,,2.78152247251
2023-07-25,,10.0,0.9,24.5,18.34,14.4,72.25,54.0,3.08664,,3.66982096572
2023-07-26,,7.0,0.0,25.5,19.64,16.2,73.75,53.0,4.80144,,3.60431763354
2023-07-27,,3.1,0.0,24.7,18.5,14.4,84.25,69.0,3.08664,,2.32866226395
2023-07-28,,6.5,2.2,24.7,19.68,17.1,85.5,63.0,3.77256,,2.89822976051
2023-07-29,,5.9,1.2,24.9,19.32,16.9,82.5,61.0,3.4296,,2.93035161175
2023-07-30,,5.9,0.3,24.5,18.84,16.7,82.25,54.0,2.05776,,2.82833816511
2023-07-31,,4.3,0.0,22.9,18.82,16.1,79.5,65.0,4.45848,,2.79877657926
2023-08-01,,6.0,1.3,24.1,18.8,16.1,82.0,,4.11552,,2.95835939405
